incident,seed,action,policy,status,geometry_switch_error,offending_agents,error_type,error_message
C_exit,0,0,ACB,PASS,False,,,
C_exit,1,0,ACB,PASS,False,,,
C_exit,2,0,ACB,PASS,False,,,
C_exit,3,0,ACB,PASS,False,,,
C_exit,4,0,ACB,PASS,False,,,
C_exit,5,0,ACB,PASS,False,,,
C_exit,6,0,ACB,PASS,False,,,
C_exit,7,0,ACB,PASS,False,,,
C_exit,8,0,ACB,PASS,False,,,
C_exit,9,0,ACB,PASS,False,,,
C_exit,10,0,ACB,PASS,False,,,
C_exit,11,0,ACB,PASS,False,,,
C_exit,12,0,ACB,PASS,False,,,
C_exit,13,0,ACB,PASS,False,,,
C_exit,14,0,ACB,PASS,False,,,
C_exit,15,0,ACB,PASS,False,,,
C_exit,16,0,ACB,PASS,False,,,
C_exit,17,0,ACB,PASS,False,,,
C_exit,18,0,ACB,PASS,False,,,
C_exit,19,0,ACB,PASS,False,,,
C_exit,20,0,ACB,PASS,False,,,
C_exit,21,0,ACB,PASS,False,,,
C_exit,22,0,ACB,PASS,False,,,
C_exit,23,0,ACB,PASS,False,,,
C_exit,24,0,ACB,PASS,False,,,
C_exit,25,0,ACB,PASS,False,,,
C_exit,26,0,ACB,PASS,False,,,
C_exit,27,0,ACB,PASS,False,,,
C_exit,28,0,ACB,PASS,False,,,
C_exit,29,0,ACB,PASS,False,,,
C_exit,30,0,ACB,PASS,False,,,
C_exit,31,0,ACB,PASS,False,,,
C_exit,32,0,ACB,PASS,False,,,
C_exit,33,0,ACB,PASS,False,,,
C_exit,34,0,ACB,PASS,False,,,
C_exit,35,0,ACB,PASS,False,,,
C_exit,36,0,ACB,PASS,False,,,
C_exit,37,0,ACB,PASS,False,,,
C_exit,38,0,ACB,PASS,False,,,
C_exit,39,0,ACB,PASS,False,,,
C_exit,40,0,ACB,PASS,False,,,
C_exit,41,0,ACB,PASS,False,,,
C_exit,42,0,ACB,PASS,False,,,
C_exit,43,0,ACB,PASS,False,,,
C_exit,44,0,ACB,PASS,False,,,
C_exit,45,0,ACB,PASS,False,,,
C_exit,46,0,ACB,PASS,False,,,
C_exit,47,0,ACB,PASS,False,,,
C_exit,48,0,ACB,PASS,False,,,
C_exit,49,0,ACB,PASS,False,,,
C_exit,0,1,ACJ1,PASS,False,,,
C_exit,1,1,ACJ1,PASS,False,,,
C_exit,2,1,ACJ1,PASS,False,,,
C_exit,3,1,ACJ1,PASS,False,,,
C_exit,4,1,ACJ1,PASS,False,,,
C_exit,5,1,ACJ1,PASS,False,,,
C_exit,6,1,ACJ1,PASS,False,,,
C_exit,7,1,ACJ1,PASS,False,,,
C_exit,8,1,ACJ1,PASS,False,,,
C_exit,9,1,ACJ1,PASS,False,,,
C_exit,10,1,ACJ1,PASS,False,,,
C_exit,11,1,ACJ1,PASS,False,,,
C_exit,12,1,ACJ1,PASS,False,,,
C_exit,13,1,ACJ1,PASS,False,,,
C_exit,14,1,ACJ1,PASS,False,,,
C_exit,15,1,ACJ1,PASS,False,,,
C_exit,16,1,ACJ1,PASS,False,,,
C_exit,17,1,ACJ1,PASS,False,,,
C_exit,18,1,ACJ1,PASS,False,,,
C_exit,19,1,ACJ1,PASS,False,,,
C_exit,20,1,ACJ1,PASS,False,,,
C_exit,21,1,ACJ1,PASS,False,,,
C_exit,22,1,ACJ1,PASS,False,,,
C_exit,23,1,ACJ1,PASS,False,,,
C_exit,24,1,ACJ1,PASS,False,,,
C_exit,25,1,ACJ1,PASS,False,,,
C_exit,26,1,ACJ1,PASS,False,,,
C_exit,27,1,ACJ1,PASS,False,,,
C_exit,28,1,ACJ1,PASS,False,,,
C_exit,29,1,ACJ1,PASS,False,,,
C_exit,30,1,ACJ1,PASS,False,,,
C_exit,31,1,ACJ1,PASS,False,,,
C_exit,32,1,ACJ1,PASS,False,,,
C_exit,33,1,ACJ1,PASS,False,,,
C_exit,34,1,ACJ1,PASS,False,,,
C_exit,35,1,ACJ1,PASS,False,,,
C_exit,36,1,ACJ1,PASS,False,,,
C_exit,37,1,ACJ1,PASS,False,,,
C_exit,38,1,ACJ1,PASS,False,,,
C_exit,39,1,ACJ1,PASS,False,,,
C_exit,40,1,ACJ1,PASS,False,,,
C_exit,41,1,ACJ1,PASS,False,,,
C_exit,42,1,ACJ1,PASS,False,,,
C_exit,43,1,ACJ1,PASS,False,,,
C_exit,44,1,ACJ1,PASS,False,,,
C_exit,45,1,ACJ1,PASS,False,,,
C_exit,46,1,ACJ1,PASS,False,,,
C_exit,47,1,ACJ1,PASS,False,,,
C_exit,48,1,ACJ1,PASS,False,,,
C_exit,49,1,ACJ1,PASS,False,,,
C_exit,0,2,ACJ2,PASS,False,,,
C_exit,1,2,ACJ2,PASS,False,,,
C_exit,2,2,ACJ2,PASS,False,,,
C_exit,3,2,ACJ2,PASS,False,,,
C_exit,4,2,ACJ2,PASS,False,,,
C_exit,5,2,ACJ2,PASS,False,,,
C_exit,6,2,ACJ2,PASS,False,,,
C_exit,7,2,ACJ2,PASS,False,,,
C_exit,8,2,ACJ2,PASS,False,,,
C_exit,9,2,ACJ2,PASS,False,,,
C_exit,10,2,ACJ2,PASS,False,,,
C_exit,11,2,ACJ2,PASS,False,,,
C_exit,12,2,ACJ2,PASS,False,,,
C_exit,13,2,ACJ2,PASS,False,,,
C_exit,14,2,ACJ2,PASS,False,,,
C_exit,15,2,ACJ2,PASS,False,,,
C_exit,16,2,ACJ2,PASS,False,,,
C_exit,17,2,ACJ2,PASS,False,,,
C_exit,18,2,ACJ2,PASS,False,,,
C_exit,19,2,ACJ2,PASS,False,,,
C_exit,20,2,ACJ2,PASS,False,,,
C_exit,21,2,ACJ2,PASS,False,,,
C_exit,22,2,ACJ2,PASS,False,,,
C_exit,23,2,ACJ2,PASS,False,,,
C_exit,24,2,ACJ2,PASS,False,,,
C_exit,25,2,ACJ2,PASS,False,,,
C_exit,26,2,ACJ2,PASS,False,,,
C_exit,27,2,ACJ2,PASS,False,,,
C_exit,28,2,ACJ2,PASS,False,,,
C_exit,29,2,ACJ2,PASS,False,,,
C_exit,30,2,ACJ2,PASS,False,,,
C_exit,31,2,ACJ2,PASS,False,,,
C_exit,32,2,ACJ2,PASS,False,,,
C_exit,33,2,ACJ2,PASS,False,,,
C_exit,34,2,ACJ2,PASS,False,,,
C_exit,35,2,ACJ2,PASS,False,,,
C_exit,36,2,ACJ2,PASS,False,,,
C_exit,37,2,ACJ2,PASS,False,,,
C_exit,38,2,ACJ2,PASS,False,,,
C_exit,39,2,ACJ2,PASS,False,,,
C_exit,40,2,ACJ2,PASS,False,,,
C_exit,41,2,ACJ2,PASS,False,,,
C_exit,42,2,ACJ2,PASS,False,,,
C_exit,43,2,ACJ2,PASS,False,,,
C_exit,44,2,ACJ2,PASS,False,,,
C_exit,45,2,ACJ2,PASS,False,,,
C_exit,46,2,ACJ2,PASS,False,,,
C_exit,47,2,ACJ2,PASS,False,,,
C_exit,48,2,ACJ2,PASS,False,,,
C_exit,49,2,ACJ2,PASS,False,,,
C_exit,0,3,ACA,PASS,False,,,
C_exit,1,3,ACA,PASS,False,,,
C_exit,2,3,ACA,PASS,False,,,
C_exit,3,3,ACA,PASS,False,,,
C_exit,4,3,ACA,PASS,False,,,
C_exit,5,3,ACA,PASS,False,,,
C_exit,6,3,ACA,PASS,False,,,
C_exit,7,3,ACA,PASS,False,,,
C_exit,8,3,ACA,PASS,False,,,
C_exit,9,3,ACA,PASS,False,,,
C_exit,10,3,ACA,PASS,False,,,
C_exit,11,3,ACA,PASS,False,,,
C_exit,12,3,ACA,PASS,False,,,
C_exit,13,3,ACA,PASS,False,,,
C_exit,14,3,ACA,PASS,False,,,
C_exit,15,3,ACA,PASS,False,,,
C_exit,16,3,ACA,PASS,False,,,
C_exit,17,3,ACA,PASS,False,,,
C_exit,18,3,ACA,PASS,False,,,
C_exit,19,3,ACA,PASS,False,,,
C_exit,20,3,ACA,PASS,False,,,
C_exit,21,3,ACA,PASS,False,,,
C_exit,22,3,ACA,PASS,False,,,
C_exit,23,3,ACA,PASS,False,,,
C_exit,24,3,ACA,PASS,False,,,
C_exit,25,3,ACA,PASS,False,,,
C_exit,26,3,ACA,PASS,False,,,
C_exit,27,3,ACA,PASS,False,,,
C_exit,28,3,ACA,PASS,False,,,
C_exit,29,3,ACA,PASS,False,,,
C_exit,30,3,ACA,PASS,False,,,
C_exit,31,3,ACA,PASS,False,,,
C_exit,32,3,ACA,PASS,False,,,
C_exit,33,3,ACA,PASS,False,,,
C_exit,34,3,ACA,PASS,False,,,
C_exit,35,3,ACA,PASS,False,,,
C_exit,36,3,ACA,PASS,False,,,
C_exit,37,3,ACA,PASS,False,,,
C_exit,38,3,ACA,PASS,False,,,
C_exit,39,3,ACA,PASS,False,,,
C_exit,40,3,ACA,PASS,False,,,
C_exit,41,3,ACA,PASS,False,,,
C_exit,42,3,ACA,PASS,False,,,
C_exit,43,3,ACA,PASS,False,,,
C_exit,44,3,ACA,PASS,False,,,
C_exit,45,3,ACA,PASS,False,,,
C_exit,46,3,ACA,PASS,False,,,
C_exit,47,3,ACA,PASS,False,,,
C_exit,48,3,ACA,PASS,False,,,
C_exit,49,3,ACA,PASS,False,,,
C_exit,0,4,AJ1B,PASS,False,,,
C_exit,1,4,AJ1B,PASS,False,,,
C_exit,2,4,AJ1B,PASS,False,,,
C_exit,3,4,AJ1B,PASS,False,,,
C_exit,4,4,AJ1B,PASS,False,,,
C_exit,5,4,AJ1B,PASS,False,,,
C_exit,6,4,AJ1B,PASS,False,,,
C_exit,7,4,AJ1B,PASS,False,,,
C_exit,8,4,AJ1B,PASS,False,,,
C_exit,9,4,AJ1B,PASS,False,,,
C_exit,10,4,AJ1B,PASS,False,,,
C_exit,11,4,AJ1B,PASS,False,,,
C_exit,12,4,AJ1B,PASS,False,,,
C_exit,13,4,AJ1B,PASS,False,,,
C_exit,14,4,AJ1B,PASS,False,,,
C_exit,15,4,AJ1B,PASS,False,,,
C_exit,16,4,AJ1B,PASS,False,,,
C_exit,17,4,AJ1B,PASS,False,,,
C_exit,18,4,AJ1B,PASS,False,,,
C_exit,19,4,AJ1B,PASS,False,,,
C_exit,20,4,AJ1B,PASS,False,,,
C_exit,21,4,AJ1B,PASS,False,,,
C_exit,22,4,AJ1B,PASS,False,,,
C_exit,23,4,AJ1B,PASS,False,,,
C_exit,24,4,AJ1B,PASS,False,,,
C_exit,25,4,AJ1B,PASS,False,,,
C_exit,26,4,AJ1B,PASS,False,,,
C_exit,27,4,AJ1B,PASS,False,,,
C_exit,28,4,AJ1B,PASS,False,,,
C_exit,29,4,AJ1B,PASS,False,,,
C_exit,30,4,AJ1B,PASS,False,,,
C_exit,31,4,AJ1B,PASS,False,,,
C_exit,32,4,AJ1B,PASS,False,,,
C_exit,33,4,AJ1B,PASS,False,,,
C_exit,34,4,AJ1B,PASS,False,,,
C_exit,35,4,AJ1B,PASS,False,,,
C_exit,36,4,AJ1B,PASS,False,,,
C_exit,37,4,AJ1B,PASS,False,,,
C_exit,38,4,AJ1B,PASS,False,,,
C_exit,39,4,AJ1B,PASS,False,,,
C_exit,40,4,AJ1B,PASS,False,,,
C_exit,41,4,AJ1B,PASS,False,,,
C_exit,42,4,AJ1B,PASS,False,,,
C_exit,43,4,AJ1B,PASS,False,,,
C_exit,44,4,AJ1B,PASS,False,,,
C_exit,45,4,AJ1B,PASS,False,,,
C_exit,46,4,AJ1B,PASS,False,,,
C_exit,47,4,AJ1B,PASS,False,,,
C_exit,48,4,AJ1B,PASS,False,,,
C_exit,49,4,AJ1B,PASS,False,,,
C_exit,0,5,AJ1J1,PASS,False,,,
C_exit,1,5,AJ1J1,PASS,False,,,
C_exit,2,5,AJ1J1,PASS,False,,,
C_exit,3,5,AJ1J1,PASS,False,,,
C_exit,4,5,AJ1J1,PASS,False,,,
C_exit,5,5,AJ1J1,PASS,False,,,
C_exit,6,5,AJ1J1,PASS,False,,,
C_exit,7,5,AJ1J1,PASS,False,,,
C_exit,8,5,AJ1J1,PASS,False,,,
C_exit,9,5,AJ1J1,PASS,False,,,
C_exit,10,5,AJ1J1,PASS,False,,,
C_exit,11,5,AJ1J1,PASS,False,,,
C_exit,12,5,AJ1J1,PASS,False,,,
C_exit,13,5,AJ1J1,PASS,False,,,
C_exit,14,5,AJ1J1,PASS,False,,,
C_exit,15,5,AJ1J1,PASS,False,,,
C_exit,16,5,AJ1J1,PASS,False,,,
C_exit,17,5,AJ1J1,PASS,False,,,
C_exit,18,5,AJ1J1,PASS,False,,,
C_exit,19,5,AJ1J1,PASS,False,,,
C_exit,20,5,AJ1J1,PASS,False,,,
C_exit,21,5,AJ1J1,PASS,False,,,
C_exit,22,5,AJ1J1,PASS,False,,,
C_exit,23,5,AJ1J1,PASS,False,,,
C_exit,24,5,AJ1J1,PASS,False,,,
C_exit,25,5,AJ1J1,PASS,False,,,
C_exit,26,5,AJ1J1,PASS,False,,,
C_exit,27,5,AJ1J1,PASS,False,,,
C_exit,28,5,AJ1J1,PASS,False,,,
C_exit,29,5,AJ1J1,PASS,False,,,
C_exit,30,5,AJ1J1,PASS,False,,,
C_exit,31,5,AJ1J1,PASS,False,,,
C_exit,32,5,AJ1J1,PASS,False,,,
C_exit,33,5,AJ1J1,PASS,False,,,
C_exit,34,5,AJ1J1,PASS,False,,,
C_exit,35,5,AJ1J1,PASS,False,,,
C_exit,36,5,AJ1J1,PASS,False,,,
C_exit,37,5,AJ1J1,PASS,False,,,
C_exit,38,5,AJ1J1,PASS,False,,,
C_exit,39,5,AJ1J1,PASS,False,,,
C_exit,40,5,AJ1J1,PASS,False,,,
C_exit,41,5,AJ1J1,PASS,False,,,
C_exit,42,5,AJ1J1,PASS,False,,,
C_exit,43,5,AJ1J1,PASS,False,,,
C_exit,44,5,AJ1J1,PASS,False,,,
C_exit,45,5,AJ1J1,PASS,False,,,
C_exit,46,5,AJ1J1,PASS,False,,,
C_exit,47,5,AJ1J1,PASS,False,,,
C_exit,48,5,AJ1J1,PASS,False,,,
C_exit,49,5,AJ1J1,PASS,False,,,
C_exit,0,6,AJ1J2,PASS,False,,,
C_exit,1,6,AJ1J2,PASS,False,,,
C_exit,2,6,AJ1J2,PASS,False,,,
C_exit,3,6,AJ1J2,PASS,False,,,
C_exit,4,6,AJ1J2,PASS,False,,,
C_exit,5,6,AJ1J2,PASS,False,,,
C_exit,6,6,AJ1J2,PASS,False,,,
C_exit,7,6,AJ1J2,PASS,False,,,
C_exit,8,6,AJ1J2,PASS,False,,,
C_exit,9,6,AJ1J2,PASS,False,,,
C_exit,10,6,AJ1J2,PASS,False,,,
C_exit,11,6,AJ1J2,PASS,False,,,
C_exit,12,6,AJ1J2,PASS,False,,,
C_exit,13,6,AJ1J2,PASS,False,,,
C_exit,14,6,AJ1J2,PASS,False,,,
C_exit,15,6,AJ1J2,PASS,False,,,
C_exit,16,6,AJ1J2,PASS,False,,,
C_exit,17,6,AJ1J2,PASS,False,,,
C_exit,18,6,AJ1J2,PASS,False,,,
C_exit,19,6,AJ1J2,PASS,False,,,
C_exit,20,6,AJ1J2,PASS,False,,,
C_exit,21,6,AJ1J2,PASS,False,,,
C_exit,22,6,AJ1J2,PASS,False,,,
C_exit,23,6,AJ1J2,PASS,False,,,
C_exit,24,6,AJ1J2,PASS,False,,,
C_exit,25,6,AJ1J2,PASS,False,,,
C_exit,26,6,AJ1J2,PASS,False,,,
C_exit,27,6,AJ1J2,PASS,False,,,
C_exit,28,6,AJ1J2,PASS,False,,,
C_exit,29,6,AJ1J2,PASS,False,,,
C_exit,30,6,AJ1J2,PASS,False,,,
C_exit,31,6,AJ1J2,PASS,False,,,
C_exit,32,6,AJ1J2,PASS,False,,,
C_exit,33,6,AJ1J2,PASS,False,,,
C_exit,34,6,AJ1J2,PASS,False,,,
C_exit,35,6,AJ1J2,PASS,False,,,
C_exit,36,6,AJ1J2,PASS,False,,,
C_exit,37,6,AJ1J2,PASS,False,,,
C_exit,38,6,AJ1J2,PASS,False,,,
C_exit,39,6,AJ1J2,PASS,False,,,
C_exit,40,6,AJ1J2,PASS,False,,,
C_exit,41,6,AJ1J2,PASS,False,,,
C_exit,42,6,AJ1J2,PASS,False,,,
C_exit,43,6,AJ1J2,PASS,False,,,
C_exit,44,6,AJ1J2,PASS,False,,,
C_exit,45,6,AJ1J2,PASS,False,,,
C_exit,46,6,AJ1J2,PASS,False,,,
C_exit,47,6,AJ1J2,PASS,False,,,
C_exit,48,6,AJ1J2,PASS,False,,,
C_exit,49,6,AJ1J2,PASS,False,,,
C_exit,0,7,AJ1A,PASS,False,,,
C_exit,1,7,AJ1A,PASS,False,,,
C_exit,2,7,AJ1A,PASS,False,,,
C_exit,3,7,AJ1A,PASS,False,,,
C_exit,4,7,AJ1A,PASS,False,,,
C_exit,5,7,AJ1A,PASS,False,,,
C_exit,6,7,AJ1A,PASS,False,,,
C_exit,7,7,AJ1A,PASS,False,,,
C_exit,8,7,AJ1A,PASS,False,,,
C_exit,9,7,AJ1A,PASS,False,,,
C_exit,10,7,AJ1A,PASS,False,,,
C_exit,11,7,AJ1A,PASS,False,,,
C_exit,12,7,AJ1A,PASS,False,,,
C_exit,13,7,AJ1A,PASS,False,,,
C_exit,14,7,AJ1A,PASS,False,,,
C_exit,15,7,AJ1A,PASS,False,,,
C_exit,16,7,AJ1A,PASS,False,,,
C_exit,17,7,AJ1A,PASS,False,,,
C_exit,18,7,AJ1A,PASS,False,,,
C_exit,19,7,AJ1A,PASS,False,,,
C_exit,20,7,AJ1A,PASS,False,,,
C_exit,21,7,AJ1A,PASS,False,,,
C_exit,22,7,AJ1A,PASS,False,,,
C_exit,23,7,AJ1A,PASS,False,,,
C_exit,24,7,AJ1A,PASS,False,,,
C_exit,25,7,AJ1A,PASS,False,,,
C_exit,26,7,AJ1A,PASS,False,,,
C_exit,27,7,AJ1A,PASS,False,,,
C_exit,28,7,AJ1A,PASS,False,,,
C_exit,29,7,AJ1A,PASS,False,,,
C_exit,30,7,AJ1A,PASS,False,,,
C_exit,31,7,AJ1A,PASS,False,,,
C_exit,32,7,AJ1A,PASS,False,,,
C_exit,33,7,AJ1A,PASS,False,,,
C_exit,34,7,AJ1A,PASS,False,,,
C_exit,35,7,AJ1A,PASS,False,,,
C_exit,36,7,AJ1A,PASS,False,,,
C_exit,37,7,AJ1A,PASS,False,,,
C_exit,38,7,AJ1A,PASS,False,,,
C_exit,39,7,AJ1A,PASS,False,,,
C_exit,40,7,AJ1A,PASS,False,,,
C_exit,41,7,AJ1A,PASS,False,,,
C_exit,42,7,AJ1A,PASS,False,,,
C_exit,43,7,AJ1A,PASS,False,,,
C_exit,44,7,AJ1A,PASS,False,,,
C_exit,45,7,AJ1A,PASS,False,,,
C_exit,46,7,AJ1A,PASS,False,,,
C_exit,47,7,AJ1A,PASS,False,,,
C_exit,48,7,AJ1A,PASS,False,,,
C_exit,49,7,AJ1A,PASS,False,,,
C_exit,0,8,AJ3B,PASS,False,,,
C_exit,1,8,AJ3B,PASS,False,,,
C_exit,2,8,AJ3B,PASS,False,,,
C_exit,3,8,AJ3B,PASS,False,,,
C_exit,4,8,AJ3B,PASS,False,,,
C_exit,5,8,AJ3B,PASS,False,,,
C_exit,6,8,AJ3B,PASS,False,,,
C_exit,7,8,AJ3B,PASS,False,,,
C_exit,8,8,AJ3B,PASS,False,,,
C_exit,9,8,AJ3B,PASS,False,,,
C_exit,10,8,AJ3B,PASS,False,,,
C_exit,11,8,AJ3B,PASS,False,,,
C_exit,12,8,AJ3B,PASS,False,,,
C_exit,13,8,AJ3B,PASS,False,,,
C_exit,14,8,AJ3B,PASS,False,,,
C_exit,15,8,AJ3B,PASS,False,,,
C_exit,16,8,AJ3B,PASS,False,,,
C_exit,17,8,AJ3B,PASS,False,,,
C_exit,18,8,AJ3B,PASS,False,,,
C_exit,19,8,AJ3B,PASS,False,,,
C_exit,20,8,AJ3B,PASS,False,,,
C_exit,21,8,AJ3B,PASS,False,,,
C_exit,22,8,AJ3B,PASS,False,,,
C_exit,23,8,AJ3B,PASS,False,,,
C_exit,24,8,AJ3B,PASS,False,,,
C_exit,25,8,AJ3B,PASS,False,,,
C_exit,26,8,AJ3B,PASS,False,,,
C_exit,27,8,AJ3B,PASS,False,,,
C_exit,28,8,AJ3B,PASS,False,,,
C_exit,29,8,AJ3B,PASS,False,,,
C_exit,30,8,AJ3B,PASS,False,,,
C_exit,31,8,AJ3B,PASS,False,,,
C_exit,32,8,AJ3B,PASS,False,,,
C_exit,33,8,AJ3B,PASS,False,,,
C_exit,34,8,AJ3B,PASS,False,,,
C_exit,35,8,AJ3B,PASS,False,,,
C_exit,36,8,AJ3B,PASS,False,,,
C_exit,37,8,AJ3B,PASS,False,,,
C_exit,38,8,AJ3B,PASS,False,,,
C_exit,39,8,AJ3B,PASS,False,,,
C_exit,40,8,AJ3B,PASS,False,,,
C_exit,41,8,AJ3B,PASS,False,,,
C_exit,42,8,AJ3B,PASS,False,,,
C_exit,43,8,AJ3B,PASS,False,,,
C_exit,44,8,AJ3B,PASS,False,,,
C_exit,45,8,AJ3B,PASS,False,,,
C_exit,46,8,AJ3B,PASS,False,,,
C_exit,47,8,AJ3B,PASS,False,,,
C_exit,48,8,AJ3B,PASS,False,,,
C_exit,49,8,AJ3B,PASS,False,,,
C_exit,0,9,AJ3J1,PASS,False,,,
C_exit,1,9,AJ3J1,PASS,False,,,
C_exit,2,9,AJ3J1,PASS,False,,,
C_exit,3,9,AJ3J1,PASS,False,,,
C_exit,4,9,AJ3J1,PASS,False,,,
C_exit,5,9,AJ3J1,PASS,False,,,
C_exit,6,9,AJ3J1,PASS,False,,,
C_exit,7,9,AJ3J1,PASS,False,,,
C_exit,8,9,AJ3J1,PASS,False,,,
C_exit,9,9,AJ3J1,PASS,False,,,
C_exit,10,9,AJ3J1,PASS,False,,,
C_exit,11,9,AJ3J1,PASS,False,,,
C_exit,12,9,AJ3J1,PASS,False,,,
C_exit,13,9,AJ3J1,PASS,False,,,
C_exit,14,9,AJ3J1,PASS,False,,,
C_exit,15,9,AJ3J1,PASS,False,,,
C_exit,16,9,AJ3J1,PASS,False,,,
C_exit,17,9,AJ3J1,PASS,False,,,
C_exit,18,9,AJ3J1,PASS,False,,,
C_exit,19,9,AJ3J1,PASS,False,,,
C_exit,20,9,AJ3J1,PASS,False,,,
C_exit,21,9,AJ3J1,PASS,False,,,
C_exit,22,9,AJ3J1,PASS,False,,,
C_exit,23,9,AJ3J1,PASS,False,,,
C_exit,24,9,AJ3J1,PASS,False,,,
C_exit,25,9,AJ3J1,PASS,False,,,
C_exit,26,9,AJ3J1,PASS,False,,,
C_exit,27,9,AJ3J1,PASS,False,,,
C_exit,28,9,AJ3J1,PASS,False,,,
C_exit,29,9,AJ3J1,PASS,False,,,
C_exit,30,9,AJ3J1,PASS,False,,,
C_exit,31,9,AJ3J1,PASS,False,,,
C_exit,32,9,AJ3J1,PASS,False,,,
C_exit,33,9,AJ3J1,PASS,False,,,
C_exit,34,9,AJ3J1,PASS,False,,,
C_exit,35,9,AJ3J1,PASS,False,,,
C_exit,36,9,AJ3J1,PASS,False,,,
C_exit,37,9,AJ3J1,PASS,False,,,
C_exit,38,9,AJ3J1,PASS,False,,,
C_exit,39,9,AJ3J1,PASS,False,,,
C_exit,40,9,AJ3J1,PASS,False,,,
C_exit,41,9,AJ3J1,PASS,False,,,
C_exit,42,9,AJ3J1,PASS,False,,,
C_exit,43,9,AJ3J1,PASS,False,,,
C_exit,44,9,AJ3J1,PASS,False,,,
C_exit,45,9,AJ3J1,PASS,False,,,
C_exit,46,9,AJ3J1,PASS,False,,,
C_exit,47,9,AJ3J1,PASS,False,,,
C_exit,48,9,AJ3J1,PASS,False,,,
C_exit,49,9,AJ3J1,PASS,False,,,
C_exit,0,10,AJ3A,PASS,False,,,
C_exit,1,10,AJ3A,PASS,False,,,
C_exit,2,10,AJ3A,PASS,False,,,
C_exit,3,10,AJ3A,PASS,False,,,
C_exit,4,10,AJ3A,PASS,False,,,
C_exit,5,10,AJ3A,PASS,False,,,
C_exit,6,10,AJ3A,PASS,False,,,
C_exit,7,10,AJ3A,PASS,False,,,
C_exit,8,10,AJ3A,PASS,False,,,
C_exit,9,10,AJ3A,PASS,False,,,
C_exit,10,10,AJ3A,PASS,False,,,
C_exit,11,10,AJ3A,PASS,False,,,
C_exit,12,10,AJ3A,PASS,False,,,
C_exit,13,10,AJ3A,PASS,False,,,
C_exit,14,10,AJ3A,PASS,False,,,
C_exit,15,10,AJ3A,PASS,False,,,
C_exit,16,10,AJ3A,PASS,False,,,
C_exit,17,10,AJ3A,PASS,False,,,
C_exit,18,10,AJ3A,PASS,False,,,
C_exit,19,10,AJ3A,PASS,False,,,
C_exit,20,10,AJ3A,PASS,False,,,
C_exit,21,10,AJ3A,PASS,False,,,
C_exit,22,10,AJ3A,PASS,False,,,
C_exit,23,10,AJ3A,PASS,False,,,
C_exit,24,10,AJ3A,PASS,False,,,
C_exit,25,10,AJ3A,PASS,False,,,
C_exit,26,10,AJ3A,PASS,False,,,
C_exit,27,10,AJ3A,PASS,False,,,
C_exit,28,10,AJ3A,PASS,False,,,
C_exit,29,10,AJ3A,PASS,False,,,
C_exit,30,10,AJ3A,PASS,False,,,
C_exit,31,10,AJ3A,PASS,False,,,
C_exit,32,10,AJ3A,PASS,False,,,
C_exit,33,10,AJ3A,PASS,False,,,
C_exit,34,10,AJ3A,PASS,False,,,
C_exit,35,10,AJ3A,PASS,False,,,
C_exit,36,10,AJ3A,PASS,False,,,
C_exit,37,10,AJ3A,PASS,False,,,
C_exit,38,10,AJ3A,PASS,False,,,
C_exit,39,10,AJ3A,PASS,False,,,
C_exit,40,10,AJ3A,PASS,False,,,
C_exit,41,10,AJ3A,PASS,False,,,
C_exit,42,10,AJ3A,PASS,False,,,
C_exit,43,10,AJ3A,PASS,False,,,
C_exit,44,10,AJ3A,PASS,False,,,
C_exit,45,10,AJ3A,PASS,False,,,
C_exit,46,10,AJ3A,PASS,False,,,
C_exit,47,10,AJ3A,PASS,False,,,
C_exit,48,10,AJ3A,PASS,False,,,
C_exit,49,10,AJ3A,PASS,False,,,
C_exit,0,11,CCB,PASS,False,,,
C_exit,1,11,CCB,PASS,False,,,
C_exit,2,11,CCB,PASS,False,,,
C_exit,3,11,CCB,PASS,False,,,
C_exit,4,11,CCB,PASS,False,,,
C_exit,5,11,CCB,PASS,False,,,
C_exit,6,11,CCB,PASS,False,,,
C_exit,7,11,CCB,PASS,False,,,
C_exit,8,11,CCB,PASS,False,,,
C_exit,9,11,CCB,PASS,False,,,
C_exit,10,11,CCB,PASS,False,,,
C_exit,11,11,CCB,PASS,False,,,
C_exit,12,11,CCB,PASS,False,,,
C_exit,13,11,CCB,PASS,False,,,
C_exit,14,11,CCB,PASS,False,,,
C_exit,15,11,CCB,PASS,False,,,
C_exit,16,11,CCB,PASS,False,,,
C_exit,17,11,CCB,PASS,False,,,
C_exit,18,11,CCB,PASS,False,,,
C_exit,19,11,CCB,PASS,False,,,
C_exit,20,11,CCB,PASS,False,,,
C_exit,21,11,CCB,PASS,False,,,
C_exit,22,11,CCB,PASS,False,,,
C_exit,23,11,CCB,PASS,False,,,
C_exit,24,11,CCB,PASS,False,,,
C_exit,25,11,CCB,PASS,False,,,
C_exit,26,11,CCB,PASS,False,,,
C_exit,27,11,CCB,PASS,False,,,
C_exit,28,11,CCB,PASS,False,,,
C_exit,29,11,CCB,PASS,False,,,
C_exit,30,11,CCB,PASS,False,,,
C_exit,31,11,CCB,PASS,False,,,
C_exit,32,11,CCB,PASS,False,,,
C_exit,33,11,CCB,PASS,False,,,
C_exit,34,11,CCB,PASS,False,,,
C_exit,35,11,CCB,PASS,False,,,
C_exit,36,11,CCB,PASS,False,,,
C_exit,37,11,CCB,PASS,False,,,
C_exit,38,11,CCB,PASS,False,,,
C_exit,39,11,CCB,PASS,False,,,
C_exit,40,11,CCB,PASS,False,,,
C_exit,41,11,CCB,PASS,False,,,
C_exit,42,11,CCB,PASS,False,,,
C_exit,43,11,CCB,PASS,False,,,
C_exit,44,11,CCB,PASS,False,,,
C_exit,45,11,CCB,PASS,False,,,
C_exit,46,11,CCB,PASS,False,,,
C_exit,47,11,CCB,PASS,False,,,
C_exit,48,11,CCB,PASS,False,,,
C_exit,49,11,CCB,PASS,False,,,
C_exit,0,12,CCJ1,PASS,False,,,
C_exit,1,12,CCJ1,PASS,False,,,
C_exit,2,12,CCJ1,PASS,False,,,
C_exit,3,12,CCJ1,PASS,False,,,
C_exit,4,12,CCJ1,PASS,False,,,
C_exit,5,12,CCJ1,PASS,False,,,
C_exit,6,12,CCJ1,PASS,False,,,
C_exit,7,12,CCJ1,PASS,False,,,
C_exit,8,12,CCJ1,PASS,False,,,
C_exit,9,12,CCJ1,PASS,False,,,
C_exit,10,12,CCJ1,PASS,False,,,
C_exit,11,12,CCJ1,PASS,False,,,
C_exit,12,12,CCJ1,PASS,False,,,
C_exit,13,12,CCJ1,PASS,False,,,
C_exit,14,12,CCJ1,PASS,False,,,
C_exit,15,12,CCJ1,PASS,False,,,
C_exit,16,12,CCJ1,PASS,False,,,
C_exit,17,12,CCJ1,PASS,False,,,
C_exit,18,12,CCJ1,PASS,False,,,
C_exit,19,12,CCJ1,PASS,False,,,
C_exit,20,12,CCJ1,PASS,False,,,
C_exit,21,12,CCJ1,PASS,False,,,
C_exit,22,12,CCJ1,PASS,False,,,
C_exit,23,12,CCJ1,PASS,False,,,
C_exit,24,12,CCJ1,PASS,False,,,
C_exit,25,12,CCJ1,PASS,False,,,
C_exit,26,12,CCJ1,PASS,False,,,
C_exit,27,12,CCJ1,PASS,False,,,
C_exit,28,12,CCJ1,PASS,False,,,
C_exit,29,12,CCJ1,PASS,False,,,
C_exit,30,12,CCJ1,PASS,False,,,
C_exit,31,12,CCJ1,PASS,False,,,
C_exit,32,12,CCJ1,PASS,False,,,
C_exit,33,12,CCJ1,PASS,False,,,
C_exit,34,12,CCJ1,PASS,False,,,
C_exit,35,12,CCJ1,PASS,False,,,
C_exit,36,12,CCJ1,PASS,False,,,
C_exit,37,12,CCJ1,PASS,False,,,
C_exit,38,12,CCJ1,PASS,False,,,
C_exit,39,12,CCJ1,PASS,False,,,
C_exit,40,12,CCJ1,PASS,False,,,
C_exit,41,12,CCJ1,PASS,False,,,
C_exit,42,12,CCJ1,PASS,False,,,
C_exit,43,12,CCJ1,PASS,False,,,
C_exit,44,12,CCJ1,PASS,False,,,
C_exit,45,12,CCJ1,PASS,False,,,
C_exit,46,12,CCJ1,PASS,False,,,
C_exit,47,12,CCJ1,PASS,False,,,
C_exit,48,12,CCJ1,PASS,False,,,
C_exit,49,12,CCJ1,PASS,False,,,
C_exit,0,13,CCJ2,PASS,False,,,
C_exit,1,13,CCJ2,PASS,False,,,
C_exit,2,13,CCJ2,PASS,False,,,
C_exit,3,13,CCJ2,PASS,False,,,
C_exit,4,13,CCJ2,PASS,False,,,
C_exit,5,13,CCJ2,PASS,False,,,
C_exit,6,13,CCJ2,PASS,False,,,
C_exit,7,13,CCJ2,PASS,False,,,
C_exit,8,13,CCJ2,PASS,False,,,
C_exit,9,13,CCJ2,PASS,False,,,
C_exit,10,13,CCJ2,PASS,False,,,
C_exit,11,13,CCJ2,PASS,False,,,
C_exit,12,13,CCJ2,PASS,False,,,
C_exit,13,13,CCJ2,PASS,False,,,
C_exit,14,13,CCJ2,PASS,False,,,
C_exit,15,13,CCJ2,PASS,False,,,
C_exit,16,13,CCJ2,PASS,False,,,
C_exit,17,13,CCJ2,PASS,False,,,
C_exit,18,13,CCJ2,PASS,False,,,
C_exit,19,13,CCJ2,PASS,False,,,
C_exit,20,13,CCJ2,PASS,False,,,
C_exit,21,13,CCJ2,PASS,False,,,
C_exit,22,13,CCJ2,PASS,False,,,
C_exit,23,13,CCJ2,PASS,False,,,
C_exit,24,13,CCJ2,PASS,False,,,
C_exit,25,13,CCJ2,PASS,False,,,
C_exit,26,13,CCJ2,PASS,False,,,
C_exit,27,13,CCJ2,PASS,False,,,
C_exit,28,13,CCJ2,PASS,False,,,
C_exit,29,13,CCJ2,PASS,False,,,
C_exit,30,13,CCJ2,PASS,False,,,
C_exit,31,13,CCJ2,PASS,False,,,
C_exit,32,13,CCJ2,PASS,False,,,
C_exit,33,13,CCJ2,PASS,False,,,
C_exit,34,13,CCJ2,PASS,False,,,
C_exit,35,13,CCJ2,PASS,False,,,
C_exit,36,13,CCJ2,PASS,False,,,
C_exit,37,13,CCJ2,PASS,False,,,
C_exit,38,13,CCJ2,PASS,False,,,
C_exit,39,13,CCJ2,PASS,False,,,
C_exit,40,13,CCJ2,PASS,False,,,
C_exit,41,13,CCJ2,PASS,False,,,
C_exit,42,13,CCJ2,PASS,False,,,
C_exit,43,13,CCJ2,PASS,False,,,
C_exit,44,13,CCJ2,PASS,False,,,
C_exit,45,13,CCJ2,PASS,False,,,
C_exit,46,13,CCJ2,PASS,False,,,
C_exit,47,13,CCJ2,PASS,False,,,
C_exit,48,13,CCJ2,PASS,False,,,
C_exit,49,13,CCJ2,PASS,False,,,
C_exit,0,14,CCA,PASS,False,,,
C_exit,1,14,CCA,PASS,False,,,
C_exit,2,14,CCA,PASS,False,,,
C_exit,3,14,CCA,PASS,False,,,
C_exit,4,14,CCA,PASS,False,,,
C_exit,5,14,CCA,PASS,False,,,
C_exit,6,14,CCA,PASS,False,,,
C_exit,7,14,CCA,PASS,False,,,
C_exit,8,14,CCA,PASS,False,,,
C_exit,9,14,CCA,PASS,False,,,
C_exit,10,14,CCA,PASS,False,,,
C_exit,11,14,CCA,PASS,False,,,
C_exit,12,14,CCA,PASS,False,,,
C_exit,13,14,CCA,PASS,False,,,
C_exit,14,14,CCA,PASS,False,,,
C_exit,15,14,CCA,PASS,False,,,
C_exit,16,14,CCA,PASS,False,,,
C_exit,17,14,CCA,PASS,False,,,
C_exit,18,14,CCA,PASS,False,,,
C_exit,19,14,CCA,PASS,False,,,
C_exit,20,14,CCA,PASS,False,,,
C_exit,21,14,CCA,PASS,False,,,
C_exit,22,14,CCA,PASS,False,,,
C_exit,23,14,CCA,PASS,False,,,
C_exit,24,14,CCA,PASS,False,,,
C_exit,25,14,CCA,PASS,False,,,
C_exit,26,14,CCA,PASS,False,,,
C_exit,27,14,CCA,PASS,False,,,
C_exit,28,14,CCA,PASS,False,,,
C_exit,29,14,CCA,PASS,False,,,
C_exit,30,14,CCA,PASS,False,,,
C_exit,31,14,CCA,PASS,False,,,
C_exit,32,14,CCA,PASS,False,,,
C_exit,33,14,CCA,PASS,False,,,
C_exit,34,14,CCA,PASS,False,,,
C_exit,35,14,CCA,PASS,False,,,
C_exit,36,14,CCA,PASS,False,,,
C_exit,37,14,CCA,PASS,False,,,
C_exit,38,14,CCA,PASS,False,,,
C_exit,39,14,CCA,PASS,False,,,
C_exit,40,14,CCA,PASS,False,,,
C_exit,41,14,CCA,PASS,False,,,
C_exit,42,14,CCA,PASS,False,,,
C_exit,43,14,CCA,PASS,False,,,
C_exit,44,14,CCA,PASS,False,,,
C_exit,45,14,CCA,PASS,False,,,
C_exit,46,14,CCA,PASS,False,,,
C_exit,47,14,CCA,PASS,False,,,
C_exit,48,14,CCA,PASS,False,,,
C_exit,49,14,CCA,PASS,False,,,
C_exit,0,15,CJ1B,PASS,False,,,
C_exit,1,15,CJ1B,PASS,False,,,
C_exit,2,15,CJ1B,PASS,False,,,
C_exit,3,15,CJ1B,PASS,False,,,
C_exit,4,15,CJ1B,PASS,False,,,
C_exit,5,15,CJ1B,PASS,False,,,
C_exit,6,15,CJ1B,PASS,False,,,
C_exit,7,15,CJ1B,PASS,False,,,
C_exit,8,15,CJ1B,PASS,False,,,
C_exit,9,15,CJ1B,PASS,False,,,
C_exit,10,15,CJ1B,PASS,False,,,
C_exit,11,15,CJ1B,PASS,False,,,
C_exit,12,15,CJ1B,PASS,False,,,
C_exit,13,15,CJ1B,PASS,False,,,
C_exit,14,15,CJ1B,PASS,False,,,
C_exit,15,15,CJ1B,PASS,False,,,
C_exit,16,15,CJ1B,PASS,False,,,
C_exit,17,15,CJ1B,PASS,False,,,
C_exit,18,15,CJ1B,PASS,False,,,
C_exit,19,15,CJ1B,PASS,False,,,
C_exit,20,15,CJ1B,PASS,False,,,
C_exit,21,15,CJ1B,PASS,False,,,
C_exit,22,15,CJ1B,PASS,False,,,
C_exit,23,15,CJ1B,PASS,False,,,
C_exit,24,15,CJ1B,PASS,False,,,
C_exit,25,15,CJ1B,PASS,False,,,
C_exit,26,15,CJ1B,PASS,False,,,
C_exit,27,15,CJ1B,PASS,False,,,
C_exit,28,15,CJ1B,PASS,False,,,
C_exit,29,15,CJ1B,PASS,False,,,
C_exit,30,15,CJ1B,PASS,False,,,
C_exit,31,15,CJ1B,PASS,False,,,
C_exit,32,15,CJ1B,PASS,False,,,
C_exit,33,15,CJ1B,PASS,False,,,
C_exit,34,15,CJ1B,PASS,False,,,
C_exit,35,15,CJ1B,PASS,False,,,
C_exit,36,15,CJ1B,PASS,False,,,
C_exit,37,15,CJ1B,PASS,False,,,
C_exit,38,15,CJ1B,PASS,False,,,
C_exit,39,15,CJ1B,PASS,False,,,
C_exit,40,15,CJ1B,PASS,False,,,
C_exit,41,15,CJ1B,PASS,False,,,
C_exit,42,15,CJ1B,PASS,False,,,
C_exit,43,15,CJ1B,PASS,False,,,
C_exit,44,15,CJ1B,PASS,False,,,
C_exit,45,15,CJ1B,PASS,False,,,
C_exit,46,15,CJ1B,PASS,False,,,
C_exit,47,15,CJ1B,PASS,False,,,
C_exit,48,15,CJ1B,PASS,False,,,
C_exit,49,15,CJ1B,PASS,False,,,
C_exit,0,16,CJ1J1,PASS,False,,,
C_exit,1,16,CJ1J1,PASS,False,,,
C_exit,2,16,CJ1J1,PASS,False,,,
C_exit,3,16,CJ1J1,PASS,False,,,
C_exit,4,16,CJ1J1,PASS,False,,,
C_exit,5,16,CJ1J1,PASS,False,,,
C_exit,6,16,CJ1J1,PASS,False,,,
C_exit,7,16,CJ1J1,PASS,False,,,
C_exit,8,16,CJ1J1,PASS,False,,,
C_exit,9,16,CJ1J1,PASS,False,,,
C_exit,10,16,CJ1J1,PASS,False,,,
C_exit,11,16,CJ1J1,PASS,False,,,
C_exit,12,16,CJ1J1,PASS,False,,,
C_exit,13,16,CJ1J1,PASS,False,,,
C_exit,14,16,CJ1J1,PASS,False,,,
C_exit,15,16,CJ1J1,PASS,False,,,
C_exit,16,16,CJ1J1,PASS,False,,,
C_exit,17,16,CJ1J1,PASS,False,,,
C_exit,18,16,CJ1J1,PASS,False,,,
C_exit,19,16,CJ1J1,PASS,False,,,
C_exit,20,16,CJ1J1,PASS,False,,,
C_exit,21,16,CJ1J1,PASS,False,,,
C_exit,22,16,CJ1J1,PASS,False,,,
C_exit,23,16,CJ1J1,PASS,False,,,
C_exit,24,16,CJ1J1,PASS,False,,,
C_exit,25,16,CJ1J1,PASS,False,,,
C_exit,26,16,CJ1J1,PASS,False,,,
C_exit,27,16,CJ1J1,PASS,False,,,
C_exit,28,16,CJ1J1,PASS,False,,,
C_exit,29,16,CJ1J1,PASS,False,,,
C_exit,30,16,CJ1J1,PASS,False,,,
C_exit,31,16,CJ1J1,PASS,False,,,
C_exit,32,16,CJ1J1,PASS,False,,,
C_exit,33,16,CJ1J1,PASS,False,,,
C_exit,34,16,CJ1J1,PASS,False,,,
C_exit,35,16,CJ1J1,PASS,False,,,
C_exit,36,16,CJ1J1,PASS,False,,,
C_exit,37,16,CJ1J1,PASS,False,,,
C_exit,38,16,CJ1J1,PASS,False,,,
C_exit,39,16,CJ1J1,PASS,False,,,
C_exit,40,16,CJ1J1,PASS,False,,,
C_exit,41,16,CJ1J1,PASS,False,,,
C_exit,42,16,CJ1J1,PASS,False,,,
C_exit,43,16,CJ1J1,PASS,False,,,
C_exit,44,16,CJ1J1,PASS,False,,,
C_exit,45,16,CJ1J1,PASS,False,,,
C_exit,46,16,CJ1J1,PASS,False,,,
C_exit,47,16,CJ1J1,PASS,False,,,
C_exit,48,16,CJ1J1,PASS,False,,,
C_exit,49,16,CJ1J1,PASS,False,,,
C_exit,0,17,CJ1J2,PASS,False,,,
C_exit,1,17,CJ1J2,PASS,False,,,
C_exit,2,17,CJ1J2,PASS,False,,,
C_exit,3,17,CJ1J2,PASS,False,,,
C_exit,4,17,CJ1J2,PASS,False,,,
C_exit,5,17,CJ1J2,PASS,False,,,
C_exit,6,17,CJ1J2,PASS,False,,,
C_exit,7,17,CJ1J2,PASS,False,,,
C_exit,8,17,CJ1J2,PASS,False,,,
C_exit,9,17,CJ1J2,PASS,False,,,
C_exit,10,17,CJ1J2,PASS,False,,,
C_exit,11,17,CJ1J2,PASS,False,,,
C_exit,12,17,CJ1J2,PASS,False,,,
C_exit,13,17,CJ1J2,PASS,False,,,
C_exit,14,17,CJ1J2,PASS,False,,,
C_exit,15,17,CJ1J2,PASS,False,,,
C_exit,16,17,CJ1J2,PASS,False,,,
C_exit,17,17,CJ1J2,PASS,False,,,
C_exit,18,17,CJ1J2,PASS,False,,,
C_exit,19,17,CJ1J2,PASS,False,,,
C_exit,20,17,CJ1J2,PASS,False,,,
C_exit,21,17,CJ1J2,PASS,False,,,
C_exit,22,17,CJ1J2,PASS,False,,,
C_exit,23,17,CJ1J2,PASS,False,,,
C_exit,24,17,CJ1J2,PASS,False,,,
C_exit,25,17,CJ1J2,PASS,False,,,
C_exit,26,17,CJ1J2,PASS,False,,,
C_exit,27,17,CJ1J2,PASS,False,,,
C_exit,28,17,CJ1J2,PASS,False,,,
C_exit,29,17,CJ1J2,PASS,False,,,
C_exit,30,17,CJ1J2,PASS,False,,,
C_exit,31,17,CJ1J2,PASS,False,,,
C_exit,32,17,CJ1J2,PASS,False,,,
C_exit,33,17,CJ1J2,PASS,False,,,
C_exit,34,17,CJ1J2,PASS,False,,,
C_exit,35,17,CJ1J2,PASS,False,,,
C_exit,36,17,CJ1J2,PASS,False,,,
C_exit,37,17,CJ1J2,PASS,False,,,
C_exit,38,17,CJ1J2,PASS,False,,,
C_exit,39,17,CJ1J2,PASS,False,,,
C_exit,40,17,CJ1J2,PASS,False,,,
C_exit,41,17,CJ1J2,PASS,False,,,
C_exit,42,17,CJ1J2,PASS,False,,,
C_exit,43,17,CJ1J2,PASS,False,,,
C_exit,44,17,CJ1J2,PASS,False,,,
C_exit,45,17,CJ1J2,PASS,False,,,
C_exit,46,17,CJ1J2,PASS,False,,,
C_exit,47,17,CJ1J2,PASS,False,,,
C_exit,48,17,CJ1J2,PASS,False,,,
C_exit,49,17,CJ1J2,PASS,False,,,
C_exit,0,18,CJ1A,PASS,False,,,
C_exit,1,18,CJ1A,PASS,False,,,
C_exit,2,18,CJ1A,PASS,False,,,
C_exit,3,18,CJ1A,PASS,False,,,
C_exit,4,18,CJ1A,PASS,False,,,
C_exit,5,18,CJ1A,PASS,False,,,
C_exit,6,18,CJ1A,PASS,False,,,
C_exit,7,18,CJ1A,PASS,False,,,
C_exit,8,18,CJ1A,PASS,False,,,
C_exit,9,18,CJ1A,PASS,False,,,
C_exit,10,18,CJ1A,PASS,False,,,
C_exit,11,18,CJ1A,PASS,False,,,
C_exit,12,18,CJ1A,PASS,False,,,
C_exit,13,18,CJ1A,PASS,False,,,
C_exit,14,18,CJ1A,PASS,False,,,
C_exit,15,18,CJ1A,PASS,False,,,
C_exit,16,18,CJ1A,PASS,False,,,
C_exit,17,18,CJ1A,PASS,False,,,
C_exit,18,18,CJ1A,PASS,False,,,
C_exit,19,18,CJ1A,PASS,False,,,
C_exit,20,18,CJ1A,PASS,False,,,
C_exit,21,18,CJ1A,PASS,False,,,
C_exit,22,18,CJ1A,PASS,False,,,
C_exit,23,18,CJ1A,PASS,False,,,
C_exit,24,18,CJ1A,PASS,False,,,
C_exit,25,18,CJ1A,PASS,False,,,
C_exit,26,18,CJ1A,PASS,False,,,
C_exit,27,18,CJ1A,PASS,False,,,
C_exit,28,18,CJ1A,PASS,False,,,
C_exit,29,18,CJ1A,PASS,False,,,
C_exit,30,18,CJ1A,PASS,False,,,
C_exit,31,18,CJ1A,PASS,False,,,
C_exit,32,18,CJ1A,PASS,False,,,
C_exit,33,18,CJ1A,PASS,False,,,
C_exit,34,18,CJ1A,PASS,False,,,
C_exit,35,18,CJ1A,PASS,False,,,
C_exit,36,18,CJ1A,PASS,False,,,
C_exit,37,18,CJ1A,PASS,False,,,
C_exit,38,18,CJ1A,PASS,False,,,
C_exit,39,18,CJ1A,PASS,False,,,
C_exit,40,18,CJ1A,PASS,False,,,
C_exit,41,18,CJ1A,PASS,False,,,
C_exit,42,18,CJ1A,PASS,False,,,
C_exit,43,18,CJ1A,PASS,False,,,
C_exit,44,18,CJ1A,PASS,False,,,
C_exit,45,18,CJ1A,PASS,False,,,
C_exit,46,18,CJ1A,PASS,False,,,
C_exit,47,18,CJ1A,PASS,False,,,
C_exit,48,18,CJ1A,PASS,False,,,
C_exit,49,18,CJ1A,PASS,False,,,
C_exit,0,19,CJ3B,PASS,False,,,
C_exit,1,19,CJ3B,PASS,False,,,
C_exit,2,19,CJ3B,PASS,False,,,
C_exit,3,19,CJ3B,PASS,False,,,
C_exit,4,19,CJ3B,PASS,False,,,
C_exit,5,19,CJ3B,PASS,False,,,
C_exit,6,19,CJ3B,PASS,False,,,
C_exit,7,19,CJ3B,PASS,False,,,
C_exit,8,19,CJ3B,PASS,False,,,
C_exit,9,19,CJ3B,PASS,False,,,
C_exit,10,19,CJ3B,PASS,False,,,
C_exit,11,19,CJ3B,PASS,False,,,
C_exit,12,19,CJ3B,PASS,False,,,
C_exit,13,19,CJ3B,PASS,False,,,
C_exit,14,19,CJ3B,PASS,False,,,
C_exit,15,19,CJ3B,PASS,False,,,
C_exit,16,19,CJ3B,PASS,False,,,
C_exit,17,19,CJ3B,PASS,False,,,
C_exit,18,19,CJ3B,PASS,False,,,
C_exit,19,19,CJ3B,PASS,False,,,
C_exit,20,19,CJ3B,PASS,False,,,
C_exit,21,19,CJ3B,PASS,False,,,
C_exit,22,19,CJ3B,PASS,False,,,
C_exit,23,19,CJ3B,PASS,False,,,
C_exit,24,19,CJ3B,PASS,False,,,
C_exit,25,19,CJ3B,PASS,False,,,
C_exit,26,19,CJ3B,PASS,False,,,
C_exit,27,19,CJ3B,PASS,False,,,
C_exit,28,19,CJ3B,PASS,False,,,
C_exit,29,19,CJ3B,PASS,False,,,
C_exit,30,19,CJ3B,PASS,False,,,
C_exit,31,19,CJ3B,PASS,False,,,
C_exit,32,19,CJ3B,PASS,False,,,
C_exit,33,19,CJ3B,PASS,False,,,
C_exit,34,19,CJ3B,PASS,False,,,
C_exit,35,19,CJ3B,PASS,False,,,
C_exit,36,19,CJ3B,PASS,False,,,
C_exit,37,19,CJ3B,PASS,False,,,
C_exit,38,19,CJ3B,PASS,False,,,
C_exit,39,19,CJ3B,PASS,False,,,
C_exit,40,19,CJ3B,PASS,False,,,
C_exit,41,19,CJ3B,PASS,False,,,
C_exit,42,19,CJ3B,PASS,False,,,
C_exit,43,19,CJ3B,PASS,False,,,
C_exit,44,19,CJ3B,PASS,False,,,
C_exit,45,19,CJ3B,PASS,False,,,
C_exit,46,19,CJ3B,PASS,False,,,
C_exit,47,19,CJ3B,PASS,False,,,
C_exit,48,19,CJ3B,PASS,False,,,
C_exit,49,19,CJ3B,PASS,False,,,
C_exit,0,20,CJ3J1,PASS,False,,,
C_exit,1,20,CJ3J1,PASS,False,,,
C_exit,2,20,CJ3J1,PASS,False,,,
C_exit,3,20,CJ3J1,PASS,False,,,
C_exit,4,20,CJ3J1,PASS,False,,,
C_exit,5,20,CJ3J1,PASS,False,,,
C_exit,6,20,CJ3J1,PASS,False,,,
C_exit,7,20,CJ3J1,PASS,False,,,
C_exit,8,20,CJ3J1,PASS,False,,,
C_exit,9,20,CJ3J1,PASS,False,,,
C_exit,10,20,CJ3J1,PASS,False,,,
C_exit,11,20,CJ3J1,PASS,False,,,
C_exit,12,20,CJ3J1,PASS,False,,,
C_exit,13,20,CJ3J1,PASS,False,,,
C_exit,14,20,CJ3J1,PASS,False,,,
C_exit,15,20,CJ3J1,PASS,False,,,
C_exit,16,20,CJ3J1,PASS,False,,,
C_exit,17,20,CJ3J1,PASS,False,,,
C_exit,18,20,CJ3J1,PASS,False,,,
C_exit,19,20,CJ3J1,PASS,False,,,
C_exit,20,20,CJ3J1,PASS,False,,,
C_exit,21,20,CJ3J1,PASS,False,,,
C_exit,22,20,CJ3J1,PASS,False,,,
C_exit,23,20,CJ3J1,PASS,False,,,
C_exit,24,20,CJ3J1,PASS,False,,,
C_exit,25,20,CJ3J1,PASS,False,,,
C_exit,26,20,CJ3J1,PASS,False,,,
C_exit,27,20,CJ3J1,PASS,False,,,
C_exit,28,20,CJ3J1,PASS,False,,,
C_exit,29,20,CJ3J1,PASS,False,,,
C_exit,30,20,CJ3J1,PASS,False,,,
C_exit,31,20,CJ3J1,PASS,False,,,
C_exit,32,20,CJ3J1,PASS,False,,,
C_exit,33,20,CJ3J1,PASS,False,,,
C_exit,34,20,CJ3J1,PASS,False,,,
C_exit,35,20,CJ3J1,PASS,False,,,
C_exit,36,20,CJ3J1,PASS,False,,,
C_exit,37,20,CJ3J1,PASS,False,,,
C_exit,38,20,CJ3J1,PASS,False,,,
C_exit,39,20,CJ3J1,PASS,False,,,
C_exit,40,20,CJ3J1,PASS,False,,,
C_exit,41,20,CJ3J1,PASS,False,,,
C_exit,42,20,CJ3J1,PASS,False,,,
C_exit,43,20,CJ3J1,PASS,False,,,
C_exit,44,20,CJ3J1,PASS,False,,,
C_exit,45,20,CJ3J1,PASS,False,,,
C_exit,46,20,CJ3J1,PASS,False,,,
C_exit,47,20,CJ3J1,PASS,False,,,
C_exit,48,20,CJ3J1,PASS,False,,,
C_exit,49,20,CJ3J1,PASS,False,,,
C_exit,0,21,CJ3A,PASS,False,,,
C_exit,1,21,CJ3A,PASS,False,,,
C_exit,2,21,CJ3A,PASS,False,,,
C_exit,3,21,CJ3A,PASS,False,,,
C_exit,4,21,CJ3A,PASS,False,,,
C_exit,5,21,CJ3A,PASS,False,,,
C_exit,6,21,CJ3A,PASS,False,,,
C_exit,7,21,CJ3A,PASS,False,,,
C_exit,8,21,CJ3A,PASS,False,,,
C_exit,9,21,CJ3A,PASS,False,,,
C_exit,10,21,CJ3A,PASS,False,,,
C_exit,11,21,CJ3A,PASS,False,,,
C_exit,12,21,CJ3A,PASS,False,,,
C_exit,13,21,CJ3A,PASS,False,,,
C_exit,14,21,CJ3A,PASS,False,,,
C_exit,15,21,CJ3A,PASS,False,,,
C_exit,16,21,CJ3A,PASS,False,,,
C_exit,17,21,CJ3A,PASS,False,,,
C_exit,18,21,CJ3A,PASS,False,,,
C_exit,19,21,CJ3A,PASS,False,,,
C_exit,20,21,CJ3A,PASS,False,,,
C_exit,21,21,CJ3A,PASS,False,,,
C_exit,22,21,CJ3A,PASS,False,,,
C_exit,23,21,CJ3A,PASS,False,,,
C_exit,24,21,CJ3A,PASS,False,,,
C_exit,25,21,CJ3A,PASS,False,,,
C_exit,26,21,CJ3A,PASS,False,,,
C_exit,27,21,CJ3A,PASS,False,,,
C_exit,28,21,CJ3A,PASS,False,,,
C_exit,29,21,CJ3A,PASS,False,,,
C_exit,30,21,CJ3A,PASS,False,,,
C_exit,31,21,CJ3A,PASS,False,,,
C_exit,32,21,CJ3A,PASS,False,,,
C_exit,33,21,CJ3A,PASS,False,,,
C_exit,34,21,CJ3A,PASS,False,,,
C_exit,35,21,CJ3A,PASS,False,,,
C_exit,36,21,CJ3A,PASS,False,,,
C_exit,37,21,CJ3A,PASS,False,,,
C_exit,38,21,CJ3A,PASS,False,,,
C_exit,39,21,CJ3A,PASS,False,,,
C_exit,40,21,CJ3A,PASS,False,,,
C_exit,41,21,CJ3A,PASS,False,,,
C_exit,42,21,CJ3A,PASS,False,,,
C_exit,43,21,CJ3A,PASS,False,,,
C_exit,44,21,CJ3A,PASS,False,,,
C_exit,45,21,CJ3A,PASS,False,,,
C_exit,46,21,CJ3A,PASS,False,,,
C_exit,47,21,CJ3A,PASS,False,,,
C_exit,48,21,CJ3A,PASS,False,,,
C_exit,49,21,CJ3A,PASS,False,,,
C_exit,0,22,J2CB,PASS,False,,,
C_exit,1,22,J2CB,PASS,False,,,
C_exit,2,22,J2CB,PASS,False,,,
C_exit,3,22,J2CB,PASS,False,,,
C_exit,4,22,J2CB,PASS,False,,,
C_exit,5,22,J2CB,PASS,False,,,
C_exit,6,22,J2CB,PASS,False,,,
C_exit,7,22,J2CB,PASS,False,,,
C_exit,8,22,J2CB,PASS,False,,,
C_exit,9,22,J2CB,PASS,False,,,
C_exit,10,22,J2CB,PASS,False,,,
C_exit,11,22,J2CB,PASS,False,,,
C_exit,12,22,J2CB,PASS,False,,,
C_exit,13,22,J2CB,PASS,False,,,
C_exit,14,22,J2CB,PASS,False,,,
C_exit,15,22,J2CB,PASS,False,,,
C_exit,16,22,J2CB,PASS,False,,,
C_exit,17,22,J2CB,PASS,False,,,
C_exit,18,22,J2CB,PASS,False,,,
C_exit,19,22,J2CB,PASS,False,,,
C_exit,20,22,J2CB,PASS,False,,,
C_exit,21,22,J2CB,PASS,False,,,
C_exit,22,22,J2CB,PASS,False,,,
C_exit,23,22,J2CB,PASS,False,,,
C_exit,24,22,J2CB,PASS,False,,,
C_exit,25,22,J2CB,PASS,False,,,
C_exit,26,22,J2CB,PASS,False,,,
C_exit,27,22,J2CB,PASS,False,,,
C_exit,28,22,J2CB,PASS,False,,,
C_exit,29,22,J2CB,PASS,False,,,
C_exit,30,22,J2CB,PASS,False,,,
C_exit,31,22,J2CB,PASS,False,,,
C_exit,32,22,J2CB,PASS,False,,,
C_exit,33,22,J2CB,PASS,False,,,
C_exit,34,22,J2CB,PASS,False,,,
C_exit,35,22,J2CB,PASS,False,,,
C_exit,36,22,J2CB,PASS,False,,,
C_exit,37,22,J2CB,PASS,False,,,
C_exit,38,22,J2CB,PASS,False,,,
C_exit,39,22,J2CB,PASS,False,,,
C_exit,40,22,J2CB,PASS,False,,,
C_exit,41,22,J2CB,PASS,False,,,
C_exit,42,22,J2CB,PASS,False,,,
C_exit,43,22,J2CB,PASS,False,,,
C_exit,44,22,J2CB,PASS,False,,,
C_exit,45,22,J2CB,PASS,False,,,
C_exit,46,22,J2CB,PASS,False,,,
C_exit,47,22,J2CB,PASS,False,,,
C_exit,48,22,J2CB,PASS,False,,,
C_exit,49,22,J2CB,PASS,False,,,
C_exit,0,23,J2CJ1,PASS,False,,,
C_exit,1,23,J2CJ1,PASS,False,,,
C_exit,2,23,J2CJ1,PASS,False,,,
C_exit,3,23,J2CJ1,PASS,False,,,
C_exit,4,23,J2CJ1,PASS,False,,,
C_exit,5,23,J2CJ1,PASS,False,,,
C_exit,6,23,J2CJ1,PASS,False,,,
C_exit,7,23,J2CJ1,PASS,False,,,
C_exit,8,23,J2CJ1,PASS,False,,,
C_exit,9,23,J2CJ1,PASS,False,,,
C_exit,10,23,J2CJ1,PASS,False,,,
C_exit,11,23,J2CJ1,PASS,False,,,
C_exit,12,23,J2CJ1,PASS,False,,,
C_exit,13,23,J2CJ1,PASS,False,,,
C_exit,14,23,J2CJ1,PASS,False,,,
C_exit,15,23,J2CJ1,PASS,False,,,
C_exit,16,23,J2CJ1,PASS,False,,,
C_exit,17,23,J2CJ1,PASS,False,,,
C_exit,18,23,J2CJ1,PASS,False,,,
C_exit,19,23,J2CJ1,PASS,False,,,
C_exit,20,23,J2CJ1,PASS,False,,,
C_exit,21,23,J2CJ1,PASS,False,,,
C_exit,22,23,J2CJ1,PASS,False,,,
C_exit,23,23,J2CJ1,PASS,False,,,
C_exit,24,23,J2CJ1,PASS,False,,,
C_exit,25,23,J2CJ1,PASS,False,,,
C_exit,26,23,J2CJ1,PASS,False,,,
C_exit,27,23,J2CJ1,PASS,False,,,
C_exit,28,23,J2CJ1,PASS,False,,,
C_exit,29,23,J2CJ1,PASS,False,,,
C_exit,30,23,J2CJ1,PASS,False,,,
C_exit,31,23,J2CJ1,PASS,False,,,
C_exit,32,23,J2CJ1,PASS,False,,,
C_exit,33,23,J2CJ1,PASS,False,,,
C_exit,34,23,J2CJ1,PASS,False,,,
C_exit,35,23,J2CJ1,PASS,False,,,
C_exit,36,23,J2CJ1,PASS,False,,,
C_exit,37,23,J2CJ1,PASS,False,,,
C_exit,38,23,J2CJ1,PASS,False,,,
C_exit,39,23,J2CJ1,PASS,False,,,
C_exit,40,23,J2CJ1,PASS,False,,,
C_exit,41,23,J2CJ1,PASS,False,,,
C_exit,42,23,J2CJ1,PASS,False,,,
C_exit,43,23,J2CJ1,PASS,False,,,
C_exit,44,23,J2CJ1,PASS,False,,,
C_exit,45,23,J2CJ1,PASS,False,,,
C_exit,46,23,J2CJ1,PASS,False,,,
C_exit,47,23,J2CJ1,PASS,False,,,
C_exit,48,23,J2CJ1,PASS,False,,,
C_exit,49,23,J2CJ1,PASS,False,,,
C_exit,0,24,J2CJ2,PASS,False,,,
C_exit,1,24,J2CJ2,PASS,False,,,
C_exit,2,24,J2CJ2,PASS,False,,,
C_exit,3,24,J2CJ2,PASS,False,,,
C_exit,4,24,J2CJ2,PASS,False,,,
C_exit,5,24,J2CJ2,PASS,False,,,
C_exit,6,24,J2CJ2,PASS,False,,,
C_exit,7,24,J2CJ2,PASS,False,,,
C_exit,8,24,J2CJ2,PASS,False,,,
C_exit,9,24,J2CJ2,PASS,False,,,
C_exit,10,24,J2CJ2,PASS,False,,,
C_exit,11,24,J2CJ2,PASS,False,,,
C_exit,12,24,J2CJ2,PASS,False,,,
C_exit,13,24,J2CJ2,PASS,False,,,
C_exit,14,24,J2CJ2,PASS,False,,,
C_exit,15,24,J2CJ2,PASS,False,,,
C_exit,16,24,J2CJ2,PASS,False,,,
C_exit,17,24,J2CJ2,PASS,False,,,
C_exit,18,24,J2CJ2,PASS,False,,,
C_exit,19,24,J2CJ2,PASS,False,,,
C_exit,20,24,J2CJ2,PASS,False,,,
C_exit,21,24,J2CJ2,PASS,False,,,
C_exit,22,24,J2CJ2,PASS,False,,,
C_exit,23,24,J2CJ2,PASS,False,,,
C_exit,24,24,J2CJ2,PASS,False,,,
C_exit,25,24,J2CJ2,PASS,False,,,
C_exit,26,24,J2CJ2,PASS,False,,,
C_exit,27,24,J2CJ2,PASS,False,,,
C_exit,28,24,J2CJ2,PASS,False,,,
C_exit,29,24,J2CJ2,PASS,False,,,
C_exit,30,24,J2CJ2,PASS,False,,,
C_exit,31,24,J2CJ2,PASS,False,,,
C_exit,32,24,J2CJ2,PASS,False,,,
C_exit,33,24,J2CJ2,PASS,False,,,
C_exit,34,24,J2CJ2,PASS,False,,,
C_exit,35,24,J2CJ2,PASS,False,,,
C_exit,36,24,J2CJ2,PASS,False,,,
C_exit,37,24,J2CJ2,PASS,False,,,
C_exit,38,24,J2CJ2,PASS,False,,,
C_exit,39,24,J2CJ2,PASS,False,,,
C_exit,40,24,J2CJ2,PASS,False,,,
C_exit,41,24,J2CJ2,PASS,False,,,
C_exit,42,24,J2CJ2,PASS,False,,,
C_exit,43,24,J2CJ2,PASS,False,,,
C_exit,44,24,J2CJ2,PASS,False,,,
C_exit,45,24,J2CJ2,PASS,False,,,
C_exit,46,24,J2CJ2,PASS,False,,,
C_exit,47,24,J2CJ2,PASS,False,,,
C_exit,48,24,J2CJ2,PASS,False,,,
C_exit,49,24,J2CJ2,PASS,False,,,
C_exit,0,25,J2CA,PASS,False,,,
C_exit,1,25,J2CA,PASS,False,,,
C_exit,2,25,J2CA,PASS,False,,,
C_exit,3,25,J2CA,PASS,False,,,
C_exit,4,25,J2CA,PASS,False,,,
C_exit,5,25,J2CA,PASS,False,,,
C_exit,6,25,J2CA,PASS,False,,,
C_exit,7,25,J2CA,PASS,False,,,
C_exit,8,25,J2CA,PASS,False,,,
C_exit,9,25,J2CA,PASS,False,,,
C_exit,10,25,J2CA,PASS,False,,,
C_exit,11,25,J2CA,PASS,False,,,
C_exit,12,25,J2CA,PASS,False,,,
C_exit,13,25,J2CA,PASS,False,,,
C_exit,14,25,J2CA,PASS,False,,,
C_exit,15,25,J2CA,PASS,False,,,
C_exit,16,25,J2CA,PASS,False,,,
C_exit,17,25,J2CA,PASS,False,,,
C_exit,18,25,J2CA,PASS,False,,,
C_exit,19,25,J2CA,PASS,False,,,
C_exit,20,25,J2CA,PASS,False,,,
C_exit,21,25,J2CA,PASS,False,,,
C_exit,22,25,J2CA,PASS,False,,,
C_exit,23,25,J2CA,PASS,False,,,
C_exit,24,25,J2CA,PASS,False,,,
C_exit,25,25,J2CA,PASS,False,,,
C_exit,26,25,J2CA,PASS,False,,,
C_exit,27,25,J2CA,PASS,False,,,
C_exit,28,25,J2CA,PASS,False,,,
C_exit,29,25,J2CA,PASS,False,,,
C_exit,30,25,J2CA,PASS,False,,,
C_exit,31,25,J2CA,PASS,False,,,
C_exit,32,25,J2CA,PASS,False,,,
C_exit,33,25,J2CA,PASS,False,,,
C_exit,34,25,J2CA,PASS,False,,,
C_exit,35,25,J2CA,PASS,False,,,
C_exit,36,25,J2CA,PASS,False,,,
C_exit,37,25,J2CA,PASS,False,,,
C_exit,38,25,J2CA,PASS,False,,,
C_exit,39,25,J2CA,PASS,False,,,
C_exit,40,25,J2CA,PASS,False,,,
C_exit,41,25,J2CA,PASS,False,,,
C_exit,42,25,J2CA,PASS,False,,,
C_exit,43,25,J2CA,PASS,False,,,
C_exit,44,25,J2CA,PASS,False,,,
C_exit,45,25,J2CA,PASS,False,,,
C_exit,46,25,J2CA,PASS,False,,,
C_exit,47,25,J2CA,PASS,False,,,
C_exit,48,25,J2CA,PASS,False,,,
C_exit,49,25,J2CA,PASS,False,,,
C_exit,0,26,J2J3B,PASS,False,,,
C_exit,1,26,J2J3B,PASS,False,,,
C_exit,2,26,J2J3B,PASS,False,,,
C_exit,3,26,J2J3B,PASS,False,,,
C_exit,4,26,J2J3B,PASS,False,,,
C_exit,5,26,J2J3B,PASS,False,,,
C_exit,6,26,J2J3B,PASS,False,,,
C_exit,7,26,J2J3B,PASS,False,,,
C_exit,8,26,J2J3B,PASS,False,,,
C_exit,9,26,J2J3B,PASS,False,,,
C_exit,10,26,J2J3B,PASS,False,,,
C_exit,11,26,J2J3B,PASS,False,,,
C_exit,12,26,J2J3B,PASS,False,,,
C_exit,13,26,J2J3B,PASS,False,,,
C_exit,14,26,J2J3B,PASS,False,,,
C_exit,15,26,J2J3B,PASS,False,,,
C_exit,16,26,J2J3B,PASS,False,,,
C_exit,17,26,J2J3B,PASS,False,,,
C_exit,18,26,J2J3B,PASS,False,,,
C_exit,19,26,J2J3B,PASS,False,,,
C_exit,20,26,J2J3B,PASS,False,,,
C_exit,21,26,J2J3B,PASS,False,,,
C_exit,22,26,J2J3B,PASS,False,,,
C_exit,23,26,J2J3B,PASS,False,,,
C_exit,24,26,J2J3B,PASS,False,,,
C_exit,25,26,J2J3B,PASS,False,,,
C_exit,26,26,J2J3B,PASS,False,,,
C_exit,27,26,J2J3B,PASS,False,,,
C_exit,28,26,J2J3B,PASS,False,,,
C_exit,29,26,J2J3B,PASS,False,,,
C_exit,30,26,J2J3B,PASS,False,,,
C_exit,31,26,J2J3B,PASS,False,,,
C_exit,32,26,J2J3B,PASS,False,,,
C_exit,33,26,J2J3B,PASS,False,,,
C_exit,34,26,J2J3B,PASS,False,,,
C_exit,35,26,J2J3B,PASS,False,,,
C_exit,36,26,J2J3B,PASS,False,,,
C_exit,37,26,J2J3B,PASS,False,,,
C_exit,38,26,J2J3B,PASS,False,,,
C_exit,39,26,J2J3B,PASS,False,,,
C_exit,40,26,J2J3B,PASS,False,,,
C_exit,41,26,J2J3B,PASS,False,,,
C_exit,42,26,J2J3B,PASS,False,,,
C_exit,43,26,J2J3B,PASS,False,,,
C_exit,44,26,J2J3B,PASS,False,,,
C_exit,45,26,J2J3B,PASS,False,,,
C_exit,46,26,J2J3B,PASS,False,,,
C_exit,47,26,J2J3B,PASS,False,,,
C_exit,48,26,J2J3B,PASS,False,,,
C_exit,49,26,J2J3B,PASS,False,,,
C_exit,0,27,J2J3A,PASS,False,,,
C_exit,1,27,J2J3A,PASS,False,,,
C_exit,2,27,J2J3A,PASS,False,,,
C_exit,3,27,J2J3A,PASS,False,,,
C_exit,4,27,J2J3A,PASS,False,,,
C_exit,5,27,J2J3A,PASS,False,,,
C_exit,6,27,J2J3A,PASS,False,,,
C_exit,7,27,J2J3A,PASS,False,,,
C_exit,8,27,J2J3A,PASS,False,,,
C_exit,9,27,J2J3A,PASS,False,,,
C_exit,10,27,J2J3A,PASS,False,,,
C_exit,11,27,J2J3A,PASS,False,,,
C_exit,12,27,J2J3A,PASS,False,,,
C_exit,13,27,J2J3A,PASS,False,,,
C_exit,14,27,J2J3A,PASS,False,,,
C_exit,15,27,J2J3A,PASS,False,,,
C_exit,16,27,J2J3A,PASS,False,,,
C_exit,17,27,J2J3A,PASS,False,,,
C_exit,18,27,J2J3A,PASS,False,,,
C_exit,19,27,J2J3A,PASS,False,,,
C_exit,20,27,J2J3A,PASS,False,,,
C_exit,21,27,J2J3A,PASS,False,,,
C_exit,22,27,J2J3A,PASS,False,,,
C_exit,23,27,J2J3A,PASS,False,,,
C_exit,24,27,J2J3A,PASS,False,,,
C_exit,25,27,J2J3A,PASS,False,,,
C_exit,26,27,J2J3A,PASS,False,,,
C_exit,27,27,J2J3A,PASS,False,,,
C_exit,28,27,J2J3A,PASS,False,,,
C_exit,29,27,J2J3A,PASS,False,,,
C_exit,30,27,J2J3A,PASS,False,,,
C_exit,31,27,J2J3A,PASS,False,,,
C_exit,32,27,J2J3A,PASS,False,,,
C_exit,33,27,J2J3A,PASS,False,,,
C_exit,34,27,J2J3A,PASS,False,,,
C_exit,35,27,J2J3A,PASS,False,,,
C_exit,36,27,J2J3A,PASS,False,,,
C_exit,37,27,J2J3A,PASS,False,,,
C_exit,38,27,J2J3A,PASS,False,,,
C_exit,39,27,J2J3A,PASS,False,,,
C_exit,40,27,J2J3A,PASS,False,,,
C_exit,41,27,J2J3A,PASS,False,,,
C_exit,42,27,J2J3A,PASS,False,,,
C_exit,43,27,J2J3A,PASS,False,,,
C_exit,44,27,J2J3A,PASS,False,,,
C_exit,45,27,J2J3A,PASS,False,,,
C_exit,46,27,J2J3A,PASS,False,,,
C_exit,47,27,J2J3A,PASS,False,,,
C_exit,48,27,J2J3A,PASS,False,,,
C_exit,49,27,J2J3A,PASS,False,,,
C_exit,0,28,J3CB,PASS,False,,,
C_exit,1,28,J3CB,PASS,False,,,
C_exit,2,28,J3CB,PASS,False,,,
C_exit,3,28,J3CB,PASS,False,,,
C_exit,4,28,J3CB,PASS,False,,,
C_exit,5,28,J3CB,PASS,False,,,
C_exit,6,28,J3CB,PASS,False,,,
C_exit,7,28,J3CB,PASS,False,,,
C_exit,8,28,J3CB,PASS,False,,,
C_exit,9,28,J3CB,PASS,False,,,
C_exit,10,28,J3CB,PASS,False,,,
C_exit,11,28,J3CB,PASS,False,,,
C_exit,12,28,J3CB,PASS,False,,,
C_exit,13,28,J3CB,PASS,False,,,
C_exit,14,28,J3CB,PASS,False,,,
C_exit,15,28,J3CB,PASS,False,,,
C_exit,16,28,J3CB,PASS,False,,,
C_exit,17,28,J3CB,PASS,False,,,
C_exit,18,28,J3CB,PASS,False,,,
C_exit,19,28,J3CB,PASS,False,,,
C_exit,20,28,J3CB,PASS,False,,,
C_exit,21,28,J3CB,PASS,False,,,
C_exit,22,28,J3CB,PASS,False,,,
C_exit,23,28,J3CB,PASS,False,,,
C_exit,24,28,J3CB,PASS,False,,,
C_exit,25,28,J3CB,PASS,False,,,
C_exit,26,28,J3CB,PASS,False,,,
C_exit,27,28,J3CB,PASS,False,,,
C_exit,28,28,J3CB,PASS,False,,,
C_exit,29,28,J3CB,PASS,False,,,
C_exit,30,28,J3CB,PASS,False,,,
C_exit,31,28,J3CB,PASS,False,,,
C_exit,32,28,J3CB,PASS,False,,,
C_exit,33,28,J3CB,PASS,False,,,
C_exit,34,28,J3CB,PASS,False,,,
C_exit,35,28,J3CB,PASS,False,,,
C_exit,36,28,J3CB,PASS,False,,,
C_exit,37,28,J3CB,PASS,False,,,
C_exit,38,28,J3CB,PASS,False,,,
C_exit,39,28,J3CB,PASS,False,,,
C_exit,40,28,J3CB,PASS,False,,,
C_exit,41,28,J3CB,PASS,False,,,
C_exit,42,28,J3CB,PASS,False,,,
C_exit,43,28,J3CB,PASS,False,,,
C_exit,44,28,J3CB,PASS,False,,,
C_exit,45,28,J3CB,PASS,False,,,
C_exit,46,28,J3CB,PASS,False,,,
C_exit,47,28,J3CB,PASS,False,,,
C_exit,48,28,J3CB,PASS,False,,,
C_exit,49,28,J3CB,PASS,False,,,
C_exit,0,29,J3CJ2,PASS,False,,,
C_exit,1,29,J3CJ2,PASS,False,,,
C_exit,2,29,J3CJ2,PASS,False,,,
C_exit,3,29,J3CJ2,PASS,False,,,
C_exit,4,29,J3CJ2,PASS,False,,,
C_exit,5,29,J3CJ2,PASS,False,,,
C_exit,6,29,J3CJ2,PASS,False,,,
C_exit,7,29,J3CJ2,PASS,False,,,
C_exit,8,29,J3CJ2,PASS,False,,,
C_exit,9,29,J3CJ2,PASS,False,,,
C_exit,10,29,J3CJ2,PASS,False,,,
C_exit,11,29,J3CJ2,PASS,False,,,
C_exit,12,29,J3CJ2,PASS,False,,,
C_exit,13,29,J3CJ2,PASS,False,,,
C_exit,14,29,J3CJ2,PASS,False,,,
C_exit,15,29,J3CJ2,PASS,False,,,
C_exit,16,29,J3CJ2,PASS,False,,,
C_exit,17,29,J3CJ2,PASS,False,,,
C_exit,18,29,J3CJ2,PASS,False,,,
C_exit,19,29,J3CJ2,PASS,False,,,
C_exit,20,29,J3CJ2,PASS,False,,,
C_exit,21,29,J3CJ2,PASS,False,,,
C_exit,22,29,J3CJ2,PASS,False,,,
C_exit,23,29,J3CJ2,PASS,False,,,
C_exit,24,29,J3CJ2,PASS,False,,,
C_exit,25,29,J3CJ2,PASS,False,,,
C_exit,26,29,J3CJ2,PASS,False,,,
C_exit,27,29,J3CJ2,PASS,False,,,
C_exit,28,29,J3CJ2,PASS,False,,,
C_exit,29,29,J3CJ2,PASS,False,,,
C_exit,30,29,J3CJ2,PASS,False,,,
C_exit,31,29,J3CJ2,PASS,False,,,
C_exit,32,29,J3CJ2,PASS,False,,,
C_exit,33,29,J3CJ2,PASS,False,,,
C_exit,34,29,J3CJ2,PASS,False,,,
C_exit,35,29,J3CJ2,PASS,False,,,
C_exit,36,29,J3CJ2,PASS,False,,,
C_exit,37,29,J3CJ2,PASS,False,,,
C_exit,38,29,J3CJ2,PASS,False,,,
C_exit,39,29,J3CJ2,PASS,False,,,
C_exit,40,29,J3CJ2,PASS,False,,,
C_exit,41,29,J3CJ2,PASS,False,,,
C_exit,42,29,J3CJ2,PASS,False,,,
C_exit,43,29,J3CJ2,PASS,False,,,
C_exit,44,29,J3CJ2,PASS,False,,,
C_exit,45,29,J3CJ2,PASS,False,,,
C_exit,46,29,J3CJ2,PASS,False,,,
C_exit,47,29,J3CJ2,PASS,False,,,
C_exit,48,29,J3CJ2,PASS,False,,,
C_exit,49,29,J3CJ2,PASS,False,,,
C_exit,0,30,J3CA,PASS,False,,,
C_exit,1,30,J3CA,PASS,False,,,
C_exit,2,30,J3CA,PASS,False,,,
C_exit,3,30,J3CA,PASS,False,,,
C_exit,4,30,J3CA,PASS,False,,,
C_exit,5,30,J3CA,PASS,False,,,
C_exit,6,30,J3CA,PASS,False,,,
C_exit,7,30,J3CA,PASS,False,,,
C_exit,8,30,J3CA,PASS,False,,,
C_exit,9,30,J3CA,PASS,False,,,
C_exit,10,30,J3CA,PASS,False,,,
C_exit,11,30,J3CA,PASS,False,,,
C_exit,12,30,J3CA,PASS,False,,,
C_exit,13,30,J3CA,PASS,False,,,
C_exit,14,30,J3CA,PASS,False,,,
C_exit,15,30,J3CA,PASS,False,,,
C_exit,16,30,J3CA,PASS,False,,,
C_exit,17,30,J3CA,PASS,False,,,
C_exit,18,30,J3CA,PASS,False,,,
C_exit,19,30,J3CA,PASS,False,,,
C_exit,20,30,J3CA,PASS,False,,,
C_exit,21,30,J3CA,PASS,False,,,
C_exit,22,30,J3CA,PASS,False,,,
C_exit,23,30,J3CA,PASS,False,,,
C_exit,24,30,J3CA,PASS,False,,,
C_exit,25,30,J3CA,PASS,False,,,
C_exit,26,30,J3CA,PASS,False,,,
C_exit,27,30,J3CA,PASS,False,,,
C_exit,28,30,J3CA,PASS,False,,,
C_exit,29,30,J3CA,PASS,False,,,
C_exit,30,30,J3CA,PASS,False,,,
C_exit,31,30,J3CA,PASS,False,,,
C_exit,32,30,J3CA,PASS,False,,,
C_exit,33,30,J3CA,PASS,False,,,
C_exit,34,30,J3CA,PASS,False,,,
C_exit,35,30,J3CA,PASS,False,,,
C_exit,36,30,J3CA,PASS,False,,,
C_exit,37,30,J3CA,PASS,False,,,
C_exit,38,30,J3CA,PASS,False,,,
C_exit,39,30,J3CA,PASS,False,,,
C_exit,40,30,J3CA,PASS,False,,,
C_exit,41,30,J3CA,PASS,False,,,
C_exit,42,30,J3CA,PASS,False,,,
C_exit,43,30,J3CA,PASS,False,,,
C_exit,44,30,J3CA,PASS,False,,,
C_exit,45,30,J3CA,PASS,False,,,
C_exit,46,30,J3CA,PASS,False,,,
C_exit,47,30,J3CA,PASS,False,,,
C_exit,48,30,J3CA,PASS,False,,,
C_exit,49,30,J3CA,PASS,False,,,
C_exit,0,31,J3J1B,PASS,False,,,
C_exit,1,31,J3J1B,PASS,False,,,
C_exit,2,31,J3J1B,PASS,False,,,
C_exit,3,31,J3J1B,PASS,False,,,
C_exit,4,31,J3J1B,PASS,False,,,
C_exit,5,31,J3J1B,PASS,False,,,
C_exit,6,31,J3J1B,PASS,False,,,
C_exit,7,31,J3J1B,PASS,False,,,
C_exit,8,31,J3J1B,PASS,False,,,
C_exit,9,31,J3J1B,PASS,False,,,
C_exit,10,31,J3J1B,PASS,False,,,
C_exit,11,31,J3J1B,PASS,False,,,
C_exit,12,31,J3J1B,PASS,False,,,
C_exit,13,31,J3J1B,PASS,False,,,
C_exit,14,31,J3J1B,PASS,False,,,
C_exit,15,31,J3J1B,PASS,False,,,
C_exit,16,31,J3J1B,PASS,False,,,
C_exit,17,31,J3J1B,PASS,False,,,
C_exit,18,31,J3J1B,PASS,False,,,
C_exit,19,31,J3J1B,PASS,False,,,
C_exit,20,31,J3J1B,PASS,False,,,
C_exit,21,31,J3J1B,PASS,False,,,
C_exit,22,31,J3J1B,PASS,False,,,
C_exit,23,31,J3J1B,PASS,False,,,
C_exit,24,31,J3J1B,PASS,False,,,
C_exit,25,31,J3J1B,PASS,False,,,
C_exit,26,31,J3J1B,PASS,False,,,
C_exit,27,31,J3J1B,PASS,False,,,
C_exit,28,31,J3J1B,PASS,False,,,
C_exit,29,31,J3J1B,PASS,False,,,
C_exit,30,31,J3J1B,PASS,False,,,
C_exit,31,31,J3J1B,PASS,False,,,
C_exit,32,31,J3J1B,PASS,False,,,
C_exit,33,31,J3J1B,PASS,False,,,
C_exit,34,31,J3J1B,PASS,False,,,
C_exit,35,31,J3J1B,PASS,False,,,
C_exit,36,31,J3J1B,PASS,False,,,
C_exit,37,31,J3J1B,PASS,False,,,
C_exit,38,31,J3J1B,PASS,False,,,
C_exit,39,31,J3J1B,PASS,False,,,
C_exit,40,31,J3J1B,PASS,False,,,
C_exit,41,31,J3J1B,PASS,False,,,
C_exit,42,31,J3J1B,PASS,False,,,
C_exit,43,31,J3J1B,PASS,False,,,
C_exit,44,31,J3J1B,PASS,False,,,
C_exit,45,31,J3J1B,PASS,False,,,
C_exit,46,31,J3J1B,PASS,False,,,
C_exit,47,31,J3J1B,PASS,False,,,
C_exit,48,31,J3J1B,PASS,False,,,
C_exit,49,31,J3J1B,PASS,False,,,
C_exit,0,32,J3J1A,PASS,False,,,
C_exit,1,32,J3J1A,PASS,False,,,
C_exit,2,32,J3J1A,PASS,False,,,
C_exit,3,32,J3J1A,PASS,False,,,
C_exit,4,32,J3J1A,PASS,False,,,
C_exit,5,32,J3J1A,PASS,False,,,
C_exit,6,32,J3J1A,PASS,False,,,
C_exit,7,32,J3J1A,PASS,False,,,
C_exit,8,32,J3J1A,PASS,False,,,
C_exit,9,32,J3J1A,PASS,False,,,
C_exit,10,32,J3J1A,PASS,False,,,
C_exit,11,32,J3J1A,PASS,False,,,
C_exit,12,32,J3J1A,PASS,False,,,
C_exit,13,32,J3J1A,PASS,False,,,
C_exit,14,32,J3J1A,PASS,False,,,
C_exit,15,32,J3J1A,PASS,False,,,
C_exit,16,32,J3J1A,PASS,False,,,
C_exit,17,32,J3J1A,PASS,False,,,
C_exit,18,32,J3J1A,PASS,False,,,
C_exit,19,32,J3J1A,PASS,False,,,
C_exit,20,32,J3J1A,PASS,False,,,
C_exit,21,32,J3J1A,PASS,False,,,
C_exit,22,32,J3J1A,PASS,False,,,
C_exit,23,32,J3J1A,PASS,False,,,
C_exit,24,32,J3J1A,PASS,False,,,
C_exit,25,32,J3J1A,PASS,False,,,
C_exit,26,32,J3J1A,PASS,False,,,
C_exit,27,32,J3J1A,PASS,False,,,
C_exit,28,32,J3J1A,PASS,False,,,
C_exit,29,32,J3J1A,PASS,False,,,
C_exit,30,32,J3J1A,PASS,False,,,
C_exit,31,32,J3J1A,PASS,False,,,
C_exit,32,32,J3J1A,PASS,False,,,
C_exit,33,32,J3J1A,PASS,False,,,
C_exit,34,32,J3J1A,PASS,False,,,
C_exit,35,32,J3J1A,PASS,False,,,
C_exit,36,32,J3J1A,PASS,False,,,
C_exit,37,32,J3J1A,PASS,False,,,
C_exit,38,32,J3J1A,PASS,False,,,
C_exit,39,32,J3J1A,PASS,False,,,
C_exit,40,32,J3J1A,PASS,False,,,
C_exit,41,32,J3J1A,PASS,False,,,
C_exit,42,32,J3J1A,PASS,False,,,
C_exit,43,32,J3J1A,PASS,False,,,
C_exit,44,32,J3J1A,PASS,False,,,
C_exit,45,32,J3J1A,PASS,False,,,
C_exit,46,32,J3J1A,PASS,False,,,
C_exit,47,32,J3J1A,PASS,False,,,
C_exit,48,32,J3J1A,PASS,False,,,
C_exit,49,32,J3J1A,PASS,False,,,
C_exit,0,33,J3J3B,PASS,False,,,
C_exit,1,33,J3J3B,PASS,False,,,
C_exit,2,33,J3J3B,PASS,False,,,
C_exit,3,33,J3J3B,PASS,False,,,
C_exit,4,33,J3J3B,PASS,False,,,
C_exit,5,33,J3J3B,PASS,False,,,
C_exit,6,33,J3J3B,PASS,False,,,
C_exit,7,33,J3J3B,PASS,False,,,
C_exit,8,33,J3J3B,PASS,False,,,
C_exit,9,33,J3J3B,PASS,False,,,
C_exit,10,33,J3J3B,PASS,False,,,
C_exit,11,33,J3J3B,PASS,False,,,
C_exit,12,33,J3J3B,PASS,False,,,
C_exit,13,33,J3J3B,PASS,False,,,
C_exit,14,33,J3J3B,PASS,False,,,
C_exit,15,33,J3J3B,PASS,False,,,
C_exit,16,33,J3J3B,PASS,False,,,
C_exit,17,33,J3J3B,PASS,False,,,
C_exit,18,33,J3J3B,PASS,False,,,
C_exit,19,33,J3J3B,PASS,False,,,
C_exit,20,33,J3J3B,PASS,False,,,
C_exit,21,33,J3J3B,PASS,False,,,
C_exit,22,33,J3J3B,PASS,False,,,
C_exit,23,33,J3J3B,PASS,False,,,
C_exit,24,33,J3J3B,PASS,False,,,
C_exit,25,33,J3J3B,PASS,False,,,
C_exit,26,33,J3J3B,PASS,False,,,
C_exit,27,33,J3J3B,PASS,False,,,
C_exit,28,33,J3J3B,PASS,False,,,
C_exit,29,33,J3J3B,PASS,False,,,
C_exit,30,33,J3J3B,PASS,False,,,
C_exit,31,33,J3J3B,PASS,False,,,
C_exit,32,33,J3J3B,PASS,False,,,
C_exit,33,33,J3J3B,PASS,False,,,
C_exit,34,33,J3J3B,PASS,False,,,
C_exit,35,33,J3J3B,PASS,False,,,
C_exit,36,33,J3J3B,PASS,False,,,
C_exit,37,33,J3J3B,PASS,False,,,
C_exit,38,33,J3J3B,PASS,False,,,
C_exit,39,33,J3J3B,PASS,False,,,
C_exit,40,33,J3J3B,PASS,False,,,
C_exit,41,33,J3J3B,PASS,False,,,
C_exit,42,33,J3J3B,PASS,False,,,
C_exit,43,33,J3J3B,PASS,False,,,
C_exit,44,33,J3J3B,PASS,False,,,
C_exit,45,33,J3J3B,PASS,False,,,
C_exit,46,33,J3J3B,PASS,False,,,
C_exit,47,33,J3J3B,PASS,False,,,
C_exit,48,33,J3J3B,PASS,False,,,
C_exit,49,33,J3J3B,PASS,False,,,
C_exit,0,34,J3J3A,PASS,False,,,
C_exit,1,34,J3J3A,PASS,False,,,
C_exit,2,34,J3J3A,PASS,False,,,
C_exit,3,34,J3J3A,PASS,False,,,
C_exit,4,34,J3J3A,PASS,False,,,
C_exit,5,34,J3J3A,PASS,False,,,
C_exit,6,34,J3J3A,PASS,False,,,
C_exit,7,34,J3J3A,PASS,False,,,
C_exit,8,34,J3J3A,PASS,False,,,
C_exit,9,34,J3J3A,PASS,False,,,
C_exit,10,34,J3J3A,PASS,False,,,
C_exit,11,34,J3J3A,PASS,False,,,
C_exit,12,34,J3J3A,PASS,False,,,
C_exit,13,34,J3J3A,PASS,False,,,
C_exit,14,34,J3J3A,PASS,False,,,
C_exit,15,34,J3J3A,PASS,False,,,
C_exit,16,34,J3J3A,PASS,False,,,
C_exit,17,34,J3J3A,PASS,False,,,
C_exit,18,34,J3J3A,PASS,False,,,
C_exit,19,34,J3J3A,PASS,False,,,
C_exit,20,34,J3J3A,PASS,False,,,
C_exit,21,34,J3J3A,PASS,False,,,
C_exit,22,34,J3J3A,PASS,False,,,
C_exit,23,34,J3J3A,PASS,False,,,
C_exit,24,34,J3J3A,PASS,False,,,
C_exit,25,34,J3J3A,PASS,False,,,
C_exit,26,34,J3J3A,PASS,False,,,
C_exit,27,34,J3J3A,PASS,False,,,
C_exit,28,34,J3J3A,PASS,False,,,
C_exit,29,34,J3J3A,PASS,False,,,
C_exit,30,34,J3J3A,PASS,False,,,
C_exit,31,34,J3J3A,PASS,False,,,
C_exit,32,34,J3J3A,PASS,False,,,
C_exit,33,34,J3J3A,PASS,False,,,
C_exit,34,34,J3J3A,PASS,False,,,
C_exit,35,34,J3J3A,PASS,False,,,
C_exit,36,34,J3J3A,PASS,False,,,
C_exit,37,34,J3J3A,PASS,False,,,
C_exit,38,34,J3J3A,PASS,False,,,
C_exit,39,34,J3J3A,PASS,False,,,
C_exit,40,34,J3J3A,PASS,False,,,
C_exit,41,34,J3J3A,PASS,False,,,
C_exit,42,34,J3J3A,PASS,False,,,
C_exit,43,34,J3J3A,PASS,False,,,
C_exit,44,34,J3J3A,PASS,False,,,
C_exit,45,34,J3J3A,PASS,False,,,
C_exit,46,34,J3J3A,PASS,False,,,
C_exit,47,34,J3J3A,PASS,False,,,
C_exit,48,34,J3J3A,PASS,False,,,
C_exit,49,34,J3J3A,PASS,False,,,
B_route_08,0,0,ACB,PASS,False,,,
B_route_08,1,0,ACB,PASS,False,,,
B_route_08,2,0,ACB,PASS,False,,,
B_route_08,3,0,ACB,PASS,False,,,
B_route_08,4,0,ACB,PASS,False,,,
B_route_08,5,0,ACB,PASS,False,,,
B_route_08,6,0,ACB,PASS,False,,,
B_route_08,7,0,ACB,PASS,False,,,
B_route_08,8,0,ACB,PASS,False,,,
B_route_08,9,0,ACB,PASS,False,,,
B_route_08,10,0,ACB,PASS,False,,,
B_route_08,11,0,ACB,PASS,False,,,
B_route_08,12,0,ACB,PASS,False,,,
B_route_08,13,0,ACB,PASS,False,,,
B_route_08,14,0,ACB,PASS,False,,,
B_route_08,15,0,ACB,PASS,False,,,
B_route_08,16,0,ACB,PASS,False,,,
B_route_08,17,0,ACB,PASS,False,,,
B_route_08,18,0,ACB,PASS,False,,,
B_route_08,19,0,ACB,PASS,False,,,
B_route_08,20,0,ACB,PASS,False,,,
B_route_08,21,0,ACB,PASS,False,,,
B_route_08,22,0,ACB,PASS,False,,,
B_route_08,23,0,ACB,PASS,False,,,
B_route_08,24,0,ACB,PASS,False,,,
B_route_08,25,0,ACB,PASS,False,,,
B_route_08,26,0,ACB,PASS,False,,,
B_route_08,27,0,ACB,PASS,False,,,
B_route_08,28,0,ACB,PASS,False,,,
B_route_08,29,0,ACB,PASS,False,,,
B_route_08,30,0,ACB,PASS,False,,,
B_route_08,31,0,ACB,PASS,False,,,
B_route_08,32,0,ACB,PASS,False,,,
B_route_08,33,0,ACB,PASS,False,,,
B_route_08,34,0,ACB,PASS,False,,,
B_route_08,35,0,ACB,PASS,False,,,
B_route_08,36,0,ACB,PASS,False,,,
B_route_08,37,0,ACB,PASS,False,,,
B_route_08,38,0,ACB,PASS,False,,,
B_route_08,39,0,ACB,PASS,False,,,
B_route_08,40,0,ACB,PASS,False,,,
B_route_08,41,0,ACB,PASS,False,,,
B_route_08,42,0,ACB,PASS,False,,,
B_route_08,43,0,ACB,PASS,False,,,
B_route_08,44,0,ACB,PASS,False,,,
B_route_08,45,0,ACB,PASS,False,,,
B_route_08,46,0,ACB,PASS,False,,,
B_route_08,47,0,ACB,PASS,False,,,
B_route_08,48,0,ACB,PASS,False,,,
B_route_08,49,0,ACB,PASS,False,,,
B_route_08,0,1,ACJ1,PASS,False,,,
B_route_08,1,1,ACJ1,PASS,False,,,
B_route_08,2,1,ACJ1,PASS,False,,,
B_route_08,3,1,ACJ1,PASS,False,,,
B_route_08,4,1,ACJ1,PASS,False,,,
B_route_08,5,1,ACJ1,PASS,False,,,
B_route_08,6,1,ACJ1,PASS,False,,,
B_route_08,7,1,ACJ1,PASS,False,,,
B_route_08,8,1,ACJ1,PASS,False,,,
B_route_08,9,1,ACJ1,PASS,False,,,
B_route_08,10,1,ACJ1,PASS,False,,,
B_route_08,11,1,ACJ1,PASS,False,,,
B_route_08,12,1,ACJ1,PASS,False,,,
B_route_08,13,1,ACJ1,PASS,False,,,
B_route_08,14,1,ACJ1,PASS,False,,,
B_route_08,15,1,ACJ1,PASS,False,,,
B_route_08,16,1,ACJ1,PASS,False,,,
B_route_08,17,1,ACJ1,PASS,False,,,
B_route_08,18,1,ACJ1,PASS,False,,,
B_route_08,19,1,ACJ1,PASS,False,,,
B_route_08,20,1,ACJ1,PASS,False,,,
B_route_08,21,1,ACJ1,PASS,False,,,
B_route_08,22,1,ACJ1,PASS,False,,,
B_route_08,23,1,ACJ1,PASS,False,,,
B_route_08,24,1,ACJ1,PASS,False,,,
B_route_08,25,1,ACJ1,PASS,False,,,
B_route_08,26,1,ACJ1,PASS,False,,,
B_route_08,27,1,ACJ1,PASS,False,,,
B_route_08,28,1,ACJ1,PASS,False,,,
B_route_08,29,1,ACJ1,PASS,False,,,
B_route_08,30,1,ACJ1,PASS,False,,,
B_route_08,31,1,ACJ1,PASS,False,,,
B_route_08,32,1,ACJ1,PASS,False,,,
B_route_08,33,1,ACJ1,PASS,False,,,
B_route_08,34,1,ACJ1,PASS,False,,,
B_route_08,35,1,ACJ1,PASS,False,,,
B_route_08,36,1,ACJ1,PASS,False,,,
B_route_08,37,1,ACJ1,PASS,False,,,
B_route_08,38,1,ACJ1,PASS,False,,,
B_route_08,39,1,ACJ1,PASS,False,,,
B_route_08,40,1,ACJ1,PASS,False,,,
B_route_08,41,1,ACJ1,PASS,False,,,
B_route_08,42,1,ACJ1,PASS,False,,,
B_route_08,43,1,ACJ1,PASS,False,,,
B_route_08,44,1,ACJ1,PASS,False,,,
B_route_08,45,1,ACJ1,PASS,False,,,
B_route_08,46,1,ACJ1,PASS,False,,,
B_route_08,47,1,ACJ1,PASS,False,,,
B_route_08,48,1,ACJ1,PASS,False,,,
B_route_08,49,1,ACJ1,PASS,False,,,
B_route_08,0,2,ACJ2,PASS,False,,,
B_route_08,1,2,ACJ2,PASS,False,,,
B_route_08,2,2,ACJ2,PASS,False,,,
B_route_08,3,2,ACJ2,PASS,False,,,
B_route_08,4,2,ACJ2,PASS,False,,,
B_route_08,5,2,ACJ2,PASS,False,,,
B_route_08,6,2,ACJ2,PASS,False,,,
B_route_08,7,2,ACJ2,PASS,False,,,
B_route_08,8,2,ACJ2,PASS,False,,,
B_route_08,9,2,ACJ2,PASS,False,,,
B_route_08,10,2,ACJ2,PASS,False,,,
B_route_08,11,2,ACJ2,PASS,False,,,
B_route_08,12,2,ACJ2,PASS,False,,,
B_route_08,13,2,ACJ2,PASS,False,,,
B_route_08,14,2,ACJ2,PASS,False,,,
B_route_08,15,2,ACJ2,PASS,False,,,
B_route_08,16,2,ACJ2,PASS,False,,,
B_route_08,17,2,ACJ2,PASS,False,,,
B_route_08,18,2,ACJ2,PASS,False,,,
B_route_08,19,2,ACJ2,PASS,False,,,
B_route_08,20,2,ACJ2,PASS,False,,,
B_route_08,21,2,ACJ2,PASS,False,,,
B_route_08,22,2,ACJ2,PASS,False,,,
B_route_08,23,2,ACJ2,PASS,False,,,
B_route_08,24,2,ACJ2,PASS,False,,,
B_route_08,25,2,ACJ2,PASS,False,,,
B_route_08,26,2,ACJ2,PASS,False,,,
B_route_08,27,2,ACJ2,PASS,False,,,
B_route_08,28,2,ACJ2,PASS,False,,,
B_route_08,29,2,ACJ2,PASS,False,,,
B_route_08,30,2,ACJ2,PASS,False,,,
B_route_08,31,2,ACJ2,PASS,False,,,
B_route_08,32,2,ACJ2,PASS,False,,,
B_route_08,33,2,ACJ2,PASS,False,,,
B_route_08,34,2,ACJ2,PASS,False,,,
B_route_08,35,2,ACJ2,PASS,False,,,
B_route_08,36,2,ACJ2,PASS,False,,,
B_route_08,37,2,ACJ2,PASS,False,,,
B_route_08,38,2,ACJ2,PASS,False,,,
B_route_08,39,2,ACJ2,PASS,False,,,
B_route_08,40,2,ACJ2,PASS,False,,,
B_route_08,41,2,ACJ2,PASS,False,,,
B_route_08,42,2,ACJ2,PASS,False,,,
B_route_08,43,2,ACJ2,PASS,False,,,
B_route_08,44,2,ACJ2,PASS,False,,,
B_route_08,45,2,ACJ2,PASS,False,,,
B_route_08,46,2,ACJ2,PASS,False,,,
B_route_08,47,2,ACJ2,PASS,False,,,
B_route_08,48,2,ACJ2,PASS,False,,,
B_route_08,49,2,ACJ2,PASS,False,,,
B_route_08,0,3,ACA,PASS,False,,,
B_route_08,1,3,ACA,PASS,False,,,
B_route_08,2,3,ACA,PASS,False,,,
B_route_08,3,3,ACA,PASS,False,,,
B_route_08,4,3,ACA,PASS,False,,,
B_route_08,5,3,ACA,PASS,False,,,
B_route_08,6,3,ACA,PASS,False,,,
B_route_08,7,3,ACA,PASS,False,,,
B_route_08,8,3,ACA,PASS,False,,,
B_route_08,9,3,ACA,PASS,False,,,
B_route_08,10,3,ACA,PASS,False,,,
B_route_08,11,3,ACA,PASS,False,,,
B_route_08,12,3,ACA,PASS,False,,,
B_route_08,13,3,ACA,PASS,False,,,
B_route_08,14,3,ACA,PASS,False,,,
B_route_08,15,3,ACA,PASS,False,,,
B_route_08,16,3,ACA,PASS,False,,,
B_route_08,17,3,ACA,PASS,False,,,
B_route_08,18,3,ACA,PASS,False,,,
B_route_08,19,3,ACA,PASS,False,,,
B_route_08,20,3,ACA,PASS,False,,,
B_route_08,21,3,ACA,PASS,False,,,
B_route_08,22,3,ACA,PASS,False,,,
B_route_08,23,3,ACA,PASS,False,,,
B_route_08,24,3,ACA,PASS,False,,,
B_route_08,25,3,ACA,PASS,False,,,
B_route_08,26,3,ACA,PASS,False,,,
B_route_08,27,3,ACA,PASS,False,,,
B_route_08,28,3,ACA,PASS,False,,,
B_route_08,29,3,ACA,PASS,False,,,
B_route_08,30,3,ACA,PASS,False,,,
B_route_08,31,3,ACA,PASS,False,,,
B_route_08,32,3,ACA,PASS,False,,,
B_route_08,33,3,ACA,PASS,False,,,
B_route_08,34,3,ACA,PASS,False,,,
B_route_08,35,3,ACA,PASS,False,,,
B_route_08,36,3,ACA,PASS,False,,,
B_route_08,37,3,ACA,PASS,False,,,
B_route_08,38,3,ACA,PASS,False,,,
B_route_08,39,3,ACA,PASS,False,,,
B_route_08,40,3,ACA,PASS,False,,,
B_route_08,41,3,ACA,PASS,False,,,
B_route_08,42,3,ACA,PASS,False,,,
B_route_08,43,3,ACA,PASS,False,,,
B_route_08,44,3,ACA,PASS,False,,,
B_route_08,45,3,ACA,PASS,False,,,
B_route_08,46,3,ACA,PASS,False,,,
B_route_08,47,3,ACA,PASS,False,,,
B_route_08,48,3,ACA,PASS,False,,,
B_route_08,49,3,ACA,PASS,False,,,
B_route_08,0,4,AJ1B,PASS,False,,,
B_route_08,1,4,AJ1B,PASS,False,,,
B_route_08,2,4,AJ1B,PASS,False,,,
B_route_08,3,4,AJ1B,PASS,False,,,
B_route_08,4,4,AJ1B,PASS,False,,,
B_route_08,5,4,AJ1B,PASS,False,,,
B_route_08,6,4,AJ1B,PASS,False,,,
B_route_08,7,4,AJ1B,PASS,False,,,
B_route_08,8,4,AJ1B,PASS,False,,,
B_route_08,9,4,AJ1B,PASS,False,,,
B_route_08,10,4,AJ1B,PASS,False,,,
B_route_08,11,4,AJ1B,PASS,False,,,
B_route_08,12,4,AJ1B,PASS,False,,,
B_route_08,13,4,AJ1B,PASS,False,,,
B_route_08,14,4,AJ1B,PASS,False,,,
B_route_08,15,4,AJ1B,PASS,False,,,
B_route_08,16,4,AJ1B,PASS,False,,,
B_route_08,17,4,AJ1B,PASS,False,,,
B_route_08,18,4,AJ1B,PASS,False,,,
B_route_08,19,4,AJ1B,PASS,False,,,
B_route_08,20,4,AJ1B,PASS,False,,,
B_route_08,21,4,AJ1B,PASS,False,,,
B_route_08,22,4,AJ1B,PASS,False,,,
B_route_08,23,4,AJ1B,PASS,False,,,
B_route_08,24,4,AJ1B,PASS,False,,,
B_route_08,25,4,AJ1B,PASS,False,,,
B_route_08,26,4,AJ1B,PASS,False,,,
B_route_08,27,4,AJ1B,PASS,False,,,
B_route_08,28,4,AJ1B,PASS,False,,,
B_route_08,29,4,AJ1B,PASS,False,,,
B_route_08,30,4,AJ1B,PASS,False,,,
B_route_08,31,4,AJ1B,PASS,False,,,
B_route_08,32,4,AJ1B,PASS,False,,,
B_route_08,33,4,AJ1B,PASS,False,,,
B_route_08,34,4,AJ1B,PASS,False,,,
B_route_08,35,4,AJ1B,PASS,False,,,
B_route_08,36,4,AJ1B,PASS,False,,,
B_route_08,37,4,AJ1B,PASS,False,,,
B_route_08,38,4,AJ1B,PASS,False,,,
B_route_08,39,4,AJ1B,PASS,False,,,
B_route_08,40,4,AJ1B,PASS,False,,,
B_route_08,41,4,AJ1B,PASS,False,,,
B_route_08,42,4,AJ1B,PASS,False,,,
B_route_08,43,4,AJ1B,PASS,False,,,
B_route_08,44,4,AJ1B,PASS,False,,,
B_route_08,45,4,AJ1B,PASS,False,,,
B_route_08,46,4,AJ1B,PASS,False,,,
B_route_08,47,4,AJ1B,PASS,False,,,
B_route_08,48,4,AJ1B,PASS,False,,,
B_route_08,49,4,AJ1B,PASS,False,,,
B_route_08,0,5,AJ1J1,PASS,False,,,
B_route_08,1,5,AJ1J1,PASS,False,,,
B_route_08,2,5,AJ1J1,PASS,False,,,
B_route_08,3,5,AJ1J1,PASS,False,,,
B_route_08,4,5,AJ1J1,PASS,False,,,
B_route_08,5,5,AJ1J1,PASS,False,,,
B_route_08,6,5,AJ1J1,PASS,False,,,
B_route_08,7,5,AJ1J1,PASS,False,,,
B_route_08,8,5,AJ1J1,PASS,False,,,
B_route_08,9,5,AJ1J1,PASS,False,,,
B_route_08,10,5,AJ1J1,PASS,False,,,
B_route_08,11,5,AJ1J1,PASS,False,,,
B_route_08,12,5,AJ1J1,PASS,False,,,
B_route_08,13,5,AJ1J1,PASS,False,,,
B_route_08,14,5,AJ1J1,PASS,False,,,
B_route_08,15,5,AJ1J1,PASS,False,,,
B_route_08,16,5,AJ1J1,PASS,False,,,
B_route_08,17,5,AJ1J1,PASS,False,,,
B_route_08,18,5,AJ1J1,PASS,False,,,
B_route_08,19,5,AJ1J1,PASS,False,,,
B_route_08,20,5,AJ1J1,PASS,False,,,
B_route_08,21,5,AJ1J1,PASS,False,,,
B_route_08,22,5,AJ1J1,PASS,False,,,
B_route_08,23,5,AJ1J1,PASS,False,,,
B_route_08,24,5,AJ1J1,PASS,False,,,
B_route_08,25,5,AJ1J1,PASS,False,,,
B_route_08,26,5,AJ1J1,PASS,False,,,
B_route_08,27,5,AJ1J1,PASS,False,,,
B_route_08,28,5,AJ1J1,PASS,False,,,
B_route_08,29,5,AJ1J1,PASS,False,,,
B_route_08,30,5,AJ1J1,PASS,False,,,
B_route_08,31,5,AJ1J1,PASS,False,,,
B_route_08,32,5,AJ1J1,PASS,False,,,
B_route_08,33,5,AJ1J1,PASS,False,,,
B_route_08,34,5,AJ1J1,PASS,False,,,
B_route_08,35,5,AJ1J1,PASS,False,,,
B_route_08,36,5,AJ1J1,PASS,False,,,
B_route_08,37,5,AJ1J1,PASS,False,,,
B_route_08,38,5,AJ1J1,PASS,False,,,
B_route_08,39,5,AJ1J1,PASS,False,,,
B_route_08,40,5,AJ1J1,PASS,False,,,
B_route_08,41,5,AJ1J1,PASS,False,,,
B_route_08,42,5,AJ1J1,PASS,False,,,
B_route_08,43,5,AJ1J1,PASS,False,,,
B_route_08,44,5,AJ1J1,PASS,False,,,
B_route_08,45,5,AJ1J1,PASS,False,,,
B_route_08,46,5,AJ1J1,PASS,False,,,
B_route_08,47,5,AJ1J1,PASS,False,,,
B_route_08,48,5,AJ1J1,PASS,False,,,
B_route_08,49,5,AJ1J1,PASS,False,,,
B_route_08,0,6,AJ1J2,PASS,False,,,
B_route_08,1,6,AJ1J2,PASS,False,,,
B_route_08,2,6,AJ1J2,PASS,False,,,
B_route_08,3,6,AJ1J2,PASS,False,,,
B_route_08,4,6,AJ1J2,PASS,False,,,
B_route_08,5,6,AJ1J2,PASS,False,,,
B_route_08,6,6,AJ1J2,PASS,False,,,
B_route_08,7,6,AJ1J2,PASS,False,,,
B_route_08,8,6,AJ1J2,PASS,False,,,
B_route_08,9,6,AJ1J2,PASS,False,,,
B_route_08,10,6,AJ1J2,PASS,False,,,
B_route_08,11,6,AJ1J2,PASS,False,,,
B_route_08,12,6,AJ1J2,PASS,False,,,
B_route_08,13,6,AJ1J2,PASS,False,,,
B_route_08,14,6,AJ1J2,PASS,False,,,
B_route_08,15,6,AJ1J2,PASS,False,,,
B_route_08,16,6,AJ1J2,PASS,False,,,
B_route_08,17,6,AJ1J2,PASS,False,,,
B_route_08,18,6,AJ1J2,PASS,False,,,
B_route_08,19,6,AJ1J2,PASS,False,,,
B_route_08,20,6,AJ1J2,PASS,False,,,
B_route_08,21,6,AJ1J2,PASS,False,,,
B_route_08,22,6,AJ1J2,PASS,False,,,
B_route_08,23,6,AJ1J2,PASS,False,,,
B_route_08,24,6,AJ1J2,PASS,False,,,
B_route_08,25,6,AJ1J2,PASS,False,,,
B_route_08,26,6,AJ1J2,PASS,False,,,
B_route_08,27,6,AJ1J2,PASS,False,,,
B_route_08,28,6,AJ1J2,PASS,False,,,
B_route_08,29,6,AJ1J2,PASS,False,,,
B_route_08,30,6,AJ1J2,PASS,False,,,
B_route_08,31,6,AJ1J2,PASS,False,,,
B_route_08,32,6,AJ1J2,PASS,False,,,
B_route_08,33,6,AJ1J2,PASS,False,,,
B_route_08,34,6,AJ1J2,PASS,False,,,
B_route_08,35,6,AJ1J2,PASS,False,,,
B_route_08,36,6,AJ1J2,PASS,False,,,
B_route_08,37,6,AJ1J2,PASS,False,,,
B_route_08,38,6,AJ1J2,PASS,False,,,
B_route_08,39,6,AJ1J2,PASS,False,,,
B_route_08,40,6,AJ1J2,PASS,False,,,
B_route_08,41,6,AJ1J2,PASS,False,,,
B_route_08,42,6,AJ1J2,PASS,False,,,
B_route_08,43,6,AJ1J2,PASS,False,,,
B_route_08,44,6,AJ1J2,PASS,False,,,
B_route_08,45,6,AJ1J2,PASS,False,,,
B_route_08,46,6,AJ1J2,PASS,False,,,
B_route_08,47,6,AJ1J2,PASS,False,,,
B_route_08,48,6,AJ1J2,PASS,False,,,
B_route_08,49,6,AJ1J2,PASS,False,,,
B_route_08,0,7,AJ1A,PASS,False,,,
B_route_08,1,7,AJ1A,PASS,False,,,
B_route_08,2,7,AJ1A,PASS,False,,,
B_route_08,3,7,AJ1A,PASS,False,,,
B_route_08,4,7,AJ1A,PASS,False,,,
B_route_08,5,7,AJ1A,PASS,False,,,
B_route_08,6,7,AJ1A,PASS,False,,,
B_route_08,7,7,AJ1A,PASS,False,,,
B_route_08,8,7,AJ1A,PASS,False,,,
B_route_08,9,7,AJ1A,PASS,False,,,
B_route_08,10,7,AJ1A,PASS,False,,,
B_route_08,11,7,AJ1A,PASS,False,,,
B_route_08,12,7,AJ1A,PASS,False,,,
B_route_08,13,7,AJ1A,PASS,False,,,
B_route_08,14,7,AJ1A,PASS,False,,,
B_route_08,15,7,AJ1A,PASS,False,,,
B_route_08,16,7,AJ1A,PASS,False,,,
B_route_08,17,7,AJ1A,PASS,False,,,
B_route_08,18,7,AJ1A,PASS,False,,,
B_route_08,19,7,AJ1A,PASS,False,,,
B_route_08,20,7,AJ1A,PASS,False,,,
B_route_08,21,7,AJ1A,PASS,False,,,
B_route_08,22,7,AJ1A,PASS,False,,,
B_route_08,23,7,AJ1A,PASS,False,,,
B_route_08,24,7,AJ1A,PASS,False,,,
B_route_08,25,7,AJ1A,PASS,False,,,
B_route_08,26,7,AJ1A,PASS,False,,,
B_route_08,27,7,AJ1A,PASS,False,,,
B_route_08,28,7,AJ1A,PASS,False,,,
B_route_08,29,7,AJ1A,PASS,False,,,
B_route_08,30,7,AJ1A,PASS,False,,,
B_route_08,31,7,AJ1A,PASS,False,,,
B_route_08,32,7,AJ1A,PASS,False,,,
B_route_08,33,7,AJ1A,PASS,False,,,
B_route_08,34,7,AJ1A,PASS,False,,,
B_route_08,35,7,AJ1A,PASS,False,,,
B_route_08,36,7,AJ1A,PASS,False,,,
B_route_08,37,7,AJ1A,PASS,False,,,
B_route_08,38,7,AJ1A,PASS,False,,,
B_route_08,39,7,AJ1A,PASS,False,,,
B_route_08,40,7,AJ1A,PASS,False,,,
B_route_08,41,7,AJ1A,PASS,False,,,
B_route_08,42,7,AJ1A,PASS,False,,,
B_route_08,43,7,AJ1A,PASS,False,,,
B_route_08,44,7,AJ1A,PASS,False,,,
B_route_08,45,7,AJ1A,PASS,False,,,
B_route_08,46,7,AJ1A,PASS,False,,,
B_route_08,47,7,AJ1A,PASS,False,,,
B_route_08,48,7,AJ1A,PASS,False,,,
B_route_08,49,7,AJ1A,PASS,False,,,
B_route_08,0,8,AJ3B,PASS,False,,,
B_route_08,1,8,AJ3B,PASS,False,,,
B_route_08,2,8,AJ3B,PASS,False,,,
B_route_08,3,8,AJ3B,PASS,False,,,
B_route_08,4,8,AJ3B,PASS,False,,,
B_route_08,5,8,AJ3B,PASS,False,,,
B_route_08,6,8,AJ3B,PASS,False,,,
B_route_08,7,8,AJ3B,PASS,False,,,
B_route_08,8,8,AJ3B,PASS,False,,,
B_route_08,9,8,AJ3B,PASS,False,,,
B_route_08,10,8,AJ3B,PASS,False,,,
B_route_08,11,8,AJ3B,PASS,False,,,
B_route_08,12,8,AJ3B,PASS,False,,,
B_route_08,13,8,AJ3B,PASS,False,,,
B_route_08,14,8,AJ3B,PASS,False,,,
B_route_08,15,8,AJ3B,PASS,False,,,
B_route_08,16,8,AJ3B,PASS,False,,,
B_route_08,17,8,AJ3B,PASS,False,,,
B_route_08,18,8,AJ3B,PASS,False,,,
B_route_08,19,8,AJ3B,PASS,False,,,
B_route_08,20,8,AJ3B,PASS,False,,,
B_route_08,21,8,AJ3B,PASS,False,,,
B_route_08,22,8,AJ3B,PASS,False,,,
B_route_08,23,8,AJ3B,PASS,False,,,
B_route_08,24,8,AJ3B,PASS,False,,,
B_route_08,25,8,AJ3B,PASS,False,,,
B_route_08,26,8,AJ3B,PASS,False,,,
B_route_08,27,8,AJ3B,PASS,False,,,
B_route_08,28,8,AJ3B,PASS,False,,,
B_route_08,29,8,AJ3B,PASS,False,,,
B_route_08,30,8,AJ3B,PASS,False,,,
B_route_08,31,8,AJ3B,PASS,False,,,
B_route_08,32,8,AJ3B,PASS,False,,,
B_route_08,33,8,AJ3B,PASS,False,,,
B_route_08,34,8,AJ3B,PASS,False,,,
B_route_08,35,8,AJ3B,PASS,False,,,
B_route_08,36,8,AJ3B,PASS,False,,,
B_route_08,37,8,AJ3B,PASS,False,,,
B_route_08,38,8,AJ3B,PASS,False,,,
B_route_08,39,8,AJ3B,PASS,False,,,
B_route_08,40,8,AJ3B,PASS,False,,,
B_route_08,41,8,AJ3B,PASS,False,,,
B_route_08,42,8,AJ3B,PASS,False,,,
B_route_08,43,8,AJ3B,PASS,False,,,
B_route_08,44,8,AJ3B,PASS,False,,,
B_route_08,45,8,AJ3B,PASS,False,,,
B_route_08,46,8,AJ3B,PASS,False,,,
B_route_08,47,8,AJ3B,PASS,False,,,
B_route_08,48,8,AJ3B,PASS,False,,,
B_route_08,49,8,AJ3B,PASS,False,,,
B_route_08,0,9,AJ3J1,PASS,False,,,
B_route_08,1,9,AJ3J1,PASS,False,,,
B_route_08,2,9,AJ3J1,PASS,False,,,
B_route_08,3,9,AJ3J1,PASS,False,,,
B_route_08,4,9,AJ3J1,PASS,False,,,
B_route_08,5,9,AJ3J1,PASS,False,,,
B_route_08,6,9,AJ3J1,PASS,False,,,
B_route_08,7,9,AJ3J1,PASS,False,,,
B_route_08,8,9,AJ3J1,PASS,False,,,
B_route_08,9,9,AJ3J1,PASS,False,,,
B_route_08,10,9,AJ3J1,PASS,False,,,
B_route_08,11,9,AJ3J1,PASS,False,,,
B_route_08,12,9,AJ3J1,PASS,False,,,
B_route_08,13,9,AJ3J1,PASS,False,,,
B_route_08,14,9,AJ3J1,PASS,False,,,
B_route_08,15,9,AJ3J1,PASS,False,,,
B_route_08,16,9,AJ3J1,PASS,False,,,
B_route_08,17,9,AJ3J1,PASS,False,,,
B_route_08,18,9,AJ3J1,PASS,False,,,
B_route_08,19,9,AJ3J1,PASS,False,,,
B_route_08,20,9,AJ3J1,PASS,False,,,
B_route_08,21,9,AJ3J1,PASS,False,,,
B_route_08,22,9,AJ3J1,PASS,False,,,
B_route_08,23,9,AJ3J1,PASS,False,,,
B_route_08,24,9,AJ3J1,PASS,False,,,
B_route_08,25,9,AJ3J1,PASS,False,,,
B_route_08,26,9,AJ3J1,PASS,False,,,
B_route_08,27,9,AJ3J1,PASS,False,,,
B_route_08,28,9,AJ3J1,PASS,False,,,
B_route_08,29,9,AJ3J1,PASS,False,,,
B_route_08,30,9,AJ3J1,PASS,False,,,
B_route_08,31,9,AJ3J1,PASS,False,,,
B_route_08,32,9,AJ3J1,PASS,False,,,
B_route_08,33,9,AJ3J1,PASS,False,,,
B_route_08,34,9,AJ3J1,PASS,False,,,
B_route_08,35,9,AJ3J1,PASS,False,,,
B_route_08,36,9,AJ3J1,PASS,False,,,
B_route_08,37,9,AJ3J1,PASS,False,,,
B_route_08,38,9,AJ3J1,PASS,False,,,
B_route_08,39,9,AJ3J1,PASS,False,,,
B_route_08,40,9,AJ3J1,PASS,False,,,
B_route_08,41,9,AJ3J1,PASS,False,,,
B_route_08,42,9,AJ3J1,PASS,False,,,
B_route_08,43,9,AJ3J1,PASS,False,,,
B_route_08,44,9,AJ3J1,PASS,False,,,
B_route_08,45,9,AJ3J1,PASS,False,,,
B_route_08,46,9,AJ3J1,PASS,False,,,
B_route_08,47,9,AJ3J1,PASS,False,,,
B_route_08,48,9,AJ3J1,PASS,False,,,
B_route_08,49,9,AJ3J1,PASS,False,,,
B_route_08,0,10,AJ3A,PASS,False,,,
B_route_08,1,10,AJ3A,PASS,False,,,
B_route_08,2,10,AJ3A,PASS,False,,,
B_route_08,3,10,AJ3A,PASS,False,,,
B_route_08,4,10,AJ3A,PASS,False,,,
B_route_08,5,10,AJ3A,PASS,False,,,
B_route_08,6,10,AJ3A,PASS,False,,,
B_route_08,7,10,AJ3A,PASS,False,,,
B_route_08,8,10,AJ3A,PASS,False,,,
B_route_08,9,10,AJ3A,PASS,False,,,
B_route_08,10,10,AJ3A,PASS,False,,,
B_route_08,11,10,AJ3A,PASS,False,,,
B_route_08,12,10,AJ3A,PASS,False,,,
B_route_08,13,10,AJ3A,PASS,False,,,
B_route_08,14,10,AJ3A,PASS,False,,,
B_route_08,15,10,AJ3A,PASS,False,,,
B_route_08,16,10,AJ3A,PASS,False,,,
B_route_08,17,10,AJ3A,PASS,False,,,
B_route_08,18,10,AJ3A,PASS,False,,,
B_route_08,19,10,AJ3A,PASS,False,,,
B_route_08,20,10,AJ3A,PASS,False,,,
B_route_08,21,10,AJ3A,PASS,False,,,
B_route_08,22,10,AJ3A,PASS,False,,,
B_route_08,23,10,AJ3A,PASS,False,,,
B_route_08,24,10,AJ3A,PASS,False,,,
B_route_08,25,10,AJ3A,PASS,False,,,
B_route_08,26,10,AJ3A,PASS,False,,,
B_route_08,27,10,AJ3A,PASS,False,,,
B_route_08,28,10,AJ3A,PASS,False,,,
B_route_08,29,10,AJ3A,PASS,False,,,
B_route_08,30,10,AJ3A,PASS,False,,,
B_route_08,31,10,AJ3A,PASS,False,,,
B_route_08,32,10,AJ3A,PASS,False,,,
B_route_08,33,10,AJ3A,PASS,False,,,
B_route_08,34,10,AJ3A,PASS,False,,,
B_route_08,35,10,AJ3A,PASS,False,,,
B_route_08,36,10,AJ3A,PASS,False,,,
B_route_08,37,10,AJ3A,PASS,False,,,
B_route_08,38,10,AJ3A,PASS,False,,,
B_route_08,39,10,AJ3A,PASS,False,,,
B_route_08,40,10,AJ3A,PASS,False,,,
B_route_08,41,10,AJ3A,PASS,False,,,
B_route_08,42,10,AJ3A,PASS,False,,,
B_route_08,43,10,AJ3A,PASS,False,,,
B_route_08,44,10,AJ3A,PASS,False,,,
B_route_08,45,10,AJ3A,PASS,False,,,
B_route_08,46,10,AJ3A,PASS,False,,,
B_route_08,47,10,AJ3A,PASS,False,,,
B_route_08,48,10,AJ3A,PASS,False,,,
B_route_08,49,10,AJ3A,PASS,False,,,
B_route_08,0,11,CCB,PASS,False,,,
B_route_08,1,11,CCB,PASS,False,,,
B_route_08,2,11,CCB,PASS,False,,,
B_route_08,3,11,CCB,PASS,False,,,
B_route_08,4,11,CCB,PASS,False,,,
B_route_08,5,11,CCB,PASS,False,,,
B_route_08,6,11,CCB,PASS,False,,,
B_route_08,7,11,CCB,PASS,False,,,
B_route_08,8,11,CCB,PASS,False,,,
B_route_08,9,11,CCB,PASS,False,,,
B_route_08,10,11,CCB,PASS,False,,,
B_route_08,11,11,CCB,PASS,False,,,
B_route_08,12,11,CCB,PASS,False,,,
B_route_08,13,11,CCB,PASS,False,,,
B_route_08,14,11,CCB,PASS,False,,,
B_route_08,15,11,CCB,PASS,False,,,
B_route_08,16,11,CCB,PASS,False,,,
B_route_08,17,11,CCB,PASS,False,,,
B_route_08,18,11,CCB,PASS,False,,,
B_route_08,19,11,CCB,PASS,False,,,
B_route_08,20,11,CCB,PASS,False,,,
B_route_08,21,11,CCB,PASS,False,,,
B_route_08,22,11,CCB,PASS,False,,,
B_route_08,23,11,CCB,PASS,False,,,
B_route_08,24,11,CCB,PASS,False,,,
B_route_08,25,11,CCB,PASS,False,,,
B_route_08,26,11,CCB,PASS,False,,,
B_route_08,27,11,CCB,PASS,False,,,
B_route_08,28,11,CCB,PASS,False,,,
B_route_08,29,11,CCB,PASS,False,,,
B_route_08,30,11,CCB,PASS,False,,,
B_route_08,31,11,CCB,PASS,False,,,
B_route_08,32,11,CCB,PASS,False,,,
B_route_08,33,11,CCB,PASS,False,,,
B_route_08,34,11,CCB,PASS,False,,,
B_route_08,35,11,CCB,PASS,False,,,
B_route_08,36,11,CCB,PASS,False,,,
B_route_08,37,11,CCB,PASS,False,,,
B_route_08,38,11,CCB,PASS,False,,,
B_route_08,39,11,CCB,PASS,False,,,
B_route_08,40,11,CCB,PASS,False,,,
B_route_08,41,11,CCB,PASS,False,,,
B_route_08,42,11,CCB,PASS,False,,,
B_route_08,43,11,CCB,PASS,False,,,
B_route_08,44,11,CCB,PASS,False,,,
B_route_08,45,11,CCB,PASS,False,,,
B_route_08,46,11,CCB,PASS,False,,,
B_route_08,47,11,CCB,PASS,False,,,
B_route_08,48,11,CCB,PASS,False,,,
B_route_08,49,11,CCB,PASS,False,,,
B_route_08,0,12,CCJ1,PASS,False,,,
B_route_08,1,12,CCJ1,PASS,False,,,
B_route_08,2,12,CCJ1,PASS,False,,,
B_route_08,3,12,CCJ1,PASS,False,,,
B_route_08,4,12,CCJ1,PASS,False,,,
B_route_08,5,12,CCJ1,PASS,False,,,
B_route_08,6,12,CCJ1,PASS,False,,,
B_route_08,7,12,CCJ1,PASS,False,,,
B_route_08,8,12,CCJ1,PASS,False,,,
B_route_08,9,12,CCJ1,PASS,False,,,
B_route_08,10,12,CCJ1,PASS,False,,,
B_route_08,11,12,CCJ1,PASS,False,,,
B_route_08,12,12,CCJ1,PASS,False,,,
B_route_08,13,12,CCJ1,PASS,False,,,
B_route_08,14,12,CCJ1,PASS,False,,,
B_route_08,15,12,CCJ1,PASS,False,,,
B_route_08,16,12,CCJ1,PASS,False,,,
B_route_08,17,12,CCJ1,PASS,False,,,
B_route_08,18,12,CCJ1,PASS,False,,,
B_route_08,19,12,CCJ1,PASS,False,,,
B_route_08,20,12,CCJ1,PASS,False,,,
B_route_08,21,12,CCJ1,PASS,False,,,
B_route_08,22,12,CCJ1,PASS,False,,,
B_route_08,23,12,CCJ1,PASS,False,,,
B_route_08,24,12,CCJ1,PASS,False,,,
B_route_08,25,12,CCJ1,PASS,False,,,
B_route_08,26,12,CCJ1,PASS,False,,,
B_route_08,27,12,CCJ1,PASS,False,,,
B_route_08,28,12,CCJ1,PASS,False,,,
B_route_08,29,12,CCJ1,PASS,False,,,
B_route_08,30,12,CCJ1,PASS,False,,,
B_route_08,31,12,CCJ1,PASS,False,,,
B_route_08,32,12,CCJ1,PASS,False,,,
B_route_08,33,12,CCJ1,PASS,False,,,
B_route_08,34,12,CCJ1,PASS,False,,,
B_route_08,35,12,CCJ1,PASS,False,,,
B_route_08,36,12,CCJ1,PASS,False,,,
B_route_08,37,12,CCJ1,PASS,False,,,
B_route_08,38,12,CCJ1,PASS,False,,,
B_route_08,39,12,CCJ1,PASS,False,,,
B_route_08,40,12,CCJ1,PASS,False,,,
B_route_08,41,12,CCJ1,PASS,False,,,
B_route_08,42,12,CCJ1,PASS,False,,,
B_route_08,43,12,CCJ1,PASS,False,,,
B_route_08,44,12,CCJ1,PASS,False,,,
B_route_08,45,12,CCJ1,PASS,False,,,
B_route_08,46,12,CCJ1,PASS,False,,,
B_route_08,47,12,CCJ1,PASS,False,,,
B_route_08,48,12,CCJ1,PASS,False,,,
B_route_08,49,12,CCJ1,PASS,False,,,
B_route_08,0,13,CCJ2,PASS,False,,,
B_route_08,1,13,CCJ2,PASS,False,,,
B_route_08,2,13,CCJ2,PASS,False,,,
B_route_08,3,13,CCJ2,PASS,False,,,
B_route_08,4,13,CCJ2,PASS,False,,,
B_route_08,5,13,CCJ2,PASS,False,,,
B_route_08,6,13,CCJ2,PASS,False,,,
B_route_08,7,13,CCJ2,PASS,False,,,
B_route_08,8,13,CCJ2,PASS,False,,,
B_route_08,9,13,CCJ2,PASS,False,,,
B_route_08,10,13,CCJ2,PASS,False,,,
B_route_08,11,13,CCJ2,PASS,False,,,
B_route_08,12,13,CCJ2,PASS,False,,,
B_route_08,13,13,CCJ2,PASS,False,,,
B_route_08,14,13,CCJ2,PASS,False,,,
B_route_08,15,13,CCJ2,PASS,False,,,
B_route_08,16,13,CCJ2,PASS,False,,,
B_route_08,17,13,CCJ2,PASS,False,,,
B_route_08,18,13,CCJ2,PASS,False,,,
B_route_08,19,13,CCJ2,PASS,False,,,
B_route_08,20,13,CCJ2,PASS,False,,,
B_route_08,21,13,CCJ2,PASS,False,,,
B_route_08,22,13,CCJ2,PASS,False,,,
B_route_08,23,13,CCJ2,PASS,False,,,
B_route_08,24,13,CCJ2,PASS,False,,,
B_route_08,25,13,CCJ2,PASS,False,,,
B_route_08,26,13,CCJ2,PASS,False,,,
B_route_08,27,13,CCJ2,PASS,False,,,
B_route_08,28,13,CCJ2,PASS,False,,,
B_route_08,29,13,CCJ2,PASS,False,,,
B_route_08,30,13,CCJ2,PASS,False,,,
B_route_08,31,13,CCJ2,PASS,False,,,
B_route_08,32,13,CCJ2,PASS,False,,,
B_route_08,33,13,CCJ2,PASS,False,,,
B_route_08,34,13,CCJ2,PASS,False,,,
B_route_08,35,13,CCJ2,PASS,False,,,
B_route_08,36,13,CCJ2,PASS,False,,,
B_route_08,37,13,CCJ2,PASS,False,,,
B_route_08,38,13,CCJ2,PASS,False,,,
B_route_08,39,13,CCJ2,PASS,False,,,
B_route_08,40,13,CCJ2,PASS,False,,,
B_route_08,41,13,CCJ2,PASS,False,,,
B_route_08,42,13,CCJ2,PASS,False,,,
B_route_08,43,13,CCJ2,PASS,False,,,
B_route_08,44,13,CCJ2,PASS,False,,,
B_route_08,45,13,CCJ2,PASS,False,,,
B_route_08,46,13,CCJ2,PASS,False,,,
B_route_08,47,13,CCJ2,PASS,False,,,
B_route_08,48,13,CCJ2,PASS,False,,,
B_route_08,49,13,CCJ2,PASS,False,,,
B_route_08,0,14,CCA,PASS,False,,,
B_route_08,1,14,CCA,PASS,False,,,
B_route_08,2,14,CCA,PASS,False,,,
B_route_08,3,14,CCA,PASS,False,,,
B_route_08,4,14,CCA,PASS,False,,,
B_route_08,5,14,CCA,PASS,False,,,
B_route_08,6,14,CCA,PASS,False,,,
B_route_08,7,14,CCA,PASS,False,,,
B_route_08,8,14,CCA,PASS,False,,,
B_route_08,9,14,CCA,PASS,False,,,
B_route_08,10,14,CCA,PASS,False,,,
B_route_08,11,14,CCA,PASS,False,,,
B_route_08,12,14,CCA,PASS,False,,,
B_route_08,13,14,CCA,PASS,False,,,
B_route_08,14,14,CCA,PASS,False,,,
B_route_08,15,14,CCA,PASS,False,,,
B_route_08,16,14,CCA,PASS,False,,,
B_route_08,17,14,CCA,PASS,False,,,
B_route_08,18,14,CCA,PASS,False,,,
B_route_08,19,14,CCA,PASS,False,,,
B_route_08,20,14,CCA,PASS,False,,,
B_route_08,21,14,CCA,PASS,False,,,
B_route_08,22,14,CCA,PASS,False,,,
B_route_08,23,14,CCA,PASS,False,,,
B_route_08,24,14,CCA,PASS,False,,,
B_route_08,25,14,CCA,PASS,False,,,
B_route_08,26,14,CCA,PASS,False,,,
B_route_08,27,14,CCA,PASS,False,,,
B_route_08,28,14,CCA,PASS,False,,,
B_route_08,29,14,CCA,PASS,False,,,
B_route_08,30,14,CCA,PASS,False,,,
B_route_08,31,14,CCA,PASS,False,,,
B_route_08,32,14,CCA,PASS,False,,,
B_route_08,33,14,CCA,PASS,False,,,
B_route_08,34,14,CCA,PASS,False,,,
B_route_08,35,14,CCA,PASS,False,,,
B_route_08,36,14,CCA,PASS,False,,,
B_route_08,37,14,CCA,PASS,False,,,
B_route_08,38,14,CCA,PASS,False,,,
B_route_08,39,14,CCA,PASS,False,,,
B_route_08,40,14,CCA,PASS,False,,,
B_route_08,41,14,CCA,PASS,False,,,
B_route_08,42,14,CCA,PASS,False,,,
B_route_08,43,14,CCA,PASS,False,,,
B_route_08,44,14,CCA,PASS,False,,,
B_route_08,45,14,CCA,PASS,False,,,
B_route_08,46,14,CCA,PASS,False,,,
B_route_08,47,14,CCA,PASS,False,,,
B_route_08,48,14,CCA,PASS,False,,,
B_route_08,49,14,CCA,PASS,False,,,
B_route_08,0,15,CJ1B,PASS,False,,,
B_route_08,1,15,CJ1B,PASS,False,,,
B_route_08,2,15,CJ1B,PASS,False,,,
B_route_08,3,15,CJ1B,PASS,False,,,
B_route_08,4,15,CJ1B,PASS,False,,,
B_route_08,5,15,CJ1B,PASS,False,,,
B_route_08,6,15,CJ1B,PASS,False,,,
B_route_08,7,15,CJ1B,PASS,False,,,
B_route_08,8,15,CJ1B,PASS,False,,,
B_route_08,9,15,CJ1B,PASS,False,,,
B_route_08,10,15,CJ1B,PASS,False,,,
B_route_08,11,15,CJ1B,PASS,False,,,
B_route_08,12,15,CJ1B,PASS,False,,,
B_route_08,13,15,CJ1B,PASS,False,,,
B_route_08,14,15,CJ1B,PASS,False,,,
B_route_08,15,15,CJ1B,PASS,False,,,
B_route_08,16,15,CJ1B,PASS,False,,,
B_route_08,17,15,CJ1B,PASS,False,,,
B_route_08,18,15,CJ1B,PASS,False,,,
B_route_08,19,15,CJ1B,PASS,False,,,
B_route_08,20,15,CJ1B,PASS,False,,,
B_route_08,21,15,CJ1B,PASS,False,,,
B_route_08,22,15,CJ1B,PASS,False,,,
B_route_08,23,15,CJ1B,PASS,False,,,
B_route_08,24,15,CJ1B,PASS,False,,,
B_route_08,25,15,CJ1B,PASS,False,,,
B_route_08,26,15,CJ1B,PASS,False,,,
B_route_08,27,15,CJ1B,PASS,False,,,
B_route_08,28,15,CJ1B,PASS,False,,,
B_route_08,29,15,CJ1B,PASS,False,,,
B_route_08,30,15,CJ1B,PASS,False,,,
B_route_08,31,15,CJ1B,PASS,False,,,
B_route_08,32,15,CJ1B,PASS,False,,,
B_route_08,33,15,CJ1B,PASS,False,,,
B_route_08,34,15,CJ1B,PASS,False,,,
B_route_08,35,15,CJ1B,PASS,False,,,
B_route_08,36,15,CJ1B,PASS,False,,,
B_route_08,37,15,CJ1B,PASS,False,,,
B_route_08,38,15,CJ1B,PASS,False,,,
B_route_08,39,15,CJ1B,PASS,False,,,
B_route_08,40,15,CJ1B,PASS,False,,,
B_route_08,41,15,CJ1B,PASS,False,,,
B_route_08,42,15,CJ1B,PASS,False,,,
B_route_08,43,15,CJ1B,PASS,False,,,
B_route_08,44,15,CJ1B,PASS,False,,,
B_route_08,45,15,CJ1B,PASS,False,,,
B_route_08,46,15,CJ1B,PASS,False,,,
B_route_08,47,15,CJ1B,PASS,False,,,
B_route_08,48,15,CJ1B,PASS,False,,,
B_route_08,49,15,CJ1B,PASS,False,,,
B_route_08,0,16,CJ1J1,PASS,False,,,
B_route_08,1,16,CJ1J1,PASS,False,,,
B_route_08,2,16,CJ1J1,PASS,False,,,
B_route_08,3,16,CJ1J1,PASS,False,,,
B_route_08,4,16,CJ1J1,PASS,False,,,
B_route_08,5,16,CJ1J1,PASS,False,,,
B_route_08,6,16,CJ1J1,PASS,False,,,
B_route_08,7,16,CJ1J1,PASS,False,,,
B_route_08,8,16,CJ1J1,PASS,False,,,
B_route_08,9,16,CJ1J1,PASS,False,,,
B_route_08,10,16,CJ1J1,PASS,False,,,
B_route_08,11,16,CJ1J1,PASS,False,,,
B_route_08,12,16,CJ1J1,PASS,False,,,
B_route_08,13,16,CJ1J1,PASS,False,,,
B_route_08,14,16,CJ1J1,PASS,False,,,
B_route_08,15,16,CJ1J1,PASS,False,,,
B_route_08,16,16,CJ1J1,PASS,False,,,
B_route_08,17,16,CJ1J1,PASS,False,,,
B_route_08,18,16,CJ1J1,PASS,False,,,
B_route_08,19,16,CJ1J1,PASS,False,,,
B_route_08,20,16,CJ1J1,PASS,False,,,
B_route_08,21,16,CJ1J1,PASS,False,,,
B_route_08,22,16,CJ1J1,PASS,False,,,
B_route_08,23,16,CJ1J1,PASS,False,,,
B_route_08,24,16,CJ1J1,PASS,False,,,
B_route_08,25,16,CJ1J1,PASS,False,,,
B_route_08,26,16,CJ1J1,PASS,False,,,
B_route_08,27,16,CJ1J1,PASS,False,,,
B_route_08,28,16,CJ1J1,PASS,False,,,
B_route_08,29,16,CJ1J1,PASS,False,,,
B_route_08,30,16,CJ1J1,PASS,False,,,
B_route_08,31,16,CJ1J1,PASS,False,,,
B_route_08,32,16,CJ1J1,PASS,False,,,
B_route_08,33,16,CJ1J1,PASS,False,,,
B_route_08,34,16,CJ1J1,PASS,False,,,
B_route_08,35,16,CJ1J1,PASS,False,,,
B_route_08,36,16,CJ1J1,PASS,False,,,
B_route_08,37,16,CJ1J1,PASS,False,,,
B_route_08,38,16,CJ1J1,PASS,False,,,
B_route_08,39,16,CJ1J1,PASS,False,,,
B_route_08,40,16,CJ1J1,PASS,False,,,
B_route_08,41,16,CJ1J1,PASS,False,,,
B_route_08,42,16,CJ1J1,PASS,False,,,
B_route_08,43,16,CJ1J1,PASS,False,,,
B_route_08,44,16,CJ1J1,PASS,False,,,
B_route_08,45,16,CJ1J1,PASS,False,,,
B_route_08,46,16,CJ1J1,PASS,False,,,
B_route_08,47,16,CJ1J1,PASS,False,,,
B_route_08,48,16,CJ1J1,PASS,False,,,
B_route_08,49,16,CJ1J1,PASS,False,,,
B_route_08,0,17,CJ1J2,PASS,False,,,
B_route_08,1,17,CJ1J2,PASS,False,,,
B_route_08,2,17,CJ1J2,PASS,False,,,
B_route_08,3,17,CJ1J2,PASS,False,,,
B_route_08,4,17,CJ1J2,PASS,False,,,
B_route_08,5,17,CJ1J2,PASS,False,,,
B_route_08,6,17,CJ1J2,PASS,False,,,
B_route_08,7,17,CJ1J2,PASS,False,,,
B_route_08,8,17,CJ1J2,PASS,False,,,
B_route_08,9,17,CJ1J2,PASS,False,,,
B_route_08,10,17,CJ1J2,PASS,False,,,
B_route_08,11,17,CJ1J2,PASS,False,,,
B_route_08,12,17,CJ1J2,PASS,False,,,
B_route_08,13,17,CJ1J2,PASS,False,,,
B_route_08,14,17,CJ1J2,PASS,False,,,
B_route_08,15,17,CJ1J2,PASS,False,,,
B_route_08,16,17,CJ1J2,PASS,False,,,
B_route_08,17,17,CJ1J2,PASS,False,,,
B_route_08,18,17,CJ1J2,PASS,False,,,
B_route_08,19,17,CJ1J2,PASS,False,,,
B_route_08,20,17,CJ1J2,PASS,False,,,
B_route_08,21,17,CJ1J2,PASS,False,,,
B_route_08,22,17,CJ1J2,PASS,False,,,
B_route_08,23,17,CJ1J2,PASS,False,,,
B_route_08,24,17,CJ1J2,PASS,False,,,
B_route_08,25,17,CJ1J2,PASS,False,,,
B_route_08,26,17,CJ1J2,PASS,False,,,
B_route_08,27,17,CJ1J2,PASS,False,,,
B_route_08,28,17,CJ1J2,PASS,False,,,
B_route_08,29,17,CJ1J2,PASS,False,,,
B_route_08,30,17,CJ1J2,PASS,False,,,
B_route_08,31,17,CJ1J2,PASS,False,,,
B_route_08,32,17,CJ1J2,PASS,False,,,
B_route_08,33,17,CJ1J2,PASS,False,,,
B_route_08,34,17,CJ1J2,PASS,False,,,
B_route_08,35,17,CJ1J2,PASS,False,,,
B_route_08,36,17,CJ1J2,PASS,False,,,
B_route_08,37,17,CJ1J2,PASS,False,,,
B_route_08,38,17,CJ1J2,PASS,False,,,
B_route_08,39,17,CJ1J2,PASS,False,,,
B_route_08,40,17,CJ1J2,PASS,False,,,
B_route_08,41,17,CJ1J2,PASS,False,,,
B_route_08,42,17,CJ1J2,PASS,False,,,
B_route_08,43,17,CJ1J2,PASS,False,,,
B_route_08,44,17,CJ1J2,PASS,False,,,
B_route_08,45,17,CJ1J2,PASS,False,,,
B_route_08,46,17,CJ1J2,PASS,False,,,
B_route_08,47,17,CJ1J2,PASS,False,,,
B_route_08,48,17,CJ1J2,PASS,False,,,
B_route_08,49,17,CJ1J2,PASS,False,,,
B_route_08,0,18,CJ1A,PASS,False,,,
B_route_08,1,18,CJ1A,PASS,False,,,
B_route_08,2,18,CJ1A,PASS,False,,,
B_route_08,3,18,CJ1A,PASS,False,,,
B_route_08,4,18,CJ1A,PASS,False,,,
B_route_08,5,18,CJ1A,PASS,False,,,
B_route_08,6,18,CJ1A,PASS,False,,,
B_route_08,7,18,CJ1A,PASS,False,,,
B_route_08,8,18,CJ1A,PASS,False,,,
B_route_08,9,18,CJ1A,PASS,False,,,
B_route_08,10,18,CJ1A,PASS,False,,,
B_route_08,11,18,CJ1A,PASS,False,,,
B_route_08,12,18,CJ1A,PASS,False,,,
B_route_08,13,18,CJ1A,PASS,False,,,
B_route_08,14,18,CJ1A,PASS,False,,,
B_route_08,15,18,CJ1A,PASS,False,,,
B_route_08,16,18,CJ1A,PASS,False,,,
B_route_08,17,18,CJ1A,PASS,False,,,
B_route_08,18,18,CJ1A,PASS,False,,,
B_route_08,19,18,CJ1A,PASS,False,,,
B_route_08,20,18,CJ1A,PASS,False,,,
B_route_08,21,18,CJ1A,PASS,False,,,
B_route_08,22,18,CJ1A,PASS,False,,,
B_route_08,23,18,CJ1A,PASS,False,,,
B_route_08,24,18,CJ1A,PASS,False,,,
B_route_08,25,18,CJ1A,PASS,False,,,
B_route_08,26,18,CJ1A,PASS,False,,,
B_route_08,27,18,CJ1A,PASS,False,,,
B_route_08,28,18,CJ1A,PASS,False,,,
B_route_08,29,18,CJ1A,PASS,False,,,
B_route_08,30,18,CJ1A,PASS,False,,,
B_route_08,31,18,CJ1A,PASS,False,,,
B_route_08,32,18,CJ1A,PASS,False,,,
B_route_08,33,18,CJ1A,PASS,False,,,
B_route_08,34,18,CJ1A,PASS,False,,,
B_route_08,35,18,CJ1A,PASS,False,,,
B_route_08,36,18,CJ1A,PASS,False,,,
B_route_08,37,18,CJ1A,PASS,False,,,
B_route_08,38,18,CJ1A,PASS,False,,,
B_route_08,39,18,CJ1A,PASS,False,,,
B_route_08,40,18,CJ1A,PASS,False,,,
B_route_08,41,18,CJ1A,PASS,False,,,
B_route_08,42,18,CJ1A,PASS,False,,,
B_route_08,43,18,CJ1A,PASS,False,,,
B_route_08,44,18,CJ1A,PASS,False,,,
B_route_08,45,18,CJ1A,PASS,False,,,
B_route_08,46,18,CJ1A,PASS,False,,,
B_route_08,47,18,CJ1A,PASS,False,,,
B_route_08,48,18,CJ1A,PASS,False,,,
B_route_08,49,18,CJ1A,PASS,False,,,
B_route_08,0,19,CJ3B,PASS,False,,,
B_route_08,1,19,CJ3B,PASS,False,,,
B_route_08,2,19,CJ3B,PASS,False,,,
B_route_08,3,19,CJ3B,PASS,False,,,
B_route_08,4,19,CJ3B,PASS,False,,,
B_route_08,5,19,CJ3B,PASS,False,,,
B_route_08,6,19,CJ3B,PASS,False,,,
B_route_08,7,19,CJ3B,PASS,False,,,
B_route_08,8,19,CJ3B,PASS,False,,,
B_route_08,9,19,CJ3B,PASS,False,,,
B_route_08,10,19,CJ3B,PASS,False,,,
B_route_08,11,19,CJ3B,PASS,False,,,
B_route_08,12,19,CJ3B,PASS,False,,,
B_route_08,13,19,CJ3B,PASS,False,,,
B_route_08,14,19,CJ3B,PASS,False,,,
B_route_08,15,19,CJ3B,PASS,False,,,
B_route_08,16,19,CJ3B,PASS,False,,,
B_route_08,17,19,CJ3B,PASS,False,,,
B_route_08,18,19,CJ3B,PASS,False,,,
B_route_08,19,19,CJ3B,PASS,False,,,
B_route_08,20,19,CJ3B,PASS,False,,,
B_route_08,21,19,CJ3B,PASS,False,,,
B_route_08,22,19,CJ3B,PASS,False,,,
B_route_08,23,19,CJ3B,PASS,False,,,
B_route_08,24,19,CJ3B,PASS,False,,,
B_route_08,25,19,CJ3B,PASS,False,,,
B_route_08,26,19,CJ3B,PASS,False,,,
B_route_08,27,19,CJ3B,PASS,False,,,
B_route_08,28,19,CJ3B,PASS,False,,,
B_route_08,29,19,CJ3B,PASS,False,,,
B_route_08,30,19,CJ3B,PASS,False,,,
B_route_08,31,19,CJ3B,PASS,False,,,
B_route_08,32,19,CJ3B,PASS,False,,,
B_route_08,33,19,CJ3B,PASS,False,,,
B_route_08,34,19,CJ3B,PASS,False,,,
B_route_08,35,19,CJ3B,PASS,False,,,
B_route_08,36,19,CJ3B,PASS,False,,,
B_route_08,37,19,CJ3B,PASS,False,,,
B_route_08,38,19,CJ3B,PASS,False,,,
B_route_08,39,19,CJ3B,PASS,False,,,
B_route_08,40,19,CJ3B,PASS,False,,,
B_route_08,41,19,CJ3B,PASS,False,,,
B_route_08,42,19,CJ3B,PASS,False,,,
B_route_08,43,19,CJ3B,PASS,False,,,
B_route_08,44,19,CJ3B,PASS,False,,,
B_route_08,45,19,CJ3B,PASS,False,,,
B_route_08,46,19,CJ3B,PASS,False,,,
B_route_08,47,19,CJ3B,PASS,False,,,
B_route_08,48,19,CJ3B,PASS,False,,,
B_route_08,49,19,CJ3B,PASS,False,,,
B_route_08,0,20,CJ3J1,PASS,False,,,
B_route_08,1,20,CJ3J1,PASS,False,,,
B_route_08,2,20,CJ3J1,PASS,False,,,
B_route_08,3,20,CJ3J1,PASS,False,,,
B_route_08,4,20,CJ3J1,PASS,False,,,
B_route_08,5,20,CJ3J1,PASS,False,,,
B_route_08,6,20,CJ3J1,PASS,False,,,
B_route_08,7,20,CJ3J1,PASS,False,,,
B_route_08,8,20,CJ3J1,PASS,False,,,
B_route_08,9,20,CJ3J1,PASS,False,,,
B_route_08,10,20,CJ3J1,PASS,False,,,
B_route_08,11,20,CJ3J1,PASS,False,,,
B_route_08,12,20,CJ3J1,PASS,False,,,
B_route_08,13,20,CJ3J1,PASS,False,,,
B_route_08,14,20,CJ3J1,PASS,False,,,
B_route_08,15,20,CJ3J1,PASS,False,,,
B_route_08,16,20,CJ3J1,PASS,False,,,
B_route_08,17,20,CJ3J1,PASS,False,,,
B_route_08,18,20,CJ3J1,PASS,False,,,
B_route_08,19,20,CJ3J1,PASS,False,,,
B_route_08,20,20,CJ3J1,PASS,False,,,
B_route_08,21,20,CJ3J1,PASS,False,,,
B_route_08,22,20,CJ3J1,PASS,False,,,
B_route_08,23,20,CJ3J1,PASS,False,,,
B_route_08,24,20,CJ3J1,PASS,False,,,
B_route_08,25,20,CJ3J1,PASS,False,,,
B_route_08,26,20,CJ3J1,PASS,False,,,
B_route_08,27,20,CJ3J1,PASS,False,,,
B_route_08,28,20,CJ3J1,PASS,False,,,
B_route_08,29,20,CJ3J1,PASS,False,,,
B_route_08,30,20,CJ3J1,PASS,False,,,
B_route_08,31,20,CJ3J1,PASS,False,,,
B_route_08,32,20,CJ3J1,PASS,False,,,
B_route_08,33,20,CJ3J1,PASS,False,,,
B_route_08,34,20,CJ3J1,PASS,False,,,
B_route_08,35,20,CJ3J1,PASS,False,,,
B_route_08,36,20,CJ3J1,PASS,False,,,
B_route_08,37,20,CJ3J1,PASS,False,,,
B_route_08,38,20,CJ3J1,PASS,False,,,
B_route_08,39,20,CJ3J1,PASS,False,,,
B_route_08,40,20,CJ3J1,PASS,False,,,
B_route_08,41,20,CJ3J1,PASS,False,,,
B_route_08,42,20,CJ3J1,PASS,False,,,
B_route_08,43,20,CJ3J1,PASS,False,,,
B_route_08,44,20,CJ3J1,PASS,False,,,
B_route_08,45,20,CJ3J1,PASS,False,,,
B_route_08,46,20,CJ3J1,PASS,False,,,
B_route_08,47,20,CJ3J1,PASS,False,,,
B_route_08,48,20,CJ3J1,PASS,False,,,
B_route_08,49,20,CJ3J1,PASS,False,,,
B_route_08,0,21,CJ3A,PASS,False,,,
B_route_08,1,21,CJ3A,PASS,False,,,
B_route_08,2,21,CJ3A,PASS,False,,,
B_route_08,3,21,CJ3A,PASS,False,,,
B_route_08,4,21,CJ3A,PASS,False,,,
B_route_08,5,21,CJ3A,PASS,False,,,
B_route_08,6,21,CJ3A,PASS,False,,,
B_route_08,7,21,CJ3A,PASS,False,,,
B_route_08,8,21,CJ3A,PASS,False,,,
B_route_08,9,21,CJ3A,PASS,False,,,
B_route_08,10,21,CJ3A,PASS,False,,,
B_route_08,11,21,CJ3A,PASS,False,,,
B_route_08,12,21,CJ3A,PASS,False,,,
B_route_08,13,21,CJ3A,PASS,False,,,
B_route_08,14,21,CJ3A,PASS,False,,,
B_route_08,15,21,CJ3A,PASS,False,,,
B_route_08,16,21,CJ3A,PASS,False,,,
B_route_08,17,21,CJ3A,PASS,False,,,
B_route_08,18,21,CJ3A,PASS,False,,,
B_route_08,19,21,CJ3A,PASS,False,,,
B_route_08,20,21,CJ3A,PASS,False,,,
B_route_08,21,21,CJ3A,PASS,False,,,
B_route_08,22,21,CJ3A,PASS,False,,,
B_route_08,23,21,CJ3A,PASS,False,,,
B_route_08,24,21,CJ3A,PASS,False,,,
B_route_08,25,21,CJ3A,PASS,False,,,
B_route_08,26,21,CJ3A,PASS,False,,,
B_route_08,27,21,CJ3A,PASS,False,,,
B_route_08,28,21,CJ3A,PASS,False,,,
B_route_08,29,21,CJ3A,PASS,False,,,
B_route_08,30,21,CJ3A,PASS,False,,,
B_route_08,31,21,CJ3A,PASS,False,,,
B_route_08,32,21,CJ3A,PASS,False,,,
B_route_08,33,21,CJ3A,PASS,False,,,
B_route_08,34,21,CJ3A,PASS,False,,,
B_route_08,35,21,CJ3A,PASS,False,,,
B_route_08,36,21,CJ3A,PASS,False,,,
B_route_08,37,21,CJ3A,PASS,False,,,
B_route_08,38,21,CJ3A,PASS,False,,,
B_route_08,39,21,CJ3A,PASS,False,,,
B_route_08,40,21,CJ3A,PASS,False,,,
B_route_08,41,21,CJ3A,PASS,False,,,
B_route_08,42,21,CJ3A,PASS,False,,,
B_route_08,43,21,CJ3A,PASS,False,,,
B_route_08,44,21,CJ3A,PASS,False,,,
B_route_08,45,21,CJ3A,PASS,False,,,
B_route_08,46,21,CJ3A,PASS,False,,,
B_route_08,47,21,CJ3A,PASS,False,,,
B_route_08,48,21,CJ3A,PASS,False,,,
B_route_08,49,21,CJ3A,PASS,False,,,
B_route_08,0,22,J2CB,PASS,False,,,
B_route_08,1,22,J2CB,PASS,False,,,
B_route_08,2,22,J2CB,PASS,False,,,
B_route_08,3,22,J2CB,PASS,False,,,
B_route_08,4,22,J2CB,PASS,False,,,
B_route_08,5,22,J2CB,PASS,False,,,
B_route_08,6,22,J2CB,PASS,False,,,
B_route_08,7,22,J2CB,PASS,False,,,
B_route_08,8,22,J2CB,PASS,False,,,
B_route_08,9,22,J2CB,PASS,False,,,
B_route_08,10,22,J2CB,PASS,False,,,
B_route_08,11,22,J2CB,PASS,False,,,
B_route_08,12,22,J2CB,PASS,False,,,
B_route_08,13,22,J2CB,PASS,False,,,
B_route_08,14,22,J2CB,PASS,False,,,
B_route_08,15,22,J2CB,PASS,False,,,
B_route_08,16,22,J2CB,PASS,False,,,
B_route_08,17,22,J2CB,PASS,False,,,
B_route_08,18,22,J2CB,PASS,False,,,
B_route_08,19,22,J2CB,PASS,False,,,
B_route_08,20,22,J2CB,PASS,False,,,
B_route_08,21,22,J2CB,PASS,False,,,
B_route_08,22,22,J2CB,PASS,False,,,
B_route_08,23,22,J2CB,PASS,False,,,
B_route_08,24,22,J2CB,PASS,False,,,
B_route_08,25,22,J2CB,PASS,False,,,
B_route_08,26,22,J2CB,PASS,False,,,
B_route_08,27,22,J2CB,PASS,False,,,
B_route_08,28,22,J2CB,PASS,False,,,
B_route_08,29,22,J2CB,PASS,False,,,
B_route_08,30,22,J2CB,PASS,False,,,
B_route_08,31,22,J2CB,PASS,False,,,
B_route_08,32,22,J2CB,PASS,False,,,
B_route_08,33,22,J2CB,PASS,False,,,
B_route_08,34,22,J2CB,PASS,False,,,
B_route_08,35,22,J2CB,PASS,False,,,
B_route_08,36,22,J2CB,PASS,False,,,
B_route_08,37,22,J2CB,PASS,False,,,
B_route_08,38,22,J2CB,PASS,False,,,
B_route_08,39,22,J2CB,PASS,False,,,
B_route_08,40,22,J2CB,PASS,False,,,
B_route_08,41,22,J2CB,PASS,False,,,
B_route_08,42,22,J2CB,PASS,False,,,
B_route_08,43,22,J2CB,PASS,False,,,
B_route_08,44,22,J2CB,PASS,False,,,
B_route_08,45,22,J2CB,PASS,False,,,
B_route_08,46,22,J2CB,PASS,False,,,
B_route_08,47,22,J2CB,PASS,False,,,
B_route_08,48,22,J2CB,PASS,False,,,
B_route_08,49,22,J2CB,PASS,False,,,
B_route_08,0,23,J2CJ1,PASS,False,,,
B_route_08,1,23,J2CJ1,PASS,False,,,
B_route_08,2,23,J2CJ1,PASS,False,,,
B_route_08,3,23,J2CJ1,PASS,False,,,
B_route_08,4,23,J2CJ1,PASS,False,,,
B_route_08,5,23,J2CJ1,PASS,False,,,
B_route_08,6,23,J2CJ1,PASS,False,,,
B_route_08,7,23,J2CJ1,PASS,False,,,
B_route_08,8,23,J2CJ1,PASS,False,,,
B_route_08,9,23,J2CJ1,PASS,False,,,
B_route_08,10,23,J2CJ1,PASS,False,,,
B_route_08,11,23,J2CJ1,PASS,False,,,
B_route_08,12,23,J2CJ1,PASS,False,,,
B_route_08,13,23,J2CJ1,PASS,False,,,
B_route_08,14,23,J2CJ1,PASS,False,,,
B_route_08,15,23,J2CJ1,PASS,False,,,
B_route_08,16,23,J2CJ1,PASS,False,,,
B_route_08,17,23,J2CJ1,PASS,False,,,
B_route_08,18,23,J2CJ1,PASS,False,,,
B_route_08,19,23,J2CJ1,PASS,False,,,
B_route_08,20,23,J2CJ1,PASS,False,,,
B_route_08,21,23,J2CJ1,PASS,False,,,
B_route_08,22,23,J2CJ1,PASS,False,,,
B_route_08,23,23,J2CJ1,PASS,False,,,
B_route_08,24,23,J2CJ1,PASS,False,,,
B_route_08,25,23,J2CJ1,PASS,False,,,
B_route_08,26,23,J2CJ1,PASS,False,,,
B_route_08,27,23,J2CJ1,PASS,False,,,
B_route_08,28,23,J2CJ1,PASS,False,,,
B_route_08,29,23,J2CJ1,PASS,False,,,
B_route_08,30,23,J2CJ1,PASS,False,,,
B_route_08,31,23,J2CJ1,PASS,False,,,
B_route_08,32,23,J2CJ1,PASS,False,,,
B_route_08,33,23,J2CJ1,PASS,False,,,
B_route_08,34,23,J2CJ1,PASS,False,,,
B_route_08,35,23,J2CJ1,PASS,False,,,
B_route_08,36,23,J2CJ1,PASS,False,,,
B_route_08,37,23,J2CJ1,PASS,False,,,
B_route_08,38,23,J2CJ1,PASS,False,,,
B_route_08,39,23,J2CJ1,PASS,False,,,
B_route_08,40,23,J2CJ1,PASS,False,,,
B_route_08,41,23,J2CJ1,PASS,False,,,
B_route_08,42,23,J2CJ1,PASS,False,,,
B_route_08,43,23,J2CJ1,PASS,False,,,
B_route_08,44,23,J2CJ1,PASS,False,,,
B_route_08,45,23,J2CJ1,PASS,False,,,
B_route_08,46,23,J2CJ1,PASS,False,,,
B_route_08,47,23,J2CJ1,PASS,False,,,
B_route_08,48,23,J2CJ1,PASS,False,,,
B_route_08,49,23,J2CJ1,PASS,False,,,
B_route_08,0,24,J2CJ2,PASS,False,,,
B_route_08,1,24,J2CJ2,PASS,False,,,
B_route_08,2,24,J2CJ2,PASS,False,,,
B_route_08,3,24,J2CJ2,PASS,False,,,
B_route_08,4,24,J2CJ2,PASS,False,,,
B_route_08,5,24,J2CJ2,PASS,False,,,
B_route_08,6,24,J2CJ2,PASS,False,,,
B_route_08,7,24,J2CJ2,PASS,False,,,
B_route_08,8,24,J2CJ2,PASS,False,,,
B_route_08,9,24,J2CJ2,PASS,False,,,
B_route_08,10,24,J2CJ2,PASS,False,,,
B_route_08,11,24,J2CJ2,PASS,False,,,
B_route_08,12,24,J2CJ2,PASS,False,,,
B_route_08,13,24,J2CJ2,PASS,False,,,
B_route_08,14,24,J2CJ2,PASS,False,,,
B_route_08,15,24,J2CJ2,PASS,False,,,
B_route_08,16,24,J2CJ2,PASS,False,,,
B_route_08,17,24,J2CJ2,PASS,False,,,
B_route_08,18,24,J2CJ2,PASS,False,,,
B_route_08,19,24,J2CJ2,PASS,False,,,
B_route_08,20,24,J2CJ2,PASS,False,,,
B_route_08,21,24,J2CJ2,PASS,False,,,
B_route_08,22,24,J2CJ2,PASS,False,,,
B_route_08,23,24,J2CJ2,PASS,False,,,
B_route_08,24,24,J2CJ2,PASS,False,,,
B_route_08,25,24,J2CJ2,PASS,False,,,
B_route_08,26,24,J2CJ2,PASS,False,,,
B_route_08,27,24,J2CJ2,PASS,False,,,
B_route_08,28,24,J2CJ2,PASS,False,,,
B_route_08,29,24,J2CJ2,PASS,False,,,
B_route_08,30,24,J2CJ2,PASS,False,,,
B_route_08,31,24,J2CJ2,PASS,False,,,
B_route_08,32,24,J2CJ2,PASS,False,,,
B_route_08,33,24,J2CJ2,PASS,False,,,
B_route_08,34,24,J2CJ2,PASS,False,,,
B_route_08,35,24,J2CJ2,PASS,False,,,
B_route_08,36,24,J2CJ2,PASS,False,,,
B_route_08,37,24,J2CJ2,PASS,False,,,
B_route_08,38,24,J2CJ2,PASS,False,,,
B_route_08,39,24,J2CJ2,PASS,False,,,
B_route_08,40,24,J2CJ2,PASS,False,,,
B_route_08,41,24,J2CJ2,PASS,False,,,
B_route_08,42,24,J2CJ2,PASS,False,,,
B_route_08,43,24,J2CJ2,PASS,False,,,
B_route_08,44,24,J2CJ2,PASS,False,,,
B_route_08,45,24,J2CJ2,PASS,False,,,
B_route_08,46,24,J2CJ2,PASS,False,,,
B_route_08,47,24,J2CJ2,PASS,False,,,
B_route_08,48,24,J2CJ2,PASS,False,,,
B_route_08,49,24,J2CJ2,PASS,False,,,
B_route_08,0,25,J2CA,PASS,False,,,
B_route_08,1,25,J2CA,PASS,False,,,
B_route_08,2,25,J2CA,PASS,False,,,
B_route_08,3,25,J2CA,PASS,False,,,
B_route_08,4,25,J2CA,PASS,False,,,
B_route_08,5,25,J2CA,PASS,False,,,
B_route_08,6,25,J2CA,PASS,False,,,
B_route_08,7,25,J2CA,PASS,False,,,
B_route_08,8,25,J2CA,PASS,False,,,
B_route_08,9,25,J2CA,PASS,False,,,
B_route_08,10,25,J2CA,PASS,False,,,
B_route_08,11,25,J2CA,PASS,False,,,
B_route_08,12,25,J2CA,PASS,False,,,
B_route_08,13,25,J2CA,PASS,False,,,
B_route_08,14,25,J2CA,PASS,False,,,
B_route_08,15,25,J2CA,PASS,False,,,
B_route_08,16,25,J2CA,PASS,False,,,
B_route_08,17,25,J2CA,PASS,False,,,
B_route_08,18,25,J2CA,PASS,False,,,
B_route_08,19,25,J2CA,PASS,False,,,
B_route_08,20,25,J2CA,PASS,False,,,
B_route_08,21,25,J2CA,PASS,False,,,
B_route_08,22,25,J2CA,PASS,False,,,
B_route_08,23,25,J2CA,PASS,False,,,
B_route_08,24,25,J2CA,PASS,False,,,
B_route_08,25,25,J2CA,PASS,False,,,
B_route_08,26,25,J2CA,PASS,False,,,
B_route_08,27,25,J2CA,PASS,False,,,
B_route_08,28,25,J2CA,PASS,False,,,
B_route_08,29,25,J2CA,PASS,False,,,
B_route_08,30,25,J2CA,PASS,False,,,
B_route_08,31,25,J2CA,PASS,False,,,
B_route_08,32,25,J2CA,PASS,False,,,
B_route_08,33,25,J2CA,PASS,False,,,
B_route_08,34,25,J2CA,PASS,False,,,
B_route_08,35,25,J2CA,PASS,False,,,
B_route_08,36,25,J2CA,PASS,False,,,
B_route_08,37,25,J2CA,PASS,False,,,
B_route_08,38,25,J2CA,PASS,False,,,
B_route_08,39,25,J2CA,PASS,False,,,
B_route_08,40,25,J2CA,PASS,False,,,
B_route_08,41,25,J2CA,PASS,False,,,
B_route_08,42,25,J2CA,PASS,False,,,
B_route_08,43,25,J2CA,PASS,False,,,
B_route_08,44,25,J2CA,PASS,False,,,
B_route_08,45,25,J2CA,PASS,False,,,
B_route_08,46,25,J2CA,PASS,False,,,
B_route_08,47,25,J2CA,PASS,False,,,
B_route_08,48,25,J2CA,PASS,False,,,
B_route_08,49,25,J2CA,PASS,False,,,
B_route_08,0,26,J2J3B,PASS,False,,,
B_route_08,1,26,J2J3B,PASS,False,,,
B_route_08,2,26,J2J3B,PASS,False,,,
B_route_08,3,26,J2J3B,PASS,False,,,
B_route_08,4,26,J2J3B,PASS,False,,,
B_route_08,5,26,J2J3B,PASS,False,,,
B_route_08,6,26,J2J3B,PASS,False,,,
B_route_08,7,26,J2J3B,PASS,False,,,
B_route_08,8,26,J2J3B,PASS,False,,,
B_route_08,9,26,J2J3B,PASS,False,,,
B_route_08,10,26,J2J3B,PASS,False,,,
B_route_08,11,26,J2J3B,PASS,False,,,
B_route_08,12,26,J2J3B,PASS,False,,,
B_route_08,13,26,J2J3B,PASS,False,,,
B_route_08,14,26,J2J3B,PASS,False,,,
B_route_08,15,26,J2J3B,PASS,False,,,
B_route_08,16,26,J2J3B,PASS,False,,,
B_route_08,17,26,J2J3B,PASS,False,,,
B_route_08,18,26,J2J3B,PASS,False,,,
B_route_08,19,26,J2J3B,PASS,False,,,
B_route_08,20,26,J2J3B,PASS,False,,,
B_route_08,21,26,J2J3B,PASS,False,,,
B_route_08,22,26,J2J3B,PASS,False,,,
B_route_08,23,26,J2J3B,PASS,False,,,
B_route_08,24,26,J2J3B,PASS,False,,,
B_route_08,25,26,J2J3B,PASS,False,,,
B_route_08,26,26,J2J3B,PASS,False,,,
B_route_08,27,26,J2J3B,PASS,False,,,
B_route_08,28,26,J2J3B,PASS,False,,,
B_route_08,29,26,J2J3B,PASS,False,,,
B_route_08,30,26,J2J3B,PASS,False,,,
B_route_08,31,26,J2J3B,PASS,False,,,
B_route_08,32,26,J2J3B,PASS,False,,,
B_route_08,33,26,J2J3B,PASS,False,,,
B_route_08,34,26,J2J3B,PASS,False,,,
B_route_08,35,26,J2J3B,PASS,False,,,
B_route_08,36,26,J2J3B,PASS,False,,,
B_route_08,37,26,J2J3B,PASS,False,,,
B_route_08,38,26,J2J3B,PASS,False,,,
B_route_08,39,26,J2J3B,PASS,False,,,
B_route_08,40,26,J2J3B,PASS,False,,,
B_route_08,41,26,J2J3B,PASS,False,,,
B_route_08,42,26,J2J3B,PASS,False,,,
B_route_08,43,26,J2J3B,PASS,False,,,
B_route_08,44,26,J2J3B,PASS,False,,,
B_route_08,45,26,J2J3B,PASS,False,,,
B_route_08,46,26,J2J3B,PASS,False,,,
B_route_08,47,26,J2J3B,PASS,False,,,
B_route_08,48,26,J2J3B,PASS,False,,,
B_route_08,49,26,J2J3B,PASS,False,,,
B_route_08,0,27,J2J3A,PASS,False,,,
B_route_08,1,27,J2J3A,PASS,False,,,
B_route_08,2,27,J2J3A,PASS,False,,,
B_route_08,3,27,J2J3A,PASS,False,,,
B_route_08,4,27,J2J3A,PASS,False,,,
B_route_08,5,27,J2J3A,PASS,False,,,
B_route_08,6,27,J2J3A,PASS,False,,,
B_route_08,7,27,J2J3A,PASS,False,,,
B_route_08,8,27,J2J3A,PASS,False,,,
B_route_08,9,27,J2J3A,PASS,False,,,
B_route_08,10,27,J2J3A,PASS,False,,,
B_route_08,11,27,J2J3A,PASS,False,,,
B_route_08,12,27,J2J3A,PASS,False,,,
B_route_08,13,27,J2J3A,PASS,False,,,
B_route_08,14,27,J2J3A,PASS,False,,,
B_route_08,15,27,J2J3A,PASS,False,,,
B_route_08,16,27,J2J3A,PASS,False,,,
B_route_08,17,27,J2J3A,PASS,False,,,
B_route_08,18,27,J2J3A,PASS,False,,,
B_route_08,19,27,J2J3A,PASS,False,,,
B_route_08,20,27,J2J3A,PASS,False,,,
B_route_08,21,27,J2J3A,PASS,False,,,
B_route_08,22,27,J2J3A,PASS,False,,,
B_route_08,23,27,J2J3A,PASS,False,,,
B_route_08,24,27,J2J3A,PASS,False,,,
B_route_08,25,27,J2J3A,PASS,False,,,
B_route_08,26,27,J2J3A,PASS,False,,,
B_route_08,27,27,J2J3A,PASS,False,,,
B_route_08,28,27,J2J3A,PASS,False,,,
B_route_08,29,27,J2J3A,PASS,False,,,
B_route_08,30,27,J2J3A,PASS,False,,,
B_route_08,31,27,J2J3A,PASS,False,,,
B_route_08,32,27,J2J3A,PASS,False,,,
B_route_08,33,27,J2J3A,PASS,False,,,
B_route_08,34,27,J2J3A,PASS,False,,,
B_route_08,35,27,J2J3A,PASS,False,,,
B_route_08,36,27,J2J3A,PASS,False,,,
B_route_08,37,27,J2J3A,PASS,False,,,
B_route_08,38,27,J2J3A,PASS,False,,,
B_route_08,39,27,J2J3A,PASS,False,,,
B_route_08,40,27,J2J3A,PASS,False,,,
B_route_08,41,27,J2J3A,PASS,False,,,
B_route_08,42,27,J2J3A,PASS,False,,,
B_route_08,43,27,J2J3A,PASS,False,,,
B_route_08,44,27,J2J3A,PASS,False,,,
B_route_08,45,27,J2J3A,PASS,False,,,
B_route_08,46,27,J2J3A,PASS,False,,,
B_route_08,47,27,J2J3A,PASS,False,,,
B_route_08,48,27,J2J3A,PASS,False,,,
B_route_08,49,27,J2J3A,PASS,False,,,
B_route_08,0,28,J3CB,PASS,False,,,
B_route_08,1,28,J3CB,PASS,False,,,
B_route_08,2,28,J3CB,PASS,False,,,
B_route_08,3,28,J3CB,PASS,False,,,
B_route_08,4,28,J3CB,PASS,False,,,
B_route_08,5,28,J3CB,PASS,False,,,
B_route_08,6,28,J3CB,PASS,False,,,
B_route_08,7,28,J3CB,PASS,False,,,
B_route_08,8,28,J3CB,PASS,False,,,
B_route_08,9,28,J3CB,PASS,False,,,
B_route_08,10,28,J3CB,PASS,False,,,
B_route_08,11,28,J3CB,PASS,False,,,
B_route_08,12,28,J3CB,PASS,False,,,
B_route_08,13,28,J3CB,PASS,False,,,
B_route_08,14,28,J3CB,PASS,False,,,
B_route_08,15,28,J3CB,PASS,False,,,
B_route_08,16,28,J3CB,PASS,False,,,
B_route_08,17,28,J3CB,PASS,False,,,
B_route_08,18,28,J3CB,PASS,False,,,
B_route_08,19,28,J3CB,PASS,False,,,
B_route_08,20,28,J3CB,PASS,False,,,
B_route_08,21,28,J3CB,PASS,False,,,
B_route_08,22,28,J3CB,PASS,False,,,
B_route_08,23,28,J3CB,PASS,False,,,
B_route_08,24,28,J3CB,PASS,False,,,
B_route_08,25,28,J3CB,PASS,False,,,
B_route_08,26,28,J3CB,PASS,False,,,
B_route_08,27,28,J3CB,PASS,False,,,
B_route_08,28,28,J3CB,PASS,False,,,
B_route_08,29,28,J3CB,PASS,False,,,
B_route_08,30,28,J3CB,PASS,False,,,
B_route_08,31,28,J3CB,PASS,False,,,
B_route_08,32,28,J3CB,PASS,False,,,
B_route_08,33,28,J3CB,PASS,False,,,
B_route_08,34,28,J3CB,PASS,False,,,
B_route_08,35,28,J3CB,PASS,False,,,
B_route_08,36,28,J3CB,PASS,False,,,
B_route_08,37,28,J3CB,PASS,False,,,
B_route_08,38,28,J3CB,PASS,False,,,
B_route_08,39,28,J3CB,PASS,False,,,
B_route_08,40,28,J3CB,PASS,False,,,
B_route_08,41,28,J3CB,PASS,False,,,
B_route_08,42,28,J3CB,PASS,False,,,
B_route_08,43,28,J3CB,PASS,False,,,
B_route_08,44,28,J3CB,PASS,False,,,
B_route_08,45,28,J3CB,PASS,False,,,
B_route_08,46,28,J3CB,PASS,False,,,
B_route_08,47,28,J3CB,PASS,False,,,
B_route_08,48,28,J3CB,PASS,False,,,
B_route_08,49,28,J3CB,PASS,False,,,
B_route_08,0,29,J3CJ2,PASS,False,,,
B_route_08,1,29,J3CJ2,PASS,False,,,
B_route_08,2,29,J3CJ2,PASS,False,,,
B_route_08,3,29,J3CJ2,PASS,False,,,
B_route_08,4,29,J3CJ2,PASS,False,,,
B_route_08,5,29,J3CJ2,PASS,False,,,
B_route_08,6,29,J3CJ2,PASS,False,,,
B_route_08,7,29,J3CJ2,PASS,False,,,
B_route_08,8,29,J3CJ2,PASS,False,,,
B_route_08,9,29,J3CJ2,PASS,False,,,
B_route_08,10,29,J3CJ2,PASS,False,,,
B_route_08,11,29,J3CJ2,PASS,False,,,
B_route_08,12,29,J3CJ2,PASS,False,,,
B_route_08,13,29,J3CJ2,PASS,False,,,
B_route_08,14,29,J3CJ2,PASS,False,,,
B_route_08,15,29,J3CJ2,PASS,False,,,
B_route_08,16,29,J3CJ2,PASS,False,,,
B_route_08,17,29,J3CJ2,PASS,False,,,
B_route_08,18,29,J3CJ2,PASS,False,,,
B_route_08,19,29,J3CJ2,PASS,False,,,
B_route_08,20,29,J3CJ2,PASS,False,,,
B_route_08,21,29,J3CJ2,PASS,False,,,
B_route_08,22,29,J3CJ2,PASS,False,,,
B_route_08,23,29,J3CJ2,PASS,False,,,
B_route_08,24,29,J3CJ2,PASS,False,,,
B_route_08,25,29,J3CJ2,PASS,False,,,
B_route_08,26,29,J3CJ2,PASS,False,,,
B_route_08,27,29,J3CJ2,PASS,False,,,
B_route_08,28,29,J3CJ2,PASS,False,,,
B_route_08,29,29,J3CJ2,PASS,False,,,
B_route_08,30,29,J3CJ2,PASS,False,,,
B_route_08,31,29,J3CJ2,PASS,False,,,
B_route_08,32,29,J3CJ2,PASS,False,,,
B_route_08,33,29,J3CJ2,PASS,False,,,
B_route_08,34,29,J3CJ2,PASS,False,,,
B_route_08,35,29,J3CJ2,PASS,False,,,
B_route_08,36,29,J3CJ2,PASS,False,,,
B_route_08,37,29,J3CJ2,PASS,False,,,
B_route_08,38,29,J3CJ2,PASS,False,,,
B_route_08,39,29,J3CJ2,PASS,False,,,
B_route_08,40,29,J3CJ2,PASS,False,,,
B_route_08,41,29,J3CJ2,PASS,False,,,
B_route_08,42,29,J3CJ2,PASS,False,,,
B_route_08,43,29,J3CJ2,PASS,False,,,
B_route_08,44,29,J3CJ2,PASS,False,,,
B_route_08,45,29,J3CJ2,PASS,False,,,
B_route_08,46,29,J3CJ2,PASS,False,,,
B_route_08,47,29,J3CJ2,PASS,False,,,
B_route_08,48,29,J3CJ2,PASS,False,,,
B_route_08,49,29,J3CJ2,PASS,False,,,
B_route_08,0,30,J3CA,PASS,False,,,
B_route_08,1,30,J3CA,PASS,False,,,
B_route_08,2,30,J3CA,PASS,False,,,
B_route_08,3,30,J3CA,PASS,False,,,
B_route_08,4,30,J3CA,PASS,False,,,
B_route_08,5,30,J3CA,PASS,False,,,
B_route_08,6,30,J3CA,PASS,False,,,
B_route_08,7,30,J3CA,PASS,False,,,
B_route_08,8,30,J3CA,PASS,False,,,
B_route_08,9,30,J3CA,PASS,False,,,
B_route_08,10,30,J3CA,PASS,False,,,
B_route_08,11,30,J3CA,PASS,False,,,
B_route_08,12,30,J3CA,PASS,False,,,
B_route_08,13,30,J3CA,PASS,False,,,
B_route_08,14,30,J3CA,PASS,False,,,
B_route_08,15,30,J3CA,PASS,False,,,
B_route_08,16,30,J3CA,PASS,False,,,
B_route_08,17,30,J3CA,PASS,False,,,
B_route_08,18,30,J3CA,PASS,False,,,
B_route_08,19,30,J3CA,PASS,False,,,
B_route_08,20,30,J3CA,PASS,False,,,
B_route_08,21,30,J3CA,PASS,False,,,
B_route_08,22,30,J3CA,PASS,False,,,
B_route_08,23,30,J3CA,PASS,False,,,
B_route_08,24,30,J3CA,PASS,False,,,
B_route_08,25,30,J3CA,PASS,False,,,
B_route_08,26,30,J3CA,PASS,False,,,
B_route_08,27,30,J3CA,PASS,False,,,
B_route_08,28,30,J3CA,PASS,False,,,
B_route_08,29,30,J3CA,PASS,False,,,
B_route_08,30,30,J3CA,PASS,False,,,
B_route_08,31,30,J3CA,PASS,False,,,
B_route_08,32,30,J3CA,PASS,False,,,
B_route_08,33,30,J3CA,PASS,False,,,
B_route_08,34,30,J3CA,PASS,False,,,
B_route_08,35,30,J3CA,PASS,False,,,
B_route_08,36,30,J3CA,PASS,False,,,
B_route_08,37,30,J3CA,PASS,False,,,
B_route_08,38,30,J3CA,PASS,False,,,
B_route_08,39,30,J3CA,PASS,False,,,
B_route_08,40,30,J3CA,PASS,False,,,
B_route_08,41,30,J3CA,PASS,False,,,
B_route_08,42,30,J3CA,PASS,False,,,
B_route_08,43,30,J3CA,PASS,False,,,
B_route_08,44,30,J3CA,PASS,False,,,
B_route_08,45,30,J3CA,PASS,False,,,
B_route_08,46,30,J3CA,PASS,False,,,
B_route_08,47,30,J3CA,PASS,False,,,
B_route_08,48,30,J3CA,PASS,False,,,
B_route_08,49,30,J3CA,PASS,False,,,
B_route_08,0,31,J3J1B,PASS,False,,,
B_route_08,1,31,J3J1B,PASS,False,,,
B_route_08,2,31,J3J1B,PASS,False,,,
B_route_08,3,31,J3J1B,PASS,False,,,
B_route_08,4,31,J3J1B,PASS,False,,,
B_route_08,5,31,J3J1B,PASS,False,,,
B_route_08,6,31,J3J1B,PASS,False,,,
B_route_08,7,31,J3J1B,PASS,False,,,
B_route_08,8,31,J3J1B,PASS,False,,,
B_route_08,9,31,J3J1B,PASS,False,,,
B_route_08,10,31,J3J1B,PASS,False,,,
B_route_08,11,31,J3J1B,PASS,False,,,
B_route_08,12,31,J3J1B,PASS,False,,,
B_route_08,13,31,J3J1B,PASS,False,,,
B_route_08,14,31,J3J1B,PASS,False,,,
B_route_08,15,31,J3J1B,PASS,False,,,
B_route_08,16,31,J3J1B,PASS,False,,,
B_route_08,17,31,J3J1B,PASS,False,,,
B_route_08,18,31,J3J1B,PASS,False,,,
B_route_08,19,31,J3J1B,PASS,False,,,
B_route_08,20,31,J3J1B,PASS,False,,,
B_route_08,21,31,J3J1B,PASS,False,,,
B_route_08,22,31,J3J1B,PASS,False,,,
B_route_08,23,31,J3J1B,PASS,False,,,
B_route_08,24,31,J3J1B,PASS,False,,,
B_route_08,25,31,J3J1B,PASS,False,,,
B_route_08,26,31,J3J1B,PASS,False,,,
B_route_08,27,31,J3J1B,PASS,False,,,
B_route_08,28,31,J3J1B,PASS,False,,,
B_route_08,29,31,J3J1B,PASS,False,,,
B_route_08,30,31,J3J1B,PASS,False,,,
B_route_08,31,31,J3J1B,PASS,False,,,
B_route_08,32,31,J3J1B,PASS,False,,,
B_route_08,33,31,J3J1B,PASS,False,,,
B_route_08,34,31,J3J1B,PASS,False,,,
B_route_08,35,31,J3J1B,PASS,False,,,
B_route_08,36,31,J3J1B,PASS,False,,,
B_route_08,37,31,J3J1B,PASS,False,,,
B_route_08,38,31,J3J1B,PASS,False,,,
B_route_08,39,31,J3J1B,PASS,False,,,
B_route_08,40,31,J3J1B,PASS,False,,,
B_route_08,41,31,J3J1B,PASS,False,,,
B_route_08,42,31,J3J1B,PASS,False,,,
B_route_08,43,31,J3J1B,PASS,False,,,
B_route_08,44,31,J3J1B,PASS,False,,,
B_route_08,45,31,J3J1B,PASS,False,,,
B_route_08,46,31,J3J1B,PASS,False,,,
B_route_08,47,31,J3J1B,PASS,False,,,
B_route_08,48,31,J3J1B,PASS,False,,,
B_route_08,49,31,J3J1B,PASS,False,,,
B_route_08,0,32,J3J1A,PASS,False,,,
B_route_08,1,32,J3J1A,PASS,False,,,
B_route_08,2,32,J3J1A,PASS,False,,,
B_route_08,3,32,J3J1A,PASS,False,,,
B_route_08,4,32,J3J1A,PASS,False,,,
B_route_08,5,32,J3J1A,PASS,False,,,
B_route_08,6,32,J3J1A,PASS,False,,,
B_route_08,7,32,J3J1A,PASS,False,,,
B_route_08,8,32,J3J1A,PASS,False,,,
B_route_08,9,32,J3J1A,PASS,False,,,
B_route_08,10,32,J3J1A,PASS,False,,,
B_route_08,11,32,J3J1A,PASS,False,,,
B_route_08,12,32,J3J1A,PASS,False,,,
B_route_08,13,32,J3J1A,PASS,False,,,
B_route_08,14,32,J3J1A,PASS,False,,,
B_route_08,15,32,J3J1A,PASS,False,,,
B_route_08,16,32,J3J1A,PASS,False,,,
B_route_08,17,32,J3J1A,PASS,False,,,
B_route_08,18,32,J3J1A,PASS,False,,,
B_route_08,19,32,J3J1A,PASS,False,,,
B_route_08,20,32,J3J1A,PASS,False,,,
B_route_08,21,32,J3J1A,PASS,False,,,
B_route_08,22,32,J3J1A,PASS,False,,,
B_route_08,23,32,J3J1A,PASS,False,,,
B_route_08,24,32,J3J1A,PASS,False,,,
B_route_08,25,32,J3J1A,PASS,False,,,
B_route_08,26,32,J3J1A,PASS,False,,,
B_route_08,27,32,J3J1A,PASS,False,,,
B_route_08,28,32,J3J1A,PASS,False,,,
B_route_08,29,32,J3J1A,PASS,False,,,
B_route_08,30,32,J3J1A,PASS,False,,,
B_route_08,31,32,J3J1A,PASS,False,,,
B_route_08,32,32,J3J1A,PASS,False,,,
B_route_08,33,32,J3J1A,PASS,False,,,
B_route_08,34,32,J3J1A,PASS,False,,,
B_route_08,35,32,J3J1A,PASS,False,,,
B_route_08,36,32,J3J1A,PASS,False,,,
B_route_08,37,32,J3J1A,PASS,False,,,
B_route_08,38,32,J3J1A,PASS,False,,,
B_route_08,39,32,J3J1A,PASS,False,,,
B_route_08,40,32,J3J1A,PASS,False,,,
B_route_08,41,32,J3J1A,PASS,False,,,
B_route_08,42,32,J3J1A,PASS,False,,,
B_route_08,43,32,J3J1A,PASS,False,,,
B_route_08,44,32,J3J1A,PASS,False,,,
B_route_08,45,32,J3J1A,PASS,False,,,
B_route_08,46,32,J3J1A,PASS,False,,,
B_route_08,47,32,J3J1A,PASS,False,,,
B_route_08,48,32,J3J1A,PASS,False,,,
B_route_08,49,32,J3J1A,PASS,False,,,
B_route_08,0,33,J3J3B,PASS,False,,,
B_route_08,1,33,J3J3B,PASS,False,,,
B_route_08,2,33,J3J3B,PASS,False,,,
B_route_08,3,33,J3J3B,PASS,False,,,
B_route_08,4,33,J3J3B,PASS,False,,,
B_route_08,5,33,J3J3B,PASS,False,,,
B_route_08,6,33,J3J3B,PASS,False,,,
B_route_08,7,33,J3J3B,PASS,False,,,
B_route_08,8,33,J3J3B,PASS,False,,,
B_route_08,9,33,J3J3B,PASS,False,,,
B_route_08,10,33,J3J3B,PASS,False,,,
B_route_08,11,33,J3J3B,PASS,False,,,
B_route_08,12,33,J3J3B,PASS,False,,,
B_route_08,13,33,J3J3B,PASS,False,,,
B_route_08,14,33,J3J3B,PASS,False,,,
B_route_08,15,33,J3J3B,PASS,False,,,
B_route_08,16,33,J3J3B,PASS,False,,,
B_route_08,17,33,J3J3B,PASS,False,,,
B_route_08,18,33,J3J3B,PASS,False,,,
B_route_08,19,33,J3J3B,PASS,False,,,
B_route_08,20,33,J3J3B,PASS,False,,,
B_route_08,21,33,J3J3B,PASS,False,,,
B_route_08,22,33,J3J3B,PASS,False,,,
B_route_08,23,33,J3J3B,PASS,False,,,
B_route_08,24,33,J3J3B,PASS,False,,,
B_route_08,25,33,J3J3B,PASS,False,,,
B_route_08,26,33,J3J3B,PASS,False,,,
B_route_08,27,33,J3J3B,PASS,False,,,
B_route_08,28,33,J3J3B,PASS,False,,,
B_route_08,29,33,J3J3B,PASS,False,,,
B_route_08,30,33,J3J3B,PASS,False,,,
B_route_08,31,33,J3J3B,PASS,False,,,
B_route_08,32,33,J3J3B,PASS,False,,,
B_route_08,33,33,J3J3B,PASS,False,,,
B_route_08,34,33,J3J3B,PASS,False,,,
B_route_08,35,33,J3J3B,PASS,False,,,
B_route_08,36,33,J3J3B,PASS,False,,,
B_route_08,37,33,J3J3B,PASS,False,,,
B_route_08,38,33,J3J3B,PASS,False,,,
B_route_08,39,33,J3J3B,PASS,False,,,
B_route_08,40,33,J3J3B,PASS,False,,,
B_route_08,41,33,J3J3B,PASS,False,,,
B_route_08,42,33,J3J3B,PASS,False,,,
B_route_08,43,33,J3J3B,PASS,False,,,
B_route_08,44,33,J3J3B,PASS,False,,,
B_route_08,45,33,J3J3B,PASS,False,,,
B_route_08,46,33,J3J3B,PASS,False,,,
B_route_08,47,33,J3J3B,PASS,False,,,
B_route_08,48,33,J3J3B,PASS,False,,,
B_route_08,49,33,J3J3B,PASS,False,,,
B_route_08,0,34,J3J3A,PASS,False,,,
B_route_08,1,34,J3J3A,PASS,False,,,
B_route_08,2,34,J3J3A,PASS,False,,,
B_route_08,3,34,J3J3A,PASS,False,,,
B_route_08,4,34,J3J3A,PASS,False,,,
B_route_08,5,34,J3J3A,PASS,False,,,
B_route_08,6,34,J3J3A,PASS,False,,,
B_route_08,7,34,J3J3A,PASS,False,,,
B_route_08,8,34,J3J3A,PASS,False,,,
B_route_08,9,34,J3J3A,PASS,False,,,
B_route_08,10,34,J3J3A,PASS,False,,,
B_route_08,11,34,J3J3A,PASS,False,,,
B_route_08,12,34,J3J3A,PASS,False,,,
B_route_08,13,34,J3J3A,PASS,False,,,
B_route_08,14,34,J3J3A,PASS,False,,,
B_route_08,15,34,J3J3A,PASS,False,,,
B_route_08,16,34,J3J3A,PASS,False,,,
B_route_08,17,34,J3J3A,PASS,False,,,
B_route_08,18,34,J3J3A,PASS,False,,,
B_route_08,19,34,J3J3A,PASS,False,,,
B_route_08,20,34,J3J3A,PASS,False,,,
B_route_08,21,34,J3J3A,PASS,False,,,
B_route_08,22,34,J3J3A,PASS,False,,,
B_route_08,23,34,J3J3A,PASS,False,,,
B_route_08,24,34,J3J3A,PASS,False,,,
B_route_08,25,34,J3J3A,PASS,False,,,
B_route_08,26,34,J3J3A,PASS,False,,,
B_route_08,27,34,J3J3A,PASS,False,,,
B_route_08,28,34,J3J3A,PASS,False,,,
B_route_08,29,34,J3J3A,PASS,False,,,
B_route_08,30,34,J3J3A,PASS,False,,,
B_route_08,31,34,J3J3A,PASS,False,,,
B_route_08,32,34,J3J3A,PASS,False,,,
B_route_08,33,34,J3J3A,PASS,False,,,
B_route_08,34,34,J3J3A,PASS,False,,,
B_route_08,35,34,J3J3A,PASS,False,,,
B_route_08,36,34,J3J3A,PASS,False,,,
B_route_08,37,34,J3J3A,PASS,False,,,
B_route_08,38,34,J3J3A,PASS,False,,,
B_route_08,39,34,J3J3A,PASS,False,,,
B_route_08,40,34,J3J3A,PASS,False,,,
B_route_08,41,34,J3J3A,PASS,False,,,
B_route_08,42,34,J3J3A,PASS,False,,,
B_route_08,43,34,J3J3A,PASS,False,,,
B_route_08,44,34,J3J3A,PASS,False,,,
B_route_08,45,34,J3J3A,PASS,False,,,
B_route_08,46,34,J3J3A,PASS,False,,,
B_route_08,47,34,J3J3A,PASS,False,,,
B_route_08,48,34,J3J3A,PASS,False,,,
B_route_08,49,34,J3J3A,PASS,False,,,
bottom_loop_left,0,0,ACB,PASS,False,,,
bottom_loop_left,1,0,ACB,PASS,False,,,
bottom_loop_left,2,0,ACB,PASS,False,,,
bottom_loop_left,3,0,ACB,PASS,False,,,
bottom_loop_left,4,0,ACB,PASS,False,,,
bottom_loop_left,5,0,ACB,PASS,False,,,
bottom_loop_left,6,0,ACB,PASS,False,,,
bottom_loop_left,7,0,ACB,PASS,False,,,
bottom_loop_left,8,0,ACB,PASS,False,,,
bottom_loop_left,9,0,ACB,PASS,False,,,
bottom_loop_left,10,0,ACB,PASS,False,,,
bottom_loop_left,11,0,ACB,PASS,False,,,
bottom_loop_left,12,0,ACB,PASS,False,,,
bottom_loop_left,13,0,ACB,PASS,False,,,
bottom_loop_left,14,0,ACB,PASS,False,,,
bottom_loop_left,15,0,ACB,PASS,False,,,
bottom_loop_left,16,0,ACB,PASS,False,,,
bottom_loop_left,17,0,ACB,PASS,False,,,
bottom_loop_left,18,0,ACB,PASS,False,,,
bottom_loop_left,19,0,ACB,PASS,False,,,
bottom_loop_left,20,0,ACB,PASS,False,,,
bottom_loop_left,21,0,ACB,PASS,False,,,
bottom_loop_left,22,0,ACB,PASS,False,,,
bottom_loop_left,23,0,ACB,PASS,False,,,
bottom_loop_left,24,0,ACB,PASS,False,,,
bottom_loop_left,25,0,ACB,PASS,False,,,
bottom_loop_left,26,0,ACB,PASS,False,,,
bottom_loop_left,27,0,ACB,PASS,False,,,
bottom_loop_left,28,0,ACB,PASS,False,,,
bottom_loop_left,29,0,ACB,PASS,False,,,
bottom_loop_left,30,0,ACB,PASS,False,,,
bottom_loop_left,31,0,ACB,PASS,False,,,
bottom_loop_left,32,0,ACB,PASS,False,,,
bottom_loop_left,33,0,ACB,PASS,False,,,
bottom_loop_left,34,0,ACB,PASS,False,,,
bottom_loop_left,35,0,ACB,PASS,False,,,
bottom_loop_left,36,0,ACB,PASS,False,,,
bottom_loop_left,37,0,ACB,PASS,False,,,
bottom_loop_left,38,0,ACB,PASS,False,,,
bottom_loop_left,39,0,ACB,PASS,False,,,
bottom_loop_left,40,0,ACB,PASS,False,,,
bottom_loop_left,41,0,ACB,PASS,False,,,
bottom_loop_left,42,0,ACB,PASS,False,,,
bottom_loop_left,43,0,ACB,PASS,False,,,
bottom_loop_left,44,0,ACB,PASS,False,,,
bottom_loop_left,45,0,ACB,PASS,False,,,
bottom_loop_left,46,0,ACB,PASS,False,,,
bottom_loop_left,47,0,ACB,PASS,False,,,
bottom_loop_left,48,0,ACB,PASS,False,,,
bottom_loop_left,49,0,ACB,PASS,False,,,
bottom_loop_left,0,1,ACJ1,PASS,False,,,
bottom_loop_left,1,1,ACJ1,PASS,False,,,
bottom_loop_left,2,1,ACJ1,PASS,False,,,
bottom_loop_left,3,1,ACJ1,PASS,False,,,
bottom_loop_left,4,1,ACJ1,PASS,False,,,
bottom_loop_left,5,1,ACJ1,PASS,False,,,
bottom_loop_left,6,1,ACJ1,PASS,False,,,
bottom_loop_left,7,1,ACJ1,PASS,False,,,
bottom_loop_left,8,1,ACJ1,PASS,False,,,
bottom_loop_left,9,1,ACJ1,PASS,False,,,
bottom_loop_left,10,1,ACJ1,PASS,False,,,
bottom_loop_left,11,1,ACJ1,PASS,False,,,
bottom_loop_left,12,1,ACJ1,PASS,False,,,
bottom_loop_left,13,1,ACJ1,PASS,False,,,
bottom_loop_left,14,1,ACJ1,PASS,False,,,
bottom_loop_left,15,1,ACJ1,PASS,False,,,
bottom_loop_left,16,1,ACJ1,PASS,False,,,
bottom_loop_left,17,1,ACJ1,PASS,False,,,
bottom_loop_left,18,1,ACJ1,PASS,False,,,
bottom_loop_left,19,1,ACJ1,PASS,False,,,
bottom_loop_left,20,1,ACJ1,PASS,False,,,
bottom_loop_left,21,1,ACJ1,PASS,False,,,
bottom_loop_left,22,1,ACJ1,PASS,False,,,
bottom_loop_left,23,1,ACJ1,PASS,False,,,
bottom_loop_left,24,1,ACJ1,PASS,False,,,
bottom_loop_left,25,1,ACJ1,PASS,False,,,
bottom_loop_left,26,1,ACJ1,PASS,False,,,
bottom_loop_left,27,1,ACJ1,PASS,False,,,
bottom_loop_left,28,1,ACJ1,PASS,False,,,
bottom_loop_left,29,1,ACJ1,PASS,False,,,
bottom_loop_left,30,1,ACJ1,PASS,False,,,
bottom_loop_left,31,1,ACJ1,PASS,False,,,
bottom_loop_left,32,1,ACJ1,PASS,False,,,
bottom_loop_left,33,1,ACJ1,PASS,False,,,
bottom_loop_left,34,1,ACJ1,PASS,False,,,
bottom_loop_left,35,1,ACJ1,PASS,False,,,
bottom_loop_left,36,1,ACJ1,PASS,False,,,
bottom_loop_left,37,1,ACJ1,PASS,False,,,
bottom_loop_left,38,1,ACJ1,PASS,False,,,
bottom_loop_left,39,1,ACJ1,PASS,False,,,
bottom_loop_left,40,1,ACJ1,PASS,False,,,
bottom_loop_left,41,1,ACJ1,PASS,False,,,
bottom_loop_left,42,1,ACJ1,PASS,False,,,
bottom_loop_left,43,1,ACJ1,PASS,False,,,
bottom_loop_left,44,1,ACJ1,PASS,False,,,
bottom_loop_left,45,1,ACJ1,PASS,False,,,
bottom_loop_left,46,1,ACJ1,PASS,False,,,
bottom_loop_left,47,1,ACJ1,PASS,False,,,
bottom_loop_left,48,1,ACJ1,PASS,False,,,
bottom_loop_left,49,1,ACJ1,PASS,False,,,
bottom_loop_left,0,2,ACJ2,PASS,False,,,
bottom_loop_left,1,2,ACJ2,PASS,False,,,
bottom_loop_left,2,2,ACJ2,PASS,False,,,
bottom_loop_left,3,2,ACJ2,PASS,False,,,
bottom_loop_left,4,2,ACJ2,PASS,False,,,
bottom_loop_left,5,2,ACJ2,PASS,False,,,
bottom_loop_left,6,2,ACJ2,PASS,False,,,
bottom_loop_left,7,2,ACJ2,PASS,False,,,
bottom_loop_left,8,2,ACJ2,PASS,False,,,
bottom_loop_left,9,2,ACJ2,PASS,False,,,
bottom_loop_left,10,2,ACJ2,PASS,False,,,
bottom_loop_left,11,2,ACJ2,PASS,False,,,
bottom_loop_left,12,2,ACJ2,PASS,False,,,
bottom_loop_left,13,2,ACJ2,PASS,False,,,
bottom_loop_left,14,2,ACJ2,PASS,False,,,
bottom_loop_left,15,2,ACJ2,PASS,False,,,
bottom_loop_left,16,2,ACJ2,PASS,False,,,
bottom_loop_left,17,2,ACJ2,FAIL,True,45560,RuntimeError,Could not switch the geometry. | The following agents would be outside of the new geometry: 45560 | 
bottom_loop_left,18,2,ACJ2,PASS,False,,,
bottom_loop_left,19,2,ACJ2,PASS,False,,,
bottom_loop_left,20,2,ACJ2,FAIL,True,46241,RuntimeError,Could not switch the geometry. | The following agents would be outside of the new geometry: 46241 | 
bottom_loop_left,21,2,ACJ2,PASS,False,,,
bottom_loop_left,22,2,ACJ2,PASS,False,,,
bottom_loop_left,23,2,ACJ2,PASS,False,,,
bottom_loop_left,24,2,ACJ2,PASS,False,,,
bottom_loop_left,25,2,ACJ2,PASS,False,,,
bottom_loop_left,26,2,ACJ2,PASS,False,,,
bottom_loop_left,27,2,ACJ2,PASS,False,,,
bottom_loop_left,28,2,ACJ2,PASS,False,,,
bottom_loop_left,29,2,ACJ2,PASS,False,,,
bottom_loop_left,30,2,ACJ2,PASS,False,,,
bottom_loop_left,31,2,ACJ2,PASS,False,,,
bottom_loop_left,32,2,ACJ2,PASS,False,,,
bottom_loop_left,33,2,ACJ2,PASS,False,,,
bottom_loop_left,34,2,ACJ2,PASS,False,,,
bottom_loop_left,35,2,ACJ2,PASS,False,,,
bottom_loop_left,36,2,ACJ2,PASS,False,,,
bottom_loop_left,37,2,ACJ2,PASS,False,,,
bottom_loop_left,38,2,ACJ2,PASS,False,,,
bottom_loop_left,39,2,ACJ2,PASS,False,,,
bottom_loop_left,40,2,ACJ2,PASS,False,,,
bottom_loop_left,41,2,ACJ2,PASS,False,,,
bottom_loop_left,42,2,ACJ2,PASS,False,,,
bottom_loop_left,43,2,ACJ2,PASS,False,,,
bottom_loop_left,44,2,ACJ2,PASS,False,,,
bottom_loop_left,45,2,ACJ2,PASS,False,,,
bottom_loop_left,46,2,ACJ2,PASS,False,,,
bottom_loop_left,47,2,ACJ2,PASS,False,,,
bottom_loop_left,48,2,ACJ2,PASS,False,,,
bottom_loop_left,49,2,ACJ2,PASS,False,,,
bottom_loop_left,0,3,ACA,PASS,False,,,
bottom_loop_left,1,3,ACA,PASS,False,,,
bottom_loop_left,2,3,ACA,PASS,False,,,
bottom_loop_left,3,3,ACA,PASS,False,,,
bottom_loop_left,4,3,ACA,PASS,False,,,
bottom_loop_left,5,3,ACA,PASS,False,,,
bottom_loop_left,6,3,ACA,PASS,False,,,
bottom_loop_left,7,3,ACA,PASS,False,,,
bottom_loop_left,8,3,ACA,PASS,False,,,
bottom_loop_left,9,3,ACA,PASS,False,,,
bottom_loop_left,10,3,ACA,PASS,False,,,
bottom_loop_left,11,3,ACA,PASS,False,,,
bottom_loop_left,12,3,ACA,PASS,False,,,
bottom_loop_left,13,3,ACA,PASS,False,,,
bottom_loop_left,14,3,ACA,PASS,False,,,
bottom_loop_left,15,3,ACA,PASS,False,,,
bottom_loop_left,16,3,ACA,PASS,False,,,
bottom_loop_left,17,3,ACA,PASS,False,,,
bottom_loop_left,18,3,ACA,PASS,False,,,
bottom_loop_left,19,3,ACA,PASS,False,,,
bottom_loop_left,20,3,ACA,PASS,False,,,
bottom_loop_left,21,3,ACA,PASS,False,,,
bottom_loop_left,22,3,ACA,PASS,False,,,
bottom_loop_left,23,3,ACA,PASS,False,,,
bottom_loop_left,24,3,ACA,PASS,False,,,
bottom_loop_left,25,3,ACA,PASS,False,,,
bottom_loop_left,26,3,ACA,PASS,False,,,
bottom_loop_left,27,3,ACA,PASS,False,,,
bottom_loop_left,28,3,ACA,PASS,False,,,
bottom_loop_left,29,3,ACA,PASS,False,,,
bottom_loop_left,30,3,ACA,PASS,False,,,
bottom_loop_left,31,3,ACA,PASS,False,,,
bottom_loop_left,32,3,ACA,PASS,False,,,
bottom_loop_left,33,3,ACA,PASS,False,,,
bottom_loop_left,34,3,ACA,PASS,False,,,
bottom_loop_left,35,3,ACA,PASS,False,,,
bottom_loop_left,36,3,ACA,PASS,False,,,
bottom_loop_left,37,3,ACA,PASS,False,,,
bottom_loop_left,38,3,ACA,PASS,False,,,
bottom_loop_left,39,3,ACA,PASS,False,,,
bottom_loop_left,40,3,ACA,PASS,False,,,
bottom_loop_left,41,3,ACA,PASS,False,,,
bottom_loop_left,42,3,ACA,PASS,False,,,
bottom_loop_left,43,3,ACA,PASS,False,,,
bottom_loop_left,44,3,ACA,PASS,False,,,
bottom_loop_left,45,3,ACA,PASS,False,,,
bottom_loop_left,46,3,ACA,PASS,False,,,
bottom_loop_left,47,3,ACA,PASS,False,,,
bottom_loop_left,48,3,ACA,PASS,False,,,
bottom_loop_left,49,3,ACA,PASS,False,,,
bottom_loop_left,0,4,AJ1B,PASS,False,,,
bottom_loop_left,1,4,AJ1B,PASS,False,,,
bottom_loop_left,2,4,AJ1B,PASS,False,,,
bottom_loop_left,3,4,AJ1B,PASS,False,,,
bottom_loop_left,4,4,AJ1B,PASS,False,,,
bottom_loop_left,5,4,AJ1B,PASS,False,,,
bottom_loop_left,6,4,AJ1B,PASS,False,,,
bottom_loop_left,7,4,AJ1B,PASS,False,,,
bottom_loop_left,8,4,AJ1B,PASS,False,,,
bottom_loop_left,9,4,AJ1B,PASS,False,,,
bottom_loop_left,10,4,AJ1B,PASS,False,,,
bottom_loop_left,11,4,AJ1B,PASS,False,,,
bottom_loop_left,12,4,AJ1B,PASS,False,,,
bottom_loop_left,13,4,AJ1B,PASS,False,,,
bottom_loop_left,14,4,AJ1B,PASS,False,,,
bottom_loop_left,15,4,AJ1B,PASS,False,,,
bottom_loop_left,16,4,AJ1B,PASS,False,,,
bottom_loop_left,17,4,AJ1B,PASS,False,,,
bottom_loop_left,18,4,AJ1B,PASS,False,,,
bottom_loop_left,19,4,AJ1B,PASS,False,,,
bottom_loop_left,20,4,AJ1B,PASS,False,,,
bottom_loop_left,21,4,AJ1B,PASS,False,,,
bottom_loop_left,22,4,AJ1B,PASS,False,,,
bottom_loop_left,23,4,AJ1B,PASS,False,,,
bottom_loop_left,24,4,AJ1B,PASS,False,,,
bottom_loop_left,25,4,AJ1B,PASS,False,,,
bottom_loop_left,26,4,AJ1B,PASS,False,,,
bottom_loop_left,27,4,AJ1B,PASS,False,,,
bottom_loop_left,28,4,AJ1B,PASS,False,,,
bottom_loop_left,29,4,AJ1B,PASS,False,,,
bottom_loop_left,30,4,AJ1B,PASS,False,,,
bottom_loop_left,31,4,AJ1B,PASS,False,,,
bottom_loop_left,32,4,AJ1B,PASS,False,,,
bottom_loop_left,33,4,AJ1B,PASS,False,,,
bottom_loop_left,34,4,AJ1B,PASS,False,,,
bottom_loop_left,35,4,AJ1B,PASS,False,,,
bottom_loop_left,36,4,AJ1B,PASS,False,,,
bottom_loop_left,37,4,AJ1B,PASS,False,,,
bottom_loop_left,38,4,AJ1B,PASS,False,,,
bottom_loop_left,39,4,AJ1B,PASS,False,,,
bottom_loop_left,40,4,AJ1B,PASS,False,,,
bottom_loop_left,41,4,AJ1B,PASS,False,,,
bottom_loop_left,42,4,AJ1B,PASS,False,,,
bottom_loop_left,43,4,AJ1B,PASS,False,,,
bottom_loop_left,44,4,AJ1B,PASS,False,,,
bottom_loop_left,45,4,AJ1B,PASS,False,,,
bottom_loop_left,46,4,AJ1B,PASS,False,,,
bottom_loop_left,47,4,AJ1B,PASS,False,,,
bottom_loop_left,48,4,AJ1B,PASS,False,,,
bottom_loop_left,49,4,AJ1B,PASS,False,,,
bottom_loop_left,0,5,AJ1J1,PASS,False,,,
bottom_loop_left,1,5,AJ1J1,PASS,False,,,
bottom_loop_left,2,5,AJ1J1,PASS,False,,,
bottom_loop_left,3,5,AJ1J1,PASS,False,,,
bottom_loop_left,4,5,AJ1J1,PASS,False,,,
bottom_loop_left,5,5,AJ1J1,PASS,False,,,
bottom_loop_left,6,5,AJ1J1,PASS,False,,,
bottom_loop_left,7,5,AJ1J1,PASS,False,,,
bottom_loop_left,8,5,AJ1J1,PASS,False,,,
bottom_loop_left,9,5,AJ1J1,PASS,False,,,
bottom_loop_left,10,5,AJ1J1,PASS,False,,,
bottom_loop_left,11,5,AJ1J1,PASS,False,,,
bottom_loop_left,12,5,AJ1J1,PASS,False,,,
bottom_loop_left,13,5,AJ1J1,PASS,False,,,
bottom_loop_left,14,5,AJ1J1,PASS,False,,,
bottom_loop_left,15,5,AJ1J1,PASS,False,,,
bottom_loop_left,16,5,AJ1J1,PASS,False,,,
bottom_loop_left,17,5,AJ1J1,PASS,False,,,
bottom_loop_left,18,5,AJ1J1,PASS,False,,,
bottom_loop_left,19,5,AJ1J1,PASS,False,,,
bottom_loop_left,20,5,AJ1J1,PASS,False,,,
bottom_loop_left,21,5,AJ1J1,PASS,False,,,
bottom_loop_left,22,5,AJ1J1,PASS,False,,,
bottom_loop_left,23,5,AJ1J1,PASS,False,,,
bottom_loop_left,24,5,AJ1J1,PASS,False,,,
bottom_loop_left,25,5,AJ1J1,PASS,False,,,
bottom_loop_left,26,5,AJ1J1,PASS,False,,,
bottom_loop_left,27,5,AJ1J1,PASS,False,,,
bottom_loop_left,28,5,AJ1J1,PASS,False,,,
bottom_loop_left,29,5,AJ1J1,PASS,False,,,
bottom_loop_left,30,5,AJ1J1,PASS,False,,,
bottom_loop_left,31,5,AJ1J1,PASS,False,,,
bottom_loop_left,32,5,AJ1J1,PASS,False,,,
bottom_loop_left,33,5,AJ1J1,PASS,False,,,
bottom_loop_left,34,5,AJ1J1,PASS,False,,,
bottom_loop_left,35,5,AJ1J1,PASS,False,,,
bottom_loop_left,36,5,AJ1J1,PASS,False,,,
bottom_loop_left,37,5,AJ1J1,PASS,False,,,
bottom_loop_left,38,5,AJ1J1,PASS,False,,,
bottom_loop_left,39,5,AJ1J1,PASS,False,,,
bottom_loop_left,40,5,AJ1J1,PASS,False,,,
bottom_loop_left,41,5,AJ1J1,PASS,False,,,
bottom_loop_left,42,5,AJ1J1,PASS,False,,,
bottom_loop_left,43,5,AJ1J1,PASS,False,,,
bottom_loop_left,44,5,AJ1J1,PASS,False,,,
bottom_loop_left,45,5,AJ1J1,PASS,False,,,
bottom_loop_left,46,5,AJ1J1,PASS,False,,,
bottom_loop_left,47,5,AJ1J1,PASS,False,,,
bottom_loop_left,48,5,AJ1J1,PASS,False,,,
bottom_loop_left,49,5,AJ1J1,PASS,False,,,
bottom_loop_left,0,6,AJ1J2,PASS,False,,,
bottom_loop_left,1,6,AJ1J2,PASS,False,,,
bottom_loop_left,2,6,AJ1J2,PASS,False,,,
bottom_loop_left,3,6,AJ1J2,PASS,False,,,
bottom_loop_left,4,6,AJ1J2,PASS,False,,,
bottom_loop_left,5,6,AJ1J2,PASS,False,,,
bottom_loop_left,6,6,AJ1J2,PASS,False,,,
bottom_loop_left,7,6,AJ1J2,PASS,False,,,
bottom_loop_left,8,6,AJ1J2,PASS,False,,,
bottom_loop_left,9,6,AJ1J2,PASS,False,,,
bottom_loop_left,10,6,AJ1J2,PASS,False,,,
bottom_loop_left,11,6,AJ1J2,PASS,False,,,
bottom_loop_left,12,6,AJ1J2,PASS,False,,,
bottom_loop_left,13,6,AJ1J2,PASS,False,,,
bottom_loop_left,14,6,AJ1J2,PASS,False,,,
bottom_loop_left,15,6,AJ1J2,PASS,False,,,
bottom_loop_left,16,6,AJ1J2,PASS,False,,,
bottom_loop_left,17,6,AJ1J2,FAIL,True,48500,RuntimeError,Could not switch the geometry. | The following agents would be outside of the new geometry: 48500 | 
bottom_loop_left,18,6,AJ1J2,PASS,False,,,
bottom_loop_left,19,6,AJ1J2,PASS,False,,,
bottom_loop_left,20,6,AJ1J2,FAIL,True,48901,RuntimeError,Could not switch the geometry. | The following agents would be outside of the new geometry: 48901 | 
bottom_loop_left,21,6,AJ1J2,PASS,False,,,
bottom_loop_left,22,6,AJ1J2,PASS,False,,,
bottom_loop_left,23,6,AJ1J2,PASS,False,,,
bottom_loop_left,24,6,AJ1J2,PASS,False,,,
bottom_loop_left,25,6,AJ1J2,PASS,False,,,
bottom_loop_left,26,6,AJ1J2,PASS,False,,,
bottom_loop_left,27,6,AJ1J2,PASS,False,,,
bottom_loop_left,28,6,AJ1J2,PASS,False,,,
bottom_loop_left,29,6,AJ1J2,PASS,False,,,
bottom_loop_left,30,6,AJ1J2,PASS,False,,,
bottom_loop_left,31,6,AJ1J2,PASS,False,,,
bottom_loop_left,32,6,AJ1J2,PASS,False,,,
bottom_loop_left,33,6,AJ1J2,PASS,False,,,
bottom_loop_left,34,6,AJ1J2,PASS,False,,,
bottom_loop_left,35,6,AJ1J2,PASS,False,,,
bottom_loop_left,36,6,AJ1J2,PASS,False,,,
bottom_loop_left,37,6,AJ1J2,PASS,False,,,
bottom_loop_left,38,6,AJ1J2,PASS,False,,,
bottom_loop_left,39,6,AJ1J2,PASS,False,,,
bottom_loop_left,40,6,AJ1J2,PASS,False,,,
bottom_loop_left,41,6,AJ1J2,PASS,False,,,
bottom_loop_left,42,6,AJ1J2,PASS,False,,,
bottom_loop_left,43,6,AJ1J2,PASS,False,,,
bottom_loop_left,44,6,AJ1J2,PASS,False,,,
bottom_loop_left,45,6,AJ1J2,PASS,False,,,
bottom_loop_left,46,6,AJ1J2,PASS,False,,,
bottom_loop_left,47,6,AJ1J2,PASS,False,,,
bottom_loop_left,48,6,AJ1J2,PASS,False,,,
bottom_loop_left,49,6,AJ1J2,PASS,False,,,
bottom_loop_left,0,7,AJ1A,PASS,False,,,
bottom_loop_left,1,7,AJ1A,PASS,False,,,
bottom_loop_left,2,7,AJ1A,PASS,False,,,
bottom_loop_left,3,7,AJ1A,PASS,False,,,
bottom_loop_left,4,7,AJ1A,PASS,False,,,
bottom_loop_left,5,7,AJ1A,PASS,False,,,
bottom_loop_left,6,7,AJ1A,PASS,False,,,
bottom_loop_left,7,7,AJ1A,PASS,False,,,
bottom_loop_left,8,7,AJ1A,PASS,False,,,
bottom_loop_left,9,7,AJ1A,PASS,False,,,
bottom_loop_left,10,7,AJ1A,PASS,False,,,
bottom_loop_left,11,7,AJ1A,PASS,False,,,
bottom_loop_left,12,7,AJ1A,PASS,False,,,
bottom_loop_left,13,7,AJ1A,PASS,False,,,
bottom_loop_left,14,7,AJ1A,PASS,False,,,
bottom_loop_left,15,7,AJ1A,PASS,False,,,
bottom_loop_left,16,7,AJ1A,PASS,False,,,
bottom_loop_left,17,7,AJ1A,PASS,False,,,
bottom_loop_left,18,7,AJ1A,PASS,False,,,
bottom_loop_left,19,7,AJ1A,PASS,False,,,
bottom_loop_left,20,7,AJ1A,PASS,False,,,
bottom_loop_left,21,7,AJ1A,PASS,False,,,
bottom_loop_left,22,7,AJ1A,PASS,False,,,
bottom_loop_left,23,7,AJ1A,PASS,False,,,
bottom_loop_left,24,7,AJ1A,PASS,False,,,
bottom_loop_left,25,7,AJ1A,PASS,False,,,
bottom_loop_left,26,7,AJ1A,PASS,False,,,
bottom_loop_left,27,7,AJ1A,PASS,False,,,
bottom_loop_left,28,7,AJ1A,PASS,False,,,
bottom_loop_left,29,7,AJ1A,PASS,False,,,
bottom_loop_left,30,7,AJ1A,PASS,False,,,
bottom_loop_left,31,7,AJ1A,PASS,False,,,
bottom_loop_left,32,7,AJ1A,PASS,False,,,
bottom_loop_left,33,7,AJ1A,PASS,False,,,
bottom_loop_left,34,7,AJ1A,PASS,False,,,
bottom_loop_left,35,7,AJ1A,PASS,False,,,
bottom_loop_left,36,7,AJ1A,PASS,False,,,
bottom_loop_left,37,7,AJ1A,PASS,False,,,
bottom_loop_left,38,7,AJ1A,PASS,False,,,
bottom_loop_left,39,7,AJ1A,PASS,False,,,
bottom_loop_left,40,7,AJ1A,PASS,False,,,
bottom_loop_left,41,7,AJ1A,PASS,False,,,
bottom_loop_left,42,7,AJ1A,PASS,False,,,
bottom_loop_left,43,7,AJ1A,PASS,False,,,
bottom_loop_left,44,7,AJ1A,PASS,False,,,
bottom_loop_left,45,7,AJ1A,PASS,False,,,
bottom_loop_left,46,7,AJ1A,PASS,False,,,
bottom_loop_left,47,7,AJ1A,PASS,False,,,
bottom_loop_left,48,7,AJ1A,PASS,False,,,
bottom_loop_left,49,7,AJ1A,PASS,False,,,
bottom_loop_left,0,8,AJ3B,PASS,False,,,
bottom_loop_left,1,8,AJ3B,PASS,False,,,
bottom_loop_left,2,8,AJ3B,PASS,False,,,
bottom_loop_left,3,8,AJ3B,PASS,False,,,
bottom_loop_left,4,8,AJ3B,PASS,False,,,
bottom_loop_left,5,8,AJ3B,FAIL,True,48929,RuntimeError,Could not switch the geometry. | The following agents would be outside of the new geometry: 48929 | 
bottom_loop_left,6,8,AJ3B,PASS,False,,,
bottom_loop_left,7,8,AJ3B,PASS,False,,,
bottom_loop_left,8,8,AJ3B,PASS,False,,,
bottom_loop_left,9,8,AJ3B,PASS,False,,,
bottom_loop_left,10,8,AJ3B,PASS,False,,,
bottom_loop_left,11,8,AJ3B,PASS,False,,,
bottom_loop_left,12,8,AJ3B,PASS,False,,,
bottom_loop_left,13,8,AJ3B,PASS,False,,,
bottom_loop_left,14,8,AJ3B,PASS,False,,,
bottom_loop_left,15,8,AJ3B,PASS,False,,,
bottom_loop_left,16,8,AJ3B,PASS,False,,,
bottom_loop_left,17,8,AJ3B,PASS,False,,,
bottom_loop_left,18,8,AJ3B,PASS,False,,,
bottom_loop_left,19,8,AJ3B,PASS,False,,,
bottom_loop_left,20,8,AJ3B,PASS,False,,,
bottom_loop_left,21,8,AJ3B,PASS,False,,,
bottom_loop_left,22,8,AJ3B,PASS,False,,,
bottom_loop_left,23,8,AJ3B,PASS,False,,,
bottom_loop_left,24,8,AJ3B,PASS,False,,,
bottom_loop_left,25,8,AJ3B,PASS,False,,,
bottom_loop_left,26,8,AJ3B,PASS,False,,,
bottom_loop_left,27,8,AJ3B,PASS,False,,,
bottom_loop_left,28,8,AJ3B,PASS,False,,,
bottom_loop_left,29,8,AJ3B,FAIL,True,49873,RuntimeError,Could not switch the geometry. | The following agents would be outside of the new geometry: 49873 | 
bottom_loop_left,30,8,AJ3B,PASS,False,,,
bottom_loop_left,31,8,AJ3B,FAIL,True,50324,RuntimeError,Could not switch the geometry. | The following agents would be outside of the new geometry: 50324 | 
bottom_loop_left,32,8,AJ3B,PASS,False,,,
bottom_loop_left,33,8,AJ3B,PASS,False,,,
bottom_loop_left,34,8,AJ3B,PASS,False,,,
bottom_loop_left,35,8,AJ3B,PASS,False,,,
bottom_loop_left,36,8,AJ3B,PASS,False,,,
bottom_loop_left,37,8,AJ3B,PASS,False,,,
bottom_loop_left,38,8,AJ3B,PASS,False,,,
bottom_loop_left,39,8,AJ3B,PASS,False,,,
bottom_loop_left,40,8,AJ3B,PASS,False,,,
bottom_loop_left,41,8,AJ3B,PASS,False,,,
bottom_loop_left,42,8,AJ3B,PASS,False,,,
bottom_loop_left,43,8,AJ3B,PASS,False,,,
bottom_loop_left,44,8,AJ3B,PASS,False,,,
bottom_loop_left,45,8,AJ3B,FAIL,True,51447,RuntimeError,Could not switch the geometry. | The following agents would be outside of the new geometry: 51447 | 
bottom_loop_left,46,8,AJ3B,PASS,False,,,
bottom_loop_left,47,8,AJ3B,PASS,False,,,
bottom_loop_left,48,8,AJ3B,PASS,False,,,
bottom_loop_left,49,8,AJ3B,PASS,False,,,
bottom_loop_left,0,9,AJ3J1,PASS,False,,,
bottom_loop_left,1,9,AJ3J1,PASS,False,,,
bottom_loop_left,2,9,AJ3J1,PASS,False,,,
bottom_loop_left,3,9,AJ3J1,PASS,False,,,
bottom_loop_left,4,9,AJ3J1,PASS,False,,,
bottom_loop_left,5,9,AJ3J1,PASS,False,,,
bottom_loop_left,6,9,AJ3J1,PASS,False,,,
bottom_loop_left,7,9,AJ3J1,PASS,False,,,
bottom_loop_left,8,9,AJ3J1,PASS,False,,,
bottom_loop_left,9,9,AJ3J1,PASS,False,,,
bottom_loop_left,10,9,AJ3J1,PASS,False,,,
bottom_loop_left,11,9,AJ3J1,PASS,False,,,
bottom_loop_left,12,9,AJ3J1,PASS,False,,,
bottom_loop_left,13,9,AJ3J1,PASS,False,,,
bottom_loop_left,14,9,AJ3J1,PASS,False,,,
bottom_loop_left,15,9,AJ3J1,PASS,False,,,
bottom_loop_left,16,9,AJ3J1,PASS,False,,,
bottom_loop_left,17,9,AJ3J1,PASS,False,,,
bottom_loop_left,18,9,AJ3J1,PASS,False,,,
bottom_loop_left,19,9,AJ3J1,PASS,False,,,
bottom_loop_left,20,9,AJ3J1,PASS,False,,,
bottom_loop_left,21,9,AJ3J1,PASS,False,,,
bottom_loop_left,22,9,AJ3J1,PASS,False,,,
bottom_loop_left,23,9,AJ3J1,PASS,False,,,
bottom_loop_left,24,9,AJ3J1,PASS,False,,,
bottom_loop_left,25,9,AJ3J1,PASS,False,,,
bottom_loop_left,26,9,AJ3J1,PASS,False,,,
bottom_loop_left,27,9,AJ3J1,PASS,False,,,
bottom_loop_left,28,9,AJ3J1,PASS,False,,,
bottom_loop_left,29,9,AJ3J1,PASS,False,,,
bottom_loop_left,30,9,AJ3J1,PASS,False,,,
bottom_loop_left,31,9,AJ3J1,PASS,False,,,
bottom_loop_left,32,9,AJ3J1,PASS,False,,,
bottom_loop_left,33,9,AJ3J1,PASS,False,,,
bottom_loop_left,34,9,AJ3J1,PASS,False,,,
bottom_loop_left,35,9,AJ3J1,PASS,False,,,
bottom_loop_left,36,9,AJ3J1,PASS,False,,,
bottom_loop_left,37,9,AJ3J1,PASS,False,,,
bottom_loop_left,38,9,AJ3J1,FAIL,True,50986,RuntimeError,Could not switch the geometry. | The following agents would be outside of the new geometry: 50986 | 
bottom_loop_left,39,9,AJ3J1,PASS,False,,,
bottom_loop_left,40,9,AJ3J1,PASS,False,,,
bottom_loop_left,41,9,AJ3J1,PASS,False,,,
bottom_loop_left,42,9,AJ3J1,PASS,False,,,
bottom_loop_left,43,9,AJ3J1,FAIL,True,51310,RuntimeError,Could not switch the geometry. | The following agents would be outside of the new geometry: 51310 | 
bottom_loop_left,44,9,AJ3J1,PASS,False,,,
bottom_loop_left,45,9,AJ3J1,PASS,False,,,
bottom_loop_left,46,9,AJ3J1,PASS,False,,,
bottom_loop_left,47,9,AJ3J1,PASS,False,,,
bottom_loop_left,48,9,AJ3J1,PASS,False,,,
bottom_loop_left,49,9,AJ3J1,PASS,False,,,
bottom_loop_left,0,10,AJ3A,PASS,False,,,
bottom_loop_left,1,10,AJ3A,PASS,False,,,
bottom_loop_left,2,10,AJ3A,PASS,False,,,
bottom_loop_left,3,10,AJ3A,PASS,False,,,
bottom_loop_left,4,10,AJ3A,PASS,False,,,
bottom_loop_left,5,10,AJ3A,PASS,False,,,
bottom_loop_left,6,10,AJ3A,PASS,False,,,
bottom_loop_left,7,10,AJ3A,PASS,False,,,
bottom_loop_left,8,10,AJ3A,PASS,False,,,
bottom_loop_left,9,10,AJ3A,PASS,False,,,
bottom_loop_left,10,10,AJ3A,PASS,False,,,
bottom_loop_left,11,10,AJ3A,PASS,False,,,
bottom_loop_left,12,10,AJ3A,PASS,False,,,
bottom_loop_left,13,10,AJ3A,PASS,False,,,
bottom_loop_left,14,10,AJ3A,PASS,False,,,
bottom_loop_left,15,10,AJ3A,PASS,False,,,
bottom_loop_left,16,10,AJ3A,PASS,False,,,
bottom_loop_left,17,10,AJ3A,FAIL,True,50430,RuntimeError,Could not switch the geometry. | The following agents would be outside of the new geometry: 50430 | 
bottom_loop_left,18,10,AJ3A,PASS,False,,,
bottom_loop_left,19,10,AJ3A,PASS,False,,,
bottom_loop_left,20,10,AJ3A,PASS,False,,,
bottom_loop_left,21,10,AJ3A,PASS,False,,,
bottom_loop_left,22,10,AJ3A,PASS,False,,,
bottom_loop_left,23,10,AJ3A,PASS,False,,,
bottom_loop_left,24,10,AJ3A,PASS,False,,,
bottom_loop_left,25,10,AJ3A,FAIL,True,51306,RuntimeError,Could not switch the geometry. | The following agents would be outside of the new geometry: 51306 | 
bottom_loop_left,26,10,AJ3A,PASS,False,,,
bottom_loop_left,27,10,AJ3A,PASS,False,,,
bottom_loop_left,28,10,AJ3A,PASS,False,,,
bottom_loop_left,29,10,AJ3A,PASS,False,,,
bottom_loop_left,30,10,AJ3A,PASS,False,,,
bottom_loop_left,31,10,AJ3A,PASS,False,,,
bottom_loop_left,32,10,AJ3A,PASS,False,,,
bottom_loop_left,33,10,AJ3A,PASS,False,,,
bottom_loop_left,34,10,AJ3A,PASS,False,,,
bottom_loop_left,35,10,AJ3A,PASS,False,,,
bottom_loop_left,36,10,AJ3A,PASS,False,,,
bottom_loop_left,37,10,AJ3A,PASS,False,,,
bottom_loop_left,38,10,AJ3A,PASS,False,,,
bottom_loop_left,39,10,AJ3A,PASS,False,,,
bottom_loop_left,40,10,AJ3A,PASS,False,,,
bottom_loop_left,41,10,AJ3A,PASS,False,,,
bottom_loop_left,42,10,AJ3A,PASS,False,,,
bottom_loop_left,43,10,AJ3A,PASS,False,,,
bottom_loop_left,44,10,AJ3A,PASS,False,,,
bottom_loop_left,45,10,AJ3A,PASS,False,,,
bottom_loop_left,46,10,AJ3A,PASS,False,,,
bottom_loop_left,47,10,AJ3A,PASS,False,,,
bottom_loop_left,48,10,AJ3A,PASS,False,,,
bottom_loop_left,49,10,AJ3A,PASS,False,,,
bottom_loop_left,0,11,CCB,PASS,False,,,
bottom_loop_left,1,11,CCB,PASS,False,,,
bottom_loop_left,2,11,CCB,PASS,False,,,
bottom_loop_left,3,11,CCB,PASS,False,,,
bottom_loop_left,4,11,CCB,PASS,False,,,
bottom_loop_left,5,11,CCB,PASS,False,,,
bottom_loop_left,6,11,CCB,PASS,False,,,
bottom_loop_left,7,11,CCB,PASS,False,,,
bottom_loop_left,8,11,CCB,PASS,False,,,
bottom_loop_left,9,11,CCB,PASS,False,,,
bottom_loop_left,10,11,CCB,PASS,False,,,
bottom_loop_left,11,11,CCB,PASS,False,,,
bottom_loop_left,12,11,CCB,PASS,False,,,
bottom_loop_left,13,11,CCB,PASS,False,,,
bottom_loop_left,14,11,CCB,PASS,False,,,
bottom_loop_left,15,11,CCB,PASS,False,,,
bottom_loop_left,16,11,CCB,PASS,False,,,
bottom_loop_left,17,11,CCB,PASS,False,,,
bottom_loop_left,18,11,CCB,PASS,False,,,
bottom_loop_left,19,11,CCB,PASS,False,,,
bottom_loop_left,20,11,CCB,PASS,False,,,
bottom_loop_left,21,11,CCB,PASS,False,,,
bottom_loop_left,22,11,CCB,PASS,False,,,
bottom_loop_left,23,11,CCB,PASS,False,,,
bottom_loop_left,24,11,CCB,PASS,False,,,
bottom_loop_left,25,11,CCB,PASS,False,,,
bottom_loop_left,26,11,CCB,PASS,False,,,
bottom_loop_left,27,11,CCB,PASS,False,,,
bottom_loop_left,28,11,CCB,PASS,False,,,
bottom_loop_left,29,11,CCB,PASS,False,,,
bottom_loop_left,30,11,CCB,PASS,False,,,
bottom_loop_left,31,11,CCB,PASS,False,,,
bottom_loop_left,32,11,CCB,PASS,False,,,
bottom_loop_left,33,11,CCB,PASS,False,,,
bottom_loop_left,34,11,CCB,PASS,False,,,
bottom_loop_left,35,11,CCB,PASS,False,,,
bottom_loop_left,36,11,CCB,PASS,False,,,
bottom_loop_left,37,11,CCB,PASS,False,,,
bottom_loop_left,38,11,CCB,PASS,False,,,
bottom_loop_left,39,11,CCB,PASS,False,,,
bottom_loop_left,40,11,CCB,PASS,False,,,
bottom_loop_left,41,11,CCB,PASS,False,,,
bottom_loop_left,42,11,CCB,PASS,False,,,
bottom_loop_left,43,11,CCB,PASS,False,,,
bottom_loop_left,44,11,CCB,PASS,False,,,
bottom_loop_left,45,11,CCB,PASS,False,,,
bottom_loop_left,46,11,CCB,PASS,False,,,
bottom_loop_left,47,11,CCB,PASS,False,,,
bottom_loop_left,48,11,CCB,PASS,False,,,
bottom_loop_left,49,11,CCB,PASS,False,,,
bottom_loop_left,0,12,CCJ1,PASS,False,,,
bottom_loop_left,1,12,CCJ1,PASS,False,,,
bottom_loop_left,2,12,CCJ1,PASS,False,,,
bottom_loop_left,3,12,CCJ1,PASS,False,,,
bottom_loop_left,4,12,CCJ1,PASS,False,,,
bottom_loop_left,5,12,CCJ1,PASS,False,,,
bottom_loop_left,6,12,CCJ1,PASS,False,,,
bottom_loop_left,7,12,CCJ1,PASS,False,,,
bottom_loop_left,8,12,CCJ1,PASS,False,,,
bottom_loop_left,9,12,CCJ1,PASS,False,,,
bottom_loop_left,10,12,CCJ1,PASS,False,,,
bottom_loop_left,11,12,CCJ1,PASS,False,,,
bottom_loop_left,12,12,CCJ1,PASS,False,,,
bottom_loop_left,13,12,CCJ1,PASS,False,,,
bottom_loop_left,14,12,CCJ1,PASS,False,,,
bottom_loop_left,15,12,CCJ1,PASS,False,,,
bottom_loop_left,16,12,CCJ1,PASS,False,,,
bottom_loop_left,17,12,CCJ1,PASS,False,,,
bottom_loop_left,18,12,CCJ1,PASS,False,,,
bottom_loop_left,19,12,CCJ1,PASS,False,,,
bottom_loop_left,20,12,CCJ1,PASS,False,,,
bottom_loop_left,21,12,CCJ1,PASS,False,,,
bottom_loop_left,22,12,CCJ1,PASS,False,,,
bottom_loop_left,23,12,CCJ1,PASS,False,,,
bottom_loop_left,24,12,CCJ1,PASS,False,,,
bottom_loop_left,25,12,CCJ1,PASS,False,,,
bottom_loop_left,26,12,CCJ1,PASS,False,,,
bottom_loop_left,27,12,CCJ1,PASS,False,,,
bottom_loop_left,28,12,CCJ1,PASS,False,,,
bottom_loop_left,29,12,CCJ1,PASS,False,,,
bottom_loop_left,30,12,CCJ1,PASS,False,,,
bottom_loop_left,31,12,CCJ1,PASS,False,,,
bottom_loop_left,32,12,CCJ1,PASS,False,,,
bottom_loop_left,33,12,CCJ1,PASS,False,,,
bottom_loop_left,34,12,CCJ1,PASS,False,,,
bottom_loop_left,35,12,CCJ1,PASS,False,,,
bottom_loop_left,36,12,CCJ1,PASS,False,,,
bottom_loop_left,37,12,CCJ1,PASS,False,,,
bottom_loop_left,38,12,CCJ1,PASS,False,,,
bottom_loop_left,39,12,CCJ1,PASS,False,,,
bottom_loop_left,40,12,CCJ1,PASS,False,,,
bottom_loop_left,41,12,CCJ1,PASS,False,,,
bottom_loop_left,42,12,CCJ1,PASS,False,,,
bottom_loop_left,43,12,CCJ1,PASS,False,,,
bottom_loop_left,44,12,CCJ1,PASS,False,,,
bottom_loop_left,45,12,CCJ1,PASS,False,,,
bottom_loop_left,46,12,CCJ1,PASS,False,,,
bottom_loop_left,47,12,CCJ1,PASS,False,,,
bottom_loop_left,48,12,CCJ1,PASS,False,,,
bottom_loop_left,49,12,CCJ1,PASS,False,,,
bottom_loop_left,0,13,CCJ2,PASS,False,,,
bottom_loop_left,1,13,CCJ2,PASS,False,,,
bottom_loop_left,2,13,CCJ2,PASS,False,,,
bottom_loop_left,3,13,CCJ2,PASS,False,,,
bottom_loop_left,4,13,CCJ2,PASS,False,,,
bottom_loop_left,5,13,CCJ2,PASS,False,,,
bottom_loop_left,6,13,CCJ2,PASS,False,,,
bottom_loop_left,7,13,CCJ2,PASS,False,,,
bottom_loop_left,8,13,CCJ2,PASS,False,,,
bottom_loop_left,9,13,CCJ2,PASS,False,,,
bottom_loop_left,10,13,CCJ2,PASS,False,,,
bottom_loop_left,11,13,CCJ2,PASS,False,,,
bottom_loop_left,12,13,CCJ2,PASS,False,,,
bottom_loop_left,13,13,CCJ2,PASS,False,,,
bottom_loop_left,14,13,CCJ2,PASS,False,,,
bottom_loop_left,15,13,CCJ2,PASS,False,,,
bottom_loop_left,16,13,CCJ2,PASS,False,,,
bottom_loop_left,17,13,CCJ2,FAIL,True,52760,RuntimeError,Could not switch the geometry. | The following agents would be outside of the new geometry: 52760 | 
bottom_loop_left,18,13,CCJ2,PASS,False,,,
bottom_loop_left,19,13,CCJ2,PASS,False,,,
bottom_loop_left,20,13,CCJ2,FAIL,True,54181,RuntimeError,Could not switch the geometry. | The following agents would be outside of the new geometry: 54181 | 
bottom_loop_left,21,13,CCJ2,PASS,False,,,
bottom_loop_left,22,13,CCJ2,PASS,False,,,
bottom_loop_left,23,13,CCJ2,PASS,False,,,
bottom_loop_left,24,13,CCJ2,PASS,False,,,
bottom_loop_left,25,13,CCJ2,PASS,False,,,
bottom_loop_left,26,13,CCJ2,PASS,False,,,
bottom_loop_left,27,13,CCJ2,PASS,False,,,
bottom_loop_left,28,13,CCJ2,PASS,False,,,
bottom_loop_left,29,13,CCJ2,PASS,False,,,
bottom_loop_left,30,13,CCJ2,PASS,False,,,
bottom_loop_left,31,13,CCJ2,PASS,False,,,
bottom_loop_left,32,13,CCJ2,PASS,False,,,
bottom_loop_left,33,13,CCJ2,PASS,False,,,
bottom_loop_left,34,13,CCJ2,PASS,False,,,
bottom_loop_left,35,13,CCJ2,PASS,False,,,
bottom_loop_left,36,13,CCJ2,PASS,False,,,
bottom_loop_left,37,13,CCJ2,PASS,False,,,
bottom_loop_left,38,13,CCJ2,PASS,False,,,
bottom_loop_left,39,13,CCJ2,PASS,False,,,
bottom_loop_left,40,13,CCJ2,PASS,False,,,
bottom_loop_left,41,13,CCJ2,PASS,False,,,
bottom_loop_left,42,13,CCJ2,PASS,False,,,
bottom_loop_left,43,13,CCJ2,PASS,False,,,
bottom_loop_left,44,13,CCJ2,PASS,False,,,
bottom_loop_left,45,13,CCJ2,PASS,False,,,
bottom_loop_left,46,13,CCJ2,PASS,False,,,
bottom_loop_left,47,13,CCJ2,PASS,False,,,
bottom_loop_left,48,13,CCJ2,PASS,False,,,
bottom_loop_left,49,13,CCJ2,PASS,False,,,
bottom_loop_left,0,14,CCA,PASS,False,,,
bottom_loop_left,1,14,CCA,PASS,False,,,
bottom_loop_left,2,14,CCA,PASS,False,,,
bottom_loop_left,3,14,CCA,PASS,False,,,
bottom_loop_left,4,14,CCA,PASS,False,,,
bottom_loop_left,5,14,CCA,PASS,False,,,
bottom_loop_left,6,14,CCA,PASS,False,,,
bottom_loop_left,7,14,CCA,PASS,False,,,
bottom_loop_left,8,14,CCA,PASS,False,,,
bottom_loop_left,9,14,CCA,PASS,False,,,
bottom_loop_left,10,14,CCA,PASS,False,,,
bottom_loop_left,11,14,CCA,PASS,False,,,
bottom_loop_left,12,14,CCA,PASS,False,,,
bottom_loop_left,13,14,CCA,PASS,False,,,
bottom_loop_left,14,14,CCA,PASS,False,,,
bottom_loop_left,15,14,CCA,PASS,False,,,
bottom_loop_left,16,14,CCA,PASS,False,,,
bottom_loop_left,17,14,CCA,PASS,False,,,
bottom_loop_left,18,14,CCA,PASS,False,,,
bottom_loop_left,19,14,CCA,PASS,False,,,
bottom_loop_left,20,14,CCA,PASS,False,,,
bottom_loop_left,21,14,CCA,PASS,False,,,
bottom_loop_left,22,14,CCA,PASS,False,,,
bottom_loop_left,23,14,CCA,PASS,False,,,
bottom_loop_left,24,14,CCA,PASS,False,,,
bottom_loop_left,25,14,CCA,PASS,False,,,
bottom_loop_left,26,14,CCA,PASS,False,,,
bottom_loop_left,27,14,CCA,PASS,False,,,
bottom_loop_left,28,14,CCA,PASS,False,,,
bottom_loop_left,29,14,CCA,PASS,False,,,
bottom_loop_left,30,14,CCA,PASS,False,,,
bottom_loop_left,31,14,CCA,PASS,False,,,
bottom_loop_left,32,14,CCA,PASS,False,,,
bottom_loop_left,33,14,CCA,PASS,False,,,
bottom_loop_left,34,14,CCA,PASS,False,,,
bottom_loop_left,35,14,CCA,PASS,False,,,
bottom_loop_left,36,14,CCA,PASS,False,,,
bottom_loop_left,37,14,CCA,PASS,False,,,
bottom_loop_left,38,14,CCA,PASS,False,,,
bottom_loop_left,39,14,CCA,PASS,False,,,
bottom_loop_left,40,14,CCA,PASS,False,,,
bottom_loop_left,41,14,CCA,PASS,False,,,
bottom_loop_left,42,14,CCA,PASS,False,,,
bottom_loop_left,43,14,CCA,PASS,False,,,
bottom_loop_left,44,14,CCA,PASS,False,,,
bottom_loop_left,45,14,CCA,PASS,False,,,
bottom_loop_left,46,14,CCA,PASS,False,,,
bottom_loop_left,47,14,CCA,PASS,False,,,
bottom_loop_left,48,14,CCA,PASS,False,,,
bottom_loop_left,49,14,CCA,PASS,False,,,
bottom_loop_left,0,15,CJ1B,PASS,False,,,
bottom_loop_left,1,15,CJ1B,PASS,False,,,
bottom_loop_left,2,15,CJ1B,PASS,False,,,
bottom_loop_left,3,15,CJ1B,PASS,False,,,
bottom_loop_left,4,15,CJ1B,PASS,False,,,
bottom_loop_left,5,15,CJ1B,PASS,False,,,
bottom_loop_left,6,15,CJ1B,PASS,False,,,
bottom_loop_left,7,15,CJ1B,PASS,False,,,
bottom_loop_left,8,15,CJ1B,PASS,False,,,
bottom_loop_left,9,15,CJ1B,PASS,False,,,
bottom_loop_left,10,15,CJ1B,PASS,False,,,
bottom_loop_left,11,15,CJ1B,PASS,False,,,
bottom_loop_left,12,15,CJ1B,PASS,False,,,
bottom_loop_left,13,15,CJ1B,PASS,False,,,
bottom_loop_left,14,15,CJ1B,PASS,False,,,
bottom_loop_left,15,15,CJ1B,PASS,False,,,
bottom_loop_left,16,15,CJ1B,PASS,False,,,
bottom_loop_left,17,15,CJ1B,PASS,False,,,
bottom_loop_left,18,15,CJ1B,PASS,False,,,
bottom_loop_left,19,15,CJ1B,PASS,False,,,
bottom_loop_left,20,15,CJ1B,PASS,False,,,
bottom_loop_left,21,15,CJ1B,PASS,False,,,
bottom_loop_left,22,15,CJ1B,PASS,False,,,
bottom_loop_left,23,15,CJ1B,PASS,False,,,
bottom_loop_left,24,15,CJ1B,PASS,False,,,
bottom_loop_left,25,15,CJ1B,PASS,False,,,
bottom_loop_left,26,15,CJ1B,PASS,False,,,
bottom_loop_left,27,15,CJ1B,PASS,False,,,
bottom_loop_left,28,15,CJ1B,PASS,False,,,
bottom_loop_left,29,15,CJ1B,PASS,False,,,
bottom_loop_left,30,15,CJ1B,PASS,False,,,
bottom_loop_left,31,15,CJ1B,PASS,False,,,
bottom_loop_left,32,15,CJ1B,PASS,False,,,
bottom_loop_left,33,15,CJ1B,PASS,False,,,
bottom_loop_left,34,15,CJ1B,PASS,False,,,
bottom_loop_left,35,15,CJ1B,PASS,False,,,
bottom_loop_left,36,15,CJ1B,PASS,False,,,
bottom_loop_left,37,15,CJ1B,PASS,False,,,
bottom_loop_left,38,15,CJ1B,PASS,False,,,
bottom_loop_left,39,15,CJ1B,PASS,False,,,
bottom_loop_left,40,15,CJ1B,PASS,False,,,
bottom_loop_left,41,15,CJ1B,PASS,False,,,
bottom_loop_left,42,15,CJ1B,PASS,False,,,
bottom_loop_left,43,15,CJ1B,PASS,False,,,
bottom_loop_left,44,15,CJ1B,PASS,False,,,
bottom_loop_left,45,15,CJ1B,PASS,False,,,
bottom_loop_left,46,15,CJ1B,PASS,False,,,
bottom_loop_left,47,15,CJ1B,PASS,False,,,
bottom_loop_left,48,15,CJ1B,PASS,False,,,
bottom_loop_left,49,15,CJ1B,PASS,False,,,
bottom_loop_left,0,16,CJ1J1,PASS,False,,,
bottom_loop_left,1,16,CJ1J1,PASS,False,,,
bottom_loop_left,2,16,CJ1J1,PASS,False,,,
bottom_loop_left,3,16,CJ1J1,PASS,False,,,
bottom_loop_left,4,16,CJ1J1,PASS,False,,,
bottom_loop_left,5,16,CJ1J1,PASS,False,,,
bottom_loop_left,6,16,CJ1J1,PASS,False,,,
bottom_loop_left,7,16,CJ1J1,PASS,False,,,
bottom_loop_left,8,16,CJ1J1,PASS,False,,,
bottom_loop_left,9,16,CJ1J1,PASS,False,,,
bottom_loop_left,10,16,CJ1J1,PASS,False,,,
bottom_loop_left,11,16,CJ1J1,PASS,False,,,
bottom_loop_left,12,16,CJ1J1,PASS,False,,,
bottom_loop_left,13,16,CJ1J1,PASS,False,,,
bottom_loop_left,14,16,CJ1J1,PASS,False,,,
bottom_loop_left,15,16,CJ1J1,PASS,False,,,
bottom_loop_left,16,16,CJ1J1,PASS,False,,,
bottom_loop_left,17,16,CJ1J1,PASS,False,,,
bottom_loop_left,18,16,CJ1J1,PASS,False,,,
bottom_loop_left,19,16,CJ1J1,PASS,False,,,
bottom_loop_left,20,16,CJ1J1,PASS,False,,,
bottom_loop_left,21,16,CJ1J1,PASS,False,,,
bottom_loop_left,22,16,CJ1J1,PASS,False,,,
bottom_loop_left,23,16,CJ1J1,PASS,False,,,
bottom_loop_left,24,16,CJ1J1,PASS,False,,,
bottom_loop_left,25,16,CJ1J1,PASS,False,,,
bottom_loop_left,26,16,CJ1J1,PASS,False,,,
bottom_loop_left,27,16,CJ1J1,PASS,False,,,
bottom_loop_left,28,16,CJ1J1,PASS,False,,,
bottom_loop_left,29,16,CJ1J1,PASS,False,,,
bottom_loop_left,30,16,CJ1J1,PASS,False,,,
bottom_loop_left,31,16,CJ1J1,PASS,False,,,
bottom_loop_left,32,16,CJ1J1,PASS,False,,,
bottom_loop_left,33,16,CJ1J1,PASS,False,,,
bottom_loop_left,34,16,CJ1J1,PASS,False,,,
bottom_loop_left,35,16,CJ1J1,PASS,False,,,
bottom_loop_left,36,16,CJ1J1,PASS,False,,,
bottom_loop_left,37,16,CJ1J1,PASS,False,,,
bottom_loop_left,38,16,CJ1J1,PASS,False,,,
bottom_loop_left,39,16,CJ1J1,PASS,False,,,
bottom_loop_left,40,16,CJ1J1,PASS,False,,,
bottom_loop_left,41,16,CJ1J1,PASS,False,,,
bottom_loop_left,42,16,CJ1J1,PASS,False,,,
bottom_loop_left,43,16,CJ1J1,PASS,False,,,
bottom_loop_left,44,16,CJ1J1,PASS,False,,,
bottom_loop_left,45,16,CJ1J1,PASS,False,,,
bottom_loop_left,46,16,CJ1J1,PASS,False,,,
bottom_loop_left,47,16,CJ1J1,PASS,False,,,
bottom_loop_left,48,16,CJ1J1,PASS,False,,,
bottom_loop_left,49,16,CJ1J1,PASS,False,,,
bottom_loop_left,0,17,CJ1J2,PASS,False,,,
bottom_loop_left,1,17,CJ1J2,PASS,False,,,
bottom_loop_left,2,17,CJ1J2,PASS,False,,,
bottom_loop_left,3,17,CJ1J2,PASS,False,,,
bottom_loop_left,4,17,CJ1J2,PASS,False,,,
bottom_loop_left,5,17,CJ1J2,PASS,False,,,
bottom_loop_left,6,17,CJ1J2,PASS,False,,,
bottom_loop_left,7,17,CJ1J2,PASS,False,,,
bottom_loop_left,8,17,CJ1J2,PASS,False,,,
bottom_loop_left,9,17,CJ1J2,PASS,False,,,
bottom_loop_left,10,17,CJ1J2,PASS,False,,,
bottom_loop_left,11,17,CJ1J2,PASS,False,,,
bottom_loop_left,12,17,CJ1J2,PASS,False,,,
bottom_loop_left,13,17,CJ1J2,PASS,False,,,
bottom_loop_left,14,17,CJ1J2,PASS,False,,,
bottom_loop_left,15,17,CJ1J2,PASS,False,,,
bottom_loop_left,16,17,CJ1J2,PASS,False,,,
bottom_loop_left,17,17,CJ1J2,FAIL,True,55600,RuntimeError,Could not switch the geometry. | The following agents would be outside of the new geometry: 55600 | 
bottom_loop_left,18,17,CJ1J2,PASS,False,,,
bottom_loop_left,19,17,CJ1J2,PASS,False,,,
bottom_loop_left,20,17,CJ1J2,FAIL,True,55621,RuntimeError,Could not switch the geometry. | The following agents would be outside of the new geometry: 55621 | 
bottom_loop_left,21,17,CJ1J2,PASS,False,,,
bottom_loop_left,22,17,CJ1J2,PASS,False,,,
bottom_loop_left,23,17,CJ1J2,PASS,False,,,
bottom_loop_left,24,17,CJ1J2,PASS,False,,,
bottom_loop_left,25,17,CJ1J2,PASS,False,,,
bottom_loop_left,26,17,CJ1J2,PASS,False,,,
bottom_loop_left,27,17,CJ1J2,PASS,False,,,
bottom_loop_left,28,17,CJ1J2,PASS,False,,,
bottom_loop_left,29,17,CJ1J2,PASS,False,,,
bottom_loop_left,30,17,CJ1J2,PASS,False,,,
bottom_loop_left,31,17,CJ1J2,PASS,False,,,
bottom_loop_left,32,17,CJ1J2,PASS,False,,,
bottom_loop_left,33,17,CJ1J2,PASS,False,,,
bottom_loop_left,34,17,CJ1J2,PASS,False,,,
bottom_loop_left,35,17,CJ1J2,PASS,False,,,
bottom_loop_left,36,17,CJ1J2,PASS,False,,,
bottom_loop_left,37,17,CJ1J2,PASS,False,,,
bottom_loop_left,38,17,CJ1J2,PASS,False,,,
bottom_loop_left,39,17,CJ1J2,PASS,False,,,
bottom_loop_left,40,17,CJ1J2,PASS,False,,,
bottom_loop_left,41,17,CJ1J2,PASS,False,,,
bottom_loop_left,42,17,CJ1J2,PASS,False,,,
bottom_loop_left,43,17,CJ1J2,PASS,False,,,
bottom_loop_left,44,17,CJ1J2,PASS,False,,,
bottom_loop_left,45,17,CJ1J2,PASS,False,,,
bottom_loop_left,46,17,CJ1J2,PASS,False,,,
bottom_loop_left,47,17,CJ1J2,PASS,False,,,
bottom_loop_left,48,17,CJ1J2,PASS,False,,,
bottom_loop_left,49,17,CJ1J2,PASS,False,,,
bottom_loop_left,0,18,CJ1A,PASS,False,,,
bottom_loop_left,1,18,CJ1A,PASS,False,,,
bottom_loop_left,2,18,CJ1A,PASS,False,,,
bottom_loop_left,3,18,CJ1A,PASS,False,,,
bottom_loop_left,4,18,CJ1A,PASS,False,,,
bottom_loop_left,5,18,CJ1A,PASS,False,,,
bottom_loop_left,6,18,CJ1A,PASS,False,,,
bottom_loop_left,7,18,CJ1A,PASS,False,,,
bottom_loop_left,8,18,CJ1A,PASS,False,,,
bottom_loop_left,9,18,CJ1A,PASS,False,,,
bottom_loop_left,10,18,CJ1A,PASS,False,,,
bottom_loop_left,11,18,CJ1A,PASS,False,,,
bottom_loop_left,12,18,CJ1A,PASS,False,,,
bottom_loop_left,13,18,CJ1A,PASS,False,,,
bottom_loop_left,14,18,CJ1A,PASS,False,,,
bottom_loop_left,15,18,CJ1A,PASS,False,,,
bottom_loop_left,16,18,CJ1A,PASS,False,,,
bottom_loop_left,17,18,CJ1A,PASS,False,,,
bottom_loop_left,18,18,CJ1A,PASS,False,,,
bottom_loop_left,19,18,CJ1A,PASS,False,,,
bottom_loop_left,20,18,CJ1A,PASS,False,,,
bottom_loop_left,21,18,CJ1A,PASS,False,,,
bottom_loop_left,22,18,CJ1A,PASS,False,,,
bottom_loop_left,23,18,CJ1A,PASS,False,,,
bottom_loop_left,24,18,CJ1A,PASS,False,,,
bottom_loop_left,25,18,CJ1A,PASS,False,,,
bottom_loop_left,26,18,CJ1A,PASS,False,,,
bottom_loop_left,27,18,CJ1A,PASS,False,,,
bottom_loop_left,28,18,CJ1A,PASS,False,,,
bottom_loop_left,29,18,CJ1A,PASS,False,,,
bottom_loop_left,30,18,CJ1A,PASS,False,,,
bottom_loop_left,31,18,CJ1A,PASS,False,,,
bottom_loop_left,32,18,CJ1A,PASS,False,,,
bottom_loop_left,33,18,CJ1A,PASS,False,,,
bottom_loop_left,34,18,CJ1A,PASS,False,,,
bottom_loop_left,35,18,CJ1A,PASS,False,,,
bottom_loop_left,36,18,CJ1A,PASS,False,,,
bottom_loop_left,37,18,CJ1A,PASS,False,,,
bottom_loop_left,38,18,CJ1A,PASS,False,,,
bottom_loop_left,39,18,CJ1A,PASS,False,,,
bottom_loop_left,40,18,CJ1A,PASS,False,,,
bottom_loop_left,41,18,CJ1A,PASS,False,,,
bottom_loop_left,42,18,CJ1A,PASS,False,,,
bottom_loop_left,43,18,CJ1A,PASS,False,,,
bottom_loop_left,44,18,CJ1A,PASS,False,,,
bottom_loop_left,45,18,CJ1A,PASS,False,,,
bottom_loop_left,46,18,CJ1A,PASS,False,,,
bottom_loop_left,47,18,CJ1A,PASS,False,,,
bottom_loop_left,48,18,CJ1A,PASS,False,,,
bottom_loop_left,49,18,CJ1A,PASS,False,,,
bottom_loop_left,0,19,CJ3B,PASS,False,,,
bottom_loop_left,1,19,CJ3B,PASS,False,,,
bottom_loop_left,2,19,CJ3B,PASS,False,,,
bottom_loop_left,3,19,CJ3B,PASS,False,,,
bottom_loop_left,4,19,CJ3B,PASS,False,,,
bottom_loop_left,5,19,CJ3B,FAIL,True,56449,RuntimeError,Could not switch the geometry. | The following agents would be outside of the new geometry: 56449 | 
bottom_loop_left,6,19,CJ3B,PASS,False,,,
bottom_loop_left,7,19,CJ3B,PASS,False,,,
bottom_loop_left,8,19,CJ3B,PASS,False,,,
bottom_loop_left,9,19,CJ3B,PASS,False,,,
bottom_loop_left,10,19,CJ3B,PASS,False,,,
bottom_loop_left,11,19,CJ3B,PASS,False,,,
bottom_loop_left,12,19,CJ3B,PASS,False,,,
bottom_loop_left,13,19,CJ3B,PASS,False,,,
bottom_loop_left,14,19,CJ3B,PASS,False,,,
bottom_loop_left,15,19,CJ3B,PASS,False,,,
bottom_loop_left,16,19,CJ3B,PASS,False,,,
bottom_loop_left,17,19,CJ3B,PASS,False,,,
bottom_loop_left,18,19,CJ3B,PASS,False,,,
bottom_loop_left,19,19,CJ3B,PASS,False,,,
bottom_loop_left,20,19,CJ3B,PASS,False,,,
bottom_loop_left,21,19,CJ3B,PASS,False,,,
bottom_loop_left,22,19,CJ3B,PASS,False,,,
bottom_loop_left,23,19,CJ3B,PASS,False,,,
bottom_loop_left,24,19,CJ3B,PASS,False,,,
bottom_loop_left,25,19,CJ3B,PASS,False,,,
bottom_loop_left,26,19,CJ3B,PASS,False,,,
bottom_loop_left,27,19,CJ3B,PASS,False,,,
bottom_loop_left,28,19,CJ3B,PASS,False,,,
bottom_loop_left,29,19,CJ3B,FAIL,True,57573,RuntimeError,Could not switch the geometry. | The following agents would be outside of the new geometry: 57573 | 
bottom_loop_left,30,19,CJ3B,PASS,False,,,
bottom_loop_left,31,19,CJ3B,FAIL,True,56344,RuntimeError,Could not switch the geometry. | The following agents would be outside of the new geometry: 56344 | 
bottom_loop_left,32,19,CJ3B,PASS,False,,,
bottom_loop_left,33,19,CJ3B,PASS,False,,,
bottom_loop_left,34,19,CJ3B,PASS,False,,,
bottom_loop_left,35,19,CJ3B,PASS,False,,,
bottom_loop_left,36,19,CJ3B,PASS,False,,,
bottom_loop_left,37,19,CJ3B,PASS,False,,,
bottom_loop_left,38,19,CJ3B,PASS,False,,,
bottom_loop_left,39,19,CJ3B,PASS,False,,,
bottom_loop_left,40,19,CJ3B,PASS,False,,,
bottom_loop_left,41,19,CJ3B,PASS,False,,,
bottom_loop_left,42,19,CJ3B,PASS,False,,,
bottom_loop_left,43,19,CJ3B,PASS,False,,,
bottom_loop_left,44,19,CJ3B,PASS,False,,,
bottom_loop_left,45,19,CJ3B,FAIL,True,56267,RuntimeError,Could not switch the geometry. | The following agents would be outside of the new geometry: 56267 | 
bottom_loop_left,46,19,CJ3B,PASS,False,,,
bottom_loop_left,47,19,CJ3B,PASS,False,,,
bottom_loop_left,48,19,CJ3B,PASS,False,,,
bottom_loop_left,49,19,CJ3B,PASS,False,,,
bottom_loop_left,0,20,CJ3J1,PASS,False,,,
bottom_loop_left,1,20,CJ3J1,PASS,False,,,
bottom_loop_left,2,20,CJ3J1,PASS,False,,,
bottom_loop_left,3,20,CJ3J1,PASS,False,,,
bottom_loop_left,4,20,CJ3J1,PASS,False,,,
bottom_loop_left,5,20,CJ3J1,PASS,False,,,
bottom_loop_left,6,20,CJ3J1,PASS,False,,,
bottom_loop_left,7,20,CJ3J1,PASS,False,,,
bottom_loop_left,8,20,CJ3J1,PASS,False,,,
bottom_loop_left,9,20,CJ3J1,PASS,False,,,
bottom_loop_left,10,20,CJ3J1,PASS,False,,,
bottom_loop_left,11,20,CJ3J1,PASS,False,,,
bottom_loop_left,12,20,CJ3J1,PASS,False,,,
bottom_loop_left,13,20,CJ3J1,PASS,False,,,
bottom_loop_left,14,20,CJ3J1,PASS,False,,,
bottom_loop_left,15,20,CJ3J1,PASS,False,,,
bottom_loop_left,16,20,CJ3J1,PASS,False,,,
bottom_loop_left,17,20,CJ3J1,PASS,False,,,
bottom_loop_left,18,20,CJ3J1,PASS,False,,,
bottom_loop_left,19,20,CJ3J1,PASS,False,,,
bottom_loop_left,20,20,CJ3J1,PASS,False,,,
bottom_loop_left,21,20,CJ3J1,PASS,False,,,
bottom_loop_left,22,20,CJ3J1,PASS,False,,,
bottom_loop_left,23,20,CJ3J1,PASS,False,,,
bottom_loop_left,24,20,CJ3J1,PASS,False,,,
bottom_loop_left,25,20,CJ3J1,PASS,False,,,
bottom_loop_left,26,20,CJ3J1,PASS,False,,,
bottom_loop_left,27,20,CJ3J1,PASS,False,,,
bottom_loop_left,28,20,CJ3J1,PASS,False,,,
bottom_loop_left,29,20,CJ3J1,PASS,False,,,
bottom_loop_left,30,20,CJ3J1,PASS,False,,,
bottom_loop_left,31,20,CJ3J1,PASS,False,,,
bottom_loop_left,32,20,CJ3J1,PASS,False,,,
bottom_loop_left,33,20,CJ3J1,PASS,False,,,
bottom_loop_left,34,20,CJ3J1,PASS,False,,,
bottom_loop_left,35,20,CJ3J1,PASS,False,,,
bottom_loop_left,36,20,CJ3J1,PASS,False,,,
bottom_loop_left,37,20,CJ3J1,PASS,False,,,
bottom_loop_left,38,20,CJ3J1,FAIL,True,57006,RuntimeError,Could not switch the geometry. | The following agents would be outside of the new geometry: 57006 | 
bottom_loop_left,39,20,CJ3J1,PASS,False,,,
bottom_loop_left,40,20,CJ3J1,PASS,False,,,
bottom_loop_left,41,20,CJ3J1,PASS,False,,,
bottom_loop_left,42,20,CJ3J1,PASS,False,,,
bottom_loop_left,43,20,CJ3J1,FAIL,True,57670,RuntimeError,Could not switch the geometry. | The following agents would be outside of the new geometry: 57670 | 
bottom_loop_left,44,20,CJ3J1,PASS,False,,,
bottom_loop_left,45,20,CJ3J1,PASS,False,,,
bottom_loop_left,46,20,CJ3J1,PASS,False,,,
bottom_loop_left,47,20,CJ3J1,PASS,False,,,
bottom_loop_left,48,20,CJ3J1,PASS,False,,,
bottom_loop_left,49,20,CJ3J1,PASS,False,,,
bottom_loop_left,0,21,CJ3A,PASS,False,,,
bottom_loop_left,1,21,CJ3A,PASS,False,,,
bottom_loop_left,2,21,CJ3A,PASS,False,,,
bottom_loop_left,3,21,CJ3A,PASS,False,,,
bottom_loop_left,4,21,CJ3A,PASS,False,,,
bottom_loop_left,5,21,CJ3A,PASS,False,,,
bottom_loop_left,6,21,CJ3A,PASS,False,,,
bottom_loop_left,7,21,CJ3A,PASS,False,,,
bottom_loop_left,8,21,CJ3A,PASS,False,,,
bottom_loop_left,9,21,CJ3A,PASS,False,,,
bottom_loop_left,10,21,CJ3A,PASS,False,,,
bottom_loop_left,11,21,CJ3A,PASS,False,,,
bottom_loop_left,12,21,CJ3A,PASS,False,,,
bottom_loop_left,13,21,CJ3A,PASS,False,,,
bottom_loop_left,14,21,CJ3A,PASS,False,,,
bottom_loop_left,15,21,CJ3A,PASS,False,,,
bottom_loop_left,16,21,CJ3A,PASS,False,,,
bottom_loop_left,17,21,CJ3A,FAIL,True,57630,RuntimeError,Could not switch the geometry. | The following agents would be outside of the new geometry: 57630 | 
bottom_loop_left,18,21,CJ3A,PASS,False,,,
bottom_loop_left,19,21,CJ3A,PASS,False,,,
bottom_loop_left,20,21,CJ3A,PASS,False,,,
bottom_loop_left,21,21,CJ3A,PASS,False,,,
bottom_loop_left,22,21,CJ3A,PASS,False,,,
bottom_loop_left,23,21,CJ3A,PASS,False,,,
bottom_loop_left,24,21,CJ3A,PASS,False,,,
bottom_loop_left,25,21,CJ3A,FAIL,True,57206,RuntimeError,Could not switch the geometry. | The following agents would be outside of the new geometry: 57206 | 
bottom_loop_left,26,21,CJ3A,PASS,False,,,
bottom_loop_left,27,21,CJ3A,PASS,False,,,
bottom_loop_left,28,21,CJ3A,PASS,False,,,
bottom_loop_left,29,21,CJ3A,PASS,False,,,
bottom_loop_left,30,21,CJ3A,PASS,False,,,
bottom_loop_left,31,21,CJ3A,PASS,False,,,
bottom_loop_left,32,21,CJ3A,PASS,False,,,
bottom_loop_left,33,21,CJ3A,PASS,False,,,
bottom_loop_left,34,21,CJ3A,PASS,False,,,
bottom_loop_left,35,21,CJ3A,PASS,False,,,
bottom_loop_left,36,21,CJ3A,PASS,False,,,
bottom_loop_left,37,21,CJ3A,PASS,False,,,
bottom_loop_left,38,21,CJ3A,PASS,False,,,
bottom_loop_left,39,21,CJ3A,PASS,False,,,
bottom_loop_left,40,21,CJ3A,PASS,False,,,
bottom_loop_left,41,21,CJ3A,PASS,False,,,
bottom_loop_left,42,21,CJ3A,PASS,False,,,
bottom_loop_left,43,21,CJ3A,PASS,False,,,
bottom_loop_left,44,21,CJ3A,PASS,False,,,
bottom_loop_left,45,21,CJ3A,PASS,False,,,
bottom_loop_left,46,21,CJ3A,PASS,False,,,
bottom_loop_left,47,21,CJ3A,PASS,False,,,
bottom_loop_left,48,21,CJ3A,PASS,False,,,
bottom_loop_left,49,21,CJ3A,PASS,False,,,
bottom_loop_left,0,22,J2CB,PASS,False,,,
bottom_loop_left,1,22,J2CB,PASS,False,,,
bottom_loop_left,2,22,J2CB,PASS,False,,,
bottom_loop_left,3,22,J2CB,PASS,False,,,
bottom_loop_left,4,22,J2CB,PASS,False,,,
bottom_loop_left,5,22,J2CB,PASS,False,,,
bottom_loop_left,6,22,J2CB,PASS,False,,,
bottom_loop_left,7,22,J2CB,PASS,False,,,
bottom_loop_left,8,22,J2CB,PASS,False,,,
bottom_loop_left,9,22,J2CB,PASS,False,,,
bottom_loop_left,10,22,J2CB,PASS,False,,,
bottom_loop_left,11,22,J2CB,PASS,False,,,
bottom_loop_left,12,22,J2CB,PASS,False,,,
bottom_loop_left,13,22,J2CB,PASS,False,,,
bottom_loop_left,14,22,J2CB,PASS,False,,,
bottom_loop_left,15,22,J2CB,PASS,False,,,
bottom_loop_left,16,22,J2CB,PASS,False,,,
bottom_loop_left,17,22,J2CB,PASS,False,,,
bottom_loop_left,18,22,J2CB,PASS,False,,,
bottom_loop_left,19,22,J2CB,PASS,False,,,
bottom_loop_left,20,22,J2CB,PASS,False,,,
bottom_loop_left,21,22,J2CB,PASS,False,,,
bottom_loop_left,22,22,J2CB,PASS,False,,,
bottom_loop_left,23,22,J2CB,PASS,False,,,
bottom_loop_left,24,22,J2CB,PASS,False,,,
bottom_loop_left,25,22,J2CB,PASS,False,,,
bottom_loop_left,26,22,J2CB,PASS,False,,,
bottom_loop_left,27,22,J2CB,PASS,False,,,
bottom_loop_left,28,22,J2CB,PASS,False,,,
bottom_loop_left,29,22,J2CB,PASS,False,,,
bottom_loop_left,30,22,J2CB,PASS,False,,,
bottom_loop_left,31,22,J2CB,PASS,False,,,
bottom_loop_left,32,22,J2CB,PASS,False,,,
bottom_loop_left,33,22,J2CB,PASS,False,,,
bottom_loop_left,34,22,J2CB,PASS,False,,,
bottom_loop_left,35,22,J2CB,PASS,False,,,
bottom_loop_left,36,22,J2CB,PASS,False,,,
bottom_loop_left,37,22,J2CB,PASS,False,,,
bottom_loop_left,38,22,J2CB,PASS,False,,,
bottom_loop_left,39,22,J2CB,PASS,False,,,
bottom_loop_left,40,22,J2CB,PASS,False,,,
bottom_loop_left,41,22,J2CB,PASS,False,,,
bottom_loop_left,42,22,J2CB,PASS,False,,,
bottom_loop_left,43,22,J2CB,PASS,False,,,
bottom_loop_left,44,22,J2CB,PASS,False,,,
bottom_loop_left,45,22,J2CB,PASS,False,,,
bottom_loop_left,46,22,J2CB,PASS,False,,,
bottom_loop_left,47,22,J2CB,PASS,False,,,
bottom_loop_left,48,22,J2CB,PASS,False,,,
bottom_loop_left,49,22,J2CB,PASS,False,,,
bottom_loop_left,0,23,J2CJ1,PASS,False,,,
bottom_loop_left,1,23,J2CJ1,PASS,False,,,
bottom_loop_left,2,23,J2CJ1,PASS,False,,,
bottom_loop_left,3,23,J2CJ1,PASS,False,,,
bottom_loop_left,4,23,J2CJ1,PASS,False,,,
bottom_loop_left,5,23,J2CJ1,PASS,False,,,
bottom_loop_left,6,23,J2CJ1,PASS,False,,,
bottom_loop_left,7,23,J2CJ1,PASS,False,,,
bottom_loop_left,8,23,J2CJ1,PASS,False,,,
bottom_loop_left,9,23,J2CJ1,PASS,False,,,
bottom_loop_left,10,23,J2CJ1,PASS,False,,,
bottom_loop_left,11,23,J2CJ1,PASS,False,,,
bottom_loop_left,12,23,J2CJ1,PASS,False,,,
bottom_loop_left,13,23,J2CJ1,PASS,False,,,
bottom_loop_left,14,23,J2CJ1,PASS,False,,,
bottom_loop_left,15,23,J2CJ1,PASS,False,,,
bottom_loop_left,16,23,J2CJ1,PASS,False,,,
bottom_loop_left,17,23,J2CJ1,PASS,False,,,
bottom_loop_left,18,23,J2CJ1,PASS,False,,,
bottom_loop_left,19,23,J2CJ1,PASS,False,,,
bottom_loop_left,20,23,J2CJ1,PASS,False,,,
bottom_loop_left,21,23,J2CJ1,PASS,False,,,
bottom_loop_left,22,23,J2CJ1,PASS,False,,,
bottom_loop_left,23,23,J2CJ1,PASS,False,,,
bottom_loop_left,24,23,J2CJ1,PASS,False,,,
bottom_loop_left,25,23,J2CJ1,PASS,False,,,
bottom_loop_left,26,23,J2CJ1,PASS,False,,,
bottom_loop_left,27,23,J2CJ1,PASS,False,,,
bottom_loop_left,28,23,J2CJ1,PASS,False,,,
bottom_loop_left,29,23,J2CJ1,PASS,False,,,
bottom_loop_left,30,23,J2CJ1,PASS,False,,,
bottom_loop_left,31,23,J2CJ1,PASS,False,,,
bottom_loop_left,32,23,J2CJ1,PASS,False,,,
bottom_loop_left,33,23,J2CJ1,PASS,False,,,
bottom_loop_left,34,23,J2CJ1,PASS,False,,,
bottom_loop_left,35,23,J2CJ1,PASS,False,,,
bottom_loop_left,36,23,J2CJ1,PASS,False,,,
bottom_loop_left,37,23,J2CJ1,PASS,False,,,
bottom_loop_left,38,23,J2CJ1,PASS,False,,,
bottom_loop_left,39,23,J2CJ1,PASS,False,,,
bottom_loop_left,40,23,J2CJ1,PASS,False,,,
bottom_loop_left,41,23,J2CJ1,PASS,False,,,
bottom_loop_left,42,23,J2CJ1,PASS,False,,,
bottom_loop_left,43,23,J2CJ1,PASS,False,,,
bottom_loop_left,44,23,J2CJ1,PASS,False,,,
bottom_loop_left,45,23,J2CJ1,PASS,False,,,
bottom_loop_left,46,23,J2CJ1,PASS,False,,,
bottom_loop_left,47,23,J2CJ1,PASS,False,,,
bottom_loop_left,48,23,J2CJ1,PASS,False,,,
bottom_loop_left,49,23,J2CJ1,PASS,False,,,
bottom_loop_left,0,24,J2CJ2,PASS,False,,,
bottom_loop_left,1,24,J2CJ2,PASS,False,,,
bottom_loop_left,2,24,J2CJ2,PASS,False,,,
bottom_loop_left,3,24,J2CJ2,PASS,False,,,
bottom_loop_left,4,24,J2CJ2,PASS,False,,,
bottom_loop_left,5,24,J2CJ2,PASS,False,,,
bottom_loop_left,6,24,J2CJ2,PASS,False,,,
bottom_loop_left,7,24,J2CJ2,PASS,False,,,
bottom_loop_left,8,24,J2CJ2,PASS,False,,,
bottom_loop_left,9,24,J2CJ2,PASS,False,,,
bottom_loop_left,10,24,J2CJ2,PASS,False,,,
bottom_loop_left,11,24,J2CJ2,PASS,False,,,
bottom_loop_left,12,24,J2CJ2,PASS,False,,,
bottom_loop_left,13,24,J2CJ2,PASS,False,,,
bottom_loop_left,14,24,J2CJ2,PASS,False,,,
bottom_loop_left,15,24,J2CJ2,PASS,False,,,
bottom_loop_left,16,24,J2CJ2,PASS,False,,,
bottom_loop_left,17,24,J2CJ2,FAIL,True,59720,RuntimeError,Could not switch the geometry. | The following agents would be outside of the new geometry: 59720 | 
bottom_loop_left,18,24,J2CJ2,PASS,False,,,
bottom_loop_left,19,24,J2CJ2,PASS,False,,,
bottom_loop_left,20,24,J2CJ2,FAIL,True,59921,RuntimeError,Could not switch the geometry. | The following agents would be outside of the new geometry: 59921 | 
bottom_loop_left,21,24,J2CJ2,PASS,False,,,
bottom_loop_left,22,24,J2CJ2,PASS,False,,,
bottom_loop_left,23,24,J2CJ2,PASS,False,,,
bottom_loop_left,24,24,J2CJ2,PASS,False,,,
bottom_loop_left,25,24,J2CJ2,PASS,False,,,
bottom_loop_left,26,24,J2CJ2,PASS,False,,,
bottom_loop_left,27,24,J2CJ2,PASS,False,,,
bottom_loop_left,28,24,J2CJ2,PASS,False,,,
bottom_loop_left,29,24,J2CJ2,PASS,False,,,
bottom_loop_left,30,24,J2CJ2,PASS,False,,,
bottom_loop_left,31,24,J2CJ2,PASS,False,,,
bottom_loop_left,32,24,J2CJ2,PASS,False,,,
bottom_loop_left,33,24,J2CJ2,PASS,False,,,
bottom_loop_left,34,24,J2CJ2,PASS,False,,,
bottom_loop_left,35,24,J2CJ2,PASS,False,,,
bottom_loop_left,36,24,J2CJ2,PASS,False,,,
bottom_loop_left,37,24,J2CJ2,PASS,False,,,
bottom_loop_left,38,24,J2CJ2,PASS,False,,,
bottom_loop_left,39,24,J2CJ2,PASS,False,,,
bottom_loop_left,40,24,J2CJ2,PASS,False,,,
bottom_loop_left,41,24,J2CJ2,PASS,False,,,
bottom_loop_left,42,24,J2CJ2,PASS,False,,,
bottom_loop_left,43,24,J2CJ2,PASS,False,,,
bottom_loop_left,44,24,J2CJ2,PASS,False,,,
bottom_loop_left,45,24,J2CJ2,PASS,False,,,
bottom_loop_left,46,24,J2CJ2,PASS,False,,,
bottom_loop_left,47,24,J2CJ2,PASS,False,,,
bottom_loop_left,48,24,J2CJ2,PASS,False,,,
bottom_loop_left,49,24,J2CJ2,PASS,False,,,
bottom_loop_left,0,25,J2CA,PASS,False,,,
bottom_loop_left,1,25,J2CA,PASS,False,,,
bottom_loop_left,2,25,J2CA,PASS,False,,,
bottom_loop_left,3,25,J2CA,PASS,False,,,
bottom_loop_left,4,25,J2CA,PASS,False,,,
bottom_loop_left,5,25,J2CA,PASS,False,,,
bottom_loop_left,6,25,J2CA,PASS,False,,,
bottom_loop_left,7,25,J2CA,PASS,False,,,
bottom_loop_left,8,25,J2CA,PASS,False,,,
bottom_loop_left,9,25,J2CA,PASS,False,,,
bottom_loop_left,10,25,J2CA,PASS,False,,,
bottom_loop_left,11,25,J2CA,PASS,False,,,
bottom_loop_left,12,25,J2CA,PASS,False,,,
bottom_loop_left,13,25,J2CA,PASS,False,,,
bottom_loop_left,14,25,J2CA,PASS,False,,,
bottom_loop_left,15,25,J2CA,PASS,False,,,
bottom_loop_left,16,25,J2CA,PASS,False,,,
bottom_loop_left,17,25,J2CA,PASS,False,,,
bottom_loop_left,18,25,J2CA,PASS,False,,,
bottom_loop_left,19,25,J2CA,PASS,False,,,
bottom_loop_left,20,25,J2CA,PASS,False,,,
bottom_loop_left,21,25,J2CA,PASS,False,,,
bottom_loop_left,22,25,J2CA,PASS,False,,,
bottom_loop_left,23,25,J2CA,PASS,False,,,
bottom_loop_left,24,25,J2CA,PASS,False,,,
bottom_loop_left,25,25,J2CA,PASS,False,,,
bottom_loop_left,26,25,J2CA,PASS,False,,,
bottom_loop_left,27,25,J2CA,PASS,False,,,
bottom_loop_left,28,25,J2CA,PASS,False,,,
bottom_loop_left,29,25,J2CA,PASS,False,,,
bottom_loop_left,30,25,J2CA,PASS,False,,,
bottom_loop_left,31,25,J2CA,PASS,False,,,
bottom_loop_left,32,25,J2CA,PASS,False,,,
bottom_loop_left,33,25,J2CA,PASS,False,,,
bottom_loop_left,34,25,J2CA,PASS,False,,,
bottom_loop_left,35,25,J2CA,PASS,False,,,
bottom_loop_left,36,25,J2CA,PASS,False,,,
bottom_loop_left,37,25,J2CA,PASS,False,,,
bottom_loop_left,38,25,J2CA,PASS,False,,,
bottom_loop_left,39,25,J2CA,PASS,False,,,
bottom_loop_left,40,25,J2CA,PASS,False,,,
bottom_loop_left,41,25,J2CA,PASS,False,,,
bottom_loop_left,42,25,J2CA,PASS,False,,,
bottom_loop_left,43,25,J2CA,PASS,False,,,
bottom_loop_left,44,25,J2CA,PASS,False,,,
bottom_loop_left,45,25,J2CA,PASS,False,,,
bottom_loop_left,46,25,J2CA,PASS,False,,,
bottom_loop_left,47,25,J2CA,PASS,False,,,
bottom_loop_left,48,25,J2CA,PASS,False,,,
bottom_loop_left,49,25,J2CA,PASS,False,,,
bottom_loop_left,0,26,J2J3B,PASS,False,,,
bottom_loop_left,1,26,J2J3B,PASS,False,,,
bottom_loop_left,2,26,J2J3B,PASS,False,,,
bottom_loop_left,3,26,J2J3B,PASS,False,,,
bottom_loop_left,4,26,J2J3B,PASS,False,,,
bottom_loop_left,5,26,J2J3B,FAIL,True,60889,RuntimeError,Could not switch the geometry. | The following agents would be outside of the new geometry: 60889 | 
bottom_loop_left,6,26,J2J3B,PASS,False,,,
bottom_loop_left,7,26,J2J3B,PASS,False,,,
bottom_loop_left,8,26,J2J3B,PASS,False,,,
bottom_loop_left,9,26,J2J3B,PASS,False,,,
bottom_loop_left,10,26,J2J3B,PASS,False,,,
bottom_loop_left,11,26,J2J3B,PASS,False,,,
bottom_loop_left,12,26,J2J3B,PASS,False,,,
bottom_loop_left,13,26,J2J3B,PASS,False,,,
bottom_loop_left,14,26,J2J3B,PASS,False,,,
bottom_loop_left,15,26,J2J3B,PASS,False,,,
bottom_loop_left,16,26,J2J3B,PASS,False,,,
bottom_loop_left,17,26,J2J3B,PASS,False,,,
bottom_loop_left,18,26,J2J3B,PASS,False,,,
bottom_loop_left,19,26,J2J3B,PASS,False,,,
bottom_loop_left,20,26,J2J3B,PASS,False,,,
bottom_loop_left,21,26,J2J3B,PASS,False,,,
bottom_loop_left,22,26,J2J3B,PASS,False,,,
bottom_loop_left,23,26,J2J3B,PASS,False,,,
bottom_loop_left,24,26,J2J3B,PASS,False,,,
bottom_loop_left,25,26,J2J3B,PASS,False,,,
bottom_loop_left,26,26,J2J3B,PASS,False,,,
bottom_loop_left,27,26,J2J3B,PASS,False,,,
bottom_loop_left,28,26,J2J3B,PASS,False,,,
bottom_loop_left,29,26,J2J3B,FAIL,True,60813,RuntimeError,Could not switch the geometry. | The following agents would be outside of the new geometry: 60813 | 
bottom_loop_left,30,26,J2J3B,PASS,False,,,
bottom_loop_left,31,26,J2J3B,FAIL,True,61444,RuntimeError,Could not switch the geometry. | The following agents would be outside of the new geometry: 61444 | 
bottom_loop_left,32,26,J2J3B,PASS,False,,,
bottom_loop_left,33,26,J2J3B,PASS,False,,,
bottom_loop_left,34,26,J2J3B,PASS,False,,,
bottom_loop_left,35,26,J2J3B,PASS,False,,,
bottom_loop_left,36,26,J2J3B,PASS,False,,,
bottom_loop_left,37,26,J2J3B,PASS,False,,,
bottom_loop_left,38,26,J2J3B,PASS,False,,,
bottom_loop_left,39,26,J2J3B,PASS,False,,,
bottom_loop_left,40,26,J2J3B,PASS,False,,,
bottom_loop_left,41,26,J2J3B,PASS,False,,,
bottom_loop_left,42,26,J2J3B,PASS,False,,,
bottom_loop_left,43,26,J2J3B,PASS,False,,,
bottom_loop_left,44,26,J2J3B,PASS,False,,,
bottom_loop_left,45,26,J2J3B,FAIL,True,60667,RuntimeError,Could not switch the geometry. | The following agents would be outside of the new geometry: 60667 | 
bottom_loop_left,46,26,J2J3B,PASS,False,,,
bottom_loop_left,47,26,J2J3B,PASS,False,,,
bottom_loop_left,48,26,J2J3B,PASS,False,,,
bottom_loop_left,49,26,J2J3B,PASS,False,,,
bottom_loop_left,0,27,J2J3A,PASS,False,,,
bottom_loop_left,1,27,J2J3A,PASS,False,,,
bottom_loop_left,2,27,J2J3A,PASS,False,,,
bottom_loop_left,3,27,J2J3A,PASS,False,,,
bottom_loop_left,4,27,J2J3A,PASS,False,,,
bottom_loop_left,5,27,J2J3A,PASS,False,,,
bottom_loop_left,6,27,J2J3A,PASS,False,,,
bottom_loop_left,7,27,J2J3A,PASS,False,,,
bottom_loop_left,8,27,J2J3A,PASS,False,,,
bottom_loop_left,9,27,J2J3A,PASS,False,,,
bottom_loop_left,10,27,J2J3A,PASS,False,,,
bottom_loop_left,11,27,J2J3A,PASS,False,,,
bottom_loop_left,12,27,J2J3A,PASS,False,,,
bottom_loop_left,13,27,J2J3A,PASS,False,,,
bottom_loop_left,14,27,J2J3A,PASS,False,,,
bottom_loop_left,15,27,J2J3A,PASS,False,,,
bottom_loop_left,16,27,J2J3A,PASS,False,,,
bottom_loop_left,17,27,J2J3A,FAIL,True,61050,RuntimeError,Could not switch the geometry. | The following agents would be outside of the new geometry: 61050 | 
bottom_loop_left,18,27,J2J3A,PASS,False,,,
bottom_loop_left,19,27,J2J3A,PASS,False,,,
bottom_loop_left,20,27,J2J3A,PASS,False,,,
bottom_loop_left,21,27,J2J3A,PASS,False,,,
bottom_loop_left,22,27,J2J3A,PASS,False,,,
bottom_loop_left,23,27,J2J3A,PASS,False,,,
bottom_loop_left,24,27,J2J3A,PASS,False,,,
bottom_loop_left,25,27,J2J3A,FAIL,True,61686,RuntimeError,Could not switch the geometry. | The following agents would be outside of the new geometry: 61686 | 
bottom_loop_left,26,27,J2J3A,PASS,False,,,
bottom_loop_left,27,27,J2J3A,PASS,False,,,
bottom_loop_left,28,27,J2J3A,PASS,False,,,
bottom_loop_left,29,27,J2J3A,PASS,False,,,
bottom_loop_left,30,27,J2J3A,PASS,False,,,
bottom_loop_left,31,27,J2J3A,PASS,False,,,
bottom_loop_left,32,27,J2J3A,PASS,False,,,
bottom_loop_left,33,27,J2J3A,PASS,False,,,
bottom_loop_left,34,27,J2J3A,PASS,False,,,
bottom_loop_left,35,27,J2J3A,PASS,False,,,
bottom_loop_left,36,27,J2J3A,PASS,False,,,
bottom_loop_left,37,27,J2J3A,PASS,False,,,
bottom_loop_left,38,27,J2J3A,PASS,False,,,
bottom_loop_left,39,27,J2J3A,PASS,False,,,
bottom_loop_left,40,27,J2J3A,PASS,False,,,
bottom_loop_left,41,27,J2J3A,PASS,False,,,
bottom_loop_left,42,27,J2J3A,PASS,False,,,
bottom_loop_left,43,27,J2J3A,PASS,False,,,
bottom_loop_left,44,27,J2J3A,PASS,False,,,
bottom_loop_left,45,27,J2J3A,PASS,False,,,
bottom_loop_left,46,27,J2J3A,PASS,False,,,
bottom_loop_left,47,27,J2J3A,PASS,False,,,
bottom_loop_left,48,27,J2J3A,PASS,False,,,
bottom_loop_left,49,27,J2J3A,PASS,False,,,
bottom_loop_left,0,28,J3CB,PASS,False,,,
bottom_loop_left,1,28,J3CB,PASS,False,,,
bottom_loop_left,2,28,J3CB,PASS,False,,,
bottom_loop_left,3,28,J3CB,PASS,False,,,
bottom_loop_left,4,28,J3CB,PASS,False,,,
bottom_loop_left,5,28,J3CB,PASS,False,,,
bottom_loop_left,6,28,J3CB,PASS,False,,,
bottom_loop_left,7,28,J3CB,PASS,False,,,
bottom_loop_left,8,28,J3CB,PASS,False,,,
bottom_loop_left,9,28,J3CB,PASS,False,,,
bottom_loop_left,10,28,J3CB,PASS,False,,,
bottom_loop_left,11,28,J3CB,PASS,False,,,
bottom_loop_left,12,28,J3CB,PASS,False,,,
bottom_loop_left,13,28,J3CB,PASS,False,,,
bottom_loop_left,14,28,J3CB,PASS,False,,,
bottom_loop_left,15,28,J3CB,PASS,False,,,
bottom_loop_left,16,28,J3CB,PASS,False,,,
bottom_loop_left,17,28,J3CB,PASS,False,,,
bottom_loop_left,18,28,J3CB,PASS,False,,,
bottom_loop_left,19,28,J3CB,PASS,False,,,
bottom_loop_left,20,28,J3CB,PASS,False,,,
bottom_loop_left,21,28,J3CB,PASS,False,,,
bottom_loop_left,22,28,J3CB,PASS,False,,,
bottom_loop_left,23,28,J3CB,PASS,False,,,
bottom_loop_left,24,28,J3CB,PASS,False,,,
bottom_loop_left,25,28,J3CB,PASS,False,,,
bottom_loop_left,26,28,J3CB,PASS,False,,,
bottom_loop_left,27,28,J3CB,PASS,False,,,
bottom_loop_left,28,28,J3CB,PASS,False,,,
bottom_loop_left,29,28,J3CB,PASS,False,,,
bottom_loop_left,30,28,J3CB,PASS,False,,,
bottom_loop_left,31,28,J3CB,PASS,False,,,
bottom_loop_left,32,28,J3CB,PASS,False,,,
bottom_loop_left,33,28,J3CB,PASS,False,,,
bottom_loop_left,34,28,J3CB,PASS,False,,,
bottom_loop_left,35,28,J3CB,PASS,False,,,
bottom_loop_left,36,28,J3CB,PASS,False,,,
bottom_loop_left,37,28,J3CB,PASS,False,,,
bottom_loop_left,38,28,J3CB,PASS,False,,,
bottom_loop_left,39,28,J3CB,PASS,False,,,
bottom_loop_left,40,28,J3CB,PASS,False,,,
bottom_loop_left,41,28,J3CB,PASS,False,,,
bottom_loop_left,42,28,J3CB,PASS,False,,,
bottom_loop_left,43,28,J3CB,PASS,False,,,
bottom_loop_left,44,28,J3CB,PASS,False,,,
bottom_loop_left,45,28,J3CB,PASS,False,,,
bottom_loop_left,46,28,J3CB,PASS,False,,,
bottom_loop_left,47,28,J3CB,PASS,False,,,
bottom_loop_left,48,28,J3CB,PASS,False,,,
bottom_loop_left,49,28,J3CB,PASS,False,,,
bottom_loop_left,0,29,J3CJ2,PASS,False,,,
bottom_loop_left,1,29,J3CJ2,PASS,False,,,
bottom_loop_left,2,29,J3CJ2,PASS,False,,,
bottom_loop_left,3,29,J3CJ2,PASS,False,,,
bottom_loop_left,4,29,J3CJ2,PASS,False,,,
bottom_loop_left,5,29,J3CJ2,PASS,False,,,
bottom_loop_left,6,29,J3CJ2,PASS,False,,,
bottom_loop_left,7,29,J3CJ2,PASS,False,,,
bottom_loop_left,8,29,J3CJ2,PASS,False,,,
bottom_loop_left,9,29,J3CJ2,PASS,False,,,
bottom_loop_left,10,29,J3CJ2,PASS,False,,,
bottom_loop_left,11,29,J3CJ2,PASS,False,,,
bottom_loop_left,12,29,J3CJ2,PASS,False,,,
bottom_loop_left,13,29,J3CJ2,PASS,False,,,
bottom_loop_left,14,29,J3CJ2,PASS,False,,,
bottom_loop_left,15,29,J3CJ2,PASS,False,,,
bottom_loop_left,16,29,J3CJ2,PASS,False,,,
bottom_loop_left,17,29,J3CJ2,FAIL,True,63160,RuntimeError,Could not switch the geometry. | The following agents would be outside of the new geometry: 63160 | 
bottom_loop_left,18,29,J3CJ2,PASS,False,,,
bottom_loop_left,19,29,J3CJ2,PASS,False,,,
bottom_loop_left,20,29,J3CJ2,FAIL,True,65341,RuntimeError,Could not switch the geometry. | The following agents would be outside of the new geometry: 65341 | 
bottom_loop_left,21,29,J3CJ2,PASS,False,,,
bottom_loop_left,22,29,J3CJ2,PASS,False,,,
bottom_loop_left,23,29,J3CJ2,PASS,False,,,
bottom_loop_left,24,29,J3CJ2,PASS,False,,,
bottom_loop_left,25,29,J3CJ2,PASS,False,,,
bottom_loop_left,26,29,J3CJ2,PASS,False,,,
bottom_loop_left,27,29,J3CJ2,PASS,False,,,
bottom_loop_left,28,29,J3CJ2,PASS,False,,,
bottom_loop_left,29,29,J3CJ2,PASS,False,,,
bottom_loop_left,30,29,J3CJ2,PASS,False,,,
bottom_loop_left,31,29,J3CJ2,PASS,False,,,
bottom_loop_left,32,29,J3CJ2,PASS,False,,,
bottom_loop_left,33,29,J3CJ2,PASS,False,,,
bottom_loop_left,34,29,J3CJ2,PASS,False,,,
bottom_loop_left,35,29,J3CJ2,PASS,False,,,
bottom_loop_left,36,29,J3CJ2,PASS,False,,,
bottom_loop_left,37,29,J3CJ2,PASS,False,,,
bottom_loop_left,38,29,J3CJ2,PASS,False,,,
bottom_loop_left,39,29,J3CJ2,PASS,False,,,
bottom_loop_left,40,29,J3CJ2,PASS,False,,,
bottom_loop_left,41,29,J3CJ2,PASS,False,,,
bottom_loop_left,42,29,J3CJ2,PASS,False,,,
bottom_loop_left,43,29,J3CJ2,PASS,False,,,
bottom_loop_left,44,29,J3CJ2,PASS,False,,,
bottom_loop_left,45,29,J3CJ2,PASS,False,,,
bottom_loop_left,46,29,J3CJ2,PASS,False,,,
bottom_loop_left,47,29,J3CJ2,PASS,False,,,
bottom_loop_left,48,29,J3CJ2,PASS,False,,,
bottom_loop_left,49,29,J3CJ2,PASS,False,,,
bottom_loop_left,0,30,J3CA,PASS,False,,,
bottom_loop_left,1,30,J3CA,PASS,False,,,
bottom_loop_left,2,30,J3CA,PASS,False,,,
bottom_loop_left,3,30,J3CA,PASS,False,,,
bottom_loop_left,4,30,J3CA,PASS,False,,,
bottom_loop_left,5,30,J3CA,PASS,False,,,
bottom_loop_left,6,30,J3CA,PASS,False,,,
bottom_loop_left,7,30,J3CA,PASS,False,,,
bottom_loop_left,8,30,J3CA,PASS,False,,,
bottom_loop_left,9,30,J3CA,PASS,False,,,
bottom_loop_left,10,30,J3CA,PASS,False,,,
bottom_loop_left,11,30,J3CA,PASS,False,,,
bottom_loop_left,12,30,J3CA,PASS,False,,,
bottom_loop_left,13,30,J3CA,PASS,False,,,
bottom_loop_left,14,30,J3CA,PASS,False,,,
bottom_loop_left,15,30,J3CA,PASS,False,,,
bottom_loop_left,16,30,J3CA,PASS,False,,,
bottom_loop_left,17,30,J3CA,PASS,False,,,
bottom_loop_left,18,30,J3CA,PASS,False,,,
bottom_loop_left,19,30,J3CA,PASS,False,,,
bottom_loop_left,20,30,J3CA,PASS,False,,,
bottom_loop_left,21,30,J3CA,PASS,False,,,
bottom_loop_left,22,30,J3CA,PASS,False,,,
bottom_loop_left,23,30,J3CA,PASS,False,,,
bottom_loop_left,24,30,J3CA,PASS,False,,,
bottom_loop_left,25,30,J3CA,PASS,False,,,
bottom_loop_left,26,30,J3CA,PASS,False,,,
bottom_loop_left,27,30,J3CA,PASS,False,,,
bottom_loop_left,28,30,J3CA,PASS,False,,,
bottom_loop_left,29,30,J3CA,PASS,False,,,
bottom_loop_left,30,30,J3CA,PASS,False,,,
bottom_loop_left,31,30,J3CA,PASS,False,,,
bottom_loop_left,32,30,J3CA,PASS,False,,,
bottom_loop_left,33,30,J3CA,PASS,False,,,
bottom_loop_left,34,30,J3CA,PASS,False,,,
bottom_loop_left,35,30,J3CA,PASS,False,,,
bottom_loop_left,36,30,J3CA,PASS,False,,,
bottom_loop_left,37,30,J3CA,PASS,False,,,
bottom_loop_left,38,30,J3CA,PASS,False,,,
bottom_loop_left,39,30,J3CA,PASS,False,,,
bottom_loop_left,40,30,J3CA,PASS,False,,,
bottom_loop_left,41,30,J3CA,PASS,False,,,
bottom_loop_left,42,30,J3CA,PASS,False,,,
bottom_loop_left,43,30,J3CA,PASS,False,,,
bottom_loop_left,44,30,J3CA,PASS,False,,,
bottom_loop_left,45,30,J3CA,PASS,False,,,
bottom_loop_left,46,30,J3CA,PASS,False,,,
bottom_loop_left,47,30,J3CA,PASS,False,,,
bottom_loop_left,48,30,J3CA,PASS,False,,,
bottom_loop_left,49,30,J3CA,PASS,False,,,
bottom_loop_left,0,31,J3J1B,PASS,False,,,
bottom_loop_left,1,31,J3J1B,PASS,False,,,
bottom_loop_left,2,31,J3J1B,PASS,False,,,
bottom_loop_left,3,31,J3J1B,PASS,False,,,
bottom_loop_left,4,31,J3J1B,PASS,False,,,
bottom_loop_left,5,31,J3J1B,PASS,False,,,
bottom_loop_left,6,31,J3J1B,PASS,False,,,
bottom_loop_left,7,31,J3J1B,PASS,False,,,
bottom_loop_left,8,31,J3J1B,PASS,False,,,
bottom_loop_left,9,31,J3J1B,PASS,False,,,
bottom_loop_left,10,31,J3J1B,PASS,False,,,
bottom_loop_left,11,31,J3J1B,PASS,False,,,
bottom_loop_left,12,31,J3J1B,PASS,False,,,
bottom_loop_left,13,31,J3J1B,PASS,False,,,
bottom_loop_left,14,31,J3J1B,PASS,False,,,
bottom_loop_left,15,31,J3J1B,PASS,False,,,
bottom_loop_left,16,31,J3J1B,PASS,False,,,
bottom_loop_left,17,31,J3J1B,PASS,False,,,
bottom_loop_left,18,31,J3J1B,PASS,False,,,
bottom_loop_left,19,31,J3J1B,PASS,False,,,
bottom_loop_left,20,31,J3J1B,PASS,False,,,
bottom_loop_left,21,31,J3J1B,PASS,False,,,
bottom_loop_left,22,31,J3J1B,PASS,False,,,
bottom_loop_left,23,31,J3J1B,PASS,False,,,
bottom_loop_left,24,31,J3J1B,PASS,False,,,
bottom_loop_left,25,31,J3J1B,PASS,False,,,
bottom_loop_left,26,31,J3J1B,PASS,False,,,
bottom_loop_left,27,31,J3J1B,PASS,False,,,
bottom_loop_left,28,31,J3J1B,PASS,False,,,
bottom_loop_left,29,31,J3J1B,PASS,False,,,
bottom_loop_left,30,31,J3J1B,PASS,False,,,
bottom_loop_left,31,31,J3J1B,PASS,False,,,
bottom_loop_left,32,31,J3J1B,PASS,False,,,
bottom_loop_left,33,31,J3J1B,PASS,False,,,
bottom_loop_left,34,31,J3J1B,PASS,False,,,
bottom_loop_left,35,31,J3J1B,PASS,False,,,
bottom_loop_left,36,31,J3J1B,PASS,False,,,
bottom_loop_left,37,31,J3J1B,PASS,False,,,
bottom_loop_left,38,31,J3J1B,PASS,False,,,
bottom_loop_left,39,31,J3J1B,PASS,False,,,
bottom_loop_left,40,31,J3J1B,PASS,False,,,
bottom_loop_left,41,31,J3J1B,PASS,False,,,
bottom_loop_left,42,31,J3J1B,PASS,False,,,
bottom_loop_left,43,31,J3J1B,PASS,False,,,
bottom_loop_left,44,31,J3J1B,PASS,False,,,
bottom_loop_left,45,31,J3J1B,PASS,False,,,
bottom_loop_left,46,31,J3J1B,PASS,False,,,
bottom_loop_left,47,31,J3J1B,PASS,False,,,
bottom_loop_left,48,31,J3J1B,PASS,False,,,
bottom_loop_left,49,31,J3J1B,PASS,False,,,
bottom_loop_left,0,32,J3J1A,PASS,False,,,
bottom_loop_left,1,32,J3J1A,PASS,False,,,
bottom_loop_left,2,32,J3J1A,PASS,False,,,
bottom_loop_left,3,32,J3J1A,PASS,False,,,
bottom_loop_left,4,32,J3J1A,PASS,False,,,
bottom_loop_left,5,32,J3J1A,PASS,False,,,
bottom_loop_left,6,32,J3J1A,PASS,False,,,
bottom_loop_left,7,32,J3J1A,PASS,False,,,
bottom_loop_left,8,32,J3J1A,PASS,False,,,
bottom_loop_left,9,32,J3J1A,PASS,False,,,
bottom_loop_left,10,32,J3J1A,PASS,False,,,
bottom_loop_left,11,32,J3J1A,PASS,False,,,
bottom_loop_left,12,32,J3J1A,PASS,False,,,
bottom_loop_left,13,32,J3J1A,PASS,False,,,
bottom_loop_left,14,32,J3J1A,PASS,False,,,
bottom_loop_left,15,32,J3J1A,PASS,False,,,
bottom_loop_left,16,32,J3J1A,PASS,False,,,
bottom_loop_left,17,32,J3J1A,PASS,False,,,
bottom_loop_left,18,32,J3J1A,PASS,False,,,
bottom_loop_left,19,32,J3J1A,PASS,False,,,
bottom_loop_left,20,32,J3J1A,PASS,False,,,
bottom_loop_left,21,32,J3J1A,PASS,False,,,
bottom_loop_left,22,32,J3J1A,PASS,False,,,
bottom_loop_left,23,32,J3J1A,PASS,False,,,
bottom_loop_left,24,32,J3J1A,PASS,False,,,
bottom_loop_left,25,32,J3J1A,PASS,False,,,
bottom_loop_left,26,32,J3J1A,PASS,False,,,
bottom_loop_left,27,32,J3J1A,PASS,False,,,
bottom_loop_left,28,32,J3J1A,PASS,False,,,
bottom_loop_left,29,32,J3J1A,PASS,False,,,
bottom_loop_left,30,32,J3J1A,PASS,False,,,
bottom_loop_left,31,32,J3J1A,PASS,False,,,
bottom_loop_left,32,32,J3J1A,PASS,False,,,
bottom_loop_left,33,32,J3J1A,PASS,False,,,
bottom_loop_left,34,32,J3J1A,PASS,False,,,
bottom_loop_left,35,32,J3J1A,PASS,False,,,
bottom_loop_left,36,32,J3J1A,PASS,False,,,
bottom_loop_left,37,32,J3J1A,PASS,False,,,
bottom_loop_left,38,32,J3J1A,PASS,False,,,
bottom_loop_left,39,32,J3J1A,PASS,False,,,
bottom_loop_left,40,32,J3J1A,PASS,False,,,
bottom_loop_left,41,32,J3J1A,PASS,False,,,
bottom_loop_left,42,32,J3J1A,PASS,False,,,
bottom_loop_left,43,32,J3J1A,PASS,False,,,
bottom_loop_left,44,32,J3J1A,PASS,False,,,
bottom_loop_left,45,32,J3J1A,PASS,False,,,
bottom_loop_left,46,32,J3J1A,PASS,False,,,
bottom_loop_left,47,32,J3J1A,PASS,False,,,
bottom_loop_left,48,32,J3J1A,PASS,False,,,
bottom_loop_left,49,32,J3J1A,PASS,False,,,
bottom_loop_left,0,33,J3J3B,PASS,False,,,
bottom_loop_left,1,33,J3J3B,PASS,False,,,
bottom_loop_left,2,33,J3J3B,PASS,False,,,
bottom_loop_left,3,33,J3J3B,PASS,False,,,
bottom_loop_left,4,33,J3J3B,PASS,False,,,
bottom_loop_left,5,33,J3J3B,FAIL,True,64929,RuntimeError,Could not switch the geometry. | The following agents would be outside of the new geometry: 64929 | 
bottom_loop_left,6,33,J3J3B,PASS,False,,,
bottom_loop_left,7,33,J3J3B,PASS,False,,,
bottom_loop_left,8,33,J3J3B,PASS,False,,,
bottom_loop_left,9,33,J3J3B,PASS,False,,,
bottom_loop_left,10,33,J3J3B,PASS,False,,,
bottom_loop_left,11,33,J3J3B,PASS,False,,,
bottom_loop_left,12,33,J3J3B,PASS,False,,,
bottom_loop_left,13,33,J3J3B,PASS,False,,,
bottom_loop_left,14,33,J3J3B,PASS,False,,,
bottom_loop_left,15,33,J3J3B,PASS,False,,,
bottom_loop_left,16,33,J3J3B,PASS,False,,,
bottom_loop_left,17,33,J3J3B,PASS,False,,,
bottom_loop_left,18,33,J3J3B,PASS,False,,,
bottom_loop_left,19,33,J3J3B,PASS,False,,,
bottom_loop_left,20,33,J3J3B,PASS,False,,,
bottom_loop_left,21,33,J3J3B,PASS,False,,,
bottom_loop_left,22,33,J3J3B,PASS,False,,,
bottom_loop_left,23,33,J3J3B,PASS,False,,,
bottom_loop_left,24,33,J3J3B,PASS,False,,,
bottom_loop_left,25,33,J3J3B,PASS,False,,,
bottom_loop_left,26,33,J3J3B,PASS,False,,,
bottom_loop_left,27,33,J3J3B,PASS,False,,,
bottom_loop_left,28,33,J3J3B,PASS,False,,,
bottom_loop_left,29,33,J3J3B,FAIL,True,68133,RuntimeError,Could not switch the geometry. | The following agents would be outside of the new geometry: 68133 | 
bottom_loop_left,30,33,J3J3B,PASS,False,,,
bottom_loop_left,31,33,J3J3B,FAIL,True,65284,RuntimeError,Could not switch the geometry. | The following agents would be outside of the new geometry: 65284 | 
bottom_loop_left,32,33,J3J3B,PASS,False,,,
bottom_loop_left,33,33,J3J3B,PASS,False,,,
bottom_loop_left,34,33,J3J3B,PASS,False,,,
bottom_loop_left,35,33,J3J3B,PASS,False,,,
bottom_loop_left,36,33,J3J3B,PASS,False,,,
bottom_loop_left,37,33,J3J3B,PASS,False,,,
bottom_loop_left,38,33,J3J3B,PASS,False,,,
bottom_loop_left,39,33,J3J3B,PASS,False,,,
bottom_loop_left,40,33,J3J3B,PASS,False,,,
bottom_loop_left,41,33,J3J3B,PASS,False,,,
bottom_loop_left,42,33,J3J3B,PASS,False,,,
bottom_loop_left,43,33,J3J3B,PASS,False,,,
bottom_loop_left,44,33,J3J3B,PASS,False,,,
bottom_loop_left,45,33,J3J3B,FAIL,True,65887,RuntimeError,Could not switch the geometry. | The following agents would be outside of the new geometry: 65887 | 
bottom_loop_left,46,33,J3J3B,PASS,False,,,
bottom_loop_left,47,33,J3J3B,PASS,False,,,
bottom_loop_left,48,33,J3J3B,PASS,False,,,
bottom_loop_left,49,33,J3J3B,PASS,False,,,
bottom_loop_left,0,34,J3J3A,PASS,False,,,
bottom_loop_left,1,34,J3J3A,PASS,False,,,
bottom_loop_left,2,34,J3J3A,PASS,False,,,
bottom_loop_left,3,34,J3J3A,PASS,False,,,
bottom_loop_left,4,34,J3J3A,PASS,False,,,
bottom_loop_left,5,34,J3J3A,PASS,False,,,
bottom_loop_left,6,34,J3J3A,PASS,False,,,
bottom_loop_left,7,34,J3J3A,PASS,False,,,
bottom_loop_left,8,34,J3J3A,PASS,False,,,
bottom_loop_left,9,34,J3J3A,PASS,False,,,
bottom_loop_left,10,34,J3J3A,PASS,False,,,
bottom_loop_left,11,34,J3J3A,PASS,False,,,
bottom_loop_left,12,34,J3J3A,PASS,False,,,
bottom_loop_left,13,34,J3J3A,PASS,False,,,
bottom_loop_left,14,34,J3J3A,PASS,False,,,
bottom_loop_left,15,34,J3J3A,PASS,False,,,
bottom_loop_left,16,34,J3J3A,PASS,False,,,
bottom_loop_left,17,34,J3J3A,FAIL,True,65530,RuntimeError,Could not switch the geometry. | The following agents would be outside of the new geometry: 65530 | 
bottom_loop_left,18,34,J3J3A,PASS,False,,,
bottom_loop_left,19,34,J3J3A,PASS,False,,,
bottom_loop_left,20,34,J3J3A,PASS,False,,,
bottom_loop_left,21,34,J3J3A,PASS,False,,,
bottom_loop_left,22,34,J3J3A,PASS,False,,,
bottom_loop_left,23,34,J3J3A,PASS,False,,,
bottom_loop_left,24,34,J3J3A,PASS,False,,,
bottom_loop_left,25,34,J3J3A,FAIL,True,66066,RuntimeError,Could not switch the geometry. | The following agents would be outside of the new geometry: 66066 | 
bottom_loop_left,26,34,J3J3A,PASS,False,,,
bottom_loop_left,27,34,J3J3A,PASS,False,,,
bottom_loop_left,28,34,J3J3A,PASS,False,,,
bottom_loop_left,29,34,J3J3A,PASS,False,,,
bottom_loop_left,30,34,J3J3A,PASS,False,,,
bottom_loop_left,31,34,J3J3A,PASS,False,,,
bottom_loop_left,32,34,J3J3A,PASS,False,,,
bottom_loop_left,33,34,J3J3A,PASS,False,,,
bottom_loop_left,34,34,J3J3A,PASS,False,,,
bottom_loop_left,35,34,J3J3A,PASS,False,,,
bottom_loop_left,36,34,J3J3A,PASS,False,,,
bottom_loop_left,37,34,J3J3A,PASS,False,,,
bottom_loop_left,38,34,J3J3A,PASS,False,,,
bottom_loop_left,39,34,J3J3A,PASS,False,,,
bottom_loop_left,40,34,J3J3A,PASS,False,,,
bottom_loop_left,41,34,J3J3A,PASS,False,,,
bottom_loop_left,42,34,J3J3A,PASS,False,,,
bottom_loop_left,43,34,J3J3A,PASS,False,,,
bottom_loop_left,44,34,J3J3A,PASS,False,,,
bottom_loop_left,45,34,J3J3A,PASS,False,,,
bottom_loop_left,46,34,J3J3A,PASS,False,,,
bottom_loop_left,47,34,J3J3A,PASS,False,,,
bottom_loop_left,48,34,J3J3A,PASS,False,,,
bottom_loop_left,49,34,J3J3A,PASS,False,,,
