cut,bounds,policy_action,pre_policy,seed,snapshot_time,agents_present,center_hits,body_intersections_r0p2,nearby_within_0p4,center_hit_ids,body_hit_ids,nearby_ids,switch_error
left_connector_y_19p50,"(4.0, 19.5, 6.0, 19.55)",3,ACA,0,10.0,82,0,0,0,,,,
left_connector_y_19p50,"(4.0, 19.5, 6.0, 19.55)",3,ACA,1,10.0,82,1,2,3,2852,2849|2852,2841|2849|2852,"RuntimeError: Could not switch the geometry.
The following agents would be outside of the new geometry: 2952
"
left_connector_y_19p50,"(4.0, 19.5, 6.0, 19.55)",3,ACA,2,10.0,81,0,0,0,,,,
left_connector_y_19p50,"(4.0, 19.5, 6.0, 19.55)",3,ACA,3,10.0,84,0,1,1,,2841,2841,
left_connector_y_19p50,"(4.0, 19.5, 6.0, 19.55)",3,ACA,4,10.0,83,0,0,2,,,2843|2856,
left_connector_y_19p50,"(4.0, 19.5, 6.0, 19.55)",0,ACB,0,10.0,82,0,0,0,,,,
left_connector_y_19p50,"(4.0, 19.5, 6.0, 19.55)",0,ACB,1,10.0,82,0,0,0,,,,
left_connector_y_19p50,"(4.0, 19.5, 6.0, 19.55)",0,ACB,2,10.0,81,0,0,0,,,,
left_connector_y_19p50,"(4.0, 19.5, 6.0, 19.55)",0,ACB,3,10.0,84,0,0,0,,,,
left_connector_y_19p50,"(4.0, 19.5, 6.0, 19.55)",0,ACB,4,10.0,83,0,0,0,,,,
left_connector_y_19p50,"(4.0, 19.5, 6.0, 19.55)",1,ACJ1,0,10.0,82,0,0,1,,,44,
left_connector_y_19p50,"(4.0, 19.5, 6.0, 19.55)",1,ACJ1,1,10.0,82,1,3,3,49,49|52|60,49|52|60,"RuntimeError: Could not switch the geometry.
The following agents would be outside of the new geometry: 149
"
left_connector_y_19p50,"(4.0, 19.5, 6.0, 19.55)",1,ACJ1,2,10.0,81,0,0,0,,,,
left_connector_y_19p50,"(4.0, 19.5, 6.0, 19.55)",1,ACJ1,3,10.0,84,0,0,1,,,46,
left_connector_y_19p50,"(4.0, 19.5, 6.0, 19.55)",1,ACJ1,4,10.0,83,0,1,2,,44,44|45,
left_connector_y_19p50,"(4.0, 19.5, 6.0, 19.55)",2,ACJ2,0,10.0,82,0,0,0,,,,
left_connector_y_19p50,"(4.0, 19.5, 6.0, 19.55)",2,ACJ2,1,10.0,82,0,0,0,,,,
left_connector_y_19p50,"(4.0, 19.5, 6.0, 19.55)",2,ACJ2,2,10.0,81,0,0,0,,,,
left_connector_y_19p50,"(4.0, 19.5, 6.0, 19.55)",2,ACJ2,3,10.0,84,0,0,0,,,,
left_connector_y_19p50,"(4.0, 19.5, 6.0, 19.55)",2,ACJ2,4,10.0,83,0,0,0,,,,
left_connector_y_19p50,"(4.0, 19.5, 6.0, 19.55)",7,AJ1A,0,10.0,82,0,0,0,,,,
left_connector_y_19p50,"(4.0, 19.5, 6.0, 19.55)",7,AJ1A,1,10.0,82,1,2,3,8452,8449|8452,8441|8449|8452,"RuntimeError: Could not switch the geometry.
The following agents would be outside of the new geometry: 8552
"
left_connector_y_19p50,"(4.0, 19.5, 6.0, 19.55)",7,AJ1A,2,10.0,81,0,0,0,,,,
left_connector_y_19p50,"(4.0, 19.5, 6.0, 19.55)",7,AJ1A,3,10.0,84,0,1,1,,8441,8441,
left_connector_y_19p50,"(4.0, 19.5, 6.0, 19.55)",7,AJ1A,4,10.0,83,0,0,2,,,8443|8456,
left_connector_y_19p50,"(4.0, 19.5, 6.0, 19.55)",4,AJ1B,0,10.0,82,0,0,0,,,,
left_connector_y_19p50,"(4.0, 19.5, 6.0, 19.55)",4,AJ1B,1,10.0,82,0,0,0,,,,
left_connector_y_19p50,"(4.0, 19.5, 6.0, 19.55)",4,AJ1B,2,10.0,81,0,0,0,,,,
left_connector_y_19p50,"(4.0, 19.5, 6.0, 19.55)",4,AJ1B,3,10.0,84,0,0,0,,,,
left_connector_y_19p50,"(4.0, 19.5, 6.0, 19.55)",4,AJ1B,4,10.0,83,0,0,0,,,,
left_connector_y_19p50,"(4.0, 19.5, 6.0, 19.55)",5,AJ1J1,0,10.0,82,0,0,1,,,5644,
left_connector_y_19p50,"(4.0, 19.5, 6.0, 19.55)",5,AJ1J1,1,10.0,82,1,3,3,5649,5649|5652|5660,5649|5652|5660,"RuntimeError: Could not switch the geometry.
The following agents would be outside of the new geometry: 5749
"
left_connector_y_19p50,"(4.0, 19.5, 6.0, 19.55)",5,AJ1J1,2,10.0,81,0,0,0,,,,
left_connector_y_19p50,"(4.0, 19.5, 6.0, 19.55)",5,AJ1J1,3,10.0,84,0,0,1,,,5646,
left_connector_y_19p50,"(4.0, 19.5, 6.0, 19.55)",5,AJ1J1,4,10.0,83,0,1,2,,5644,5644|5645,
left_connector_y_19p50,"(4.0, 19.5, 6.0, 19.55)",6,AJ1J2,0,10.0,82,0,0,0,,,,
left_connector_y_19p50,"(4.0, 19.5, 6.0, 19.55)",6,AJ1J2,1,10.0,82,0,0,0,,,,
left_connector_y_19p50,"(4.0, 19.5, 6.0, 19.55)",6,AJ1J2,2,10.0,81,0,0,0,,,,
left_connector_y_19p50,"(4.0, 19.5, 6.0, 19.55)",6,AJ1J2,3,10.0,84,0,0,0,,,,
left_connector_y_19p50,"(4.0, 19.5, 6.0, 19.55)",6,AJ1J2,4,10.0,83,0,0,0,,,,
left_connector_y_19p50,"(4.0, 19.5, 6.0, 19.55)",10,AJ3A,0,10.0,82,0,0,0,,,,
left_connector_y_19p50,"(4.0, 19.5, 6.0, 19.55)",10,AJ3A,1,10.0,82,1,2,3,11252,11249|11252,11241|11249|11252,"RuntimeError: Could not switch the geometry.
The following agents would be outside of the new geometry: 11352
"
left_connector_y_19p50,"(4.0, 19.5, 6.0, 19.55)",10,AJ3A,2,10.0,81,0,1,1,,11262,11262,
left_connector_y_19p50,"(4.0, 19.5, 6.0, 19.55)",10,AJ3A,3,10.0,84,0,0,1,,,11241,
left_connector_y_19p50,"(4.0, 19.5, 6.0, 19.55)",10,AJ3A,4,10.0,83,0,0,3,,,11243|11249|11256,
left_connector_y_19p50,"(4.0, 19.5, 6.0, 19.55)",8,AJ3B,0,10.0,82,0,0,0,,,,
left_connector_y_19p50,"(4.0, 19.5, 6.0, 19.55)",8,AJ3B,1,10.0,82,0,0,0,,,,
left_connector_y_19p50,"(4.0, 19.5, 6.0, 19.55)",8,AJ3B,2,10.0,81,0,0,0,,,,
left_connector_y_19p50,"(4.0, 19.5, 6.0, 19.55)",8,AJ3B,3,10.0,84,0,0,0,,,,
left_connector_y_19p50,"(4.0, 19.5, 6.0, 19.55)",8,AJ3B,4,10.0,83,0,0,0,,,,
left_connector_y_19p50,"(4.0, 19.5, 6.0, 19.55)",9,AJ3J1,0,10.0,82,0,0,0,,,,
left_connector_y_19p50,"(4.0, 19.5, 6.0, 19.55)",9,AJ3J1,1,10.0,82,1,3,3,11249,11249|11252|11260,11249|11252|11260,"RuntimeError: Could not switch the geometry.
The following agents would be outside of the new geometry: 11349
"
left_connector_y_19p50,"(4.0, 19.5, 6.0, 19.55)",9,AJ3J1,2,10.0,81,0,0,0,,,,
left_connector_y_19p50,"(4.0, 19.5, 6.0, 19.55)",9,AJ3J1,3,10.0,84,0,0,1,,,11246,
left_connector_y_19p50,"(4.0, 19.5, 6.0, 19.55)",9,AJ3J1,4,10.0,83,0,1,2,,11244,11244|11245,
left_connector_y_19p50,"(4.0, 19.5, 6.0, 19.55)",14,CCA,0,10.0,82,0,0,0,,,,
left_connector_y_19p50,"(4.0, 19.5, 6.0, 19.55)",14,CCA,1,10.0,82,1,2,3,16852,16849|16852,16841|16849|16852,"RuntimeError: Could not switch the geometry.
The following agents would be outside of the new geometry: 16952
"
left_connector_y_19p50,"(4.0, 19.5, 6.0, 19.55)",14,CCA,2,10.0,81,0,0,0,,,,
left_connector_y_19p50,"(4.0, 19.5, 6.0, 19.55)",14,CCA,3,10.0,84,0,1,1,,16841,16841,
left_connector_y_19p50,"(4.0, 19.5, 6.0, 19.55)",14,CCA,4,10.0,83,0,0,2,,,16843|16856,
left_connector_y_19p50,"(4.0, 19.5, 6.0, 19.55)",11,CCB,0,10.0,82,0,0,0,,,,
left_connector_y_19p50,"(4.0, 19.5, 6.0, 19.55)",11,CCB,1,10.0,82,0,0,0,,,,
left_connector_y_19p50,"(4.0, 19.5, 6.0, 19.55)",11,CCB,2,10.0,81,0,0,0,,,,
left_connector_y_19p50,"(4.0, 19.5, 6.0, 19.55)",11,CCB,3,10.0,84,0,0,0,,,,
left_connector_y_19p50,"(4.0, 19.5, 6.0, 19.55)",11,CCB,4,10.0,83,0,0,0,,,,
left_connector_y_19p50,"(4.0, 19.5, 6.0, 19.55)",12,CCJ1,0,10.0,82,0,0,1,,,14044,
left_connector_y_19p50,"(4.0, 19.5, 6.0, 19.55)",12,CCJ1,1,10.0,82,1,3,3,14049,14049|14052|14060,14049|14052|14060,"RuntimeError: Could not switch the geometry.
The following agents would be outside of the new geometry: 14149
"
left_connector_y_19p50,"(4.0, 19.5, 6.0, 19.55)",12,CCJ1,2,10.0,81,0,0,0,,,,
left_connector_y_19p50,"(4.0, 19.5, 6.0, 19.55)",12,CCJ1,3,10.0,84,0,0,1,,,14046,
left_connector_y_19p50,"(4.0, 19.5, 6.0, 19.55)",12,CCJ1,4,10.0,83,0,1,2,,14044,14044|14045,
left_connector_y_19p50,"(4.0, 19.5, 6.0, 19.55)",13,CCJ2,0,10.0,82,0,0,0,,,,
left_connector_y_19p50,"(4.0, 19.5, 6.0, 19.55)",13,CCJ2,1,10.0,82,0,0,0,,,,
left_connector_y_19p50,"(4.0, 19.5, 6.0, 19.55)",13,CCJ2,2,10.0,81,0,0,0,,,,
left_connector_y_19p50,"(4.0, 19.5, 6.0, 19.55)",13,CCJ2,3,10.0,84,0,0,0,,,,
left_connector_y_19p50,"(4.0, 19.5, 6.0, 19.55)",13,CCJ2,4,10.0,83,0,0,0,,,,
left_connector_y_19p50,"(4.0, 19.5, 6.0, 19.55)",18,CJ1A,0,10.0,82,0,0,0,,,,
left_connector_y_19p50,"(4.0, 19.5, 6.0, 19.55)",18,CJ1A,1,10.0,82,1,2,3,22452,22449|22452,22441|22449|22452,"RuntimeError: Could not switch the geometry.
The following agents would be outside of the new geometry: 22552
"
left_connector_y_19p50,"(4.0, 19.5, 6.0, 19.55)",18,CJ1A,2,10.0,81,0,0,0,,,,
left_connector_y_19p50,"(4.0, 19.5, 6.0, 19.55)",18,CJ1A,3,10.0,84,0,1,1,,22441,22441,
left_connector_y_19p50,"(4.0, 19.5, 6.0, 19.55)",18,CJ1A,4,10.0,83,0,0,2,,,22443|22456,
left_connector_y_19p50,"(4.0, 19.5, 6.0, 19.55)",15,CJ1B,0,10.0,82,0,0,0,,,,
left_connector_y_19p50,"(4.0, 19.5, 6.0, 19.55)",15,CJ1B,1,10.0,82,0,0,0,,,,
left_connector_y_19p50,"(4.0, 19.5, 6.0, 19.55)",15,CJ1B,2,10.0,81,0,0,0,,,,
left_connector_y_19p50,"(4.0, 19.5, 6.0, 19.55)",15,CJ1B,3,10.0,84,0,0,0,,,,
left_connector_y_19p50,"(4.0, 19.5, 6.0, 19.55)",15,CJ1B,4,10.0,83,0,0,0,,,,
left_connector_y_19p50,"(4.0, 19.5, 6.0, 19.55)",16,CJ1J1,0,10.0,82,0,0,1,,,19644,
left_connector_y_19p50,"(4.0, 19.5, 6.0, 19.55)",16,CJ1J1,1,10.0,82,1,3,3,19649,19649|19652|19660,19649|19652|19660,"RuntimeError: Could not switch the geometry.
The following agents would be outside of the new geometry: 19749
"
left_connector_y_19p50,"(4.0, 19.5, 6.0, 19.55)",16,CJ1J1,2,10.0,81,0,0,0,,,,
left_connector_y_19p50,"(4.0, 19.5, 6.0, 19.55)",16,CJ1J1,3,10.0,84,0,0,1,,,19646,
left_connector_y_19p50,"(4.0, 19.5, 6.0, 19.55)",16,CJ1J1,4,10.0,83,0,1,2,,19644,19644|19645,
left_connector_y_19p50,"(4.0, 19.5, 6.0, 19.55)",17,CJ1J2,0,10.0,82,0,0,0,,,,
left_connector_y_19p50,"(4.0, 19.5, 6.0, 19.55)",17,CJ1J2,1,10.0,82,0,0,0,,,,
left_connector_y_19p50,"(4.0, 19.5, 6.0, 19.55)",17,CJ1J2,2,10.0,81,0,0,0,,,,
left_connector_y_19p50,"(4.0, 19.5, 6.0, 19.55)",17,CJ1J2,3,10.0,84,0,0,0,,,,
left_connector_y_19p50,"(4.0, 19.5, 6.0, 19.55)",17,CJ1J2,4,10.0,83,0,0,0,,,,
left_connector_y_19p50,"(4.0, 19.5, 6.0, 19.55)",21,CJ3A,0,10.0,82,0,0,0,,,,
left_connector_y_19p50,"(4.0, 19.5, 6.0, 19.55)",21,CJ3A,1,10.0,82,1,2,3,25252,25249|25252,25241|25249|25252,"RuntimeError: Could not switch the geometry.
The following agents would be outside of the new geometry: 25352
"
left_connector_y_19p50,"(4.0, 19.5, 6.0, 19.55)",21,CJ3A,2,10.0,81,0,1,1,,25262,25262,
left_connector_y_19p50,"(4.0, 19.5, 6.0, 19.55)",21,CJ3A,3,10.0,84,0,0,1,,,25241,
left_connector_y_19p50,"(4.0, 19.5, 6.0, 19.55)",21,CJ3A,4,10.0,83,0,0,3,,,25243|25249|25256,
left_connector_y_19p50,"(4.0, 19.5, 6.0, 19.55)",19,CJ3B,0,10.0,82,0,0,0,,,,
left_connector_y_19p50,"(4.0, 19.5, 6.0, 19.55)",19,CJ3B,1,10.0,82,0,0,0,,,,
left_connector_y_19p50,"(4.0, 19.5, 6.0, 19.55)",19,CJ3B,2,10.0,81,0,0,0,,,,
left_connector_y_19p50,"(4.0, 19.5, 6.0, 19.55)",19,CJ3B,3,10.0,84,0,0,0,,,,
left_connector_y_19p50,"(4.0, 19.5, 6.0, 19.55)",19,CJ3B,4,10.0,83,0,0,0,,,,
left_connector_y_19p50,"(4.0, 19.5, 6.0, 19.55)",20,CJ3J1,0,10.0,82,0,0,0,,,,
left_connector_y_19p50,"(4.0, 19.5, 6.0, 19.55)",20,CJ3J1,1,10.0,82,1,3,3,25249,25249|25252|25260,25249|25252|25260,"RuntimeError: Could not switch the geometry.
The following agents would be outside of the new geometry: 25349
"
left_connector_y_19p50,"(4.0, 19.5, 6.0, 19.55)",20,CJ3J1,2,10.0,81,0,0,0,,,,
left_connector_y_19p50,"(4.0, 19.5, 6.0, 19.55)",20,CJ3J1,3,10.0,84,0,0,1,,,25246,
left_connector_y_19p50,"(4.0, 19.5, 6.0, 19.55)",20,CJ3J1,4,10.0,83,0,1,2,,25244,25244|25245,
left_connector_y_19p50,"(4.0, 19.5, 6.0, 19.55)",25,J2CA,0,10.0,82,0,0,0,,,,
left_connector_y_19p50,"(4.0, 19.5, 6.0, 19.55)",25,J2CA,1,10.0,82,1,2,3,30852,30849|30852,30841|30849|30852,"RuntimeError: Could not switch the geometry.
The following agents would be outside of the new geometry: 30952
"
left_connector_y_19p50,"(4.0, 19.5, 6.0, 19.55)",25,J2CA,2,10.0,81,0,0,0,,,,
left_connector_y_19p50,"(4.0, 19.5, 6.0, 19.55)",25,J2CA,3,10.0,84,0,1,1,,30841,30841,
left_connector_y_19p50,"(4.0, 19.5, 6.0, 19.55)",25,J2CA,4,10.0,83,0,0,2,,,30843|30856,
left_connector_y_19p50,"(4.0, 19.5, 6.0, 19.55)",22,J2CB,0,10.0,82,0,0,0,,,,
left_connector_y_19p50,"(4.0, 19.5, 6.0, 19.55)",22,J2CB,1,10.0,82,0,0,0,,,,
left_connector_y_19p50,"(4.0, 19.5, 6.0, 19.55)",22,J2CB,2,10.0,81,0,0,0,,,,
left_connector_y_19p50,"(4.0, 19.5, 6.0, 19.55)",22,J2CB,3,10.0,84,0,0,0,,,,
left_connector_y_19p50,"(4.0, 19.5, 6.0, 19.55)",22,J2CB,4,10.0,83,0,0,0,,,,
left_connector_y_19p50,"(4.0, 19.5, 6.0, 19.55)",23,J2CJ1,0,10.0,82,0,0,1,,,28044,
left_connector_y_19p50,"(4.0, 19.5, 6.0, 19.55)",23,J2CJ1,1,10.0,82,1,3,3,28049,28049|28052|28060,28049|28052|28060,"RuntimeError: Could not switch the geometry.
The following agents would be outside of the new geometry: 28149
"
left_connector_y_19p50,"(4.0, 19.5, 6.0, 19.55)",23,J2CJ1,2,10.0,81,0,0,0,,,,
left_connector_y_19p50,"(4.0, 19.5, 6.0, 19.55)",23,J2CJ1,3,10.0,84,0,0,1,,,28046,
left_connector_y_19p50,"(4.0, 19.5, 6.0, 19.55)",23,J2CJ1,4,10.0,83,0,1,2,,28044,28044|28045,
left_connector_y_19p50,"(4.0, 19.5, 6.0, 19.55)",24,J2CJ2,0,10.0,82,0,0,0,,,,
left_connector_y_19p50,"(4.0, 19.5, 6.0, 19.55)",24,J2CJ2,1,10.0,82,0,0,0,,,,
left_connector_y_19p50,"(4.0, 19.5, 6.0, 19.55)",24,J2CJ2,2,10.0,81,0,0,0,,,,
left_connector_y_19p50,"(4.0, 19.5, 6.0, 19.55)",24,J2CJ2,3,10.0,84,0,0,0,,,,
left_connector_y_19p50,"(4.0, 19.5, 6.0, 19.55)",24,J2CJ2,4,10.0,83,0,0,0,,,,
left_connector_y_19p50,"(4.0, 19.5, 6.0, 19.55)",27,J2J3A,0,10.0,82,0,0,0,,,,
left_connector_y_19p50,"(4.0, 19.5, 6.0, 19.55)",27,J2J3A,1,10.0,82,1,2,3,33652,33649|33652,33641|33649|33652,"RuntimeError: Could not switch the geometry.
The following agents would be outside of the new geometry: 33752
"
left_connector_y_19p50,"(4.0, 19.5, 6.0, 19.55)",27,J2J3A,2,10.0,81,0,1,1,,33662,33662,
left_connector_y_19p50,"(4.0, 19.5, 6.0, 19.55)",27,J2J3A,3,10.0,84,0,0,1,,,33641,
left_connector_y_19p50,"(4.0, 19.5, 6.0, 19.55)",27,J2J3A,4,10.0,83,0,0,3,,,33643|33649|33656,
left_connector_y_19p50,"(4.0, 19.5, 6.0, 19.55)",26,J2J3B,0,10.0,82,0,0,0,,,,
left_connector_y_19p50,"(4.0, 19.5, 6.0, 19.55)",26,J2J3B,1,10.0,82,0,0,0,,,,
left_connector_y_19p50,"(4.0, 19.5, 6.0, 19.55)",26,J2J3B,2,10.0,81,0,0,0,,,,
left_connector_y_19p50,"(4.0, 19.5, 6.0, 19.55)",26,J2J3B,3,10.0,84,0,0,0,,,,
left_connector_y_19p50,"(4.0, 19.5, 6.0, 19.55)",26,J2J3B,4,10.0,83,0,0,0,,,,
left_connector_y_19p50,"(4.0, 19.5, 6.0, 19.55)",30,J3CA,0,10.0,82,0,0,0,,,,
left_connector_y_19p50,"(4.0, 19.5, 6.0, 19.55)",30,J3CA,1,10.0,82,1,3,3,36452,36441|36449|36452,36441|36449|36452,"RuntimeError: Could not switch the geometry.
The following agents would be outside of the new geometry: 36552
"
left_connector_y_19p50,"(4.0, 19.5, 6.0, 19.55)",30,J3CA,2,10.0,81,0,0,0,,,,
left_connector_y_19p50,"(4.0, 19.5, 6.0, 19.55)",30,J3CA,3,10.0,84,0,1,1,,36441,36441,
left_connector_y_19p50,"(4.0, 19.5, 6.0, 19.55)",30,J3CA,4,10.0,83,0,0,2,,,39243|39256,
left_connector_y_19p50,"(4.0, 19.5, 6.0, 19.55)",28,J3CB,0,10.0,82,0,0,0,,,,
left_connector_y_19p50,"(4.0, 19.5, 6.0, 19.55)",28,J3CB,1,10.0,82,0,0,0,,,,
left_connector_y_19p50,"(4.0, 19.5, 6.0, 19.55)",28,J3CB,2,10.0,81,0,0,0,,,,
left_connector_y_19p50,"(4.0, 19.5, 6.0, 19.55)",28,J3CB,3,10.0,84,0,0,0,,,,
left_connector_y_19p50,"(4.0, 19.5, 6.0, 19.55)",28,J3CB,4,10.0,83,0,0,0,,,,
left_connector_y_19p50,"(4.0, 19.5, 6.0, 19.55)",29,J3CJ2,0,10.0,82,0,0,0,,,,
left_connector_y_19p50,"(4.0, 19.5, 6.0, 19.55)",29,J3CJ2,1,10.0,82,0,0,0,,,,
left_connector_y_19p50,"(4.0, 19.5, 6.0, 19.55)",29,J3CJ2,2,10.0,81,0,0,0,,,,
left_connector_y_19p50,"(4.0, 19.5, 6.0, 19.55)",29,J3CJ2,3,10.0,84,0,0,0,,,,
left_connector_y_19p50,"(4.0, 19.5, 6.0, 19.55)",29,J3CJ2,4,10.0,83,0,0,0,,,,
left_connector_y_19p50,"(4.0, 19.5, 6.0, 19.55)",32,J3J1A,0,10.0,82,0,0,0,,,,
left_connector_y_19p50,"(4.0, 19.5, 6.0, 19.55)",32,J3J1A,1,10.0,82,1,3,3,39252,39241|39249|39252,39241|39249|39252,"RuntimeError: Could not switch the geometry.
The following agents would be outside of the new geometry: 39352
"
left_connector_y_19p50,"(4.0, 19.5, 6.0, 19.55)",32,J3J1A,2,10.0,81,0,0,0,,,,
left_connector_y_19p50,"(4.0, 19.5, 6.0, 19.55)",32,J3J1A,3,10.0,84,0,1,1,,39241,39241,
left_connector_y_19p50,"(4.0, 19.5, 6.0, 19.55)",32,J3J1A,4,10.0,83,0,0,2,,,39243|39256,
left_connector_y_19p50,"(4.0, 19.5, 6.0, 19.55)",31,J3J1B,0,10.0,82,0,0,0,,,,
left_connector_y_19p50,"(4.0, 19.5, 6.0, 19.55)",31,J3J1B,1,10.0,82,0,0,0,,,,
left_connector_y_19p50,"(4.0, 19.5, 6.0, 19.55)",31,J3J1B,2,10.0,81,0,0,0,,,,
left_connector_y_19p50,"(4.0, 19.5, 6.0, 19.55)",31,J3J1B,3,10.0,84,0,0,0,,,,
left_connector_y_19p50,"(4.0, 19.5, 6.0, 19.55)",31,J3J1B,4,10.0,83,0,0,0,,,,
left_connector_y_19p50,"(4.0, 19.5, 6.0, 19.55)",34,J3J3A,0,10.0,82,0,0,0,,,,
left_connector_y_19p50,"(4.0, 19.5, 6.0, 19.55)",34,J3J3A,1,10.0,82,1,3,3,42052,42041|42049|42052,42041|42049|42052,"RuntimeError: Could not switch the geometry.
The following agents would be outside of the new geometry: 42152
"
left_connector_y_19p50,"(4.0, 19.5, 6.0, 19.55)",34,J3J3A,2,10.0,81,0,1,1,,42062,42062,
left_connector_y_19p50,"(4.0, 19.5, 6.0, 19.55)",34,J3J3A,3,10.0,84,0,0,1,,,42041,
left_connector_y_19p50,"(4.0, 19.5, 6.0, 19.55)",34,J3J3A,4,10.0,83,0,0,3,,,42043|42049|42056,
left_connector_y_19p50,"(4.0, 19.5, 6.0, 19.55)",33,J3J3B,0,10.0,82,0,0,0,,,,
left_connector_y_19p50,"(4.0, 19.5, 6.0, 19.55)",33,J3J3B,1,10.0,82,0,0,0,,,,
left_connector_y_19p50,"(4.0, 19.5, 6.0, 19.55)",33,J3J3B,2,10.0,81,0,0,0,,,,
left_connector_y_19p50,"(4.0, 19.5, 6.0, 19.55)",33,J3J3B,3,10.0,84,0,0,0,,,,
left_connector_y_19p50,"(4.0, 19.5, 6.0, 19.55)",33,J3J3B,4,10.0,83,0,0,0,,,,
left_connector_y_20p50,"(4.0, 20.5, 6.0, 20.55)",3,ACA,0,10.0,82,0,1,2,,2844,2844|2857,
left_connector_y_20p50,"(4.0, 20.5, 6.0, 20.55)",3,ACA,1,10.0,82,0,0,1,,,2846,
left_connector_y_20p50,"(4.0, 20.5, 6.0, 20.55)",3,ACA,2,10.0,81,0,1,1,,2852,2852,
left_connector_y_20p50,"(4.0, 20.5, 6.0, 20.55)",3,ACA,3,10.0,84,0,0,3,,,2846|2847|2859,
left_connector_y_20p50,"(4.0, 20.5, 6.0, 20.55)",3,ACA,4,10.0,83,0,2,2,,2841|2845,2841|2845,
left_connector_y_20p50,"(4.0, 20.5, 6.0, 20.55)",0,ACB,0,10.0,82,0,0,0,,,,
left_connector_y_20p50,"(4.0, 20.5, 6.0, 20.55)",0,ACB,1,10.0,82,0,0,0,,,,
left_connector_y_20p50,"(4.0, 20.5, 6.0, 20.55)",0,ACB,2,10.0,81,0,0,0,,,,
left_connector_y_20p50,"(4.0, 20.5, 6.0, 20.55)",0,ACB,3,10.0,84,0,0,0,,,,
left_connector_y_20p50,"(4.0, 20.5, 6.0, 20.55)",0,ACB,4,10.0,83,0,0,0,,,,
left_connector_y_20p50,"(4.0, 20.5, 6.0, 20.55)",1,ACJ1,0,10.0,82,0,0,2,,,57|59,
left_connector_y_20p50,"(4.0, 20.5, 6.0, 20.55)",1,ACJ1,1,10.0,82,0,0,1,,,51,
left_connector_y_20p50,"(4.0, 20.5, 6.0, 20.55)",1,ACJ1,2,10.0,81,0,0,1,,,54,
left_connector_y_20p50,"(4.0, 20.5, 6.0, 20.55)",1,ACJ1,3,10.0,84,0,0,2,,,47|59,
left_connector_y_20p50,"(4.0, 20.5, 6.0, 20.55)",1,ACJ1,4,10.0,83,0,2,2,,55|56,55|56,
left_connector_y_20p50,"(4.0, 20.5, 6.0, 20.55)",2,ACJ2,0,10.0,82,0,0,0,,,,
left_connector_y_20p50,"(4.0, 20.5, 6.0, 20.55)",2,ACJ2,1,10.0,82,0,0,0,,,,
left_connector_y_20p50,"(4.0, 20.5, 6.0, 20.55)",2,ACJ2,2,10.0,81,0,0,0,,,,
left_connector_y_20p50,"(4.0, 20.5, 6.0, 20.55)",2,ACJ2,3,10.0,84,0,0,0,,,,
left_connector_y_20p50,"(4.0, 20.5, 6.0, 20.55)",2,ACJ2,4,10.0,83,0,0,0,,,,
left_connector_y_20p50,"(4.0, 20.5, 6.0, 20.55)",7,AJ1A,0,10.0,82,0,1,2,,8444,8444|8457,
left_connector_y_20p50,"(4.0, 20.5, 6.0, 20.55)",7,AJ1A,1,10.0,82,0,0,1,,,8446,
left_connector_y_20p50,"(4.0, 20.5, 6.0, 20.55)",7,AJ1A,2,10.0,81,0,1,1,,8452,8452,
left_connector_y_20p50,"(4.0, 20.5, 6.0, 20.55)",7,AJ1A,3,10.0,84,0,0,3,,,8446|8447|8459,
left_connector_y_20p50,"(4.0, 20.5, 6.0, 20.55)",7,AJ1A,4,10.0,83,0,2,2,,8441|8445,8441|8445,
left_connector_y_20p50,"(4.0, 20.5, 6.0, 20.55)",4,AJ1B,0,10.0,82,0,0,0,,,,
left_connector_y_20p50,"(4.0, 20.5, 6.0, 20.55)",4,AJ1B,1,10.0,82,0,0,0,,,,
left_connector_y_20p50,"(4.0, 20.5, 6.0, 20.55)",4,AJ1B,2,10.0,81,0,0,0,,,,
left_connector_y_20p50,"(4.0, 20.5, 6.0, 20.55)",4,AJ1B,3,10.0,84,0,0,0,,,,
left_connector_y_20p50,"(4.0, 20.5, 6.0, 20.55)",4,AJ1B,4,10.0,83,0,0,0,,,,
left_connector_y_20p50,"(4.0, 20.5, 6.0, 20.55)",5,AJ1J1,0,10.0,82,0,0,2,,,5657|5659,
left_connector_y_20p50,"(4.0, 20.5, 6.0, 20.55)",5,AJ1J1,1,10.0,82,0,0,1,,,5651,
left_connector_y_20p50,"(4.0, 20.5, 6.0, 20.55)",5,AJ1J1,2,10.0,81,0,0,1,,,5654,
left_connector_y_20p50,"(4.0, 20.5, 6.0, 20.55)",5,AJ1J1,3,10.0,84,0,0,2,,,5647|5659,
left_connector_y_20p50,"(4.0, 20.5, 6.0, 20.55)",5,AJ1J1,4,10.0,83,0,2,2,,5655|5656,5655|5656,
left_connector_y_20p50,"(4.0, 20.5, 6.0, 20.55)",6,AJ1J2,0,10.0,82,0,0,0,,,,
left_connector_y_20p50,"(4.0, 20.5, 6.0, 20.55)",6,AJ1J2,1,10.0,82,0,0,0,,,,
left_connector_y_20p50,"(4.0, 20.5, 6.0, 20.55)",6,AJ1J2,2,10.0,81,0,0,0,,,,
left_connector_y_20p50,"(4.0, 20.5, 6.0, 20.55)",6,AJ1J2,3,10.0,84,0,0,0,,,,
left_connector_y_20p50,"(4.0, 20.5, 6.0, 20.55)",6,AJ1J2,4,10.0,83,0,0,0,,,,
left_connector_y_20p50,"(4.0, 20.5, 6.0, 20.55)",10,AJ3A,0,10.0,82,0,1,2,,11244,11244|11257,
left_connector_y_20p50,"(4.0, 20.5, 6.0, 20.55)",10,AJ3A,1,10.0,82,0,0,1,,,11246,
left_connector_y_20p50,"(4.0, 20.5, 6.0, 20.55)",10,AJ3A,2,10.0,81,0,1,1,,11252,11252,
left_connector_y_20p50,"(4.0, 20.5, 6.0, 20.55)",10,AJ3A,3,10.0,84,0,0,3,,,11246|11247|11259,
left_connector_y_20p50,"(4.0, 20.5, 6.0, 20.55)",10,AJ3A,4,10.0,83,0,2,2,,11241|11245,11241|11245,
left_connector_y_20p50,"(4.0, 20.5, 6.0, 20.55)",8,AJ3B,0,10.0,82,0,0,0,,,,
left_connector_y_20p50,"(4.0, 20.5, 6.0, 20.55)",8,AJ3B,1,10.0,82,0,0,0,,,,
left_connector_y_20p50,"(4.0, 20.5, 6.0, 20.55)",8,AJ3B,2,10.0,81,0,0,0,,,,
left_connector_y_20p50,"(4.0, 20.5, 6.0, 20.55)",8,AJ3B,3,10.0,84,0,0,0,,,,
left_connector_y_20p50,"(4.0, 20.5, 6.0, 20.55)",8,AJ3B,4,10.0,83,0,0,0,,,,
left_connector_y_20p50,"(4.0, 20.5, 6.0, 20.55)",9,AJ3J1,0,10.0,82,1,1,3,11259,11259,11244|11257|11259,"RuntimeError: Could not switch the geometry.
The following agents would be outside of the new geometry: 11459
"
left_connector_y_20p50,"(4.0, 20.5, 6.0, 20.55)",9,AJ3J1,1,10.0,82,0,0,1,,,11251,
left_connector_y_20p50,"(4.0, 20.5, 6.0, 20.55)",9,AJ3J1,2,10.0,81,0,0,1,,,11254,
left_connector_y_20p50,"(4.0, 20.5, 6.0, 20.55)",9,AJ3J1,3,10.0,84,0,0,2,,,11247|11259,
left_connector_y_20p50,"(4.0, 20.5, 6.0, 20.55)",9,AJ3J1,4,10.0,83,0,2,2,,11255|11256,11255|11256,
left_connector_y_20p50,"(4.0, 20.5, 6.0, 20.55)",14,CCA,0,10.0,82,0,1,2,,16844,16844|16857,
left_connector_y_20p50,"(4.0, 20.5, 6.0, 20.55)",14,CCA,1,10.0,82,0,0,1,,,16846,
left_connector_y_20p50,"(4.0, 20.5, 6.0, 20.55)",14,CCA,2,10.0,81,0,1,1,,16852,16852,
left_connector_y_20p50,"(4.0, 20.5, 6.0, 20.55)",14,CCA,3,10.0,84,0,0,3,,,16846|16847|16859,
left_connector_y_20p50,"(4.0, 20.5, 6.0, 20.55)",14,CCA,4,10.0,83,0,2,2,,16841|16845,16841|16845,
left_connector_y_20p50,"(4.0, 20.5, 6.0, 20.55)",11,CCB,0,10.0,82,0,0,0,,,,
left_connector_y_20p50,"(4.0, 20.5, 6.0, 20.55)",11,CCB,1,10.0,82,0,0,0,,,,
left_connector_y_20p50,"(4.0, 20.5, 6.0, 20.55)",11,CCB,2,10.0,81,0,0,0,,,,
left_connector_y_20p50,"(4.0, 20.5, 6.0, 20.55)",11,CCB,3,10.0,84,0,0,0,,,,
left_connector_y_20p50,"(4.0, 20.5, 6.0, 20.55)",11,CCB,4,10.0,83,0,0,0,,,,
left_connector_y_20p50,"(4.0, 20.5, 6.0, 20.55)",12,CCJ1,0,10.0,82,0,0,2,,,14057|14059,
left_connector_y_20p50,"(4.0, 20.5, 6.0, 20.55)",12,CCJ1,1,10.0,82,0,0,1,,,14051,
left_connector_y_20p50,"(4.0, 20.5, 6.0, 20.55)",12,CCJ1,2,10.0,81,0,0,1,,,14054,
left_connector_y_20p50,"(4.0, 20.5, 6.0, 20.55)",12,CCJ1,3,10.0,84,0,0,2,,,14047|14059,
left_connector_y_20p50,"(4.0, 20.5, 6.0, 20.55)",12,CCJ1,4,10.0,83,0,2,2,,14055|14056,14055|14056,
left_connector_y_20p50,"(4.0, 20.5, 6.0, 20.55)",13,CCJ2,0,10.0,82,0,0,0,,,,
left_connector_y_20p50,"(4.0, 20.5, 6.0, 20.55)",13,CCJ2,1,10.0,82,0,0,0,,,,
left_connector_y_20p50,"(4.0, 20.5, 6.0, 20.55)",13,CCJ2,2,10.0,81,0,0,0,,,,
left_connector_y_20p50,"(4.0, 20.5, 6.0, 20.55)",13,CCJ2,3,10.0,84,0,0,0,,,,
left_connector_y_20p50,"(4.0, 20.5, 6.0, 20.55)",13,CCJ2,4,10.0,83,0,0,0,,,,
left_connector_y_20p50,"(4.0, 20.5, 6.0, 20.55)",18,CJ1A,0,10.0,82,0,1,2,,22444,22444|22457,
left_connector_y_20p50,"(4.0, 20.5, 6.0, 20.55)",18,CJ1A,1,10.0,82,0,0,1,,,22446,
left_connector_y_20p50,"(4.0, 20.5, 6.0, 20.55)",18,CJ1A,2,10.0,81,0,1,1,,22452,22452,
left_connector_y_20p50,"(4.0, 20.5, 6.0, 20.55)",18,CJ1A,3,10.0,84,0,0,3,,,22446|22447|22459,
left_connector_y_20p50,"(4.0, 20.5, 6.0, 20.55)",18,CJ1A,4,10.0,83,0,2,2,,22441|22445,22441|22445,
left_connector_y_20p50,"(4.0, 20.5, 6.0, 20.55)",15,CJ1B,0,10.0,82,0,0,0,,,,
left_connector_y_20p50,"(4.0, 20.5, 6.0, 20.55)",15,CJ1B,1,10.0,82,0,0,0,,,,
left_connector_y_20p50,"(4.0, 20.5, 6.0, 20.55)",15,CJ1B,2,10.0,81,0,0,0,,,,
left_connector_y_20p50,"(4.0, 20.5, 6.0, 20.55)",15,CJ1B,3,10.0,84,0,0,0,,,,
left_connector_y_20p50,"(4.0, 20.5, 6.0, 20.55)",15,CJ1B,4,10.0,83,0,0,0,,,,
left_connector_y_20p50,"(4.0, 20.5, 6.0, 20.55)",16,CJ1J1,0,10.0,82,0,0,2,,,19657|19659,
left_connector_y_20p50,"(4.0, 20.5, 6.0, 20.55)",16,CJ1J1,1,10.0,82,0,0,1,,,19651,
left_connector_y_20p50,"(4.0, 20.5, 6.0, 20.55)",16,CJ1J1,2,10.0,81,0,0,1,,,19654,
left_connector_y_20p50,"(4.0, 20.5, 6.0, 20.55)",16,CJ1J1,3,10.0,84,0,0,2,,,19647|19659,
left_connector_y_20p50,"(4.0, 20.5, 6.0, 20.55)",16,CJ1J1,4,10.0,83,0,2,2,,19655|19656,19655|19656,
left_connector_y_20p50,"(4.0, 20.5, 6.0, 20.55)",17,CJ1J2,0,10.0,82,0,0,0,,,,
left_connector_y_20p50,"(4.0, 20.5, 6.0, 20.55)",17,CJ1J2,1,10.0,82,0,0,0,,,,
left_connector_y_20p50,"(4.0, 20.5, 6.0, 20.55)",17,CJ1J2,2,10.0,81,0,0,0,,,,
left_connector_y_20p50,"(4.0, 20.5, 6.0, 20.55)",17,CJ1J2,3,10.0,84,0,0,0,,,,
left_connector_y_20p50,"(4.0, 20.5, 6.0, 20.55)",17,CJ1J2,4,10.0,83,0,0,0,,,,
left_connector_y_20p50,"(4.0, 20.5, 6.0, 20.55)",21,CJ3A,0,10.0,82,0,1,2,,25244,25244|25257,
left_connector_y_20p50,"(4.0, 20.5, 6.0, 20.55)",21,CJ3A,1,10.0,82,0,0,1,,,25246,
left_connector_y_20p50,"(4.0, 20.5, 6.0, 20.55)",21,CJ3A,2,10.0,81,0,1,1,,25252,25252,
left_connector_y_20p50,"(4.0, 20.5, 6.0, 20.55)",21,CJ3A,3,10.0,84,0,0,3,,,25246|25247|25259,
left_connector_y_20p50,"(4.0, 20.5, 6.0, 20.55)",21,CJ3A,4,10.0,83,0,2,2,,25241|25245,25241|25245,
left_connector_y_20p50,"(4.0, 20.5, 6.0, 20.55)",19,CJ3B,0,10.0,82,0,0,0,,,,
left_connector_y_20p50,"(4.0, 20.5, 6.0, 20.55)",19,CJ3B,1,10.0,82,0,0,0,,,,
left_connector_y_20p50,"(4.0, 20.5, 6.0, 20.55)",19,CJ3B,2,10.0,81,0,0,0,,,,
left_connector_y_20p50,"(4.0, 20.5, 6.0, 20.55)",19,CJ3B,3,10.0,84,0,0,0,,,,
left_connector_y_20p50,"(4.0, 20.5, 6.0, 20.55)",19,CJ3B,4,10.0,83,0,0,0,,,,
left_connector_y_20p50,"(4.0, 20.5, 6.0, 20.55)",20,CJ3J1,0,10.0,82,1,1,3,25259,25259,25244|25257|25259,"RuntimeError: Could not switch the geometry.
The following agents would be outside of the new geometry: 25459
"
left_connector_y_20p50,"(4.0, 20.5, 6.0, 20.55)",20,CJ3J1,1,10.0,82,0,0,1,,,25251,
left_connector_y_20p50,"(4.0, 20.5, 6.0, 20.55)",20,CJ3J1,2,10.0,81,0,0,1,,,25254,
left_connector_y_20p50,"(4.0, 20.5, 6.0, 20.55)",20,CJ3J1,3,10.0,84,0,0,2,,,25247|25259,
left_connector_y_20p50,"(4.0, 20.5, 6.0, 20.55)",20,CJ3J1,4,10.0,83,0,2,2,,25255|25256,25255|25256,
left_connector_y_20p50,"(4.0, 20.5, 6.0, 20.55)",25,J2CA,0,10.0,82,0,1,2,,30844,30844|30857,
left_connector_y_20p50,"(4.0, 20.5, 6.0, 20.55)",25,J2CA,1,10.0,82,0,0,1,,,30846,
left_connector_y_20p50,"(4.0, 20.5, 6.0, 20.55)",25,J2CA,2,10.0,81,0,1,1,,30852,30852,
left_connector_y_20p50,"(4.0, 20.5, 6.0, 20.55)",25,J2CA,3,10.0,84,0,0,3,,,30846|30847|30859,
left_connector_y_20p50,"(4.0, 20.5, 6.0, 20.55)",25,J2CA,4,10.0,83,0,2,2,,30841|30845,30841|30845,
left_connector_y_20p50,"(4.0, 20.5, 6.0, 20.55)",22,J2CB,0,10.0,82,0,0,0,,,,
left_connector_y_20p50,"(4.0, 20.5, 6.0, 20.55)",22,J2CB,1,10.0,82,0,0,0,,,,
left_connector_y_20p50,"(4.0, 20.5, 6.0, 20.55)",22,J2CB,2,10.0,81,0,0,0,,,,
left_connector_y_20p50,"(4.0, 20.5, 6.0, 20.55)",22,J2CB,3,10.0,84,0,0,0,,,,
left_connector_y_20p50,"(4.0, 20.5, 6.0, 20.55)",22,J2CB,4,10.0,83,0,0,0,,,,
left_connector_y_20p50,"(4.0, 20.5, 6.0, 20.55)",23,J2CJ1,0,10.0,82,0,0,2,,,28057|28059,
left_connector_y_20p50,"(4.0, 20.5, 6.0, 20.55)",23,J2CJ1,1,10.0,82,0,0,1,,,28051,
left_connector_y_20p50,"(4.0, 20.5, 6.0, 20.55)",23,J2CJ1,2,10.0,81,0,0,1,,,28054,
left_connector_y_20p50,"(4.0, 20.5, 6.0, 20.55)",23,J2CJ1,3,10.0,84,0,0,2,,,28047|28059,
left_connector_y_20p50,"(4.0, 20.5, 6.0, 20.55)",23,J2CJ1,4,10.0,83,0,2,2,,28055|28056,28055|28056,
left_connector_y_20p50,"(4.0, 20.5, 6.0, 20.55)",24,J2CJ2,0,10.0,82,0,0,0,,,,
left_connector_y_20p50,"(4.0, 20.5, 6.0, 20.55)",24,J2CJ2,1,10.0,82,0,0,0,,,,
left_connector_y_20p50,"(4.0, 20.5, 6.0, 20.55)",24,J2CJ2,2,10.0,81,0,0,0,,,,
left_connector_y_20p50,"(4.0, 20.5, 6.0, 20.55)",24,J2CJ2,3,10.0,84,0,0,0,,,,
left_connector_y_20p50,"(4.0, 20.5, 6.0, 20.55)",24,J2CJ2,4,10.0,83,0,0,0,,,,
left_connector_y_20p50,"(4.0, 20.5, 6.0, 20.55)",27,J2J3A,0,10.0,82,0,1,2,,33644,33644|33657,
left_connector_y_20p50,"(4.0, 20.5, 6.0, 20.55)",27,J2J3A,1,10.0,82,0,0,1,,,33646,
left_connector_y_20p50,"(4.0, 20.5, 6.0, 20.55)",27,J2J3A,2,10.0,81,0,1,1,,33652,33652,
left_connector_y_20p50,"(4.0, 20.5, 6.0, 20.55)",27,J2J3A,3,10.0,84,0,0,3,,,33646|33647|33659,
left_connector_y_20p50,"(4.0, 20.5, 6.0, 20.55)",27,J2J3A,4,10.0,83,0,2,2,,33641|33645,33641|33645,
left_connector_y_20p50,"(4.0, 20.5, 6.0, 20.55)",26,J2J3B,0,10.0,82,0,0,0,,,,
left_connector_y_20p50,"(4.0, 20.5, 6.0, 20.55)",26,J2J3B,1,10.0,82,0,0,0,,,,
left_connector_y_20p50,"(4.0, 20.5, 6.0, 20.55)",26,J2J3B,2,10.0,81,0,0,0,,,,
left_connector_y_20p50,"(4.0, 20.5, 6.0, 20.55)",26,J2J3B,3,10.0,84,0,0,0,,,,
left_connector_y_20p50,"(4.0, 20.5, 6.0, 20.55)",26,J2J3B,4,10.0,83,0,0,0,,,,
left_connector_y_20p50,"(4.0, 20.5, 6.0, 20.55)",30,J3CA,0,10.0,82,0,1,2,,36444,36444|36457,
left_connector_y_20p50,"(4.0, 20.5, 6.0, 20.55)",30,J3CA,1,10.0,82,0,0,1,,,36446,
left_connector_y_20p50,"(4.0, 20.5, 6.0, 20.55)",30,J3CA,2,10.0,81,0,1,1,,36452,36452,
left_connector_y_20p50,"(4.0, 20.5, 6.0, 20.55)",30,J3CA,3,10.0,84,0,0,3,,,36446|36447|36459,
left_connector_y_20p50,"(4.0, 20.5, 6.0, 20.55)",30,J3CA,4,10.0,83,0,2,2,,39241|39245,39241|39245,
left_connector_y_20p50,"(4.0, 20.5, 6.0, 20.55)",28,J3CB,0,10.0,82,0,0,0,,,,
left_connector_y_20p50,"(4.0, 20.5, 6.0, 20.55)",28,J3CB,1,10.0,82,0,0,0,,,,
left_connector_y_20p50,"(4.0, 20.5, 6.0, 20.55)",28,J3CB,2,10.0,81,0,0,0,,,,
left_connector_y_20p50,"(4.0, 20.5, 6.0, 20.55)",28,J3CB,3,10.0,84,0,0,0,,,,
left_connector_y_20p50,"(4.0, 20.5, 6.0, 20.55)",28,J3CB,4,10.0,83,0,0,0,,,,
left_connector_y_20p50,"(4.0, 20.5, 6.0, 20.55)",29,J3CJ2,0,10.0,82,0,0,0,,,,
left_connector_y_20p50,"(4.0, 20.5, 6.0, 20.55)",29,J3CJ2,1,10.0,82,0,0,0,,,,
left_connector_y_20p50,"(4.0, 20.5, 6.0, 20.55)",29,J3CJ2,2,10.0,81,0,0,0,,,,
left_connector_y_20p50,"(4.0, 20.5, 6.0, 20.55)",29,J3CJ2,3,10.0,84,0,0,0,,,,
left_connector_y_20p50,"(4.0, 20.5, 6.0, 20.55)",29,J3CJ2,4,10.0,83,0,0,0,,,,
left_connector_y_20p50,"(4.0, 20.5, 6.0, 20.55)",32,J3J1A,0,10.0,82,0,1,2,,39244,39244|39257,
left_connector_y_20p50,"(4.0, 20.5, 6.0, 20.55)",32,J3J1A,1,10.0,82,0,0,1,,,39246,
left_connector_y_20p50,"(4.0, 20.5, 6.0, 20.55)",32,J3J1A,2,10.0,81,0,1,1,,39252,39252,
left_connector_y_20p50,"(4.0, 20.5, 6.0, 20.55)",32,J3J1A,3,10.0,84,0,0,3,,,39246|39247|39259,
left_connector_y_20p50,"(4.0, 20.5, 6.0, 20.55)",32,J3J1A,4,10.0,83,0,2,2,,39241|39245,39241|39245,
left_connector_y_20p50,"(4.0, 20.5, 6.0, 20.55)",31,J3J1B,0,10.0,82,0,0,0,,,,
left_connector_y_20p50,"(4.0, 20.5, 6.0, 20.55)",31,J3J1B,1,10.0,82,0,0,0,,,,
left_connector_y_20p50,"(4.0, 20.5, 6.0, 20.55)",31,J3J1B,2,10.0,81,0,0,0,,,,
left_connector_y_20p50,"(4.0, 20.5, 6.0, 20.55)",31,J3J1B,3,10.0,84,0,0,0,,,,
left_connector_y_20p50,"(4.0, 20.5, 6.0, 20.55)",31,J3J1B,4,10.0,83,0,0,0,,,,
left_connector_y_20p50,"(4.0, 20.5, 6.0, 20.55)",34,J3J3A,0,10.0,82,0,1,2,,42044,42044|42057,
left_connector_y_20p50,"(4.0, 20.5, 6.0, 20.55)",34,J3J3A,1,10.0,82,0,0,1,,,42046,
left_connector_y_20p50,"(4.0, 20.5, 6.0, 20.55)",34,J3J3A,2,10.0,81,0,1,1,,42052,42052,
left_connector_y_20p50,"(4.0, 20.5, 6.0, 20.55)",34,J3J3A,3,10.0,84,0,0,3,,,42046|42047|42059,
left_connector_y_20p50,"(4.0, 20.5, 6.0, 20.55)",34,J3J3A,4,10.0,83,0,2,2,,42041|42045,42041|42045,
left_connector_y_20p50,"(4.0, 20.5, 6.0, 20.55)",33,J3J3B,0,10.0,82,0,0,0,,,,
left_connector_y_20p50,"(4.0, 20.5, 6.0, 20.55)",33,J3J3B,1,10.0,82,0,0,0,,,,
left_connector_y_20p50,"(4.0, 20.5, 6.0, 20.55)",33,J3J3B,2,10.0,81,0,0,0,,,,
left_connector_y_20p50,"(4.0, 20.5, 6.0, 20.55)",33,J3J3B,3,10.0,84,0,0,0,,,,
left_connector_y_20p50,"(4.0, 20.5, 6.0, 20.55)",33,J3J3B,4,10.0,83,0,0,0,,,,
left_connector_y_21p50,"(4.0, 21.5, 6.0, 21.55)",3,ACA,0,10.0,82,0,1,2,,2850,2850|2853,
left_connector_y_21p50,"(4.0, 21.5, 6.0, 21.55)",3,ACA,1,10.0,82,0,1,2,,2860,2851|2860,
left_connector_y_21p50,"(4.0, 21.5, 6.0, 21.55)",3,ACA,2,10.0,81,0,0,2,,,2845|2858,
left_connector_y_21p50,"(4.0, 21.5, 6.0, 21.55)",3,ACA,3,10.0,84,0,1,2,,2843,2843|2858,
left_connector_y_21p50,"(4.0, 21.5, 6.0, 21.55)",3,ACA,4,10.0,83,0,1,1,,2847,2847,
left_connector_y_21p50,"(4.0, 21.5, 6.0, 21.55)",0,ACB,0,10.0,82,0,0,0,,,,
left_connector_y_21p50,"(4.0, 21.5, 6.0, 21.55)",0,ACB,1,10.0,82,0,0,0,,,,
left_connector_y_21p50,"(4.0, 21.5, 6.0, 21.55)",0,ACB,2,10.0,81,0,0,0,,,,
left_connector_y_21p50,"(4.0, 21.5, 6.0, 21.55)",0,ACB,3,10.0,84,0,0,0,,,,
left_connector_y_21p50,"(4.0, 21.5, 6.0, 21.55)",0,ACB,4,10.0,83,0,0,0,,,,
left_connector_y_21p50,"(4.0, 21.5, 6.0, 21.55)",1,ACJ1,0,10.0,82,0,2,2,,50|53,50|53,
left_connector_y_21p50,"(4.0, 21.5, 6.0, 21.55)",1,ACJ1,1,10.0,82,0,0,1,,,46,
left_connector_y_21p50,"(4.0, 21.5, 6.0, 21.55)",1,ACJ1,2,10.0,81,0,1,2,,58,45|58,
left_connector_y_21p50,"(4.0, 21.5, 6.0, 21.55)",1,ACJ1,3,10.0,84,1,2,3,43,43|50,43|50|58,"RuntimeError: Could not switch the geometry.
The following agents would be outside of the new geometry: 343
"
left_connector_y_21p50,"(4.0, 21.5, 6.0, 21.55)",1,ACJ1,4,10.0,83,0,0,1,,,54,
left_connector_y_21p50,"(4.0, 21.5, 6.0, 21.55)",2,ACJ2,0,10.0,82,0,0,0,,,,
left_connector_y_21p50,"(4.0, 21.5, 6.0, 21.55)",2,ACJ2,1,10.0,82,0,0,0,,,,
left_connector_y_21p50,"(4.0, 21.5, 6.0, 21.55)",2,ACJ2,2,10.0,81,0,0,0,,,,
left_connector_y_21p50,"(4.0, 21.5, 6.0, 21.55)",2,ACJ2,3,10.0,84,0,0,0,,,,
left_connector_y_21p50,"(4.0, 21.5, 6.0, 21.55)",2,ACJ2,4,10.0,83,0,0,0,,,,
left_connector_y_21p50,"(4.0, 21.5, 6.0, 21.55)",7,AJ1A,0,10.0,82,0,1,2,,8450,8450|8453,
left_connector_y_21p50,"(4.0, 21.5, 6.0, 21.55)",7,AJ1A,1,10.0,82,0,1,2,,8460,8451|8460,
left_connector_y_21p50,"(4.0, 21.5, 6.0, 21.55)",7,AJ1A,2,10.0,81,0,0,2,,,8445|8458,
left_connector_y_21p50,"(4.0, 21.5, 6.0, 21.55)",7,AJ1A,3,10.0,84,0,1,2,,8443,8443|8458,
left_connector_y_21p50,"(4.0, 21.5, 6.0, 21.55)",7,AJ1A,4,10.0,83,0,1,1,,8447,8447,
left_connector_y_21p50,"(4.0, 21.5, 6.0, 21.55)",4,AJ1B,0,10.0,82,0,0,0,,,,
left_connector_y_21p50,"(4.0, 21.5, 6.0, 21.55)",4,AJ1B,1,10.0,82,0,0,0,,,,
left_connector_y_21p50,"(4.0, 21.5, 6.0, 21.55)",4,AJ1B,2,10.0,81,0,0,0,,,,
left_connector_y_21p50,"(4.0, 21.5, 6.0, 21.55)",4,AJ1B,3,10.0,84,0,0,0,,,,
left_connector_y_21p50,"(4.0, 21.5, 6.0, 21.55)",4,AJ1B,4,10.0,83,0,0,0,,,,
left_connector_y_21p50,"(4.0, 21.5, 6.0, 21.55)",5,AJ1J1,0,10.0,82,0,2,2,,5650|5653,5650|5653,
left_connector_y_21p50,"(4.0, 21.5, 6.0, 21.55)",5,AJ1J1,1,10.0,82,0,0,1,,,5646,
left_connector_y_21p50,"(4.0, 21.5, 6.0, 21.55)",5,AJ1J1,2,10.0,81,0,1,2,,5658,5645|5658,
left_connector_y_21p50,"(4.0, 21.5, 6.0, 21.55)",5,AJ1J1,3,10.0,84,1,2,3,5643,5643|5650,5643|5650|5658,"RuntimeError: Could not switch the geometry.
The following agents would be outside of the new geometry: 5943
"
left_connector_y_21p50,"(4.0, 21.5, 6.0, 21.55)",5,AJ1J1,4,10.0,83,0,0,1,,,5654,
left_connector_y_21p50,"(4.0, 21.5, 6.0, 21.55)",6,AJ1J2,0,10.0,82,0,0,0,,,,
left_connector_y_21p50,"(4.0, 21.5, 6.0, 21.55)",6,AJ1J2,1,10.0,82,0,0,0,,,,
left_connector_y_21p50,"(4.0, 21.5, 6.0, 21.55)",6,AJ1J2,2,10.0,81,0,0,0,,,,
left_connector_y_21p50,"(4.0, 21.5, 6.0, 21.55)",6,AJ1J2,3,10.0,84,0,0,0,,,,
left_connector_y_21p50,"(4.0, 21.5, 6.0, 21.55)",6,AJ1J2,4,10.0,83,0,0,0,,,,
left_connector_y_21p50,"(4.0, 21.5, 6.0, 21.55)",10,AJ3A,0,10.0,82,0,1,2,,11250,11250|11253,
left_connector_y_21p50,"(4.0, 21.5, 6.0, 21.55)",10,AJ3A,1,10.0,82,0,1,2,,11260,11251|11260,
left_connector_y_21p50,"(4.0, 21.5, 6.0, 21.55)",10,AJ3A,2,10.0,81,0,0,2,,,11245|11258,
left_connector_y_21p50,"(4.0, 21.5, 6.0, 21.55)",10,AJ3A,3,10.0,84,0,1,2,,11243,11243|11258,
left_connector_y_21p50,"(4.0, 21.5, 6.0, 21.55)",10,AJ3A,4,10.0,83,0,1,1,,11247,11247,
left_connector_y_21p50,"(4.0, 21.5, 6.0, 21.55)",8,AJ3B,0,10.0,82,0,0,0,,,,
left_connector_y_21p50,"(4.0, 21.5, 6.0, 21.55)",8,AJ3B,1,10.0,82,0,0,0,,,,
left_connector_y_21p50,"(4.0, 21.5, 6.0, 21.55)",8,AJ3B,2,10.0,81,0,0,0,,,,
left_connector_y_21p50,"(4.0, 21.5, 6.0, 21.55)",8,AJ3B,3,10.0,84,0,0,0,,,,
left_connector_y_21p50,"(4.0, 21.5, 6.0, 21.55)",8,AJ3B,4,10.0,83,0,0,0,,,,
left_connector_y_21p50,"(4.0, 21.5, 6.0, 21.55)",9,AJ3J1,0,10.0,82,0,2,2,,11250|11253,11250|11253,
left_connector_y_21p50,"(4.0, 21.5, 6.0, 21.55)",9,AJ3J1,1,10.0,82,0,0,1,,,11246,
left_connector_y_21p50,"(4.0, 21.5, 6.0, 21.55)",9,AJ3J1,2,10.0,81,0,1,2,,11258,11245|11258,
left_connector_y_21p50,"(4.0, 21.5, 6.0, 21.55)",9,AJ3J1,3,10.0,84,1,2,3,11243,11243|11250,11243|11250|11258,"RuntimeError: Could not switch the geometry.
The following agents would be outside of the new geometry: 11543
"
left_connector_y_21p50,"(4.0, 21.5, 6.0, 21.55)",9,AJ3J1,4,10.0,83,0,0,1,,,11254,
left_connector_y_21p50,"(4.0, 21.5, 6.0, 21.55)",14,CCA,0,10.0,82,0,1,2,,16850,16850|16853,
left_connector_y_21p50,"(4.0, 21.5, 6.0, 21.55)",14,CCA,1,10.0,82,0,1,2,,16860,16851|16860,
left_connector_y_21p50,"(4.0, 21.5, 6.0, 21.55)",14,CCA,2,10.0,81,0,0,2,,,16845|16858,
left_connector_y_21p50,"(4.0, 21.5, 6.0, 21.55)",14,CCA,3,10.0,84,0,1,2,,16843,16843|16858,
left_connector_y_21p50,"(4.0, 21.5, 6.0, 21.55)",14,CCA,4,10.0,83,0,1,1,,16847,16847,
left_connector_y_21p50,"(4.0, 21.5, 6.0, 21.55)",11,CCB,0,10.0,82,0,0,0,,,,
left_connector_y_21p50,"(4.0, 21.5, 6.0, 21.55)",11,CCB,1,10.0,82,0,0,0,,,,
left_connector_y_21p50,"(4.0, 21.5, 6.0, 21.55)",11,CCB,2,10.0,81,0,0,0,,,,
left_connector_y_21p50,"(4.0, 21.5, 6.0, 21.55)",11,CCB,3,10.0,84,0,0,0,,,,
left_connector_y_21p50,"(4.0, 21.5, 6.0, 21.55)",11,CCB,4,10.0,83,0,0,0,,,,
left_connector_y_21p50,"(4.0, 21.5, 6.0, 21.55)",12,CCJ1,0,10.0,82,0,2,2,,14050|14053,14050|14053,
left_connector_y_21p50,"(4.0, 21.5, 6.0, 21.55)",12,CCJ1,1,10.0,82,0,0,1,,,14046,
left_connector_y_21p50,"(4.0, 21.5, 6.0, 21.55)",12,CCJ1,2,10.0,81,0,1,2,,14058,14045|14058,
left_connector_y_21p50,"(4.0, 21.5, 6.0, 21.55)",12,CCJ1,3,10.0,84,1,2,3,14043,14043|14050,14043|14050|14058,"RuntimeError: Could not switch the geometry.
The following agents would be outside of the new geometry: 14343
"
left_connector_y_21p50,"(4.0, 21.5, 6.0, 21.55)",12,CCJ1,4,10.0,83,0,0,1,,,14054,
left_connector_y_21p50,"(4.0, 21.5, 6.0, 21.55)",13,CCJ2,0,10.0,82,0,0,0,,,,
left_connector_y_21p50,"(4.0, 21.5, 6.0, 21.55)",13,CCJ2,1,10.0,82,0,0,0,,,,
left_connector_y_21p50,"(4.0, 21.5, 6.0, 21.55)",13,CCJ2,2,10.0,81,0,0,0,,,,
left_connector_y_21p50,"(4.0, 21.5, 6.0, 21.55)",13,CCJ2,3,10.0,84,0,0,0,,,,
left_connector_y_21p50,"(4.0, 21.5, 6.0, 21.55)",13,CCJ2,4,10.0,83,0,0,0,,,,
left_connector_y_21p50,"(4.0, 21.5, 6.0, 21.55)",18,CJ1A,0,10.0,82,0,1,2,,22450,22450|22453,
left_connector_y_21p50,"(4.0, 21.5, 6.0, 21.55)",18,CJ1A,1,10.0,82,0,1,2,,22460,22451|22460,
left_connector_y_21p50,"(4.0, 21.5, 6.0, 21.55)",18,CJ1A,2,10.0,81,0,0,2,,,22445|22458,
left_connector_y_21p50,"(4.0, 21.5, 6.0, 21.55)",18,CJ1A,3,10.0,84,0,1,2,,22443,22443|22458,
left_connector_y_21p50,"(4.0, 21.5, 6.0, 21.55)",18,CJ1A,4,10.0,83,0,1,1,,22447,22447,
left_connector_y_21p50,"(4.0, 21.5, 6.0, 21.55)",15,CJ1B,0,10.0,82,0,0,0,,,,
left_connector_y_21p50,"(4.0, 21.5, 6.0, 21.55)",15,CJ1B,1,10.0,82,0,0,0,,,,
left_connector_y_21p50,"(4.0, 21.5, 6.0, 21.55)",15,CJ1B,2,10.0,81,0,0,0,,,,
left_connector_y_21p50,"(4.0, 21.5, 6.0, 21.55)",15,CJ1B,3,10.0,84,0,0,0,,,,
left_connector_y_21p50,"(4.0, 21.5, 6.0, 21.55)",15,CJ1B,4,10.0,83,0,0,0,,,,
left_connector_y_21p50,"(4.0, 21.5, 6.0, 21.55)",16,CJ1J1,0,10.0,82,0,2,2,,19650|19653,19650|19653,
left_connector_y_21p50,"(4.0, 21.5, 6.0, 21.55)",16,CJ1J1,1,10.0,82,0,0,1,,,19646,
left_connector_y_21p50,"(4.0, 21.5, 6.0, 21.55)",16,CJ1J1,2,10.0,81,0,1,2,,19658,19645|19658,
left_connector_y_21p50,"(4.0, 21.5, 6.0, 21.55)",16,CJ1J1,3,10.0,84,1,2,3,19643,19643|19650,19643|19650|19658,"RuntimeError: Could not switch the geometry.
The following agents would be outside of the new geometry: 19943
"
left_connector_y_21p50,"(4.0, 21.5, 6.0, 21.55)",16,CJ1J1,4,10.0,83,0,0,1,,,19654,
left_connector_y_21p50,"(4.0, 21.5, 6.0, 21.55)",17,CJ1J2,0,10.0,82,0,0,0,,,,
left_connector_y_21p50,"(4.0, 21.5, 6.0, 21.55)",17,CJ1J2,1,10.0,82,0,0,0,,,,
left_connector_y_21p50,"(4.0, 21.5, 6.0, 21.55)",17,CJ1J2,2,10.0,81,0,0,0,,,,
left_connector_y_21p50,"(4.0, 21.5, 6.0, 21.55)",17,CJ1J2,3,10.0,84,0,0,0,,,,
left_connector_y_21p50,"(4.0, 21.5, 6.0, 21.55)",17,CJ1J2,4,10.0,83,0,0,0,,,,
left_connector_y_21p50,"(4.0, 21.5, 6.0, 21.55)",21,CJ3A,0,10.0,82,0,1,2,,25250,25250|25253,
left_connector_y_21p50,"(4.0, 21.5, 6.0, 21.55)",21,CJ3A,1,10.0,82,0,1,2,,25260,25251|25260,
left_connector_y_21p50,"(4.0, 21.5, 6.0, 21.55)",21,CJ3A,2,10.0,81,0,0,2,,,25245|25258,
left_connector_y_21p50,"(4.0, 21.5, 6.0, 21.55)",21,CJ3A,3,10.0,84,0,1,2,,25243,25243|25258,
left_connector_y_21p50,"(4.0, 21.5, 6.0, 21.55)",21,CJ3A,4,10.0,83,0,1,1,,25247,25247,
left_connector_y_21p50,"(4.0, 21.5, 6.0, 21.55)",19,CJ3B,0,10.0,82,0,0,0,,,,
left_connector_y_21p50,"(4.0, 21.5, 6.0, 21.55)",19,CJ3B,1,10.0,82,0,0,0,,,,
left_connector_y_21p50,"(4.0, 21.5, 6.0, 21.55)",19,CJ3B,2,10.0,81,0,0,0,,,,
left_connector_y_21p50,"(4.0, 21.5, 6.0, 21.55)",19,CJ3B,3,10.0,84,0,0,0,,,,
left_connector_y_21p50,"(4.0, 21.5, 6.0, 21.55)",19,CJ3B,4,10.0,83,0,0,0,,,,
left_connector_y_21p50,"(4.0, 21.5, 6.0, 21.55)",20,CJ3J1,0,10.0,82,0,2,2,,25250|25253,25250|25253,
left_connector_y_21p50,"(4.0, 21.5, 6.0, 21.55)",20,CJ3J1,1,10.0,82,0,0,1,,,25246,
left_connector_y_21p50,"(4.0, 21.5, 6.0, 21.55)",20,CJ3J1,2,10.0,81,0,1,2,,25258,25245|25258,
left_connector_y_21p50,"(4.0, 21.5, 6.0, 21.55)",20,CJ3J1,3,10.0,84,1,2,3,25243,25243|25250,25243|25250|25258,"RuntimeError: Could not switch the geometry.
The following agents would be outside of the new geometry: 25543
"
left_connector_y_21p50,"(4.0, 21.5, 6.0, 21.55)",20,CJ3J1,4,10.0,83,0,0,1,,,25254,
left_connector_y_21p50,"(4.0, 21.5, 6.0, 21.55)",25,J2CA,0,10.0,82,0,1,2,,30850,30850|30853,
left_connector_y_21p50,"(4.0, 21.5, 6.0, 21.55)",25,J2CA,1,10.0,82,0,1,2,,30860,30851|30860,
left_connector_y_21p50,"(4.0, 21.5, 6.0, 21.55)",25,J2CA,2,10.0,81,0,0,2,,,30845|30858,
left_connector_y_21p50,"(4.0, 21.5, 6.0, 21.55)",25,J2CA,3,10.0,84,0,1,2,,30843,30843|30858,
left_connector_y_21p50,"(4.0, 21.5, 6.0, 21.55)",25,J2CA,4,10.0,83,0,1,1,,30847,30847,
left_connector_y_21p50,"(4.0, 21.5, 6.0, 21.55)",22,J2CB,0,10.0,82,0,0,0,,,,
left_connector_y_21p50,"(4.0, 21.5, 6.0, 21.55)",22,J2CB,1,10.0,82,0,0,0,,,,
left_connector_y_21p50,"(4.0, 21.5, 6.0, 21.55)",22,J2CB,2,10.0,81,0,0,0,,,,
left_connector_y_21p50,"(4.0, 21.5, 6.0, 21.55)",22,J2CB,3,10.0,84,0,0,0,,,,
left_connector_y_21p50,"(4.0, 21.5, 6.0, 21.55)",22,J2CB,4,10.0,83,0,0,0,,,,
left_connector_y_21p50,"(4.0, 21.5, 6.0, 21.55)",23,J2CJ1,0,10.0,82,0,2,2,,28050|28053,28050|28053,
left_connector_y_21p50,"(4.0, 21.5, 6.0, 21.55)",23,J2CJ1,1,10.0,82,0,0,1,,,28046,
left_connector_y_21p50,"(4.0, 21.5, 6.0, 21.55)",23,J2CJ1,2,10.0,81,0,1,2,,28058,28045|28058,
left_connector_y_21p50,"(4.0, 21.5, 6.0, 21.55)",23,J2CJ1,3,10.0,84,1,2,3,28043,28043|28050,28043|28050|28058,"RuntimeError: Could not switch the geometry.
The following agents would be outside of the new geometry: 28343
"
left_connector_y_21p50,"(4.0, 21.5, 6.0, 21.55)",23,J2CJ1,4,10.0,83,0,0,1,,,28054,
left_connector_y_21p50,"(4.0, 21.5, 6.0, 21.55)",24,J2CJ2,0,10.0,82,0,0,0,,,,
left_connector_y_21p50,"(4.0, 21.5, 6.0, 21.55)",24,J2CJ2,1,10.0,82,0,0,0,,,,
left_connector_y_21p50,"(4.0, 21.5, 6.0, 21.55)",24,J2CJ2,2,10.0,81,0,0,0,,,,
left_connector_y_21p50,"(4.0, 21.5, 6.0, 21.55)",24,J2CJ2,3,10.0,84,0,0,0,,,,
left_connector_y_21p50,"(4.0, 21.5, 6.0, 21.55)",24,J2CJ2,4,10.0,83,0,0,0,,,,
left_connector_y_21p50,"(4.0, 21.5, 6.0, 21.55)",27,J2J3A,0,10.0,82,0,1,2,,33650,33650|33653,
left_connector_y_21p50,"(4.0, 21.5, 6.0, 21.55)",27,J2J3A,1,10.0,82,0,1,2,,33660,33651|33660,
left_connector_y_21p50,"(4.0, 21.5, 6.0, 21.55)",27,J2J3A,2,10.0,81,0,0,2,,,33645|33658,
left_connector_y_21p50,"(4.0, 21.5, 6.0, 21.55)",27,J2J3A,3,10.0,84,0,1,2,,33643,33643|33658,
left_connector_y_21p50,"(4.0, 21.5, 6.0, 21.55)",27,J2J3A,4,10.0,83,0,1,1,,33647,33647,
left_connector_y_21p50,"(4.0, 21.5, 6.0, 21.55)",26,J2J3B,0,10.0,82,0,0,0,,,,
left_connector_y_21p50,"(4.0, 21.5, 6.0, 21.55)",26,J2J3B,1,10.0,82,0,0,0,,,,
left_connector_y_21p50,"(4.0, 21.5, 6.0, 21.55)",26,J2J3B,2,10.0,81,0,0,0,,,,
left_connector_y_21p50,"(4.0, 21.5, 6.0, 21.55)",26,J2J3B,3,10.0,84,0,0,0,,,,
left_connector_y_21p50,"(4.0, 21.5, 6.0, 21.55)",26,J2J3B,4,10.0,83,0,0,0,,,,
left_connector_y_21p50,"(4.0, 21.5, 6.0, 21.55)",30,J3CA,0,10.0,82,0,1,2,,36450,36450|36453,
left_connector_y_21p50,"(4.0, 21.5, 6.0, 21.55)",30,J3CA,1,10.0,82,0,0,1,,,36460,
left_connector_y_21p50,"(4.0, 21.5, 6.0, 21.55)",30,J3CA,2,10.0,81,0,0,2,,,36445|36458,
left_connector_y_21p50,"(4.0, 21.5, 6.0, 21.55)",30,J3CA,3,10.0,84,0,1,2,,36443,36443|36458,
left_connector_y_21p50,"(4.0, 21.5, 6.0, 21.55)",30,J3CA,4,10.0,83,0,1,2,,39247,39247|39255,
left_connector_y_21p50,"(4.0, 21.5, 6.0, 21.55)",28,J3CB,0,10.0,82,0,0,0,,,,
left_connector_y_21p50,"(4.0, 21.5, 6.0, 21.55)",28,J3CB,1,10.0,82,0,0,0,,,,
left_connector_y_21p50,"(4.0, 21.5, 6.0, 21.55)",28,J3CB,2,10.0,81,0,0,0,,,,
left_connector_y_21p50,"(4.0, 21.5, 6.0, 21.55)",28,J3CB,3,10.0,84,0,0,0,,,,
left_connector_y_21p50,"(4.0, 21.5, 6.0, 21.55)",28,J3CB,4,10.0,83,0,0,0,,,,
left_connector_y_21p50,"(4.0, 21.5, 6.0, 21.55)",29,J3CJ2,0,10.0,82,0,0,0,,,,
left_connector_y_21p50,"(4.0, 21.5, 6.0, 21.55)",29,J3CJ2,1,10.0,82,0,0,0,,,,
left_connector_y_21p50,"(4.0, 21.5, 6.0, 21.55)",29,J3CJ2,2,10.0,81,0,0,0,,,,
left_connector_y_21p50,"(4.0, 21.5, 6.0, 21.55)",29,J3CJ2,3,10.0,84,0,0,0,,,,
left_connector_y_21p50,"(4.0, 21.5, 6.0, 21.55)",29,J3CJ2,4,10.0,83,0,0,0,,,,
left_connector_y_21p50,"(4.0, 21.5, 6.0, 21.55)",32,J3J1A,0,10.0,82,0,1,2,,39250,39250|39253,
left_connector_y_21p50,"(4.0, 21.5, 6.0, 21.55)",32,J3J1A,1,10.0,82,0,0,1,,,39260,
left_connector_y_21p50,"(4.0, 21.5, 6.0, 21.55)",32,J3J1A,2,10.0,81,0,0,2,,,39245|39258,
left_connector_y_21p50,"(4.0, 21.5, 6.0, 21.55)",32,J3J1A,3,10.0,84,0,1,2,,39243,39243|39258,
left_connector_y_21p50,"(4.0, 21.5, 6.0, 21.55)",32,J3J1A,4,10.0,83,0,1,2,,39247,39247|39255,
left_connector_y_21p50,"(4.0, 21.5, 6.0, 21.55)",31,J3J1B,0,10.0,82,0,0,0,,,,
left_connector_y_21p50,"(4.0, 21.5, 6.0, 21.55)",31,J3J1B,1,10.0,82,0,0,0,,,,
left_connector_y_21p50,"(4.0, 21.5, 6.0, 21.55)",31,J3J1B,2,10.0,81,0,0,0,,,,
left_connector_y_21p50,"(4.0, 21.5, 6.0, 21.55)",31,J3J1B,3,10.0,84,0,0,0,,,,
left_connector_y_21p50,"(4.0, 21.5, 6.0, 21.55)",31,J3J1B,4,10.0,83,0,0,0,,,,
left_connector_y_21p50,"(4.0, 21.5, 6.0, 21.55)",34,J3J3A,0,10.0,82,0,1,2,,42050,42050|42053,
left_connector_y_21p50,"(4.0, 21.5, 6.0, 21.55)",34,J3J3A,1,10.0,82,0,0,1,,,42060,
left_connector_y_21p50,"(4.0, 21.5, 6.0, 21.55)",34,J3J3A,2,10.0,81,0,0,2,,,42045|42058,
left_connector_y_21p50,"(4.0, 21.5, 6.0, 21.55)",34,J3J3A,3,10.0,84,0,1,2,,42043,42043|42058,
left_connector_y_21p50,"(4.0, 21.5, 6.0, 21.55)",34,J3J3A,4,10.0,83,0,1,2,,42047,42047|42055,
left_connector_y_21p50,"(4.0, 21.5, 6.0, 21.55)",33,J3J3B,0,10.0,82,0,0,0,,,,
left_connector_y_21p50,"(4.0, 21.5, 6.0, 21.55)",33,J3J3B,1,10.0,82,0,0,0,,,,
left_connector_y_21p50,"(4.0, 21.5, 6.0, 21.55)",33,J3J3B,2,10.0,81,0,0,0,,,,
left_connector_y_21p50,"(4.0, 21.5, 6.0, 21.55)",33,J3J3B,3,10.0,84,0,0,0,,,,
left_connector_y_21p50,"(4.0, 21.5, 6.0, 21.55)",33,J3J3B,4,10.0,83,0,0,0,,,,
left_connector_y_22p50,"(4.0, 22.5, 6.0, 22.55)",3,ACA,0,10.0,82,0,1,2,,2860,2841|2860,
left_connector_y_22p50,"(4.0, 22.5, 6.0, 22.55)",3,ACA,1,10.0,82,1,1,3,2847,2847,2842|2847|2859,"RuntimeError: Could not switch the geometry.
The following agents would be outside of the new geometry: 3247
"
left_connector_y_22p50,"(4.0, 22.5, 6.0, 22.55)",3,ACA,2,10.0,81,0,0,1,,,2841,
left_connector_y_22p50,"(4.0, 22.5, 6.0, 22.55)",3,ACA,3,10.0,84,0,2,3,,2848|2850,2844|2848|2850,
left_connector_y_22p50,"(4.0, 22.5, 6.0, 22.55)",3,ACA,4,10.0,83,1,1,2,2857,2857,2844|2857,"RuntimeError: Could not switch the geometry.
The following agents would be outside of the new geometry: 3257
"
left_connector_y_22p50,"(4.0, 22.5, 6.0, 22.55)",0,ACB,0,10.0,82,0,0,0,,,,
left_connector_y_22p50,"(4.0, 22.5, 6.0, 22.55)",0,ACB,1,10.0,82,0,0,0,,,,
left_connector_y_22p50,"(4.0, 22.5, 6.0, 22.55)",0,ACB,2,10.0,81,0,0,0,,,,
left_connector_y_22p50,"(4.0, 22.5, 6.0, 22.55)",0,ACB,3,10.0,84,0,0,0,,,,
left_connector_y_22p50,"(4.0, 22.5, 6.0, 22.55)",0,ACB,4,10.0,83,0,0,0,,,,
left_connector_y_22p50,"(4.0, 22.5, 6.0, 22.55)",1,ACJ1,0,10.0,82,0,1,1,,45,45,
left_connector_y_22p50,"(4.0, 22.5, 6.0, 22.55)",1,ACJ1,1,10.0,82,0,1,2,,47,47|59,
left_connector_y_22p50,"(4.0, 22.5, 6.0, 22.55)",1,ACJ1,2,10.0,81,0,1,1,,49,49,
left_connector_y_22p50,"(4.0, 22.5, 6.0, 22.55)",1,ACJ1,3,10.0,84,0,2,2,,44|54,44|54,
left_connector_y_22p50,"(4.0, 22.5, 6.0, 22.55)",1,ACJ1,4,10.0,83,0,2,2,,47|52,47|52,
left_connector_y_22p50,"(4.0, 22.5, 6.0, 22.55)",2,ACJ2,0,10.0,82,0,0,0,,,,
left_connector_y_22p50,"(4.0, 22.5, 6.0, 22.55)",2,ACJ2,1,10.0,82,0,0,0,,,,
left_connector_y_22p50,"(4.0, 22.5, 6.0, 22.55)",2,ACJ2,2,10.0,81,0,0,0,,,,
left_connector_y_22p50,"(4.0, 22.5, 6.0, 22.55)",2,ACJ2,3,10.0,84,0,0,0,,,,
left_connector_y_22p50,"(4.0, 22.5, 6.0, 22.55)",2,ACJ2,4,10.0,83,0,0,0,,,,
left_connector_y_22p50,"(4.0, 22.5, 6.0, 22.55)",7,AJ1A,0,10.0,82,0,1,2,,8460,8441|8460,
left_connector_y_22p50,"(4.0, 22.5, 6.0, 22.55)",7,AJ1A,1,10.0,82,1,1,3,8447,8447,8442|8447|8459,"RuntimeError: Could not switch the geometry.
The following agents would be outside of the new geometry: 8847
"
left_connector_y_22p50,"(4.0, 22.5, 6.0, 22.55)",7,AJ1A,2,10.0,81,0,0,1,,,8441,
left_connector_y_22p50,"(4.0, 22.5, 6.0, 22.55)",7,AJ1A,3,10.0,84,0,2,3,,8448|8450,8444|8448|8450,
left_connector_y_22p50,"(4.0, 22.5, 6.0, 22.55)",7,AJ1A,4,10.0,83,1,1,2,8457,8457,8444|8457,"RuntimeError: Could not switch the geometry.
The following agents would be outside of the new geometry: 8857
"
left_connector_y_22p50,"(4.0, 22.5, 6.0, 22.55)",4,AJ1B,0,10.0,82,0,0,0,,,,
left_connector_y_22p50,"(4.0, 22.5, 6.0, 22.55)",4,AJ1B,1,10.0,82,0,0,0,,,,
left_connector_y_22p50,"(4.0, 22.5, 6.0, 22.55)",4,AJ1B,2,10.0,81,0,0,0,,,,
left_connector_y_22p50,"(4.0, 22.5, 6.0, 22.55)",4,AJ1B,3,10.0,84,0,0,0,,,,
left_connector_y_22p50,"(4.0, 22.5, 6.0, 22.55)",4,AJ1B,4,10.0,83,0,0,0,,,,
left_connector_y_22p50,"(4.0, 22.5, 6.0, 22.55)",5,AJ1J1,0,10.0,82,0,1,1,,5645,5645,
left_connector_y_22p50,"(4.0, 22.5, 6.0, 22.55)",5,AJ1J1,1,10.0,82,0,1,2,,5647,5647|5659,
left_connector_y_22p50,"(4.0, 22.5, 6.0, 22.55)",5,AJ1J1,2,10.0,81,0,1,1,,5649,5649,
left_connector_y_22p50,"(4.0, 22.5, 6.0, 22.55)",5,AJ1J1,3,10.0,84,0,2,2,,5644|5654,5644|5654,
left_connector_y_22p50,"(4.0, 22.5, 6.0, 22.55)",5,AJ1J1,4,10.0,83,0,2,2,,5647|5652,5647|5652,
left_connector_y_22p50,"(4.0, 22.5, 6.0, 22.55)",6,AJ1J2,0,10.0,82,0,0,0,,,,
left_connector_y_22p50,"(4.0, 22.5, 6.0, 22.55)",6,AJ1J2,1,10.0,82,0,0,0,,,,
left_connector_y_22p50,"(4.0, 22.5, 6.0, 22.55)",6,AJ1J2,2,10.0,81,0,0,0,,,,
left_connector_y_22p50,"(4.0, 22.5, 6.0, 22.55)",6,AJ1J2,3,10.0,84,0,0,0,,,,
left_connector_y_22p50,"(4.0, 22.5, 6.0, 22.55)",6,AJ1J2,4,10.0,83,0,0,0,,,,
left_connector_y_22p50,"(4.0, 22.5, 6.0, 22.55)",10,AJ3A,0,10.0,82,0,1,2,,11260,11241|11260,
left_connector_y_22p50,"(4.0, 22.5, 6.0, 22.55)",10,AJ3A,1,10.0,82,1,1,3,11247,11247,11242|11247|11259,"RuntimeError: Could not switch the geometry.
The following agents would be outside of the new geometry: 11647
"
left_connector_y_22p50,"(4.0, 22.5, 6.0, 22.55)",10,AJ3A,2,10.0,81,0,0,1,,,11241,
left_connector_y_22p50,"(4.0, 22.5, 6.0, 22.55)",10,AJ3A,3,10.0,84,0,2,3,,11248|11250,11244|11248|11250,
left_connector_y_22p50,"(4.0, 22.5, 6.0, 22.55)",10,AJ3A,4,10.0,83,1,1,2,11257,11257,11244|11257,"RuntimeError: Could not switch the geometry.
The following agents would be outside of the new geometry: 11657
"
left_connector_y_22p50,"(4.0, 22.5, 6.0, 22.55)",8,AJ3B,0,10.0,82,0,0,0,,,,
left_connector_y_22p50,"(4.0, 22.5, 6.0, 22.55)",8,AJ3B,1,10.0,82,0,0,0,,,,
left_connector_y_22p50,"(4.0, 22.5, 6.0, 22.55)",8,AJ3B,2,10.0,81,0,0,0,,,,
left_connector_y_22p50,"(4.0, 22.5, 6.0, 22.55)",8,AJ3B,3,10.0,84,0,0,0,,,,
left_connector_y_22p50,"(4.0, 22.5, 6.0, 22.55)",8,AJ3B,4,10.0,83,0,0,0,,,,
left_connector_y_22p50,"(4.0, 22.5, 6.0, 22.55)",9,AJ3J1,0,10.0,82,0,1,1,,11245,11245,
left_connector_y_22p50,"(4.0, 22.5, 6.0, 22.55)",9,AJ3J1,1,10.0,82,0,1,2,,11247,11247|11259,
left_connector_y_22p50,"(4.0, 22.5, 6.0, 22.55)",9,AJ3J1,2,10.0,81,0,1,1,,11249,11249,
left_connector_y_22p50,"(4.0, 22.5, 6.0, 22.55)",9,AJ3J1,3,10.0,84,0,2,2,,11244|11254,11244|11254,
left_connector_y_22p50,"(4.0, 22.5, 6.0, 22.55)",9,AJ3J1,4,10.0,83,0,2,2,,11247|11252,11247|11252,
left_connector_y_22p50,"(4.0, 22.5, 6.0, 22.55)",14,CCA,0,10.0,82,0,1,2,,16860,16841|16860,
left_connector_y_22p50,"(4.0, 22.5, 6.0, 22.55)",14,CCA,1,10.0,82,1,1,3,16847,16847,16842|16847|16859,"RuntimeError: Could not switch the geometry.
The following agents would be outside of the new geometry: 17247
"
left_connector_y_22p50,"(4.0, 22.5, 6.0, 22.55)",14,CCA,2,10.0,81,0,0,1,,,16841,
left_connector_y_22p50,"(4.0, 22.5, 6.0, 22.55)",14,CCA,3,10.0,84,0,2,3,,16848|16850,16844|16848|16850,
left_connector_y_22p50,"(4.0, 22.5, 6.0, 22.55)",14,CCA,4,10.0,83,1,1,2,16857,16857,16844|16857,"RuntimeError: Could not switch the geometry.
The following agents would be outside of the new geometry: 17257
"
left_connector_y_22p50,"(4.0, 22.5, 6.0, 22.55)",11,CCB,0,10.0,82,0,0,0,,,,
left_connector_y_22p50,"(4.0, 22.5, 6.0, 22.55)",11,CCB,1,10.0,82,0,0,0,,,,
left_connector_y_22p50,"(4.0, 22.5, 6.0, 22.55)",11,CCB,2,10.0,81,0,0,0,,,,
left_connector_y_22p50,"(4.0, 22.5, 6.0, 22.55)",11,CCB,3,10.0,84,0,0,0,,,,
left_connector_y_22p50,"(4.0, 22.5, 6.0, 22.55)",11,CCB,4,10.0,83,0,0,0,,,,
left_connector_y_22p50,"(4.0, 22.5, 6.0, 22.55)",12,CCJ1,0,10.0,82,0,1,1,,14045,14045,
left_connector_y_22p50,"(4.0, 22.5, 6.0, 22.55)",12,CCJ1,1,10.0,82,0,1,2,,14047,14047|14059,
left_connector_y_22p50,"(4.0, 22.5, 6.0, 22.55)",12,CCJ1,2,10.0,81,0,1,1,,14049,14049,
left_connector_y_22p50,"(4.0, 22.5, 6.0, 22.55)",12,CCJ1,3,10.0,84,0,2,2,,14044|14054,14044|14054,
left_connector_y_22p50,"(4.0, 22.5, 6.0, 22.55)",12,CCJ1,4,10.0,83,0,2,2,,14047|14052,14047|14052,
left_connector_y_22p50,"(4.0, 22.5, 6.0, 22.55)",13,CCJ2,0,10.0,82,0,0,0,,,,
left_connector_y_22p50,"(4.0, 22.5, 6.0, 22.55)",13,CCJ2,1,10.0,82,0,0,0,,,,
left_connector_y_22p50,"(4.0, 22.5, 6.0, 22.55)",13,CCJ2,2,10.0,81,0,0,0,,,,
left_connector_y_22p50,"(4.0, 22.5, 6.0, 22.55)",13,CCJ2,3,10.0,84,0,0,0,,,,
left_connector_y_22p50,"(4.0, 22.5, 6.0, 22.55)",13,CCJ2,4,10.0,83,0,0,0,,,,
left_connector_y_22p50,"(4.0, 22.5, 6.0, 22.55)",18,CJ1A,0,10.0,82,0,1,2,,22460,22441|22460,
left_connector_y_22p50,"(4.0, 22.5, 6.0, 22.55)",18,CJ1A,1,10.0,82,1,1,3,22447,22447,22442|22447|22459,"RuntimeError: Could not switch the geometry.
The following agents would be outside of the new geometry: 22847
"
left_connector_y_22p50,"(4.0, 22.5, 6.0, 22.55)",18,CJ1A,2,10.0,81,0,0,1,,,22441,
left_connector_y_22p50,"(4.0, 22.5, 6.0, 22.55)",18,CJ1A,3,10.0,84,0,2,3,,22448|22450,22444|22448|22450,
left_connector_y_22p50,"(4.0, 22.5, 6.0, 22.55)",18,CJ1A,4,10.0,83,1,1,2,22457,22457,22444|22457,"RuntimeError: Could not switch the geometry.
The following agents would be outside of the new geometry: 22857
"
left_connector_y_22p50,"(4.0, 22.5, 6.0, 22.55)",15,CJ1B,0,10.0,82,0,0,0,,,,
left_connector_y_22p50,"(4.0, 22.5, 6.0, 22.55)",15,CJ1B,1,10.0,82,0,0,0,,,,
left_connector_y_22p50,"(4.0, 22.5, 6.0, 22.55)",15,CJ1B,2,10.0,81,0,0,0,,,,
left_connector_y_22p50,"(4.0, 22.5, 6.0, 22.55)",15,CJ1B,3,10.0,84,0,0,0,,,,
left_connector_y_22p50,"(4.0, 22.5, 6.0, 22.55)",15,CJ1B,4,10.0,83,0,0,0,,,,
left_connector_y_22p50,"(4.0, 22.5, 6.0, 22.55)",16,CJ1J1,0,10.0,82,0,1,1,,19645,19645,
left_connector_y_22p50,"(4.0, 22.5, 6.0, 22.55)",16,CJ1J1,1,10.0,82,0,1,2,,19647,19647|19659,
left_connector_y_22p50,"(4.0, 22.5, 6.0, 22.55)",16,CJ1J1,2,10.0,81,0,1,1,,19649,19649,
left_connector_y_22p50,"(4.0, 22.5, 6.0, 22.55)",16,CJ1J1,3,10.0,84,0,2,2,,19644|19654,19644|19654,
left_connector_y_22p50,"(4.0, 22.5, 6.0, 22.55)",16,CJ1J1,4,10.0,83,0,2,2,,19647|19652,19647|19652,
left_connector_y_22p50,"(4.0, 22.5, 6.0, 22.55)",17,CJ1J2,0,10.0,82,0,0,0,,,,
left_connector_y_22p50,"(4.0, 22.5, 6.0, 22.55)",17,CJ1J2,1,10.0,82,0,0,0,,,,
left_connector_y_22p50,"(4.0, 22.5, 6.0, 22.55)",17,CJ1J2,2,10.0,81,0,0,0,,,,
left_connector_y_22p50,"(4.0, 22.5, 6.0, 22.55)",17,CJ1J2,3,10.0,84,0,0,0,,,,
left_connector_y_22p50,"(4.0, 22.5, 6.0, 22.55)",17,CJ1J2,4,10.0,83,0,0,0,,,,
left_connector_y_22p50,"(4.0, 22.5, 6.0, 22.55)",21,CJ3A,0,10.0,82,0,1,2,,25260,25241|25260,
left_connector_y_22p50,"(4.0, 22.5, 6.0, 22.55)",21,CJ3A,1,10.0,82,1,1,3,25247,25247,25242|25247|25259,"RuntimeError: Could not switch the geometry.
The following agents would be outside of the new geometry: 25647
"
left_connector_y_22p50,"(4.0, 22.5, 6.0, 22.55)",21,CJ3A,2,10.0,81,0,0,1,,,25241,
left_connector_y_22p50,"(4.0, 22.5, 6.0, 22.55)",21,CJ3A,3,10.0,84,0,2,3,,25248|25250,25244|25248|25250,
left_connector_y_22p50,"(4.0, 22.5, 6.0, 22.55)",21,CJ3A,4,10.0,83,1,1,2,25257,25257,25244|25257,"RuntimeError: Could not switch the geometry.
The following agents would be outside of the new geometry: 25657
"
left_connector_y_22p50,"(4.0, 22.5, 6.0, 22.55)",19,CJ3B,0,10.0,82,0,0,0,,,,
left_connector_y_22p50,"(4.0, 22.5, 6.0, 22.55)",19,CJ3B,1,10.0,82,0,0,0,,,,
left_connector_y_22p50,"(4.0, 22.5, 6.0, 22.55)",19,CJ3B,2,10.0,81,0,0,0,,,,
left_connector_y_22p50,"(4.0, 22.5, 6.0, 22.55)",19,CJ3B,3,10.0,84,0,0,0,,,,
left_connector_y_22p50,"(4.0, 22.5, 6.0, 22.55)",19,CJ3B,4,10.0,83,0,0,0,,,,
left_connector_y_22p50,"(4.0, 22.5, 6.0, 22.55)",20,CJ3J1,0,10.0,82,0,1,1,,25245,25245,
left_connector_y_22p50,"(4.0, 22.5, 6.0, 22.55)",20,CJ3J1,1,10.0,82,0,1,2,,25247,25247|25259,
left_connector_y_22p50,"(4.0, 22.5, 6.0, 22.55)",20,CJ3J1,2,10.0,81,0,1,1,,25249,25249,
left_connector_y_22p50,"(4.0, 22.5, 6.0, 22.55)",20,CJ3J1,3,10.0,84,0,2,2,,25244|25254,25244|25254,
left_connector_y_22p50,"(4.0, 22.5, 6.0, 22.55)",20,CJ3J1,4,10.0,83,0,2,2,,25247|25252,25247|25252,
left_connector_y_22p50,"(4.0, 22.5, 6.0, 22.55)",25,J2CA,0,10.0,82,0,1,2,,30860,30841|30860,
left_connector_y_22p50,"(4.0, 22.5, 6.0, 22.55)",25,J2CA,1,10.0,82,1,1,3,30847,30847,30842|30847|30859,"RuntimeError: Could not switch the geometry.
The following agents would be outside of the new geometry: 31247
"
left_connector_y_22p50,"(4.0, 22.5, 6.0, 22.55)",25,J2CA,2,10.0,81,0,0,1,,,30841,
left_connector_y_22p50,"(4.0, 22.5, 6.0, 22.55)",25,J2CA,3,10.0,84,0,2,3,,30848|30850,30844|30848|30850,
left_connector_y_22p50,"(4.0, 22.5, 6.0, 22.55)",25,J2CA,4,10.0,83,1,1,2,30857,30857,30844|30857,"RuntimeError: Could not switch the geometry.
The following agents would be outside of the new geometry: 31257
"
left_connector_y_22p50,"(4.0, 22.5, 6.0, 22.55)",22,J2CB,0,10.0,82,0,0,0,,,,
left_connector_y_22p50,"(4.0, 22.5, 6.0, 22.55)",22,J2CB,1,10.0,82,0,0,0,,,,
left_connector_y_22p50,"(4.0, 22.5, 6.0, 22.55)",22,J2CB,2,10.0,81,0,0,0,,,,
left_connector_y_22p50,"(4.0, 22.5, 6.0, 22.55)",22,J2CB,3,10.0,84,0,0,0,,,,
left_connector_y_22p50,"(4.0, 22.5, 6.0, 22.55)",22,J2CB,4,10.0,83,0,0,0,,,,
left_connector_y_22p50,"(4.0, 22.5, 6.0, 22.55)",23,J2CJ1,0,10.0,82,0,1,1,,28045,28045,
left_connector_y_22p50,"(4.0, 22.5, 6.0, 22.55)",23,J2CJ1,1,10.0,82,0,1,2,,28047,28047|28059,
left_connector_y_22p50,"(4.0, 22.5, 6.0, 22.55)",23,J2CJ1,2,10.0,81,0,1,1,,28049,28049,
left_connector_y_22p50,"(4.0, 22.5, 6.0, 22.55)",23,J2CJ1,3,10.0,84,0,2,2,,28044|28054,28044|28054,
left_connector_y_22p50,"(4.0, 22.5, 6.0, 22.55)",23,J2CJ1,4,10.0,83,0,2,2,,28047|28052,28047|28052,
left_connector_y_22p50,"(4.0, 22.5, 6.0, 22.55)",24,J2CJ2,0,10.0,82,0,0,0,,,,
left_connector_y_22p50,"(4.0, 22.5, 6.0, 22.55)",24,J2CJ2,1,10.0,82,0,0,0,,,,
left_connector_y_22p50,"(4.0, 22.5, 6.0, 22.55)",24,J2CJ2,2,10.0,81,0,0,0,,,,
left_connector_y_22p50,"(4.0, 22.5, 6.0, 22.55)",24,J2CJ2,3,10.0,84,0,0,0,,,,
left_connector_y_22p50,"(4.0, 22.5, 6.0, 22.55)",24,J2CJ2,4,10.0,83,0,0,0,,,,
left_connector_y_22p50,"(4.0, 22.5, 6.0, 22.55)",27,J2J3A,0,10.0,82,0,1,2,,33660,33641|33660,
left_connector_y_22p50,"(4.0, 22.5, 6.0, 22.55)",27,J2J3A,1,10.0,82,1,1,3,33647,33647,33642|33647|33659,"RuntimeError: Could not switch the geometry.
The following agents would be outside of the new geometry: 34047
"
left_connector_y_22p50,"(4.0, 22.5, 6.0, 22.55)",27,J2J3A,2,10.0,81,0,0,1,,,33641,
left_connector_y_22p50,"(4.0, 22.5, 6.0, 22.55)",27,J2J3A,3,10.0,84,0,2,3,,33648|33650,33644|33648|33650,
left_connector_y_22p50,"(4.0, 22.5, 6.0, 22.55)",27,J2J3A,4,10.0,83,1,1,2,33657,33657,33644|33657,"RuntimeError: Could not switch the geometry.
The following agents would be outside of the new geometry: 34057
"
left_connector_y_22p50,"(4.0, 22.5, 6.0, 22.55)",26,J2J3B,0,10.0,82,0,0,0,,,,
left_connector_y_22p50,"(4.0, 22.5, 6.0, 22.55)",26,J2J3B,1,10.0,82,0,0,0,,,,
left_connector_y_22p50,"(4.0, 22.5, 6.0, 22.55)",26,J2J3B,2,10.0,81,0,0,0,,,,
left_connector_y_22p50,"(4.0, 22.5, 6.0, 22.55)",26,J2J3B,3,10.0,84,0,0,0,,,,
left_connector_y_22p50,"(4.0, 22.5, 6.0, 22.55)",26,J2J3B,4,10.0,83,0,0,0,,,,
left_connector_y_22p50,"(4.0, 22.5, 6.0, 22.55)",30,J3CA,0,10.0,82,0,2,3,,36439|36460,36439|36441|36460,
left_connector_y_22p50,"(4.0, 22.5, 6.0, 22.55)",30,J3CA,1,10.0,82,0,2,4,,36425|36447,36425|36442|36447|36459,
left_connector_y_22p50,"(4.0, 22.5, 6.0, 22.55)",30,J3CA,2,10.0,81,0,0,2,,,36413|36441,
left_connector_y_22p50,"(4.0, 22.5, 6.0, 22.55)",30,J3CA,3,10.0,84,0,2,4,,36409|36448,36409|36444|36448|36450,
left_connector_y_22p50,"(4.0, 22.5, 6.0, 22.55)",30,J3CA,4,10.0,83,0,2,3,,39203|39257,39203|39244|39257,
left_connector_y_22p50,"(4.0, 22.5, 6.0, 22.55)",28,J3CB,0,10.0,82,0,0,0,,,,
left_connector_y_22p50,"(4.0, 22.5, 6.0, 22.55)",28,J3CB,1,10.0,82,0,0,0,,,,
left_connector_y_22p50,"(4.0, 22.5, 6.0, 22.55)",28,J3CB,2,10.0,81,0,0,1,,,33613,
left_connector_y_22p50,"(4.0, 22.5, 6.0, 22.55)",28,J3CB,3,10.0,84,0,0,1,,,36409,
left_connector_y_22p50,"(4.0, 22.5, 6.0, 22.55)",28,J3CB,4,10.0,83,0,0,0,,,,
left_connector_y_22p50,"(4.0, 22.5, 6.0, 22.55)",29,J3CJ2,0,10.0,82,0,0,0,,,,
left_connector_y_22p50,"(4.0, 22.5, 6.0, 22.55)",29,J3CJ2,1,10.0,82,0,0,0,,,,
left_connector_y_22p50,"(4.0, 22.5, 6.0, 22.55)",29,J3CJ2,2,10.0,81,0,0,1,,,36413,
left_connector_y_22p50,"(4.0, 22.5, 6.0, 22.55)",29,J3CJ2,3,10.0,84,0,0,1,,,36409,
left_connector_y_22p50,"(4.0, 22.5, 6.0, 22.55)",29,J3CJ2,4,10.0,83,0,0,0,,,,
left_connector_y_22p50,"(4.0, 22.5, 6.0, 22.55)",32,J3J1A,0,10.0,82,0,2,3,,39239|39260,39239|39241|39260,
left_connector_y_22p50,"(4.0, 22.5, 6.0, 22.55)",32,J3J1A,1,10.0,82,0,2,4,,39225|39247,39225|39242|39247|39259,
left_connector_y_22p50,"(4.0, 22.5, 6.0, 22.55)",32,J3J1A,2,10.0,81,0,0,2,,,39213|39241,
left_connector_y_22p50,"(4.0, 22.5, 6.0, 22.55)",32,J3J1A,3,10.0,84,0,2,4,,39209|39248,39209|39244|39248|39250,
left_connector_y_22p50,"(4.0, 22.5, 6.0, 22.55)",32,J3J1A,4,10.0,83,0,2,3,,39203|39257,39203|39244|39257,
left_connector_y_22p50,"(4.0, 22.5, 6.0, 22.55)",31,J3J1B,0,10.0,82,0,0,0,,,,
left_connector_y_22p50,"(4.0, 22.5, 6.0, 22.55)",31,J3J1B,1,10.0,82,0,0,0,,,,
left_connector_y_22p50,"(4.0, 22.5, 6.0, 22.55)",31,J3J1B,2,10.0,81,0,0,1,,,39213,
left_connector_y_22p50,"(4.0, 22.5, 6.0, 22.55)",31,J3J1B,3,10.0,84,0,0,1,,,39209,
left_connector_y_22p50,"(4.0, 22.5, 6.0, 22.55)",31,J3J1B,4,10.0,83,0,0,0,,,,
left_connector_y_22p50,"(4.0, 22.5, 6.0, 22.55)",34,J3J3A,0,10.0,82,0,2,3,,42039|42060,42039|42041|42060,
left_connector_y_22p50,"(4.0, 22.5, 6.0, 22.55)",34,J3J3A,1,10.0,82,0,2,4,,42025|42047,42025|42042|42047|42059,
left_connector_y_22p50,"(4.0, 22.5, 6.0, 22.55)",34,J3J3A,2,10.0,81,0,0,2,,,42013|42041,
left_connector_y_22p50,"(4.0, 22.5, 6.0, 22.55)",34,J3J3A,3,10.0,84,0,2,4,,42009|42048,42009|42044|42048|42050,
left_connector_y_22p50,"(4.0, 22.5, 6.0, 22.55)",34,J3J3A,4,10.0,83,0,2,3,,42003|42057,42003|42044|42057,
left_connector_y_22p50,"(4.0, 22.5, 6.0, 22.55)",33,J3J3B,0,10.0,82,0,0,0,,,,
left_connector_y_22p50,"(4.0, 22.5, 6.0, 22.55)",33,J3J3B,1,10.0,82,0,0,0,,,,
left_connector_y_22p50,"(4.0, 22.5, 6.0, 22.55)",33,J3J3B,2,10.0,81,0,0,1,,,42013,
left_connector_y_22p50,"(4.0, 22.5, 6.0, 22.55)",33,J3J3B,3,10.0,84,0,0,1,,,42009,
left_connector_y_22p50,"(4.0, 22.5, 6.0, 22.55)",33,J3J3B,4,10.0,83,0,0,0,,,,
right_connector_y_19p50,"(18.0, 19.5, 20.0, 19.55)",3,ACA,0,10.0,82,0,0,0,,,,
right_connector_y_19p50,"(18.0, 19.5, 20.0, 19.55)",3,ACA,1,10.0,82,0,0,1,,,2871,
right_connector_y_19p50,"(18.0, 19.5, 20.0, 19.55)",3,ACA,2,10.0,81,0,0,1,,,2873,
right_connector_y_19p50,"(18.0, 19.5, 20.0, 19.55)",3,ACA,3,10.0,84,0,0,0,,,,
right_connector_y_19p50,"(18.0, 19.5, 20.0, 19.55)",3,ACA,4,10.0,83,0,1,1,,2871,2871,
right_connector_y_19p50,"(18.0, 19.5, 20.0, 19.55)",0,ACB,0,10.0,82,0,0,0,,,,
right_connector_y_19p50,"(18.0, 19.5, 20.0, 19.55)",0,ACB,1,10.0,82,0,0,1,,,71,
right_connector_y_19p50,"(18.0, 19.5, 20.0, 19.55)",0,ACB,2,10.0,81,0,0,1,,,73,
right_connector_y_19p50,"(18.0, 19.5, 20.0, 19.55)",0,ACB,3,10.0,84,0,0,0,,,,
right_connector_y_19p50,"(18.0, 19.5, 20.0, 19.55)",0,ACB,4,10.0,83,0,1,1,,71,71,
right_connector_y_19p50,"(18.0, 19.5, 20.0, 19.55)",1,ACJ1,0,10.0,82,0,0,0,,,,
right_connector_y_19p50,"(18.0, 19.5, 20.0, 19.55)",1,ACJ1,1,10.0,82,0,0,1,,,71,
right_connector_y_19p50,"(18.0, 19.5, 20.0, 19.55)",1,ACJ1,2,10.0,81,0,0,1,,,73,
right_connector_y_19p50,"(18.0, 19.5, 20.0, 19.55)",1,ACJ1,3,10.0,84,0,0,0,,,,
right_connector_y_19p50,"(18.0, 19.5, 20.0, 19.55)",1,ACJ1,4,10.0,83,0,1,1,,71,71,
right_connector_y_19p50,"(18.0, 19.5, 20.0, 19.55)",2,ACJ2,0,10.0,82,0,0,0,,,,
right_connector_y_19p50,"(18.0, 19.5, 20.0, 19.55)",2,ACJ2,1,10.0,82,0,0,1,,,2871,
right_connector_y_19p50,"(18.0, 19.5, 20.0, 19.55)",2,ACJ2,2,10.0,81,0,0,1,,,2873,
right_connector_y_19p50,"(18.0, 19.5, 20.0, 19.55)",2,ACJ2,3,10.0,84,0,0,0,,,,
right_connector_y_19p50,"(18.0, 19.5, 20.0, 19.55)",2,ACJ2,4,10.0,83,0,1,1,,2871,2871,
right_connector_y_19p50,"(18.0, 19.5, 20.0, 19.55)",7,AJ1A,0,10.0,82,0,0,0,,,,
right_connector_y_19p50,"(18.0, 19.5, 20.0, 19.55)",7,AJ1A,1,10.0,82,0,0,1,,,8471,
right_connector_y_19p50,"(18.0, 19.5, 20.0, 19.55)",7,AJ1A,2,10.0,81,0,0,1,,,8473,
right_connector_y_19p50,"(18.0, 19.5, 20.0, 19.55)",7,AJ1A,3,10.0,84,0,0,0,,,,
right_connector_y_19p50,"(18.0, 19.5, 20.0, 19.55)",7,AJ1A,4,10.0,83,0,1,1,,8471,8471,
right_connector_y_19p50,"(18.0, 19.5, 20.0, 19.55)",4,AJ1B,0,10.0,82,0,0,0,,,,
right_connector_y_19p50,"(18.0, 19.5, 20.0, 19.55)",4,AJ1B,1,10.0,82,0,0,1,,,2871,
right_connector_y_19p50,"(18.0, 19.5, 20.0, 19.55)",4,AJ1B,2,10.0,81,0,0,1,,,5673,
right_connector_y_19p50,"(18.0, 19.5, 20.0, 19.55)",4,AJ1B,3,10.0,84,0,0,0,,,,
right_connector_y_19p50,"(18.0, 19.5, 20.0, 19.55)",4,AJ1B,4,10.0,83,0,1,1,,5671,5671,
right_connector_y_19p50,"(18.0, 19.5, 20.0, 19.55)",5,AJ1J1,0,10.0,82,0,0,0,,,,
right_connector_y_19p50,"(18.0, 19.5, 20.0, 19.55)",5,AJ1J1,1,10.0,82,0,0,1,,,5671,
right_connector_y_19p50,"(18.0, 19.5, 20.0, 19.55)",5,AJ1J1,2,10.0,81,0,0,1,,,5673,
right_connector_y_19p50,"(18.0, 19.5, 20.0, 19.55)",5,AJ1J1,3,10.0,84,0,0,0,,,,
right_connector_y_19p50,"(18.0, 19.5, 20.0, 19.55)",5,AJ1J1,4,10.0,83,0,1,1,,5671,5671,
right_connector_y_19p50,"(18.0, 19.5, 20.0, 19.55)",6,AJ1J2,0,10.0,82,0,0,0,,,,
right_connector_y_19p50,"(18.0, 19.5, 20.0, 19.55)",6,AJ1J2,1,10.0,82,0,0,1,,,5671,
right_connector_y_19p50,"(18.0, 19.5, 20.0, 19.55)",6,AJ1J2,2,10.0,81,0,0,1,,,5673,
right_connector_y_19p50,"(18.0, 19.5, 20.0, 19.55)",6,AJ1J2,3,10.0,84,0,0,0,,,,
right_connector_y_19p50,"(18.0, 19.5, 20.0, 19.55)",6,AJ1J2,4,10.0,83,0,1,1,,8471,8471,
right_connector_y_19p50,"(18.0, 19.5, 20.0, 19.55)",10,AJ3A,0,10.0,82,0,0,0,,,,
right_connector_y_19p50,"(18.0, 19.5, 20.0, 19.55)",10,AJ3A,1,10.0,82,0,0,0,,,,
right_connector_y_19p50,"(18.0, 19.5, 20.0, 19.55)",10,AJ3A,2,10.0,81,0,0,0,,,,
right_connector_y_19p50,"(18.0, 19.5, 20.0, 19.55)",10,AJ3A,3,10.0,84,0,0,0,,,,
right_connector_y_19p50,"(18.0, 19.5, 20.0, 19.55)",10,AJ3A,4,10.0,83,0,0,0,,,,
right_connector_y_19p50,"(18.0, 19.5, 20.0, 19.55)",8,AJ3B,0,10.0,82,0,0,0,,,,
right_connector_y_19p50,"(18.0, 19.5, 20.0, 19.55)",8,AJ3B,1,10.0,82,0,0,0,,,,
right_connector_y_19p50,"(18.0, 19.5, 20.0, 19.55)",8,AJ3B,2,10.0,81,0,0,0,,,,
right_connector_y_19p50,"(18.0, 19.5, 20.0, 19.55)",8,AJ3B,3,10.0,84,0,0,0,,,,
right_connector_y_19p50,"(18.0, 19.5, 20.0, 19.55)",8,AJ3B,4,10.0,83,0,0,0,,,,
right_connector_y_19p50,"(18.0, 19.5, 20.0, 19.55)",9,AJ3J1,0,10.0,82,0,0,0,,,,
right_connector_y_19p50,"(18.0, 19.5, 20.0, 19.55)",9,AJ3J1,1,10.0,82,0,0,0,,,,
right_connector_y_19p50,"(18.0, 19.5, 20.0, 19.55)",9,AJ3J1,2,10.0,81,0,0,0,,,,
right_connector_y_19p50,"(18.0, 19.5, 20.0, 19.55)",9,AJ3J1,3,10.0,84,0,0,0,,,,
right_connector_y_19p50,"(18.0, 19.5, 20.0, 19.55)",9,AJ3J1,4,10.0,83,0,0,0,,,,
right_connector_y_19p50,"(18.0, 19.5, 20.0, 19.55)",14,CCA,0,10.0,82,0,0,0,,,,
right_connector_y_19p50,"(18.0, 19.5, 20.0, 19.55)",14,CCA,1,10.0,82,0,0,1,,,16871,
right_connector_y_19p50,"(18.0, 19.5, 20.0, 19.55)",14,CCA,2,10.0,81,0,0,1,,,16873,
right_connector_y_19p50,"(18.0, 19.5, 20.0, 19.55)",14,CCA,3,10.0,84,0,0,0,,,,
right_connector_y_19p50,"(18.0, 19.5, 20.0, 19.55)",14,CCA,4,10.0,83,0,1,1,,16871,16871,
right_connector_y_19p50,"(18.0, 19.5, 20.0, 19.55)",11,CCB,0,10.0,82,0,0,0,,,,
right_connector_y_19p50,"(18.0, 19.5, 20.0, 19.55)",11,CCB,1,10.0,82,0,0,1,,,14071,
right_connector_y_19p50,"(18.0, 19.5, 20.0, 19.55)",11,CCB,2,10.0,81,0,0,1,,,14073,
right_connector_y_19p50,"(18.0, 19.5, 20.0, 19.55)",11,CCB,3,10.0,84,0,0,0,,,,
right_connector_y_19p50,"(18.0, 19.5, 20.0, 19.55)",11,CCB,4,10.0,83,0,1,1,,14071,14071,
right_connector_y_19p50,"(18.0, 19.5, 20.0, 19.55)",12,CCJ1,0,10.0,82,0,0,0,,,,
right_connector_y_19p50,"(18.0, 19.5, 20.0, 19.55)",12,CCJ1,1,10.0,82,0,0,1,,,14071,
right_connector_y_19p50,"(18.0, 19.5, 20.0, 19.55)",12,CCJ1,2,10.0,81,0,0,1,,,14073,
right_connector_y_19p50,"(18.0, 19.5, 20.0, 19.55)",12,CCJ1,3,10.0,84,0,0,0,,,,
right_connector_y_19p50,"(18.0, 19.5, 20.0, 19.55)",12,CCJ1,4,10.0,83,0,1,1,,14071,14071,
right_connector_y_19p50,"(18.0, 19.5, 20.0, 19.55)",13,CCJ2,0,10.0,82,0,0,0,,,,
right_connector_y_19p50,"(18.0, 19.5, 20.0, 19.55)",13,CCJ2,1,10.0,82,0,0,1,,,16871,
right_connector_y_19p50,"(18.0, 19.5, 20.0, 19.55)",13,CCJ2,2,10.0,81,0,0,1,,,16873,
right_connector_y_19p50,"(18.0, 19.5, 20.0, 19.55)",13,CCJ2,3,10.0,84,0,0,0,,,,
right_connector_y_19p50,"(18.0, 19.5, 20.0, 19.55)",13,CCJ2,4,10.0,83,0,1,1,,16871,16871,
right_connector_y_19p50,"(18.0, 19.5, 20.0, 19.55)",18,CJ1A,0,10.0,82,0,0,0,,,,
right_connector_y_19p50,"(18.0, 19.5, 20.0, 19.55)",18,CJ1A,1,10.0,82,0,0,1,,,22471,
right_connector_y_19p50,"(18.0, 19.5, 20.0, 19.55)",18,CJ1A,2,10.0,81,0,0,1,,,22473,
right_connector_y_19p50,"(18.0, 19.5, 20.0, 19.55)",18,CJ1A,3,10.0,84,0,0,0,,,,
right_connector_y_19p50,"(18.0, 19.5, 20.0, 19.55)",18,CJ1A,4,10.0,83,0,1,1,,22471,22471,
right_connector_y_19p50,"(18.0, 19.5, 20.0, 19.55)",15,CJ1B,0,10.0,82,0,0,0,,,,
right_connector_y_19p50,"(18.0, 19.5, 20.0, 19.55)",15,CJ1B,1,10.0,82,0,0,1,,,16871,
right_connector_y_19p50,"(18.0, 19.5, 20.0, 19.55)",15,CJ1B,2,10.0,81,0,0,1,,,19673,
right_connector_y_19p50,"(18.0, 19.5, 20.0, 19.55)",15,CJ1B,3,10.0,84,0,0,0,,,,
right_connector_y_19p50,"(18.0, 19.5, 20.0, 19.55)",15,CJ1B,4,10.0,83,0,1,1,,19671,19671,
right_connector_y_19p50,"(18.0, 19.5, 20.0, 19.55)",16,CJ1J1,0,10.0,82,0,0,0,,,,
right_connector_y_19p50,"(18.0, 19.5, 20.0, 19.55)",16,CJ1J1,1,10.0,82,0,0,1,,,19671,
right_connector_y_19p50,"(18.0, 19.5, 20.0, 19.55)",16,CJ1J1,2,10.0,81,0,0,1,,,19673,
right_connector_y_19p50,"(18.0, 19.5, 20.0, 19.55)",16,CJ1J1,3,10.0,84,0,0,0,,,,
right_connector_y_19p50,"(18.0, 19.5, 20.0, 19.55)",16,CJ1J1,4,10.0,83,0,1,1,,19671,19671,
right_connector_y_19p50,"(18.0, 19.5, 20.0, 19.55)",17,CJ1J2,0,10.0,82,0,0,0,,,,
right_connector_y_19p50,"(18.0, 19.5, 20.0, 19.55)",17,CJ1J2,1,10.0,82,0,0,1,,,19671,
right_connector_y_19p50,"(18.0, 19.5, 20.0, 19.55)",17,CJ1J2,2,10.0,81,0,0,1,,,19673,
right_connector_y_19p50,"(18.0, 19.5, 20.0, 19.55)",17,CJ1J2,3,10.0,84,0,0,0,,,,
right_connector_y_19p50,"(18.0, 19.5, 20.0, 19.55)",17,CJ1J2,4,10.0,83,0,1,1,,22471,22471,
right_connector_y_19p50,"(18.0, 19.5, 20.0, 19.55)",21,CJ3A,0,10.0,82,0,0,0,,,,
right_connector_y_19p50,"(18.0, 19.5, 20.0, 19.55)",21,CJ3A,1,10.0,82,0,0,0,,,,
right_connector_y_19p50,"(18.0, 19.5, 20.0, 19.55)",21,CJ3A,2,10.0,81,0,0,0,,,,
right_connector_y_19p50,"(18.0, 19.5, 20.0, 19.55)",21,CJ3A,3,10.0,84,0,0,0,,,,
right_connector_y_19p50,"(18.0, 19.5, 20.0, 19.55)",21,CJ3A,4,10.0,83,0,0,0,,,,
right_connector_y_19p50,"(18.0, 19.5, 20.0, 19.55)",19,CJ3B,0,10.0,82,0,0,0,,,,
right_connector_y_19p50,"(18.0, 19.5, 20.0, 19.55)",19,CJ3B,1,10.0,82,0,0,0,,,,
right_connector_y_19p50,"(18.0, 19.5, 20.0, 19.55)",19,CJ3B,2,10.0,81,0,0,0,,,,
right_connector_y_19p50,"(18.0, 19.5, 20.0, 19.55)",19,CJ3B,3,10.0,84,0,0,0,,,,
right_connector_y_19p50,"(18.0, 19.5, 20.0, 19.55)",19,CJ3B,4,10.0,83,0,0,0,,,,
right_connector_y_19p50,"(18.0, 19.5, 20.0, 19.55)",20,CJ3J1,0,10.0,82,0,0,0,,,,
right_connector_y_19p50,"(18.0, 19.5, 20.0, 19.55)",20,CJ3J1,1,10.0,82,0,0,0,,,,
right_connector_y_19p50,"(18.0, 19.5, 20.0, 19.55)",20,CJ3J1,2,10.0,81,0,0,0,,,,
right_connector_y_19p50,"(18.0, 19.5, 20.0, 19.55)",20,CJ3J1,3,10.0,84,0,0,0,,,,
right_connector_y_19p50,"(18.0, 19.5, 20.0, 19.55)",20,CJ3J1,4,10.0,83,0,0,0,,,,
right_connector_y_19p50,"(18.0, 19.5, 20.0, 19.55)",25,J2CA,0,10.0,82,0,0,0,,,,
right_connector_y_19p50,"(18.0, 19.5, 20.0, 19.55)",25,J2CA,1,10.0,82,0,0,1,,,30871,
right_connector_y_19p50,"(18.0, 19.5, 20.0, 19.55)",25,J2CA,2,10.0,81,0,0,1,,,30873,
right_connector_y_19p50,"(18.0, 19.5, 20.0, 19.55)",25,J2CA,3,10.0,84,0,0,0,,,,
right_connector_y_19p50,"(18.0, 19.5, 20.0, 19.55)",25,J2CA,4,10.0,83,0,1,1,,30871,30871,
right_connector_y_19p50,"(18.0, 19.5, 20.0, 19.55)",22,J2CB,0,10.0,82,0,0,0,,,,
right_connector_y_19p50,"(18.0, 19.5, 20.0, 19.55)",22,J2CB,1,10.0,82,0,0,1,,,28071,
right_connector_y_19p50,"(18.0, 19.5, 20.0, 19.55)",22,J2CB,2,10.0,81,0,0,1,,,28073,
right_connector_y_19p50,"(18.0, 19.5, 20.0, 19.55)",22,J2CB,3,10.0,84,0,0,0,,,,
right_connector_y_19p50,"(18.0, 19.5, 20.0, 19.55)",22,J2CB,4,10.0,83,0,1,1,,28071,28071,
right_connector_y_19p50,"(18.0, 19.5, 20.0, 19.55)",23,J2CJ1,0,10.0,82,0,0,0,,,,
right_connector_y_19p50,"(18.0, 19.5, 20.0, 19.55)",23,J2CJ1,1,10.0,82,0,0,1,,,28071,
right_connector_y_19p50,"(18.0, 19.5, 20.0, 19.55)",23,J2CJ1,2,10.0,81,0,0,1,,,28073,
right_connector_y_19p50,"(18.0, 19.5, 20.0, 19.55)",23,J2CJ1,3,10.0,84,0,0,0,,,,
right_connector_y_19p50,"(18.0, 19.5, 20.0, 19.55)",23,J2CJ1,4,10.0,83,0,1,1,,28071,28071,
right_connector_y_19p50,"(18.0, 19.5, 20.0, 19.55)",24,J2CJ2,0,10.0,82,0,0,0,,,,
right_connector_y_19p50,"(18.0, 19.5, 20.0, 19.55)",24,J2CJ2,1,10.0,82,0,0,1,,,30871,
right_connector_y_19p50,"(18.0, 19.5, 20.0, 19.55)",24,J2CJ2,2,10.0,81,0,0,1,,,30873,
right_connector_y_19p50,"(18.0, 19.5, 20.0, 19.55)",24,J2CJ2,3,10.0,84,0,0,0,,,,
right_connector_y_19p50,"(18.0, 19.5, 20.0, 19.55)",24,J2CJ2,4,10.0,83,0,1,1,,30871,30871,
right_connector_y_19p50,"(18.0, 19.5, 20.0, 19.55)",27,J2J3A,0,10.0,82,0,0,0,,,,
right_connector_y_19p50,"(18.0, 19.5, 20.0, 19.55)",27,J2J3A,1,10.0,82,0,0,0,,,,
right_connector_y_19p50,"(18.0, 19.5, 20.0, 19.55)",27,J2J3A,2,10.0,81,0,0,0,,,,
right_connector_y_19p50,"(18.0, 19.5, 20.0, 19.55)",27,J2J3A,3,10.0,84,0,0,0,,,,
right_connector_y_19p50,"(18.0, 19.5, 20.0, 19.55)",27,J2J3A,4,10.0,83,0,0,0,,,,
right_connector_y_19p50,"(18.0, 19.5, 20.0, 19.55)",26,J2J3B,0,10.0,82,0,0,0,,,,
right_connector_y_19p50,"(18.0, 19.5, 20.0, 19.55)",26,J2J3B,1,10.0,82,0,0,0,,,,
right_connector_y_19p50,"(18.0, 19.5, 20.0, 19.55)",26,J2J3B,2,10.0,81,0,0,0,,,,
right_connector_y_19p50,"(18.0, 19.5, 20.0, 19.55)",26,J2J3B,3,10.0,84,0,0,0,,,,
right_connector_y_19p50,"(18.0, 19.5, 20.0, 19.55)",26,J2J3B,4,10.0,83,0,0,0,,,,
right_connector_y_19p50,"(18.0, 19.5, 20.0, 19.55)",30,J3CA,0,10.0,82,0,0,0,,,,
right_connector_y_19p50,"(18.0, 19.5, 20.0, 19.55)",30,J3CA,1,10.0,82,0,0,1,,,36471,
right_connector_y_19p50,"(18.0, 19.5, 20.0, 19.55)",30,J3CA,2,10.0,81,0,0,1,,,36473,
right_connector_y_19p50,"(18.0, 19.5, 20.0, 19.55)",30,J3CA,3,10.0,84,0,0,0,,,,
right_connector_y_19p50,"(18.0, 19.5, 20.0, 19.55)",30,J3CA,4,10.0,83,0,1,1,,39271,39271,
right_connector_y_19p50,"(18.0, 19.5, 20.0, 19.55)",28,J3CB,0,10.0,82,0,0,0,,,,
right_connector_y_19p50,"(18.0, 19.5, 20.0, 19.55)",28,J3CB,1,10.0,82,0,0,1,,,33671,
right_connector_y_19p50,"(18.0, 19.5, 20.0, 19.55)",28,J3CB,2,10.0,81,0,0,1,,,33673,
right_connector_y_19p50,"(18.0, 19.5, 20.0, 19.55)",28,J3CB,3,10.0,84,0,0,0,,,,
right_connector_y_19p50,"(18.0, 19.5, 20.0, 19.55)",28,J3CB,4,10.0,83,0,1,1,,36471,36471,
right_connector_y_19p50,"(18.0, 19.5, 20.0, 19.55)",29,J3CJ2,0,10.0,82,0,0,0,,,,
right_connector_y_19p50,"(18.0, 19.5, 20.0, 19.55)",29,J3CJ2,1,10.0,82,0,0,1,,,36471,
right_connector_y_19p50,"(18.0, 19.5, 20.0, 19.55)",29,J3CJ2,2,10.0,81,0,0,1,,,36473,
right_connector_y_19p50,"(18.0, 19.5, 20.0, 19.55)",29,J3CJ2,3,10.0,84,0,0,0,,,,
right_connector_y_19p50,"(18.0, 19.5, 20.0, 19.55)",29,J3CJ2,4,10.0,83,0,1,1,,36471,36471,
right_connector_y_19p50,"(18.0, 19.5, 20.0, 19.55)",32,J3J1A,0,10.0,82,0,0,0,,,,
right_connector_y_19p50,"(18.0, 19.5, 20.0, 19.55)",32,J3J1A,1,10.0,82,0,0,1,,,39271,
right_connector_y_19p50,"(18.0, 19.5, 20.0, 19.55)",32,J3J1A,2,10.0,81,0,0,1,,,39273,
right_connector_y_19p50,"(18.0, 19.5, 20.0, 19.55)",32,J3J1A,3,10.0,84,0,0,0,,,,
right_connector_y_19p50,"(18.0, 19.5, 20.0, 19.55)",32,J3J1A,4,10.0,83,0,1,1,,39271,39271,
right_connector_y_19p50,"(18.0, 19.5, 20.0, 19.55)",31,J3J1B,0,10.0,82,0,0,0,,,,
right_connector_y_19p50,"(18.0, 19.5, 20.0, 19.55)",31,J3J1B,1,10.0,82,0,0,1,,,39271,
right_connector_y_19p50,"(18.0, 19.5, 20.0, 19.55)",31,J3J1B,2,10.0,81,0,0,1,,,39273,
right_connector_y_19p50,"(18.0, 19.5, 20.0, 19.55)",31,J3J1B,3,10.0,84,0,0,0,,,,
right_connector_y_19p50,"(18.0, 19.5, 20.0, 19.55)",31,J3J1B,4,10.0,83,0,1,1,,39271,39271,
right_connector_y_19p50,"(18.0, 19.5, 20.0, 19.55)",34,J3J3A,0,10.0,82,0,0,0,,,,
right_connector_y_19p50,"(18.0, 19.5, 20.0, 19.55)",34,J3J3A,1,10.0,82,0,0,0,,,,
right_connector_y_19p50,"(18.0, 19.5, 20.0, 19.55)",34,J3J3A,2,10.0,81,0,0,0,,,,
right_connector_y_19p50,"(18.0, 19.5, 20.0, 19.55)",34,J3J3A,3,10.0,84,0,0,0,,,,
right_connector_y_19p50,"(18.0, 19.5, 20.0, 19.55)",34,J3J3A,4,10.0,83,0,0,0,,,,
right_connector_y_19p50,"(18.0, 19.5, 20.0, 19.55)",33,J3J3B,0,10.0,82,0,0,0,,,,
right_connector_y_19p50,"(18.0, 19.5, 20.0, 19.55)",33,J3J3B,1,10.0,82,0,0,0,,,,
right_connector_y_19p50,"(18.0, 19.5, 20.0, 19.55)",33,J3J3B,2,10.0,81,0,0,0,,,,
right_connector_y_19p50,"(18.0, 19.5, 20.0, 19.55)",33,J3J3B,3,10.0,84,0,0,0,,,,
right_connector_y_19p50,"(18.0, 19.5, 20.0, 19.55)",33,J3J3B,4,10.0,83,0,0,0,,,,
right_connector_y_20p50,"(18.0, 20.5, 20.0, 20.55)",3,ACA,0,10.0,82,0,0,1,,,2865,
right_connector_y_20p50,"(18.0, 20.5, 20.0, 20.55)",3,ACA,1,10.0,82,0,1,1,,2874,2874,
right_connector_y_20p50,"(18.0, 20.5, 20.0, 20.55)",3,ACA,2,10.0,81,0,1,1,,2865,2865,
right_connector_y_20p50,"(18.0, 20.5, 20.0, 20.55)",3,ACA,3,10.0,84,0,1,1,,2870,2870,
right_connector_y_20p50,"(18.0, 20.5, 20.0, 20.55)",3,ACA,4,10.0,83,0,0,1,,,2870,
right_connector_y_20p50,"(18.0, 20.5, 20.0, 20.55)",0,ACB,0,10.0,82,0,0,1,,,65,
right_connector_y_20p50,"(18.0, 20.5, 20.0, 20.55)",0,ACB,1,10.0,82,0,1,1,,74,74,
right_connector_y_20p50,"(18.0, 20.5, 20.0, 20.55)",0,ACB,2,10.0,81,0,1,1,,65,65,
right_connector_y_20p50,"(18.0, 20.5, 20.0, 20.55)",0,ACB,3,10.0,84,0,1,1,,70,70,
right_connector_y_20p50,"(18.0, 20.5, 20.0, 20.55)",0,ACB,4,10.0,83,0,0,1,,,70,
right_connector_y_20p50,"(18.0, 20.5, 20.0, 20.55)",1,ACJ1,0,10.0,82,0,0,1,,,65,
right_connector_y_20p50,"(18.0, 20.5, 20.0, 20.55)",1,ACJ1,1,10.0,82,0,1,1,,74,74,
right_connector_y_20p50,"(18.0, 20.5, 20.0, 20.55)",1,ACJ1,2,10.0,81,0,1,1,,65,65,
right_connector_y_20p50,"(18.0, 20.5, 20.0, 20.55)",1,ACJ1,3,10.0,84,0,1,1,,70,70,
right_connector_y_20p50,"(18.0, 20.5, 20.0, 20.55)",1,ACJ1,4,10.0,83,0,0,1,,,70,
right_connector_y_20p50,"(18.0, 20.5, 20.0, 20.55)",2,ACJ2,0,10.0,82,0,0,1,,,65,
right_connector_y_20p50,"(18.0, 20.5, 20.0, 20.55)",2,ACJ2,1,10.0,82,0,1,1,,2874,2874,
right_connector_y_20p50,"(18.0, 20.5, 20.0, 20.55)",2,ACJ2,2,10.0,81,0,1,1,,2865,2865,
right_connector_y_20p50,"(18.0, 20.5, 20.0, 20.55)",2,ACJ2,3,10.0,84,0,1,1,,2870,2870,
right_connector_y_20p50,"(18.0, 20.5, 20.0, 20.55)",2,ACJ2,4,10.0,83,0,0,1,,,2870,
right_connector_y_20p50,"(18.0, 20.5, 20.0, 20.55)",7,AJ1A,0,10.0,82,0,0,0,,,,
right_connector_y_20p50,"(18.0, 20.5, 20.0, 20.55)",7,AJ1A,1,10.0,82,0,1,1,,8474,8474,
right_connector_y_20p50,"(18.0, 20.5, 20.0, 20.55)",7,AJ1A,2,10.0,81,0,0,1,,,8465,
right_connector_y_20p50,"(18.0, 20.5, 20.0, 20.55)",7,AJ1A,3,10.0,84,1,1,1,8470,8470,8470,"RuntimeError: Could not switch the geometry.
The following agents would be outside of the new geometry: 9070
"
right_connector_y_20p50,"(18.0, 20.5, 20.0, 20.55)",7,AJ1A,4,10.0,83,0,0,1,,,8470,
right_connector_y_20p50,"(18.0, 20.5, 20.0, 20.55)",4,AJ1B,0,10.0,82,0,0,0,,,,
right_connector_y_20p50,"(18.0, 20.5, 20.0, 20.55)",4,AJ1B,1,10.0,82,0,1,1,,2874,2874,
right_connector_y_20p50,"(18.0, 20.5, 20.0, 20.55)",4,AJ1B,2,10.0,81,0,0,1,,,5665,
right_connector_y_20p50,"(18.0, 20.5, 20.0, 20.55)",4,AJ1B,3,10.0,84,1,1,1,5670,5670,5670,"RuntimeError: Could not switch the geometry.
The following agents would be outside of the new geometry: 6270
"
right_connector_y_20p50,"(18.0, 20.5, 20.0, 20.55)",4,AJ1B,4,10.0,83,0,0,1,,,5670,
right_connector_y_20p50,"(18.0, 20.5, 20.0, 20.55)",5,AJ1J1,0,10.0,82,0,0,0,,,,
right_connector_y_20p50,"(18.0, 20.5, 20.0, 20.55)",5,AJ1J1,1,10.0,82,0,1,1,,5674,5674,
right_connector_y_20p50,"(18.0, 20.5, 20.0, 20.55)",5,AJ1J1,2,10.0,81,0,0,1,,,5665,
right_connector_y_20p50,"(18.0, 20.5, 20.0, 20.55)",5,AJ1J1,3,10.0,84,1,1,1,5670,5670,5670,"RuntimeError: Could not switch the geometry.
The following agents would be outside of the new geometry: 6270
"
right_connector_y_20p50,"(18.0, 20.5, 20.0, 20.55)",5,AJ1J1,4,10.0,83,0,0,1,,,5670,
right_connector_y_20p50,"(18.0, 20.5, 20.0, 20.55)",6,AJ1J2,0,10.0,82,0,0,0,,,,
right_connector_y_20p50,"(18.0, 20.5, 20.0, 20.55)",6,AJ1J2,1,10.0,82,0,1,1,,5674,5674,
right_connector_y_20p50,"(18.0, 20.5, 20.0, 20.55)",6,AJ1J2,2,10.0,81,0,0,1,,,5665,
right_connector_y_20p50,"(18.0, 20.5, 20.0, 20.55)",6,AJ1J2,3,10.0,84,1,1,1,8470,8470,8470,"RuntimeError: Could not switch the geometry.
The following agents would be outside of the new geometry: 9070
"
right_connector_y_20p50,"(18.0, 20.5, 20.0, 20.55)",6,AJ1J2,4,10.0,83,0,0,1,,,8470,
right_connector_y_20p50,"(18.0, 20.5, 20.0, 20.55)",10,AJ3A,0,10.0,82,0,0,0,,,,
right_connector_y_20p50,"(18.0, 20.5, 20.0, 20.55)",10,AJ3A,1,10.0,82,0,0,0,,,,
right_connector_y_20p50,"(18.0, 20.5, 20.0, 20.55)",10,AJ3A,2,10.0,81,0,0,0,,,,
right_connector_y_20p50,"(18.0, 20.5, 20.0, 20.55)",10,AJ3A,3,10.0,84,0,0,0,,,,
right_connector_y_20p50,"(18.0, 20.5, 20.0, 20.55)",10,AJ3A,4,10.0,83,0,0,0,,,,
right_connector_y_20p50,"(18.0, 20.5, 20.0, 20.55)",8,AJ3B,0,10.0,82,0,0,0,,,,
right_connector_y_20p50,"(18.0, 20.5, 20.0, 20.55)",8,AJ3B,1,10.0,82,0,0,0,,,,
right_connector_y_20p50,"(18.0, 20.5, 20.0, 20.55)",8,AJ3B,2,10.0,81,0,0,0,,,,
right_connector_y_20p50,"(18.0, 20.5, 20.0, 20.55)",8,AJ3B,3,10.0,84,0,0,0,,,,
right_connector_y_20p50,"(18.0, 20.5, 20.0, 20.55)",8,AJ3B,4,10.0,83,0,0,0,,,,
right_connector_y_20p50,"(18.0, 20.5, 20.0, 20.55)",9,AJ3J1,0,10.0,82,0,0,0,,,,
right_connector_y_20p50,"(18.0, 20.5, 20.0, 20.55)",9,AJ3J1,1,10.0,82,0,0,0,,,,
right_connector_y_20p50,"(18.0, 20.5, 20.0, 20.55)",9,AJ3J1,2,10.0,81,0,0,0,,,,
right_connector_y_20p50,"(18.0, 20.5, 20.0, 20.55)",9,AJ3J1,3,10.0,84,0,0,0,,,,
right_connector_y_20p50,"(18.0, 20.5, 20.0, 20.55)",9,AJ3J1,4,10.0,83,0,0,0,,,,
right_connector_y_20p50,"(18.0, 20.5, 20.0, 20.55)",14,CCA,0,10.0,82,0,0,1,,,16865,
right_connector_y_20p50,"(18.0, 20.5, 20.0, 20.55)",14,CCA,1,10.0,82,0,1,1,,16874,16874,
right_connector_y_20p50,"(18.0, 20.5, 20.0, 20.55)",14,CCA,2,10.0,81,0,1,1,,16865,16865,
right_connector_y_20p50,"(18.0, 20.5, 20.0, 20.55)",14,CCA,3,10.0,84,0,1,1,,16870,16870,
right_connector_y_20p50,"(18.0, 20.5, 20.0, 20.55)",14,CCA,4,10.0,83,0,0,1,,,16870,
right_connector_y_20p50,"(18.0, 20.5, 20.0, 20.55)",11,CCB,0,10.0,82,0,0,1,,,14065,
right_connector_y_20p50,"(18.0, 20.5, 20.0, 20.55)",11,CCB,1,10.0,82,0,1,1,,14074,14074,
right_connector_y_20p50,"(18.0, 20.5, 20.0, 20.55)",11,CCB,2,10.0,81,0,1,1,,14065,14065,
right_connector_y_20p50,"(18.0, 20.5, 20.0, 20.55)",11,CCB,3,10.0,84,0,1,1,,14070,14070,
right_connector_y_20p50,"(18.0, 20.5, 20.0, 20.55)",11,CCB,4,10.0,83,0,0,1,,,14070,
right_connector_y_20p50,"(18.0, 20.5, 20.0, 20.55)",12,CCJ1,0,10.0,82,0,0,1,,,14065,
right_connector_y_20p50,"(18.0, 20.5, 20.0, 20.55)",12,CCJ1,1,10.0,82,0,1,1,,14074,14074,
right_connector_y_20p50,"(18.0, 20.5, 20.0, 20.55)",12,CCJ1,2,10.0,81,0,1,1,,14065,14065,
right_connector_y_20p50,"(18.0, 20.5, 20.0, 20.55)",12,CCJ1,3,10.0,84,0,1,1,,14070,14070,
right_connector_y_20p50,"(18.0, 20.5, 20.0, 20.55)",12,CCJ1,4,10.0,83,0,0,1,,,14070,
right_connector_y_20p50,"(18.0, 20.5, 20.0, 20.55)",13,CCJ2,0,10.0,82,0,0,1,,,14065,
right_connector_y_20p50,"(18.0, 20.5, 20.0, 20.55)",13,CCJ2,1,10.0,82,0,1,1,,16874,16874,
right_connector_y_20p50,"(18.0, 20.5, 20.0, 20.55)",13,CCJ2,2,10.0,81,0,1,1,,16865,16865,
right_connector_y_20p50,"(18.0, 20.5, 20.0, 20.55)",13,CCJ2,3,10.0,84,0,1,1,,16870,16870,
right_connector_y_20p50,"(18.0, 20.5, 20.0, 20.55)",13,CCJ2,4,10.0,83,0,0,1,,,16870,
right_connector_y_20p50,"(18.0, 20.5, 20.0, 20.55)",18,CJ1A,0,10.0,82,0,0,0,,,,
right_connector_y_20p50,"(18.0, 20.5, 20.0, 20.55)",18,CJ1A,1,10.0,82,0,1,1,,22474,22474,
right_connector_y_20p50,"(18.0, 20.5, 20.0, 20.55)",18,CJ1A,2,10.0,81,0,0,1,,,22465,
right_connector_y_20p50,"(18.0, 20.5, 20.0, 20.55)",18,CJ1A,3,10.0,84,1,1,1,22470,22470,22470,"RuntimeError: Could not switch the geometry.
The following agents would be outside of the new geometry: 23070
"
right_connector_y_20p50,"(18.0, 20.5, 20.0, 20.55)",18,CJ1A,4,10.0,83,0,0,1,,,22470,
right_connector_y_20p50,"(18.0, 20.5, 20.0, 20.55)",15,CJ1B,0,10.0,82,0,0,0,,,,
right_connector_y_20p50,"(18.0, 20.5, 20.0, 20.55)",15,CJ1B,1,10.0,82,0,1,1,,16874,16874,
right_connector_y_20p50,"(18.0, 20.5, 20.0, 20.55)",15,CJ1B,2,10.0,81,0,0,1,,,19665,
right_connector_y_20p50,"(18.0, 20.5, 20.0, 20.55)",15,CJ1B,3,10.0,84,1,1,1,19670,19670,19670,"RuntimeError: Could not switch the geometry.
The following agents would be outside of the new geometry: 20270
"
right_connector_y_20p50,"(18.0, 20.5, 20.0, 20.55)",15,CJ1B,4,10.0,83,0,0,1,,,19670,
right_connector_y_20p50,"(18.0, 20.5, 20.0, 20.55)",16,CJ1J1,0,10.0,82,0,0,0,,,,
right_connector_y_20p50,"(18.0, 20.5, 20.0, 20.55)",16,CJ1J1,1,10.0,82,0,1,1,,19674,19674,
right_connector_y_20p50,"(18.0, 20.5, 20.0, 20.55)",16,CJ1J1,2,10.0,81,0,0,1,,,19665,
right_connector_y_20p50,"(18.0, 20.5, 20.0, 20.55)",16,CJ1J1,3,10.0,84,1,1,1,19670,19670,19670,"RuntimeError: Could not switch the geometry.
The following agents would be outside of the new geometry: 20270
"
right_connector_y_20p50,"(18.0, 20.5, 20.0, 20.55)",16,CJ1J1,4,10.0,83,0,0,1,,,19670,
right_connector_y_20p50,"(18.0, 20.5, 20.0, 20.55)",17,CJ1J2,0,10.0,82,0,0,0,,,,
right_connector_y_20p50,"(18.0, 20.5, 20.0, 20.55)",17,CJ1J2,1,10.0,82,0,1,1,,19674,19674,
right_connector_y_20p50,"(18.0, 20.5, 20.0, 20.55)",17,CJ1J2,2,10.0,81,0,0,1,,,19665,
right_connector_y_20p50,"(18.0, 20.5, 20.0, 20.55)",17,CJ1J2,3,10.0,84,1,1,1,22470,22470,22470,"RuntimeError: Could not switch the geometry.
The following agents would be outside of the new geometry: 23070
"
right_connector_y_20p50,"(18.0, 20.5, 20.0, 20.55)",17,CJ1J2,4,10.0,83,0,0,1,,,22470,
right_connector_y_20p50,"(18.0, 20.5, 20.0, 20.55)",21,CJ3A,0,10.0,82,0,0,0,,,,
right_connector_y_20p50,"(18.0, 20.5, 20.0, 20.55)",21,CJ3A,1,10.0,82,0,0,0,,,,
right_connector_y_20p50,"(18.0, 20.5, 20.0, 20.55)",21,CJ3A,2,10.0,81,0,0,0,,,,
right_connector_y_20p50,"(18.0, 20.5, 20.0, 20.55)",21,CJ3A,3,10.0,84,0,0,0,,,,
right_connector_y_20p50,"(18.0, 20.5, 20.0, 20.55)",21,CJ3A,4,10.0,83,0,0,0,,,,
right_connector_y_20p50,"(18.0, 20.5, 20.0, 20.55)",19,CJ3B,0,10.0,82,0,0,0,,,,
right_connector_y_20p50,"(18.0, 20.5, 20.0, 20.55)",19,CJ3B,1,10.0,82,0,0,0,,,,
right_connector_y_20p50,"(18.0, 20.5, 20.0, 20.55)",19,CJ3B,2,10.0,81,0,0,0,,,,
right_connector_y_20p50,"(18.0, 20.5, 20.0, 20.55)",19,CJ3B,3,10.0,84,0,0,0,,,,
right_connector_y_20p50,"(18.0, 20.5, 20.0, 20.55)",19,CJ3B,4,10.0,83,0,0,0,,,,
right_connector_y_20p50,"(18.0, 20.5, 20.0, 20.55)",20,CJ3J1,0,10.0,82,0,0,0,,,,
right_connector_y_20p50,"(18.0, 20.5, 20.0, 20.55)",20,CJ3J1,1,10.0,82,0,0,0,,,,
right_connector_y_20p50,"(18.0, 20.5, 20.0, 20.55)",20,CJ3J1,2,10.0,81,0,0,0,,,,
right_connector_y_20p50,"(18.0, 20.5, 20.0, 20.55)",20,CJ3J1,3,10.0,84,0,0,0,,,,
right_connector_y_20p50,"(18.0, 20.5, 20.0, 20.55)",20,CJ3J1,4,10.0,83,0,0,0,,,,
right_connector_y_20p50,"(18.0, 20.5, 20.0, 20.55)",25,J2CA,0,10.0,82,0,0,1,,,30865,
right_connector_y_20p50,"(18.0, 20.5, 20.0, 20.55)",25,J2CA,1,10.0,82,0,1,1,,30874,30874,
right_connector_y_20p50,"(18.0, 20.5, 20.0, 20.55)",25,J2CA,2,10.0,81,0,1,1,,30865,30865,
right_connector_y_20p50,"(18.0, 20.5, 20.0, 20.55)",25,J2CA,3,10.0,84,0,1,1,,30870,30870,
right_connector_y_20p50,"(18.0, 20.5, 20.0, 20.55)",25,J2CA,4,10.0,83,0,0,1,,,30870,
right_connector_y_20p50,"(18.0, 20.5, 20.0, 20.55)",22,J2CB,0,10.0,82,0,0,1,,,28065,
right_connector_y_20p50,"(18.0, 20.5, 20.0, 20.55)",22,J2CB,1,10.0,82,0,1,1,,28074,28074,
right_connector_y_20p50,"(18.0, 20.5, 20.0, 20.55)",22,J2CB,2,10.0,81,0,1,1,,28065,28065,
right_connector_y_20p50,"(18.0, 20.5, 20.0, 20.55)",22,J2CB,3,10.0,84,0,1,1,,28070,28070,
right_connector_y_20p50,"(18.0, 20.5, 20.0, 20.55)",22,J2CB,4,10.0,83,0,0,1,,,28070,
right_connector_y_20p50,"(18.0, 20.5, 20.0, 20.55)",23,J2CJ1,0,10.0,82,0,0,1,,,28065,
right_connector_y_20p50,"(18.0, 20.5, 20.0, 20.55)",23,J2CJ1,1,10.0,82,0,1,1,,28074,28074,
right_connector_y_20p50,"(18.0, 20.5, 20.0, 20.55)",23,J2CJ1,2,10.0,81,0,1,1,,28065,28065,
right_connector_y_20p50,"(18.0, 20.5, 20.0, 20.55)",23,J2CJ1,3,10.0,84,0,1,1,,28070,28070,
right_connector_y_20p50,"(18.0, 20.5, 20.0, 20.55)",23,J2CJ1,4,10.0,83,0,0,1,,,28070,
right_connector_y_20p50,"(18.0, 20.5, 20.0, 20.55)",24,J2CJ2,0,10.0,82,0,0,1,,,28065,
right_connector_y_20p50,"(18.0, 20.5, 20.0, 20.55)",24,J2CJ2,1,10.0,82,0,1,1,,30874,30874,
right_connector_y_20p50,"(18.0, 20.5, 20.0, 20.55)",24,J2CJ2,2,10.0,81,0,1,1,,30865,30865,
right_connector_y_20p50,"(18.0, 20.5, 20.0, 20.55)",24,J2CJ2,3,10.0,84,0,1,1,,30870,30870,
right_connector_y_20p50,"(18.0, 20.5, 20.0, 20.55)",24,J2CJ2,4,10.0,83,0,0,1,,,30870,
right_connector_y_20p50,"(18.0, 20.5, 20.0, 20.55)",27,J2J3A,0,10.0,82,0,0,0,,,,
right_connector_y_20p50,"(18.0, 20.5, 20.0, 20.55)",27,J2J3A,1,10.0,82,0,0,0,,,,
right_connector_y_20p50,"(18.0, 20.5, 20.0, 20.55)",27,J2J3A,2,10.0,81,0,0,0,,,,
right_connector_y_20p50,"(18.0, 20.5, 20.0, 20.55)",27,J2J3A,3,10.0,84,0,0,0,,,,
right_connector_y_20p50,"(18.0, 20.5, 20.0, 20.55)",27,J2J3A,4,10.0,83,0,0,0,,,,
right_connector_y_20p50,"(18.0, 20.5, 20.0, 20.55)",26,J2J3B,0,10.0,82,0,0,0,,,,
right_connector_y_20p50,"(18.0, 20.5, 20.0, 20.55)",26,J2J3B,1,10.0,82,0,0,0,,,,
right_connector_y_20p50,"(18.0, 20.5, 20.0, 20.55)",26,J2J3B,2,10.0,81,0,0,0,,,,
right_connector_y_20p50,"(18.0, 20.5, 20.0, 20.55)",26,J2J3B,3,10.0,84,0,0,0,,,,
right_connector_y_20p50,"(18.0, 20.5, 20.0, 20.55)",26,J2J3B,4,10.0,83,0,0,0,,,,
right_connector_y_20p50,"(18.0, 20.5, 20.0, 20.55)",30,J3CA,0,10.0,82,0,0,1,,,36465,
right_connector_y_20p50,"(18.0, 20.5, 20.0, 20.55)",30,J3CA,1,10.0,82,0,1,1,,36474,36474,
right_connector_y_20p50,"(18.0, 20.5, 20.0, 20.55)",30,J3CA,2,10.0,81,0,1,1,,36465,36465,
right_connector_y_20p50,"(18.0, 20.5, 20.0, 20.55)",30,J3CA,3,10.0,84,0,1,1,,36470,36470,
right_connector_y_20p50,"(18.0, 20.5, 20.0, 20.55)",30,J3CA,4,10.0,83,0,0,1,,,39270,
right_connector_y_20p50,"(18.0, 20.5, 20.0, 20.55)",28,J3CB,0,10.0,82,0,0,1,,,33665,
right_connector_y_20p50,"(18.0, 20.5, 20.0, 20.55)",28,J3CB,1,10.0,82,0,1,1,,33674,33674,
right_connector_y_20p50,"(18.0, 20.5, 20.0, 20.55)",28,J3CB,2,10.0,81,0,1,1,,33665,33665,
right_connector_y_20p50,"(18.0, 20.5, 20.0, 20.55)",28,J3CB,3,10.0,84,0,1,1,,36470,36470,
right_connector_y_20p50,"(18.0, 20.5, 20.0, 20.55)",28,J3CB,4,10.0,83,0,0,1,,,36470,
right_connector_y_20p50,"(18.0, 20.5, 20.0, 20.55)",29,J3CJ2,0,10.0,82,0,0,1,,,36465,
right_connector_y_20p50,"(18.0, 20.5, 20.0, 20.55)",29,J3CJ2,1,10.0,82,0,1,1,,36474,36474,
right_connector_y_20p50,"(18.0, 20.5, 20.0, 20.55)",29,J3CJ2,2,10.0,81,0,1,1,,36465,36465,
right_connector_y_20p50,"(18.0, 20.5, 20.0, 20.55)",29,J3CJ2,3,10.0,84,0,1,1,,36470,36470,
right_connector_y_20p50,"(18.0, 20.5, 20.0, 20.55)",29,J3CJ2,4,10.0,83,0,0,1,,,36470,
right_connector_y_20p50,"(18.0, 20.5, 20.0, 20.55)",32,J3J1A,0,10.0,82,0,0,0,,,,
right_connector_y_20p50,"(18.0, 20.5, 20.0, 20.55)",32,J3J1A,1,10.0,82,0,1,1,,39274,39274,
right_connector_y_20p50,"(18.0, 20.5, 20.0, 20.55)",32,J3J1A,2,10.0,81,0,0,1,,,39265,
right_connector_y_20p50,"(18.0, 20.5, 20.0, 20.55)",32,J3J1A,3,10.0,84,1,1,1,39270,39270,39270,"RuntimeError: Could not switch the geometry.
The following agents would be outside of the new geometry: 39870
"
right_connector_y_20p50,"(18.0, 20.5, 20.0, 20.55)",32,J3J1A,4,10.0,83,0,0,1,,,39270,
right_connector_y_20p50,"(18.0, 20.5, 20.0, 20.55)",31,J3J1B,0,10.0,82,0,0,0,,,,
right_connector_y_20p50,"(18.0, 20.5, 20.0, 20.55)",31,J3J1B,1,10.0,82,0,1,1,,39274,39274,
right_connector_y_20p50,"(18.0, 20.5, 20.0, 20.55)",31,J3J1B,2,10.0,81,0,0,1,,,39265,
right_connector_y_20p50,"(18.0, 20.5, 20.0, 20.55)",31,J3J1B,3,10.0,84,1,1,1,39270,39270,39270,"RuntimeError: Could not switch the geometry.
The following agents would be outside of the new geometry: 39870
"
right_connector_y_20p50,"(18.0, 20.5, 20.0, 20.55)",31,J3J1B,4,10.0,83,0,0,1,,,39270,
right_connector_y_20p50,"(18.0, 20.5, 20.0, 20.55)",34,J3J3A,0,10.0,82,0,0,0,,,,
right_connector_y_20p50,"(18.0, 20.5, 20.0, 20.55)",34,J3J3A,1,10.0,82,0,0,0,,,,
right_connector_y_20p50,"(18.0, 20.5, 20.0, 20.55)",34,J3J3A,2,10.0,81,0,0,0,,,,
right_connector_y_20p50,"(18.0, 20.5, 20.0, 20.55)",34,J3J3A,3,10.0,84,0,0,0,,,,
right_connector_y_20p50,"(18.0, 20.5, 20.0, 20.55)",34,J3J3A,4,10.0,83,0,0,0,,,,
right_connector_y_20p50,"(18.0, 20.5, 20.0, 20.55)",33,J3J3B,0,10.0,82,0,0,0,,,,
right_connector_y_20p50,"(18.0, 20.5, 20.0, 20.55)",33,J3J3B,1,10.0,82,0,0,0,,,,
right_connector_y_20p50,"(18.0, 20.5, 20.0, 20.55)",33,J3J3B,2,10.0,81,0,0,0,,,,
right_connector_y_20p50,"(18.0, 20.5, 20.0, 20.55)",33,J3J3B,3,10.0,84,0,0,0,,,,
right_connector_y_20p50,"(18.0, 20.5, 20.0, 20.55)",33,J3J3B,4,10.0,83,0,0,0,,,,
right_connector_y_21p50,"(18.0, 21.5, 20.0, 21.55)",3,ACA,0,10.0,82,0,0,0,,,,
right_connector_y_21p50,"(18.0, 21.5, 20.0, 21.55)",3,ACA,1,10.0,82,0,0,0,,,,
right_connector_y_21p50,"(18.0, 21.5, 20.0, 21.55)",3,ACA,2,10.0,81,0,0,0,,,,
right_connector_y_21p50,"(18.0, 21.5, 20.0, 21.55)",3,ACA,3,10.0,84,0,0,1,,,2867,
right_connector_y_21p50,"(18.0, 21.5, 20.0, 21.55)",3,ACA,4,10.0,83,0,1,1,,2879,2879,
right_connector_y_21p50,"(18.0, 21.5, 20.0, 21.55)",0,ACB,0,10.0,82,0,0,0,,,,
right_connector_y_21p50,"(18.0, 21.5, 20.0, 21.55)",0,ACB,1,10.0,82,0,0,0,,,,
right_connector_y_21p50,"(18.0, 21.5, 20.0, 21.55)",0,ACB,2,10.0,81,0,0,0,,,,
right_connector_y_21p50,"(18.0, 21.5, 20.0, 21.55)",0,ACB,3,10.0,84,0,0,1,,,67,
right_connector_y_21p50,"(18.0, 21.5, 20.0, 21.55)",0,ACB,4,10.0,83,0,1,1,,79,79,
right_connector_y_21p50,"(18.0, 21.5, 20.0, 21.55)",1,ACJ1,0,10.0,82,0,0,0,,,,
right_connector_y_21p50,"(18.0, 21.5, 20.0, 21.55)",1,ACJ1,1,10.0,82,0,0,0,,,,
right_connector_y_21p50,"(18.0, 21.5, 20.0, 21.55)",1,ACJ1,2,10.0,81,0,0,0,,,,
right_connector_y_21p50,"(18.0, 21.5, 20.0, 21.55)",1,ACJ1,3,10.0,84,0,0,1,,,67,
right_connector_y_21p50,"(18.0, 21.5, 20.0, 21.55)",1,ACJ1,4,10.0,83,0,1,1,,79,79,
right_connector_y_21p50,"(18.0, 21.5, 20.0, 21.55)",2,ACJ2,0,10.0,82,0,0,0,,,,
right_connector_y_21p50,"(18.0, 21.5, 20.0, 21.55)",2,ACJ2,1,10.0,82,0,0,0,,,,
right_connector_y_21p50,"(18.0, 21.5, 20.0, 21.55)",2,ACJ2,2,10.0,81,0,0,0,,,,
right_connector_y_21p50,"(18.0, 21.5, 20.0, 21.55)",2,ACJ2,3,10.0,84,0,0,1,,,2867,
right_connector_y_21p50,"(18.0, 21.5, 20.0, 21.55)",2,ACJ2,4,10.0,83,0,1,1,,2879,2879,
right_connector_y_21p50,"(18.0, 21.5, 20.0, 21.55)",7,AJ1A,0,10.0,82,0,0,0,,,,
right_connector_y_21p50,"(18.0, 21.5, 20.0, 21.55)",7,AJ1A,1,10.0,82,0,0,0,,,,
right_connector_y_21p50,"(18.0, 21.5, 20.0, 21.55)",7,AJ1A,2,10.0,81,0,0,0,,,,
right_connector_y_21p50,"(18.0, 21.5, 20.0, 21.55)",7,AJ1A,3,10.0,84,0,0,0,,,,
right_connector_y_21p50,"(18.0, 21.5, 20.0, 21.55)",7,AJ1A,4,10.0,83,0,0,1,,,8479,
right_connector_y_21p50,"(18.0, 21.5, 20.0, 21.55)",4,AJ1B,0,10.0,82,0,0,0,,,,
right_connector_y_21p50,"(18.0, 21.5, 20.0, 21.55)",4,AJ1B,1,10.0,82,0,0,0,,,,
right_connector_y_21p50,"(18.0, 21.5, 20.0, 21.55)",4,AJ1B,2,10.0,81,0,0,0,,,,
right_connector_y_21p50,"(18.0, 21.5, 20.0, 21.55)",4,AJ1B,3,10.0,84,0,0,0,,,,
right_connector_y_21p50,"(18.0, 21.5, 20.0, 21.55)",4,AJ1B,4,10.0,83,0,0,1,,,5679,
right_connector_y_21p50,"(18.0, 21.5, 20.0, 21.55)",5,AJ1J1,0,10.0,82,0,0,0,,,,
right_connector_y_21p50,"(18.0, 21.5, 20.0, 21.55)",5,AJ1J1,1,10.0,82,0,0,0,,,,
right_connector_y_21p50,"(18.0, 21.5, 20.0, 21.55)",5,AJ1J1,2,10.0,81,0,0,0,,,,
right_connector_y_21p50,"(18.0, 21.5, 20.0, 21.55)",5,AJ1J1,3,10.0,84,0,0,0,,,,
right_connector_y_21p50,"(18.0, 21.5, 20.0, 21.55)",5,AJ1J1,4,10.0,83,0,0,1,,,5679,
right_connector_y_21p50,"(18.0, 21.5, 20.0, 21.55)",6,AJ1J2,0,10.0,82,0,0,0,,,,
right_connector_y_21p50,"(18.0, 21.5, 20.0, 21.55)",6,AJ1J2,1,10.0,82,0,0,0,,,,
right_connector_y_21p50,"(18.0, 21.5, 20.0, 21.55)",6,AJ1J2,2,10.0,81,0,0,0,,,,
right_connector_y_21p50,"(18.0, 21.5, 20.0, 21.55)",6,AJ1J2,3,10.0,84,0,0,0,,,,
right_connector_y_21p50,"(18.0, 21.5, 20.0, 21.55)",6,AJ1J2,4,10.0,83,0,0,1,,,8479,
right_connector_y_21p50,"(18.0, 21.5, 20.0, 21.55)",10,AJ3A,0,10.0,82,0,0,0,,,,
right_connector_y_21p50,"(18.0, 21.5, 20.0, 21.55)",10,AJ3A,1,10.0,82,0,0,0,,,,
right_connector_y_21p50,"(18.0, 21.5, 20.0, 21.55)",10,AJ3A,2,10.0,81,0,0,0,,,,
right_connector_y_21p50,"(18.0, 21.5, 20.0, 21.55)",10,AJ3A,3,10.0,84,0,0,0,,,,
right_connector_y_21p50,"(18.0, 21.5, 20.0, 21.55)",10,AJ3A,4,10.0,83,0,0,0,,,,
right_connector_y_21p50,"(18.0, 21.5, 20.0, 21.55)",8,AJ3B,0,10.0,82,0,0,0,,,,
right_connector_y_21p50,"(18.0, 21.5, 20.0, 21.55)",8,AJ3B,1,10.0,82,0,0,0,,,,
right_connector_y_21p50,"(18.0, 21.5, 20.0, 21.55)",8,AJ3B,2,10.0,81,0,0,0,,,,
right_connector_y_21p50,"(18.0, 21.5, 20.0, 21.55)",8,AJ3B,3,10.0,84,0,0,0,,,,
right_connector_y_21p50,"(18.0, 21.5, 20.0, 21.55)",8,AJ3B,4,10.0,83,0,0,0,,,,
right_connector_y_21p50,"(18.0, 21.5, 20.0, 21.55)",9,AJ3J1,0,10.0,82,0,0,0,,,,
right_connector_y_21p50,"(18.0, 21.5, 20.0, 21.55)",9,AJ3J1,1,10.0,82,0,0,0,,,,
right_connector_y_21p50,"(18.0, 21.5, 20.0, 21.55)",9,AJ3J1,2,10.0,81,0,0,0,,,,
right_connector_y_21p50,"(18.0, 21.5, 20.0, 21.55)",9,AJ3J1,3,10.0,84,0,0,0,,,,
right_connector_y_21p50,"(18.0, 21.5, 20.0, 21.55)",9,AJ3J1,4,10.0,83,0,0,0,,,,
right_connector_y_21p50,"(18.0, 21.5, 20.0, 21.55)",14,CCA,0,10.0,82,0,0,0,,,,
right_connector_y_21p50,"(18.0, 21.5, 20.0, 21.55)",14,CCA,1,10.0,82,0,0,0,,,,
right_connector_y_21p50,"(18.0, 21.5, 20.0, 21.55)",14,CCA,2,10.0,81,0,0,0,,,,
right_connector_y_21p50,"(18.0, 21.5, 20.0, 21.55)",14,CCA,3,10.0,84,0,0,1,,,16867,
right_connector_y_21p50,"(18.0, 21.5, 20.0, 21.55)",14,CCA,4,10.0,83,0,1,1,,16879,16879,
right_connector_y_21p50,"(18.0, 21.5, 20.0, 21.55)",11,CCB,0,10.0,82,0,0,0,,,,
right_connector_y_21p50,"(18.0, 21.5, 20.0, 21.55)",11,CCB,1,10.0,82,0,0,0,,,,
right_connector_y_21p50,"(18.0, 21.5, 20.0, 21.55)",11,CCB,2,10.0,81,0,0,0,,,,
right_connector_y_21p50,"(18.0, 21.5, 20.0, 21.55)",11,CCB,3,10.0,84,0,0,1,,,14067,
right_connector_y_21p50,"(18.0, 21.5, 20.0, 21.55)",11,CCB,4,10.0,83,0,1,1,,14079,14079,
right_connector_y_21p50,"(18.0, 21.5, 20.0, 21.55)",12,CCJ1,0,10.0,82,0,0,0,,,,
right_connector_y_21p50,"(18.0, 21.5, 20.0, 21.55)",12,CCJ1,1,10.0,82,0,0,0,,,,
right_connector_y_21p50,"(18.0, 21.5, 20.0, 21.55)",12,CCJ1,2,10.0,81,0,0,0,,,,
right_connector_y_21p50,"(18.0, 21.5, 20.0, 21.55)",12,CCJ1,3,10.0,84,0,0,1,,,14067,
right_connector_y_21p50,"(18.0, 21.5, 20.0, 21.55)",12,CCJ1,4,10.0,83,0,1,1,,14079,14079,
right_connector_y_21p50,"(18.0, 21.5, 20.0, 21.55)",13,CCJ2,0,10.0,82,0,0,0,,,,
right_connector_y_21p50,"(18.0, 21.5, 20.0, 21.55)",13,CCJ2,1,10.0,82,0,0,0,,,,
right_connector_y_21p50,"(18.0, 21.5, 20.0, 21.55)",13,CCJ2,2,10.0,81,0,0,0,,,,
right_connector_y_21p50,"(18.0, 21.5, 20.0, 21.55)",13,CCJ2,3,10.0,84,0,0,1,,,16867,
right_connector_y_21p50,"(18.0, 21.5, 20.0, 21.55)",13,CCJ2,4,10.0,83,0,1,1,,16879,16879,
right_connector_y_21p50,"(18.0, 21.5, 20.0, 21.55)",18,CJ1A,0,10.0,82,0,0,0,,,,
right_connector_y_21p50,"(18.0, 21.5, 20.0, 21.55)",18,CJ1A,1,10.0,82,0,0,0,,,,
right_connector_y_21p50,"(18.0, 21.5, 20.0, 21.55)",18,CJ1A,2,10.0,81,0,0,0,,,,
right_connector_y_21p50,"(18.0, 21.5, 20.0, 21.55)",18,CJ1A,3,10.0,84,0,0,0,,,,
right_connector_y_21p50,"(18.0, 21.5, 20.0, 21.55)",18,CJ1A,4,10.0,83,0,0,1,,,22479,
right_connector_y_21p50,"(18.0, 21.5, 20.0, 21.55)",15,CJ1B,0,10.0,82,0,0,0,,,,
right_connector_y_21p50,"(18.0, 21.5, 20.0, 21.55)",15,CJ1B,1,10.0,82,0,0,0,,,,
right_connector_y_21p50,"(18.0, 21.5, 20.0, 21.55)",15,CJ1B,2,10.0,81,0,0,0,,,,
right_connector_y_21p50,"(18.0, 21.5, 20.0, 21.55)",15,CJ1B,3,10.0,84,0,0,0,,,,
right_connector_y_21p50,"(18.0, 21.5, 20.0, 21.55)",15,CJ1B,4,10.0,83,0,0,1,,,19679,
right_connector_y_21p50,"(18.0, 21.5, 20.0, 21.55)",16,CJ1J1,0,10.0,82,0,0,0,,,,
right_connector_y_21p50,"(18.0, 21.5, 20.0, 21.55)",16,CJ1J1,1,10.0,82,0,0,0,,,,
right_connector_y_21p50,"(18.0, 21.5, 20.0, 21.55)",16,CJ1J1,2,10.0,81,0,0,0,,,,
right_connector_y_21p50,"(18.0, 21.5, 20.0, 21.55)",16,CJ1J1,3,10.0,84,0,0,0,,,,
right_connector_y_21p50,"(18.0, 21.5, 20.0, 21.55)",16,CJ1J1,4,10.0,83,0,0,1,,,19679,
right_connector_y_21p50,"(18.0, 21.5, 20.0, 21.55)",17,CJ1J2,0,10.0,82,0,0,0,,,,
right_connector_y_21p50,"(18.0, 21.5, 20.0, 21.55)",17,CJ1J2,1,10.0,82,0,0,0,,,,
right_connector_y_21p50,"(18.0, 21.5, 20.0, 21.55)",17,CJ1J2,2,10.0,81,0,0,0,,,,
right_connector_y_21p50,"(18.0, 21.5, 20.0, 21.55)",17,CJ1J2,3,10.0,84,0,0,0,,,,
right_connector_y_21p50,"(18.0, 21.5, 20.0, 21.55)",17,CJ1J2,4,10.0,83,0,0,1,,,22479,
right_connector_y_21p50,"(18.0, 21.5, 20.0, 21.55)",21,CJ3A,0,10.0,82,0,0,0,,,,
right_connector_y_21p50,"(18.0, 21.5, 20.0, 21.55)",21,CJ3A,1,10.0,82,0,0,0,,,,
right_connector_y_21p50,"(18.0, 21.5, 20.0, 21.55)",21,CJ3A,2,10.0,81,0,0,0,,,,
right_connector_y_21p50,"(18.0, 21.5, 20.0, 21.55)",21,CJ3A,3,10.0,84,0,0,0,,,,
right_connector_y_21p50,"(18.0, 21.5, 20.0, 21.55)",21,CJ3A,4,10.0,83,0,0,0,,,,
right_connector_y_21p50,"(18.0, 21.5, 20.0, 21.55)",19,CJ3B,0,10.0,82,0,0,0,,,,
right_connector_y_21p50,"(18.0, 21.5, 20.0, 21.55)",19,CJ3B,1,10.0,82,0,0,0,,,,
right_connector_y_21p50,"(18.0, 21.5, 20.0, 21.55)",19,CJ3B,2,10.0,81,0,0,0,,,,
right_connector_y_21p50,"(18.0, 21.5, 20.0, 21.55)",19,CJ3B,3,10.0,84,0,0,0,,,,
right_connector_y_21p50,"(18.0, 21.5, 20.0, 21.55)",19,CJ3B,4,10.0,83,0,0,0,,,,
right_connector_y_21p50,"(18.0, 21.5, 20.0, 21.55)",20,CJ3J1,0,10.0,82,0,0,0,,,,
right_connector_y_21p50,"(18.0, 21.5, 20.0, 21.55)",20,CJ3J1,1,10.0,82,0,0,0,,,,
right_connector_y_21p50,"(18.0, 21.5, 20.0, 21.55)",20,CJ3J1,2,10.0,81,0,0,0,,,,
right_connector_y_21p50,"(18.0, 21.5, 20.0, 21.55)",20,CJ3J1,3,10.0,84,0,0,0,,,,
right_connector_y_21p50,"(18.0, 21.5, 20.0, 21.55)",20,CJ3J1,4,10.0,83,0,0,0,,,,
right_connector_y_21p50,"(18.0, 21.5, 20.0, 21.55)",25,J2CA,0,10.0,82,0,0,0,,,,
right_connector_y_21p50,"(18.0, 21.5, 20.0, 21.55)",25,J2CA,1,10.0,82,0,0,0,,,,
right_connector_y_21p50,"(18.0, 21.5, 20.0, 21.55)",25,J2CA,2,10.0,81,0,0,0,,,,
right_connector_y_21p50,"(18.0, 21.5, 20.0, 21.55)",25,J2CA,3,10.0,84,0,0,1,,,30867,
right_connector_y_21p50,"(18.0, 21.5, 20.0, 21.55)",25,J2CA,4,10.0,83,0,1,1,,30879,30879,
right_connector_y_21p50,"(18.0, 21.5, 20.0, 21.55)",22,J2CB,0,10.0,82,0,0,0,,,,
right_connector_y_21p50,"(18.0, 21.5, 20.0, 21.55)",22,J2CB,1,10.0,82,0,0,0,,,,
right_connector_y_21p50,"(18.0, 21.5, 20.0, 21.55)",22,J2CB,2,10.0,81,0,0,0,,,,
right_connector_y_21p50,"(18.0, 21.5, 20.0, 21.55)",22,J2CB,3,10.0,84,0,0,1,,,28067,
right_connector_y_21p50,"(18.0, 21.5, 20.0, 21.55)",22,J2CB,4,10.0,83,0,1,1,,28079,28079,
right_connector_y_21p50,"(18.0, 21.5, 20.0, 21.55)",23,J2CJ1,0,10.0,82,0,0,0,,,,
right_connector_y_21p50,"(18.0, 21.5, 20.0, 21.55)",23,J2CJ1,1,10.0,82,0,0,0,,,,
right_connector_y_21p50,"(18.0, 21.5, 20.0, 21.55)",23,J2CJ1,2,10.0,81,0,0,0,,,,
right_connector_y_21p50,"(18.0, 21.5, 20.0, 21.55)",23,J2CJ1,3,10.0,84,0,0,1,,,28067,
right_connector_y_21p50,"(18.0, 21.5, 20.0, 21.55)",23,J2CJ1,4,10.0,83,0,1,1,,28079,28079,
right_connector_y_21p50,"(18.0, 21.5, 20.0, 21.55)",24,J2CJ2,0,10.0,82,0,0,0,,,,
right_connector_y_21p50,"(18.0, 21.5, 20.0, 21.55)",24,J2CJ2,1,10.0,82,0,0,0,,,,
right_connector_y_21p50,"(18.0, 21.5, 20.0, 21.55)",24,J2CJ2,2,10.0,81,0,0,0,,,,
right_connector_y_21p50,"(18.0, 21.5, 20.0, 21.55)",24,J2CJ2,3,10.0,84,0,0,1,,,30867,
right_connector_y_21p50,"(18.0, 21.5, 20.0, 21.55)",24,J2CJ2,4,10.0,83,0,1,1,,30879,30879,
right_connector_y_21p50,"(18.0, 21.5, 20.0, 21.55)",27,J2J3A,0,10.0,82,0,0,0,,,,
right_connector_y_21p50,"(18.0, 21.5, 20.0, 21.55)",27,J2J3A,1,10.0,82,0,0,0,,,,
right_connector_y_21p50,"(18.0, 21.5, 20.0, 21.55)",27,J2J3A,2,10.0,81,0,0,0,,,,
right_connector_y_21p50,"(18.0, 21.5, 20.0, 21.55)",27,J2J3A,3,10.0,84,0,0,0,,,,
right_connector_y_21p50,"(18.0, 21.5, 20.0, 21.55)",27,J2J3A,4,10.0,83,0,0,0,,,,
right_connector_y_21p50,"(18.0, 21.5, 20.0, 21.55)",26,J2J3B,0,10.0,82,0,0,0,,,,
right_connector_y_21p50,"(18.0, 21.5, 20.0, 21.55)",26,J2J3B,1,10.0,82,0,0,0,,,,
right_connector_y_21p50,"(18.0, 21.5, 20.0, 21.55)",26,J2J3B,2,10.0,81,0,0,0,,,,
right_connector_y_21p50,"(18.0, 21.5, 20.0, 21.55)",26,J2J3B,3,10.0,84,0,0,0,,,,
right_connector_y_21p50,"(18.0, 21.5, 20.0, 21.55)",26,J2J3B,4,10.0,83,0,0,0,,,,
right_connector_y_21p50,"(18.0, 21.5, 20.0, 21.55)",30,J3CA,0,10.0,82,0,0,0,,,,
right_connector_y_21p50,"(18.0, 21.5, 20.0, 21.55)",30,J3CA,1,10.0,82,0,0,0,,,,
right_connector_y_21p50,"(18.0, 21.5, 20.0, 21.55)",30,J3CA,2,10.0,81,0,0,0,,,,
right_connector_y_21p50,"(18.0, 21.5, 20.0, 21.55)",30,J3CA,3,10.0,84,0,0,1,,,36467,
right_connector_y_21p50,"(18.0, 21.5, 20.0, 21.55)",30,J3CA,4,10.0,83,0,1,1,,39279,39279,
right_connector_y_21p50,"(18.0, 21.5, 20.0, 21.55)",28,J3CB,0,10.0,82,0,0,0,,,,
right_connector_y_21p50,"(18.0, 21.5, 20.0, 21.55)",28,J3CB,1,10.0,82,0,0,0,,,,
right_connector_y_21p50,"(18.0, 21.5, 20.0, 21.55)",28,J3CB,2,10.0,81,0,0,0,,,,
right_connector_y_21p50,"(18.0, 21.5, 20.0, 21.55)",28,J3CB,3,10.0,84,0,0,1,,,36467,
right_connector_y_21p50,"(18.0, 21.5, 20.0, 21.55)",28,J3CB,4,10.0,83,0,1,1,,36479,36479,
right_connector_y_21p50,"(18.0, 21.5, 20.0, 21.55)",29,J3CJ2,0,10.0,82,0,0,0,,,,
right_connector_y_21p50,"(18.0, 21.5, 20.0, 21.55)",29,J3CJ2,1,10.0,82,0,0,0,,,,
right_connector_y_21p50,"(18.0, 21.5, 20.0, 21.55)",29,J3CJ2,2,10.0,81,0,0,0,,,,
right_connector_y_21p50,"(18.0, 21.5, 20.0, 21.55)",29,J3CJ2,3,10.0,84,0,0,1,,,36467,
right_connector_y_21p50,"(18.0, 21.5, 20.0, 21.55)",29,J3CJ2,4,10.0,83,0,1,1,,36479,36479,
right_connector_y_21p50,"(18.0, 21.5, 20.0, 21.55)",32,J3J1A,0,10.0,82,0,0,0,,,,
right_connector_y_21p50,"(18.0, 21.5, 20.0, 21.55)",32,J3J1A,1,10.0,82,0,0,0,,,,
right_connector_y_21p50,"(18.0, 21.5, 20.0, 21.55)",32,J3J1A,2,10.0,81,0,0,0,,,,
right_connector_y_21p50,"(18.0, 21.5, 20.0, 21.55)",32,J3J1A,3,10.0,84,0,0,0,,,,
right_connector_y_21p50,"(18.0, 21.5, 20.0, 21.55)",32,J3J1A,4,10.0,83,0,0,1,,,39279,
right_connector_y_21p50,"(18.0, 21.5, 20.0, 21.55)",31,J3J1B,0,10.0,82,0,0,0,,,,
right_connector_y_21p50,"(18.0, 21.5, 20.0, 21.55)",31,J3J1B,1,10.0,82,0,0,0,,,,
right_connector_y_21p50,"(18.0, 21.5, 20.0, 21.55)",31,J3J1B,2,10.0,81,0,0,0,,,,
right_connector_y_21p50,"(18.0, 21.5, 20.0, 21.55)",31,J3J1B,3,10.0,84,0,0,0,,,,
right_connector_y_21p50,"(18.0, 21.5, 20.0, 21.55)",31,J3J1B,4,10.0,83,0,0,1,,,39279,
right_connector_y_21p50,"(18.0, 21.5, 20.0, 21.55)",34,J3J3A,0,10.0,82,0,0,0,,,,
right_connector_y_21p50,"(18.0, 21.5, 20.0, 21.55)",34,J3J3A,1,10.0,82,0,0,0,,,,
right_connector_y_21p50,"(18.0, 21.5, 20.0, 21.55)",34,J3J3A,2,10.0,81,0,0,0,,,,
right_connector_y_21p50,"(18.0, 21.5, 20.0, 21.55)",34,J3J3A,3,10.0,84,0,0,0,,,,
right_connector_y_21p50,"(18.0, 21.5, 20.0, 21.55)",34,J3J3A,4,10.0,83,0,0,0,,,,
right_connector_y_21p50,"(18.0, 21.5, 20.0, 21.55)",33,J3J3B,0,10.0,82,0,0,0,,,,
right_connector_y_21p50,"(18.0, 21.5, 20.0, 21.55)",33,J3J3B,1,10.0,82,0,0,0,,,,
right_connector_y_21p50,"(18.0, 21.5, 20.0, 21.55)",33,J3J3B,2,10.0,81,0,0,0,,,,
right_connector_y_21p50,"(18.0, 21.5, 20.0, 21.55)",33,J3J3B,3,10.0,84,0,0,0,,,,
right_connector_y_21p50,"(18.0, 21.5, 20.0, 21.55)",33,J3J3B,4,10.0,83,0,0,0,,,,
right_connector_y_22p50,"(18.0, 22.5, 20.0, 22.55)",3,ACA,0,10.0,82,0,1,1,,2878,2878,
right_connector_y_22p50,"(18.0, 22.5, 20.0, 22.55)",3,ACA,1,10.0,82,0,0,0,,,,
right_connector_y_22p50,"(18.0, 22.5, 20.0, 22.55)",3,ACA,2,10.0,81,0,0,1,,,2862,
right_connector_y_22p50,"(18.0, 22.5, 20.0, 22.55)",3,ACA,3,10.0,84,0,0,0,,,,
right_connector_y_22p50,"(18.0, 22.5, 20.0, 22.55)",3,ACA,4,10.0,83,0,0,0,,,,
right_connector_y_22p50,"(18.0, 22.5, 20.0, 22.55)",0,ACB,0,10.0,82,0,1,1,,78,78,
right_connector_y_22p50,"(18.0, 22.5, 20.0, 22.55)",0,ACB,1,10.0,82,0,0,0,,,,
right_connector_y_22p50,"(18.0, 22.5, 20.0, 22.55)",0,ACB,2,10.0,81,0,0,1,,,62,
right_connector_y_22p50,"(18.0, 22.5, 20.0, 22.55)",0,ACB,3,10.0,84,0,0,0,,,,
right_connector_y_22p50,"(18.0, 22.5, 20.0, 22.55)",0,ACB,4,10.0,83,0,0,0,,,,
right_connector_y_22p50,"(18.0, 22.5, 20.0, 22.55)",1,ACJ1,0,10.0,82,0,1,1,,78,78,
right_connector_y_22p50,"(18.0, 22.5, 20.0, 22.55)",1,ACJ1,1,10.0,82,0,0,0,,,,
right_connector_y_22p50,"(18.0, 22.5, 20.0, 22.55)",1,ACJ1,2,10.0,81,0,0,1,,,62,
right_connector_y_22p50,"(18.0, 22.5, 20.0, 22.55)",1,ACJ1,3,10.0,84,0,0,0,,,,
right_connector_y_22p50,"(18.0, 22.5, 20.0, 22.55)",1,ACJ1,4,10.0,83,0,0,0,,,,
right_connector_y_22p50,"(18.0, 22.5, 20.0, 22.55)",2,ACJ2,0,10.0,82,0,1,1,,78,78,
right_connector_y_22p50,"(18.0, 22.5, 20.0, 22.55)",2,ACJ2,1,10.0,82,0,0,0,,,,
right_connector_y_22p50,"(18.0, 22.5, 20.0, 22.55)",2,ACJ2,2,10.0,81,0,0,1,,,2862,
right_connector_y_22p50,"(18.0, 22.5, 20.0, 22.55)",2,ACJ2,3,10.0,84,0,0,0,,,,
right_connector_y_22p50,"(18.0, 22.5, 20.0, 22.55)",2,ACJ2,4,10.0,83,0,0,0,,,,
right_connector_y_22p50,"(18.0, 22.5, 20.0, 22.55)",7,AJ1A,0,10.0,82,0,1,1,,8478,8478,
right_connector_y_22p50,"(18.0, 22.5, 20.0, 22.55)",7,AJ1A,1,10.0,82,0,0,1,,,8472,
right_connector_y_22p50,"(18.0, 22.5, 20.0, 22.55)",7,AJ1A,2,10.0,81,0,1,1,,8462,8462,
right_connector_y_22p50,"(18.0, 22.5, 20.0, 22.55)",7,AJ1A,3,10.0,84,0,0,1,,,8467,
right_connector_y_22p50,"(18.0, 22.5, 20.0, 22.55)",7,AJ1A,4,10.0,83,0,0,0,,,,
right_connector_y_22p50,"(18.0, 22.5, 20.0, 22.55)",4,AJ1B,0,10.0,82,0,1,1,,2878,2878,
right_connector_y_22p50,"(18.0, 22.5, 20.0, 22.55)",4,AJ1B,1,10.0,82,0,0,1,,,2872,
right_connector_y_22p50,"(18.0, 22.5, 20.0, 22.55)",4,AJ1B,2,10.0,81,0,1,1,,5662,5662,
right_connector_y_22p50,"(18.0, 22.5, 20.0, 22.55)",4,AJ1B,3,10.0,84,0,0,1,,,5667,
right_connector_y_22p50,"(18.0, 22.5, 20.0, 22.55)",4,AJ1B,4,10.0,83,0,0,0,,,,
right_connector_y_22p50,"(18.0, 22.5, 20.0, 22.55)",5,AJ1J1,0,10.0,82,0,1,1,,5678,5678,
right_connector_y_22p50,"(18.0, 22.5, 20.0, 22.55)",5,AJ1J1,1,10.0,82,0,0,1,,,5672,
right_connector_y_22p50,"(18.0, 22.5, 20.0, 22.55)",5,AJ1J1,2,10.0,81,0,1,1,,5662,5662,
right_connector_y_22p50,"(18.0, 22.5, 20.0, 22.55)",5,AJ1J1,3,10.0,84,0,0,1,,,5667,
right_connector_y_22p50,"(18.0, 22.5, 20.0, 22.55)",5,AJ1J1,4,10.0,83,0,0,0,,,,
right_connector_y_22p50,"(18.0, 22.5, 20.0, 22.55)",6,AJ1J2,0,10.0,82,0,1,1,,5678,5678,
right_connector_y_22p50,"(18.0, 22.5, 20.0, 22.55)",6,AJ1J2,1,10.0,82,0,0,1,,,5672,
right_connector_y_22p50,"(18.0, 22.5, 20.0, 22.55)",6,AJ1J2,2,10.0,81,0,1,1,,5662,5662,
right_connector_y_22p50,"(18.0, 22.5, 20.0, 22.55)",6,AJ1J2,3,10.0,84,0,0,1,,,8467,
right_connector_y_22p50,"(18.0, 22.5, 20.0, 22.55)",6,AJ1J2,4,10.0,83,0,0,0,,,,
right_connector_y_22p50,"(18.0, 22.5, 20.0, 22.55)",10,AJ3A,0,10.0,82,0,0,0,,,,
right_connector_y_22p50,"(18.0, 22.5, 20.0, 22.55)",10,AJ3A,1,10.0,82,0,0,0,,,,
right_connector_y_22p50,"(18.0, 22.5, 20.0, 22.55)",10,AJ3A,2,10.0,81,0,0,0,,,,
right_connector_y_22p50,"(18.0, 22.5, 20.0, 22.55)",10,AJ3A,3,10.0,84,0,0,0,,,,
right_connector_y_22p50,"(18.0, 22.5, 20.0, 22.55)",10,AJ3A,4,10.0,83,0,0,0,,,,
right_connector_y_22p50,"(18.0, 22.5, 20.0, 22.55)",8,AJ3B,0,10.0,82,0,0,0,,,,
right_connector_y_22p50,"(18.0, 22.5, 20.0, 22.55)",8,AJ3B,1,10.0,82,0,0,0,,,,
right_connector_y_22p50,"(18.0, 22.5, 20.0, 22.55)",8,AJ3B,2,10.0,81,0,0,0,,,,
right_connector_y_22p50,"(18.0, 22.5, 20.0, 22.55)",8,AJ3B,3,10.0,84,0,0,0,,,,
right_connector_y_22p50,"(18.0, 22.5, 20.0, 22.55)",8,AJ3B,4,10.0,83,0,0,0,,,,
right_connector_y_22p50,"(18.0, 22.5, 20.0, 22.55)",9,AJ3J1,0,10.0,82,0,0,0,,,,
right_connector_y_22p50,"(18.0, 22.5, 20.0, 22.55)",9,AJ3J1,1,10.0,82,0,0,0,,,,
right_connector_y_22p50,"(18.0, 22.5, 20.0, 22.55)",9,AJ3J1,2,10.0,81,0,0,0,,,,
right_connector_y_22p50,"(18.0, 22.5, 20.0, 22.55)",9,AJ3J1,3,10.0,84,0,0,0,,,,
right_connector_y_22p50,"(18.0, 22.5, 20.0, 22.55)",9,AJ3J1,4,10.0,83,0,0,0,,,,
right_connector_y_22p50,"(18.0, 22.5, 20.0, 22.55)",14,CCA,0,10.0,82,0,1,1,,16878,16878,
right_connector_y_22p50,"(18.0, 22.5, 20.0, 22.55)",14,CCA,1,10.0,82,0,0,0,,,,
right_connector_y_22p50,"(18.0, 22.5, 20.0, 22.55)",14,CCA,2,10.0,81,0,0,1,,,16862,
right_connector_y_22p50,"(18.0, 22.5, 20.0, 22.55)",14,CCA,3,10.0,84,0,0,0,,,,
right_connector_y_22p50,"(18.0, 22.5, 20.0, 22.55)",14,CCA,4,10.0,83,0,0,0,,,,
right_connector_y_22p50,"(18.0, 22.5, 20.0, 22.55)",11,CCB,0,10.0,82,0,1,1,,14078,14078,
right_connector_y_22p50,"(18.0, 22.5, 20.0, 22.55)",11,CCB,1,10.0,82,0,0,0,,,,
right_connector_y_22p50,"(18.0, 22.5, 20.0, 22.55)",11,CCB,2,10.0,81,0,0,1,,,14062,
right_connector_y_22p50,"(18.0, 22.5, 20.0, 22.55)",11,CCB,3,10.0,84,0,0,0,,,,
right_connector_y_22p50,"(18.0, 22.5, 20.0, 22.55)",11,CCB,4,10.0,83,0,0,0,,,,
right_connector_y_22p50,"(18.0, 22.5, 20.0, 22.55)",12,CCJ1,0,10.0,82,0,1,1,,14078,14078,
right_connector_y_22p50,"(18.0, 22.5, 20.0, 22.55)",12,CCJ1,1,10.0,82,0,0,0,,,,
right_connector_y_22p50,"(18.0, 22.5, 20.0, 22.55)",12,CCJ1,2,10.0,81,0,0,1,,,14062,
right_connector_y_22p50,"(18.0, 22.5, 20.0, 22.55)",12,CCJ1,3,10.0,84,0,0,0,,,,
right_connector_y_22p50,"(18.0, 22.5, 20.0, 22.55)",12,CCJ1,4,10.0,83,0,0,0,,,,
right_connector_y_22p50,"(18.0, 22.5, 20.0, 22.55)",13,CCJ2,0,10.0,82,0,1,1,,14078,14078,
right_connector_y_22p50,"(18.0, 22.5, 20.0, 22.55)",13,CCJ2,1,10.0,82,0,0,0,,,,
right_connector_y_22p50,"(18.0, 22.5, 20.0, 22.55)",13,CCJ2,2,10.0,81,0,0,1,,,16862,
right_connector_y_22p50,"(18.0, 22.5, 20.0, 22.55)",13,CCJ2,3,10.0,84,0,0,0,,,,
right_connector_y_22p50,"(18.0, 22.5, 20.0, 22.55)",13,CCJ2,4,10.0,83,0,0,0,,,,
right_connector_y_22p50,"(18.0, 22.5, 20.0, 22.55)",18,CJ1A,0,10.0,82,0,1,1,,22478,22478,
right_connector_y_22p50,"(18.0, 22.5, 20.0, 22.55)",18,CJ1A,1,10.0,82,0,0,1,,,22472,
right_connector_y_22p50,"(18.0, 22.5, 20.0, 22.55)",18,CJ1A,2,10.0,81,0,1,1,,22462,22462,
right_connector_y_22p50,"(18.0, 22.5, 20.0, 22.55)",18,CJ1A,3,10.0,84,0,0,1,,,22467,
right_connector_y_22p50,"(18.0, 22.5, 20.0, 22.55)",18,CJ1A,4,10.0,83,0,0,0,,,,
right_connector_y_22p50,"(18.0, 22.5, 20.0, 22.55)",15,CJ1B,0,10.0,82,0,1,1,,16878,16878,
right_connector_y_22p50,"(18.0, 22.5, 20.0, 22.55)",15,CJ1B,1,10.0,82,0,0,1,,,16872,
right_connector_y_22p50,"(18.0, 22.5, 20.0, 22.55)",15,CJ1B,2,10.0,81,0,1,1,,19662,19662,
right_connector_y_22p50,"(18.0, 22.5, 20.0, 22.55)",15,CJ1B,3,10.0,84,0,0,1,,,19667,
right_connector_y_22p50,"(18.0, 22.5, 20.0, 22.55)",15,CJ1B,4,10.0,83,0,0,0,,,,
right_connector_y_22p50,"(18.0, 22.5, 20.0, 22.55)",16,CJ1J1,0,10.0,82,0,1,1,,19678,19678,
right_connector_y_22p50,"(18.0, 22.5, 20.0, 22.55)",16,CJ1J1,1,10.0,82,0,0,1,,,19672,
right_connector_y_22p50,"(18.0, 22.5, 20.0, 22.55)",16,CJ1J1,2,10.0,81,0,1,1,,19662,19662,
right_connector_y_22p50,"(18.0, 22.5, 20.0, 22.55)",16,CJ1J1,3,10.0,84,0,0,1,,,19667,
right_connector_y_22p50,"(18.0, 22.5, 20.0, 22.55)",16,CJ1J1,4,10.0,83,0,0,0,,,,
right_connector_y_22p50,"(18.0, 22.5, 20.0, 22.55)",17,CJ1J2,0,10.0,82,0,1,1,,19678,19678,
right_connector_y_22p50,"(18.0, 22.5, 20.0, 22.55)",17,CJ1J2,1,10.0,82,0,0,1,,,19672,
right_connector_y_22p50,"(18.0, 22.5, 20.0, 22.55)",17,CJ1J2,2,10.0,81,0,1,1,,19662,19662,
right_connector_y_22p50,"(18.0, 22.5, 20.0, 22.55)",17,CJ1J2,3,10.0,84,0,0,1,,,22467,
right_connector_y_22p50,"(18.0, 22.5, 20.0, 22.55)",17,CJ1J2,4,10.0,83,0,0,0,,,,
right_connector_y_22p50,"(18.0, 22.5, 20.0, 22.55)",21,CJ3A,0,10.0,82,0,0,0,,,,
right_connector_y_22p50,"(18.0, 22.5, 20.0, 22.55)",21,CJ3A,1,10.0,82,0,0,0,,,,
right_connector_y_22p50,"(18.0, 22.5, 20.0, 22.55)",21,CJ3A,2,10.0,81,0,0,0,,,,
right_connector_y_22p50,"(18.0, 22.5, 20.0, 22.55)",21,CJ3A,3,10.0,84,0,0,0,,,,
right_connector_y_22p50,"(18.0, 22.5, 20.0, 22.55)",21,CJ3A,4,10.0,83,0,0,0,,,,
right_connector_y_22p50,"(18.0, 22.5, 20.0, 22.55)",19,CJ3B,0,10.0,82,0,0,0,,,,
right_connector_y_22p50,"(18.0, 22.5, 20.0, 22.55)",19,CJ3B,1,10.0,82,0,0,0,,,,
right_connector_y_22p50,"(18.0, 22.5, 20.0, 22.55)",19,CJ3B,2,10.0,81,0,0,0,,,,
right_connector_y_22p50,"(18.0, 22.5, 20.0, 22.55)",19,CJ3B,3,10.0,84,0,0,0,,,,
right_connector_y_22p50,"(18.0, 22.5, 20.0, 22.55)",19,CJ3B,4,10.0,83,0,0,0,,,,
right_connector_y_22p50,"(18.0, 22.5, 20.0, 22.55)",20,CJ3J1,0,10.0,82,0,0,0,,,,
right_connector_y_22p50,"(18.0, 22.5, 20.0, 22.55)",20,CJ3J1,1,10.0,82,0,0,0,,,,
right_connector_y_22p50,"(18.0, 22.5, 20.0, 22.55)",20,CJ3J1,2,10.0,81,0,0,0,,,,
right_connector_y_22p50,"(18.0, 22.5, 20.0, 22.55)",20,CJ3J1,3,10.0,84,0,0,0,,,,
right_connector_y_22p50,"(18.0, 22.5, 20.0, 22.55)",20,CJ3J1,4,10.0,83,0,0,0,,,,
right_connector_y_22p50,"(18.0, 22.5, 20.0, 22.55)",25,J2CA,0,10.0,82,0,1,1,,30878,30878,
right_connector_y_22p50,"(18.0, 22.5, 20.0, 22.55)",25,J2CA,1,10.0,82,0,0,0,,,,
right_connector_y_22p50,"(18.0, 22.5, 20.0, 22.55)",25,J2CA,2,10.0,81,0,1,2,,30813,30813|30862,
right_connector_y_22p50,"(18.0, 22.5, 20.0, 22.55)",25,J2CA,3,10.0,84,0,1,1,,30810,30810,
right_connector_y_22p50,"(18.0, 22.5, 20.0, 22.55)",25,J2CA,4,10.0,83,0,0,0,,,,
right_connector_y_22p50,"(18.0, 22.5, 20.0, 22.55)",22,J2CB,0,10.0,82,0,1,1,,28078,28078,
right_connector_y_22p50,"(18.0, 22.5, 20.0, 22.55)",22,J2CB,1,10.0,82,0,0,0,,,,
right_connector_y_22p50,"(18.0, 22.5, 20.0, 22.55)",22,J2CB,2,10.0,81,0,1,2,,28013,28013|28062,
right_connector_y_22p50,"(18.0, 22.5, 20.0, 22.55)",22,J2CB,3,10.0,84,0,1,1,,28010,28010,
right_connector_y_22p50,"(18.0, 22.5, 20.0, 22.55)",22,J2CB,4,10.0,83,0,0,0,,,,
right_connector_y_22p50,"(18.0, 22.5, 20.0, 22.55)",23,J2CJ1,0,10.0,82,0,1,1,,28078,28078,
right_connector_y_22p50,"(18.0, 22.5, 20.0, 22.55)",23,J2CJ1,1,10.0,82,0,0,0,,,,
right_connector_y_22p50,"(18.0, 22.5, 20.0, 22.55)",23,J2CJ1,2,10.0,81,0,1,2,,28013,28013|28062,
right_connector_y_22p50,"(18.0, 22.5, 20.0, 22.55)",23,J2CJ1,3,10.0,84,0,1,1,,28010,28010,
right_connector_y_22p50,"(18.0, 22.5, 20.0, 22.55)",23,J2CJ1,4,10.0,83,0,0,0,,,,
right_connector_y_22p50,"(18.0, 22.5, 20.0, 22.55)",24,J2CJ2,0,10.0,82,0,1,1,,28078,28078,
right_connector_y_22p50,"(18.0, 22.5, 20.0, 22.55)",24,J2CJ2,1,10.0,82,0,0,0,,,,
right_connector_y_22p50,"(18.0, 22.5, 20.0, 22.55)",24,J2CJ2,2,10.0,81,0,1,2,,30813,30813|30862,
right_connector_y_22p50,"(18.0, 22.5, 20.0, 22.55)",24,J2CJ2,3,10.0,84,0,1,1,,30810,30810,
right_connector_y_22p50,"(18.0, 22.5, 20.0, 22.55)",24,J2CJ2,4,10.0,83,0,0,0,,,,
right_connector_y_22p50,"(18.0, 22.5, 20.0, 22.55)",27,J2J3A,0,10.0,82,0,0,0,,,,
right_connector_y_22p50,"(18.0, 22.5, 20.0, 22.55)",27,J2J3A,1,10.0,82,0,0,0,,,,
right_connector_y_22p50,"(18.0, 22.5, 20.0, 22.55)",27,J2J3A,2,10.0,81,0,1,1,,33613,33613,
right_connector_y_22p50,"(18.0, 22.5, 20.0, 22.55)",27,J2J3A,3,10.0,84,0,1,1,,33610,33610,
right_connector_y_22p50,"(18.0, 22.5, 20.0, 22.55)",27,J2J3A,4,10.0,83,0,0,0,,,,
right_connector_y_22p50,"(18.0, 22.5, 20.0, 22.55)",26,J2J3B,0,10.0,82,0,0,0,,,,
right_connector_y_22p50,"(18.0, 22.5, 20.0, 22.55)",26,J2J3B,1,10.0,82,0,0,0,,,,
right_connector_y_22p50,"(18.0, 22.5, 20.0, 22.55)",26,J2J3B,2,10.0,81,0,1,1,,33613,33613,
right_connector_y_22p50,"(18.0, 22.5, 20.0, 22.55)",26,J2J3B,3,10.0,84,0,1,1,,33610,33610,
right_connector_y_22p50,"(18.0, 22.5, 20.0, 22.55)",26,J2J3B,4,10.0,83,0,0,0,,,,
right_connector_y_22p50,"(18.0, 22.5, 20.0, 22.55)",30,J3CA,0,10.0,82,0,1,1,,36478,36478,
right_connector_y_22p50,"(18.0, 22.5, 20.0, 22.55)",30,J3CA,1,10.0,82,0,0,0,,,,
right_connector_y_22p50,"(18.0, 22.5, 20.0, 22.55)",30,J3CA,2,10.0,81,0,0,1,,,36462,
right_connector_y_22p50,"(18.0, 22.5, 20.0, 22.55)",30,J3CA,3,10.0,84,0,0,0,,,,
right_connector_y_22p50,"(18.0, 22.5, 20.0, 22.55)",30,J3CA,4,10.0,83,0,0,0,,,,
right_connector_y_22p50,"(18.0, 22.5, 20.0, 22.55)",28,J3CB,0,10.0,82,0,1,1,,33678,33678,
right_connector_y_22p50,"(18.0, 22.5, 20.0, 22.55)",28,J3CB,1,10.0,82,0,0,0,,,,
right_connector_y_22p50,"(18.0, 22.5, 20.0, 22.55)",28,J3CB,2,10.0,81,0,0,1,,,33662,
right_connector_y_22p50,"(18.0, 22.5, 20.0, 22.55)",28,J3CB,3,10.0,84,0,0,0,,,,
right_connector_y_22p50,"(18.0, 22.5, 20.0, 22.55)",28,J3CB,4,10.0,83,0,0,0,,,,
right_connector_y_22p50,"(18.0, 22.5, 20.0, 22.55)",29,J3CJ2,0,10.0,82,0,1,1,,36478,36478,
right_connector_y_22p50,"(18.0, 22.5, 20.0, 22.55)",29,J3CJ2,1,10.0,82,0,0,0,,,,
right_connector_y_22p50,"(18.0, 22.5, 20.0, 22.55)",29,J3CJ2,2,10.0,81,0,0,1,,,36462,
right_connector_y_22p50,"(18.0, 22.5, 20.0, 22.55)",29,J3CJ2,3,10.0,84,0,0,0,,,,
right_connector_y_22p50,"(18.0, 22.5, 20.0, 22.55)",29,J3CJ2,4,10.0,83,0,0,0,,,,
right_connector_y_22p50,"(18.0, 22.5, 20.0, 22.55)",32,J3J1A,0,10.0,82,0,1,1,,39278,39278,
right_connector_y_22p50,"(18.0, 22.5, 20.0, 22.55)",32,J3J1A,1,10.0,82,0,0,1,,,39272,
right_connector_y_22p50,"(18.0, 22.5, 20.0, 22.55)",32,J3J1A,2,10.0,81,0,1,1,,39262,39262,
right_connector_y_22p50,"(18.0, 22.5, 20.0, 22.55)",32,J3J1A,3,10.0,84,0,0,1,,,39267,
right_connector_y_22p50,"(18.0, 22.5, 20.0, 22.55)",32,J3J1A,4,10.0,83,0,0,0,,,,
right_connector_y_22p50,"(18.0, 22.5, 20.0, 22.55)",31,J3J1B,0,10.0,82,0,1,1,,39278,39278,
right_connector_y_22p50,"(18.0, 22.5, 20.0, 22.55)",31,J3J1B,1,10.0,82,0,0,1,,,39272,
right_connector_y_22p50,"(18.0, 22.5, 20.0, 22.55)",31,J3J1B,2,10.0,81,0,1,1,,39262,39262,
right_connector_y_22p50,"(18.0, 22.5, 20.0, 22.55)",31,J3J1B,3,10.0,84,0,0,1,,,39267,
right_connector_y_22p50,"(18.0, 22.5, 20.0, 22.55)",31,J3J1B,4,10.0,83,0,0,0,,,,
right_connector_y_22p50,"(18.0, 22.5, 20.0, 22.55)",34,J3J3A,0,10.0,82,0,0,0,,,,
right_connector_y_22p50,"(18.0, 22.5, 20.0, 22.55)",34,J3J3A,1,10.0,82,0,0,0,,,,
right_connector_y_22p50,"(18.0, 22.5, 20.0, 22.55)",34,J3J3A,2,10.0,81,0,0,0,,,,
right_connector_y_22p50,"(18.0, 22.5, 20.0, 22.55)",34,J3J3A,3,10.0,84,0,0,0,,,,
right_connector_y_22p50,"(18.0, 22.5, 20.0, 22.55)",34,J3J3A,4,10.0,83,0,0,0,,,,
right_connector_y_22p50,"(18.0, 22.5, 20.0, 22.55)",33,J3J3B,0,10.0,82,0,0,0,,,,
right_connector_y_22p50,"(18.0, 22.5, 20.0, 22.55)",33,J3J3B,1,10.0,82,0,0,0,,,,
right_connector_y_22p50,"(18.0, 22.5, 20.0, 22.55)",33,J3J3B,2,10.0,81,0,0,0,,,,
right_connector_y_22p50,"(18.0, 22.5, 20.0, 22.55)",33,J3J3B,3,10.0,84,0,0,0,,,,
right_connector_y_22p50,"(18.0, 22.5, 20.0, 22.55)",33,J3J3B,4,10.0,83,0,0,0,,,,
room_A_connector_y_27p50,"(11.0, 27.5, 13.0, 27.55)",3,ACA,0,10.0,82,1,3,3,2821,2821|2823|2825,2821|2823|2825,RuntimeError: accessible area not connected
room_A_connector_y_27p50,"(11.0, 27.5, 13.0, 27.55)",3,ACA,1,10.0,82,0,3,3,,2803|2819|2831,2803|2819|2831,RuntimeError: accessible area not connected
room_A_connector_y_27p50,"(11.0, 27.5, 13.0, 27.55)",3,ACA,2,10.0,81,0,2,3,,2814|2840,2814|2818|2840,RuntimeError: accessible area not connected
room_A_connector_y_27p50,"(11.0, 27.5, 13.0, 27.55)",3,ACA,3,10.0,84,0,1,3,,2803,2803|2819|2836,RuntimeError: accessible area not connected
room_A_connector_y_27p50,"(11.0, 27.5, 13.0, 27.55)",3,ACA,4,10.0,83,1,1,3,2833,2833,2818|2822|2833,RuntimeError: accessible area not connected
room_A_connector_y_27p50,"(11.0, 27.5, 13.0, 27.55)",0,ACB,0,10.0,82,1,3,3,21,21|23|25,21|23|25,RuntimeError: accessible area not connected
room_A_connector_y_27p50,"(11.0, 27.5, 13.0, 27.55)",0,ACB,1,10.0,82,0,3,3,,3|19|31,3|19|31,RuntimeError: accessible area not connected
room_A_connector_y_27p50,"(11.0, 27.5, 13.0, 27.55)",0,ACB,2,10.0,81,0,2,3,,14|40,14|18|40,RuntimeError: accessible area not connected
room_A_connector_y_27p50,"(11.0, 27.5, 13.0, 27.55)",0,ACB,3,10.0,84,0,1,3,,3,3|19|36,RuntimeError: accessible area not connected
room_A_connector_y_27p50,"(11.0, 27.5, 13.0, 27.55)",0,ACB,4,10.0,83,1,1,3,33,33,18|22|33,RuntimeError: accessible area not connected
room_A_connector_y_27p50,"(11.0, 27.5, 13.0, 27.55)",1,ACJ1,0,10.0,82,1,3,3,21,21|23|25,21|23|25,RuntimeError: accessible area not connected
room_A_connector_y_27p50,"(11.0, 27.5, 13.0, 27.55)",1,ACJ1,1,10.0,82,0,3,3,,3|19|31,3|19|31,RuntimeError: accessible area not connected
room_A_connector_y_27p50,"(11.0, 27.5, 13.0, 27.55)",1,ACJ1,2,10.0,81,0,2,3,,14|40,14|18|40,RuntimeError: accessible area not connected
room_A_connector_y_27p50,"(11.0, 27.5, 13.0, 27.55)",1,ACJ1,3,10.0,84,0,1,3,,3,3|19|36,RuntimeError: accessible area not connected
room_A_connector_y_27p50,"(11.0, 27.5, 13.0, 27.55)",1,ACJ1,4,10.0,83,1,1,3,33,33,18|22|33,RuntimeError: accessible area not connected
room_A_connector_y_27p50,"(11.0, 27.5, 13.0, 27.55)",2,ACJ2,0,10.0,82,1,3,3,21,21|23|25,21|23|25,RuntimeError: accessible area not connected
room_A_connector_y_27p50,"(11.0, 27.5, 13.0, 27.55)",2,ACJ2,1,10.0,82,0,3,3,,2803|2819|2831,2803|2819|2831,RuntimeError: accessible area not connected
room_A_connector_y_27p50,"(11.0, 27.5, 13.0, 27.55)",2,ACJ2,2,10.0,81,0,2,3,,2814|2840,2814|2818|2840,RuntimeError: accessible area not connected
room_A_connector_y_27p50,"(11.0, 27.5, 13.0, 27.55)",2,ACJ2,3,10.0,84,0,1,3,,2803,2803|2819|2836,RuntimeError: accessible area not connected
room_A_connector_y_27p50,"(11.0, 27.5, 13.0, 27.55)",2,ACJ2,4,10.0,83,1,1,3,2833,2833,2818|2822|2833,RuntimeError: accessible area not connected
room_A_connector_y_27p50,"(11.0, 27.5, 13.0, 27.55)",7,AJ1A,0,10.0,82,1,3,3,8421,8421|8423|8425,8421|8423|8425,RuntimeError: accessible area not connected
room_A_connector_y_27p50,"(11.0, 27.5, 13.0, 27.55)",7,AJ1A,1,10.0,82,0,3,3,,8403|8419|8431,8403|8419|8431,RuntimeError: accessible area not connected
room_A_connector_y_27p50,"(11.0, 27.5, 13.0, 27.55)",7,AJ1A,2,10.0,81,0,2,3,,8414|8440,8414|8418|8440,RuntimeError: accessible area not connected
room_A_connector_y_27p50,"(11.0, 27.5, 13.0, 27.55)",7,AJ1A,3,10.0,84,0,1,3,,8403,8403|8419|8436,RuntimeError: accessible area not connected
room_A_connector_y_27p50,"(11.0, 27.5, 13.0, 27.55)",7,AJ1A,4,10.0,83,1,1,3,8433,8433,8418|8422|8433,RuntimeError: accessible area not connected
room_A_connector_y_27p50,"(11.0, 27.5, 13.0, 27.55)",4,AJ1B,0,10.0,82,1,3,3,2821,2821|2823|2825,2821|2823|2825,RuntimeError: accessible area not connected
room_A_connector_y_27p50,"(11.0, 27.5, 13.0, 27.55)",4,AJ1B,1,10.0,82,0,3,3,,2803|2819|2831,2803|2819|2831,RuntimeError: accessible area not connected
room_A_connector_y_27p50,"(11.0, 27.5, 13.0, 27.55)",4,AJ1B,2,10.0,81,0,2,3,,5614|5640,5614|5618|5640,RuntimeError: accessible area not connected
room_A_connector_y_27p50,"(11.0, 27.5, 13.0, 27.55)",4,AJ1B,3,10.0,84,0,1,3,,5603,5603|5619|5636,RuntimeError: accessible area not connected
room_A_connector_y_27p50,"(11.0, 27.5, 13.0, 27.55)",4,AJ1B,4,10.0,83,1,1,3,5633,5633,5618|5622|5633,RuntimeError: accessible area not connected
room_A_connector_y_27p50,"(11.0, 27.5, 13.0, 27.55)",5,AJ1J1,0,10.0,82,1,3,3,5621,5621|5623|5625,5621|5623|5625,RuntimeError: accessible area not connected
room_A_connector_y_27p50,"(11.0, 27.5, 13.0, 27.55)",5,AJ1J1,1,10.0,82,0,3,3,,5603|5619|5631,5603|5619|5631,RuntimeError: accessible area not connected
room_A_connector_y_27p50,"(11.0, 27.5, 13.0, 27.55)",5,AJ1J1,2,10.0,81,0,2,3,,5614|5640,5614|5618|5640,RuntimeError: accessible area not connected
room_A_connector_y_27p50,"(11.0, 27.5, 13.0, 27.55)",5,AJ1J1,3,10.0,84,0,1,3,,5603,5603|5619|5636,RuntimeError: accessible area not connected
room_A_connector_y_27p50,"(11.0, 27.5, 13.0, 27.55)",5,AJ1J1,4,10.0,83,1,1,3,5633,5633,5618|5622|5633,RuntimeError: accessible area not connected
room_A_connector_y_27p50,"(11.0, 27.5, 13.0, 27.55)",6,AJ1J2,0,10.0,82,1,3,3,5621,5621|5623|5625,5621|5623|5625,RuntimeError: accessible area not connected
room_A_connector_y_27p50,"(11.0, 27.5, 13.0, 27.55)",6,AJ1J2,1,10.0,82,0,3,3,,5603|5619|5631,5603|5619|5631,RuntimeError: accessible area not connected
room_A_connector_y_27p50,"(11.0, 27.5, 13.0, 27.55)",6,AJ1J2,2,10.0,81,0,2,3,,5614|5640,5614|5618|5640,RuntimeError: accessible area not connected
room_A_connector_y_27p50,"(11.0, 27.5, 13.0, 27.55)",6,AJ1J2,3,10.0,84,0,1,3,,8403,8403|8419|8436,RuntimeError: accessible area not connected
room_A_connector_y_27p50,"(11.0, 27.5, 13.0, 27.55)",6,AJ1J2,4,10.0,83,1,1,3,8433,8433,8418|8422|8433,RuntimeError: accessible area not connected
room_A_connector_y_27p50,"(11.0, 27.5, 13.0, 27.55)",10,AJ3A,0,10.0,82,1,3,3,11221,11221|11223|11225,11221|11223|11225,RuntimeError: accessible area not connected
room_A_connector_y_27p50,"(11.0, 27.5, 13.0, 27.55)",10,AJ3A,1,10.0,82,0,3,3,,11203|11219|11231,11203|11219|11231,RuntimeError: accessible area not connected
room_A_connector_y_27p50,"(11.0, 27.5, 13.0, 27.55)",10,AJ3A,2,10.0,81,0,2,3,,11214|11240,11214|11218|11240,RuntimeError: accessible area not connected
room_A_connector_y_27p50,"(11.0, 27.5, 13.0, 27.55)",10,AJ3A,3,10.0,84,0,1,3,,11203,11203|11219|11236,RuntimeError: accessible area not connected
room_A_connector_y_27p50,"(11.0, 27.5, 13.0, 27.55)",10,AJ3A,4,10.0,83,1,1,3,11233,11233,11218|11222|11233,RuntimeError: accessible area not connected
room_A_connector_y_27p50,"(11.0, 27.5, 13.0, 27.55)",8,AJ3B,0,10.0,82,1,3,3,8421,8421|8423|8425,8421|8423|8425,RuntimeError: accessible area not connected
room_A_connector_y_27p50,"(11.0, 27.5, 13.0, 27.55)",8,AJ3B,1,10.0,82,0,3,3,,8403|8419|8431,8403|8419|8431,RuntimeError: accessible area not connected
room_A_connector_y_27p50,"(11.0, 27.5, 13.0, 27.55)",8,AJ3B,2,10.0,81,0,2,3,,8414|8440,8414|8418|8440,RuntimeError: accessible area not connected
room_A_connector_y_27p50,"(11.0, 27.5, 13.0, 27.55)",8,AJ3B,3,10.0,84,0,1,3,,8403,8403|8419|8436,RuntimeError: accessible area not connected
room_A_connector_y_27p50,"(11.0, 27.5, 13.0, 27.55)",8,AJ3B,4,10.0,83,1,1,3,11233,11233,11218|11222|11233,RuntimeError: accessible area not connected
room_A_connector_y_27p50,"(11.0, 27.5, 13.0, 27.55)",9,AJ3J1,0,10.0,82,1,3,3,11221,11221|11223|11225,11221|11223|11225,RuntimeError: accessible area not connected
room_A_connector_y_27p50,"(11.0, 27.5, 13.0, 27.55)",9,AJ3J1,1,10.0,82,0,3,3,,11203|11219|11231,11203|11219|11231,RuntimeError: accessible area not connected
room_A_connector_y_27p50,"(11.0, 27.5, 13.0, 27.55)",9,AJ3J1,2,10.0,81,0,2,3,,11214|11240,11214|11218|11240,RuntimeError: accessible area not connected
room_A_connector_y_27p50,"(11.0, 27.5, 13.0, 27.55)",9,AJ3J1,3,10.0,84,0,1,3,,11203,11203|11219|11236,RuntimeError: accessible area not connected
room_A_connector_y_27p50,"(11.0, 27.5, 13.0, 27.55)",9,AJ3J1,4,10.0,83,1,1,3,11233,11233,11218|11222|11233,RuntimeError: accessible area not connected
room_A_connector_y_27p50,"(11.0, 27.5, 13.0, 27.55)",14,CCA,0,10.0,82,0,3,3,,16813|16817|16821,16813|16817|16821,RuntimeError: accessible area not connected
room_A_connector_y_27p50,"(11.0, 27.5, 13.0, 27.55)",14,CCA,1,10.0,82,0,2,3,,16826|16831,16815|16826|16831,RuntimeError: accessible area not connected
room_A_connector_y_27p50,"(11.0, 27.5, 13.0, 27.55)",14,CCA,2,10.0,81,1,1,3,16807,16807,16807|16831|16840,RuntimeError: accessible area not connected
room_A_connector_y_27p50,"(11.0, 27.5, 13.0, 27.55)",14,CCA,3,10.0,84,0,0,3,,,16807|16836|16837,RuntimeError: accessible area not connected
room_A_connector_y_27p50,"(11.0, 27.5, 13.0, 27.55)",14,CCA,4,10.0,83,0,1,2,,16833,16822|16833,RuntimeError: accessible area not connected
room_A_connector_y_27p50,"(11.0, 27.5, 13.0, 27.55)",11,CCB,0,10.0,82,0,3,3,,14013|14017|14021,14013|14017|14021,RuntimeError: accessible area not connected
room_A_connector_y_27p50,"(11.0, 27.5, 13.0, 27.55)",11,CCB,1,10.0,82,0,2,3,,14026|14031,14015|14026|14031,RuntimeError: accessible area not connected
room_A_connector_y_27p50,"(11.0, 27.5, 13.0, 27.55)",11,CCB,2,10.0,81,1,1,3,14007,14007,14007|14031|14040,RuntimeError: accessible area not connected
room_A_connector_y_27p50,"(11.0, 27.5, 13.0, 27.55)",11,CCB,3,10.0,84,0,0,3,,,14007|14036|14037,RuntimeError: accessible area not connected
room_A_connector_y_27p50,"(11.0, 27.5, 13.0, 27.55)",11,CCB,4,10.0,83,0,1,2,,14033,14022|14033,RuntimeError: accessible area not connected
room_A_connector_y_27p50,"(11.0, 27.5, 13.0, 27.55)",12,CCJ1,0,10.0,82,0,3,3,,14013|14017|14021,14013|14017|14021,RuntimeError: accessible area not connected
room_A_connector_y_27p50,"(11.0, 27.5, 13.0, 27.55)",12,CCJ1,1,10.0,82,0,2,3,,14026|14031,14015|14026|14031,RuntimeError: accessible area not connected
room_A_connector_y_27p50,"(11.0, 27.5, 13.0, 27.55)",12,CCJ1,2,10.0,81,1,1,3,14007,14007,14007|14031|14040,RuntimeError: accessible area not connected
room_A_connector_y_27p50,"(11.0, 27.5, 13.0, 27.55)",12,CCJ1,3,10.0,84,0,0,3,,,14007|14036|14037,RuntimeError: accessible area not connected
room_A_connector_y_27p50,"(11.0, 27.5, 13.0, 27.55)",12,CCJ1,4,10.0,83,0,1,2,,14033,14022|14033,RuntimeError: accessible area not connected
room_A_connector_y_27p50,"(11.0, 27.5, 13.0, 27.55)",13,CCJ2,0,10.0,82,0,3,3,,14013|14017|14021,14013|14017|14021,RuntimeError: accessible area not connected
room_A_connector_y_27p50,"(11.0, 27.5, 13.0, 27.55)",13,CCJ2,1,10.0,82,0,2,3,,16826|16831,16815|16826|16831,RuntimeError: accessible area not connected
room_A_connector_y_27p50,"(11.0, 27.5, 13.0, 27.55)",13,CCJ2,2,10.0,81,1,1,3,16807,16807,16807|16831|16840,RuntimeError: accessible area not connected
room_A_connector_y_27p50,"(11.0, 27.5, 13.0, 27.55)",13,CCJ2,3,10.0,84,0,0,3,,,16807|16836|16837,RuntimeError: accessible area not connected
room_A_connector_y_27p50,"(11.0, 27.5, 13.0, 27.55)",13,CCJ2,4,10.0,83,0,1,2,,16833,16822|16833,RuntimeError: accessible area not connected
room_A_connector_y_27p50,"(11.0, 27.5, 13.0, 27.55)",18,CJ1A,0,10.0,82,0,3,3,,22413|22417|22421,22413|22417|22421,RuntimeError: accessible area not connected
room_A_connector_y_27p50,"(11.0, 27.5, 13.0, 27.55)",18,CJ1A,1,10.0,82,0,2,3,,22426|22431,22415|22426|22431,RuntimeError: accessible area not connected
room_A_connector_y_27p50,"(11.0, 27.5, 13.0, 27.55)",18,CJ1A,2,10.0,81,1,1,3,22407,22407,22407|22431|22440,RuntimeError: accessible area not connected
room_A_connector_y_27p50,"(11.0, 27.5, 13.0, 27.55)",18,CJ1A,3,10.0,84,0,0,3,,,22407|22436|22437,RuntimeError: accessible area not connected
room_A_connector_y_27p50,"(11.0, 27.5, 13.0, 27.55)",18,CJ1A,4,10.0,83,0,1,2,,22433,22422|22433,RuntimeError: accessible area not connected
room_A_connector_y_27p50,"(11.0, 27.5, 13.0, 27.55)",15,CJ1B,0,10.0,82,0,3,3,,16813|16817|16821,16813|16817|16821,RuntimeError: accessible area not connected
room_A_connector_y_27p50,"(11.0, 27.5, 13.0, 27.55)",15,CJ1B,1,10.0,82,0,2,3,,16826|16831,16815|16826|16831,RuntimeError: accessible area not connected
room_A_connector_y_27p50,"(11.0, 27.5, 13.0, 27.55)",15,CJ1B,2,10.0,81,1,1,3,19607,19607,19607|19631|19640,RuntimeError: accessible area not connected
room_A_connector_y_27p50,"(11.0, 27.5, 13.0, 27.55)",15,CJ1B,3,10.0,84,0,0,3,,,19607|19636|19637,RuntimeError: accessible area not connected
room_A_connector_y_27p50,"(11.0, 27.5, 13.0, 27.55)",15,CJ1B,4,10.0,83,0,1,2,,19633,19622|19633,RuntimeError: accessible area not connected
room_A_connector_y_27p50,"(11.0, 27.5, 13.0, 27.55)",16,CJ1J1,0,10.0,82,0,3,3,,19613|19617|19621,19613|19617|19621,RuntimeError: accessible area not connected
room_A_connector_y_27p50,"(11.0, 27.5, 13.0, 27.55)",16,CJ1J1,1,10.0,82,0,2,3,,19626|19631,19615|19626|19631,RuntimeError: accessible area not connected
room_A_connector_y_27p50,"(11.0, 27.5, 13.0, 27.55)",16,CJ1J1,2,10.0,81,1,1,3,19607,19607,19607|19631|19640,RuntimeError: accessible area not connected
room_A_connector_y_27p50,"(11.0, 27.5, 13.0, 27.55)",16,CJ1J1,3,10.0,84,0,0,3,,,19607|19636|19637,RuntimeError: accessible area not connected
room_A_connector_y_27p50,"(11.0, 27.5, 13.0, 27.55)",16,CJ1J1,4,10.0,83,0,1,2,,19633,19622|19633,RuntimeError: accessible area not connected
room_A_connector_y_27p50,"(11.0, 27.5, 13.0, 27.55)",17,CJ1J2,0,10.0,82,0,3,3,,19613|19617|19621,19613|19617|19621,RuntimeError: accessible area not connected
room_A_connector_y_27p50,"(11.0, 27.5, 13.0, 27.55)",17,CJ1J2,1,10.0,82,0,2,3,,19626|19631,19615|19626|19631,RuntimeError: accessible area not connected
room_A_connector_y_27p50,"(11.0, 27.5, 13.0, 27.55)",17,CJ1J2,2,10.0,81,1,1,3,19607,19607,19607|19631|19640,RuntimeError: accessible area not connected
room_A_connector_y_27p50,"(11.0, 27.5, 13.0, 27.55)",17,CJ1J2,3,10.0,84,0,0,3,,,22407|22436|22437,RuntimeError: accessible area not connected
room_A_connector_y_27p50,"(11.0, 27.5, 13.0, 27.55)",17,CJ1J2,4,10.0,83,0,1,2,,22433,22422|22433,RuntimeError: accessible area not connected
room_A_connector_y_27p50,"(11.0, 27.5, 13.0, 27.55)",21,CJ3A,0,10.0,82,0,3,3,,25213|25217|25221,25213|25217|25221,RuntimeError: accessible area not connected
room_A_connector_y_27p50,"(11.0, 27.5, 13.0, 27.55)",21,CJ3A,1,10.0,82,0,2,3,,25226|25231,25215|25226|25231,RuntimeError: accessible area not connected
room_A_connector_y_27p50,"(11.0, 27.5, 13.0, 27.55)",21,CJ3A,2,10.0,81,1,1,3,25207,25207,25207|25231|25240,RuntimeError: accessible area not connected
room_A_connector_y_27p50,"(11.0, 27.5, 13.0, 27.55)",21,CJ3A,3,10.0,84,0,0,3,,,25207|25236|25237,RuntimeError: accessible area not connected
room_A_connector_y_27p50,"(11.0, 27.5, 13.0, 27.55)",21,CJ3A,4,10.0,83,0,1,2,,25233,25222|25233,RuntimeError: accessible area not connected
room_A_connector_y_27p50,"(11.0, 27.5, 13.0, 27.55)",19,CJ3B,0,10.0,82,0,3,3,,22413|22417|22421,22413|22417|22421,RuntimeError: accessible area not connected
room_A_connector_y_27p50,"(11.0, 27.5, 13.0, 27.55)",19,CJ3B,1,10.0,82,0,2,3,,22426|22431,22415|22426|22431,RuntimeError: accessible area not connected
room_A_connector_y_27p50,"(11.0, 27.5, 13.0, 27.55)",19,CJ3B,2,10.0,81,1,1,3,22407,22407,22407|22431|22440,RuntimeError: accessible area not connected
room_A_connector_y_27p50,"(11.0, 27.5, 13.0, 27.55)",19,CJ3B,3,10.0,84,0,0,3,,,22407|22436|22437,RuntimeError: accessible area not connected
room_A_connector_y_27p50,"(11.0, 27.5, 13.0, 27.55)",19,CJ3B,4,10.0,83,0,1,2,,25233,25222|25233,RuntimeError: accessible area not connected
room_A_connector_y_27p50,"(11.0, 27.5, 13.0, 27.55)",20,CJ3J1,0,10.0,82,0,3,3,,25213|25217|25221,25213|25217|25221,RuntimeError: accessible area not connected
room_A_connector_y_27p50,"(11.0, 27.5, 13.0, 27.55)",20,CJ3J1,1,10.0,82,0,2,3,,25226|25231,25215|25226|25231,RuntimeError: accessible area not connected
room_A_connector_y_27p50,"(11.0, 27.5, 13.0, 27.55)",20,CJ3J1,2,10.0,81,1,1,3,25207,25207,25207|25231|25240,RuntimeError: accessible area not connected
room_A_connector_y_27p50,"(11.0, 27.5, 13.0, 27.55)",20,CJ3J1,3,10.0,84,0,0,3,,,25207|25236|25237,RuntimeError: accessible area not connected
room_A_connector_y_27p50,"(11.0, 27.5, 13.0, 27.55)",20,CJ3J1,4,10.0,83,0,1,2,,25233,25222|25233,RuntimeError: accessible area not connected
room_A_connector_y_27p50,"(11.0, 27.5, 13.0, 27.55)",25,J2CA,0,10.0,82,0,2,2,,30813|30816,30813|30816,RuntimeError: accessible area not connected
room_A_connector_y_27p50,"(11.0, 27.5, 13.0, 27.55)",25,J2CA,1,10.0,82,0,0,1,,,30803,RuntimeError: accessible area not connected
room_A_connector_y_27p50,"(11.0, 27.5, 13.0, 27.55)",25,J2CA,2,10.0,81,0,1,2,,30840,30831|30840,RuntimeError: accessible area not connected
room_A_connector_y_27p50,"(11.0, 27.5, 13.0, 27.55)",25,J2CA,3,10.0,84,0,0,2,,,30807|30836,RuntimeError: accessible area not connected
room_A_connector_y_27p50,"(11.0, 27.5, 13.0, 27.55)",25,J2CA,4,10.0,83,1,1,1,30822,30822,30822,RuntimeError: accessible area not connected
room_A_connector_y_27p50,"(11.0, 27.5, 13.0, 27.55)",22,J2CB,0,10.0,82,0,2,2,,28013|28016,28013|28016,RuntimeError: accessible area not connected
room_A_connector_y_27p50,"(11.0, 27.5, 13.0, 27.55)",22,J2CB,1,10.0,82,0,0,1,,,28003,RuntimeError: accessible area not connected
room_A_connector_y_27p50,"(11.0, 27.5, 13.0, 27.55)",22,J2CB,2,10.0,81,0,1,2,,28040,28031|28040,RuntimeError: accessible area not connected
room_A_connector_y_27p50,"(11.0, 27.5, 13.0, 27.55)",22,J2CB,3,10.0,84,0,0,2,,,28007|28036,RuntimeError: accessible area not connected
room_A_connector_y_27p50,"(11.0, 27.5, 13.0, 27.55)",22,J2CB,4,10.0,83,1,1,1,28022,28022,28022,RuntimeError: accessible area not connected
room_A_connector_y_27p50,"(11.0, 27.5, 13.0, 27.55)",23,J2CJ1,0,10.0,82,0,2,2,,28013|28016,28013|28016,RuntimeError: accessible area not connected
room_A_connector_y_27p50,"(11.0, 27.5, 13.0, 27.55)",23,J2CJ1,1,10.0,82,0,0,1,,,28003,RuntimeError: accessible area not connected
room_A_connector_y_27p50,"(11.0, 27.5, 13.0, 27.55)",23,J2CJ1,2,10.0,81,0,1,2,,28040,28031|28040,RuntimeError: accessible area not connected
room_A_connector_y_27p50,"(11.0, 27.5, 13.0, 27.55)",23,J2CJ1,3,10.0,84,0,0,2,,,28007|28036,RuntimeError: accessible area not connected
room_A_connector_y_27p50,"(11.0, 27.5, 13.0, 27.55)",23,J2CJ1,4,10.0,83,1,1,1,28022,28022,28022,RuntimeError: accessible area not connected
room_A_connector_y_27p50,"(11.0, 27.5, 13.0, 27.55)",24,J2CJ2,0,10.0,82,0,2,2,,28013|28016,28013|28016,RuntimeError: accessible area not connected
room_A_connector_y_27p50,"(11.0, 27.5, 13.0, 27.55)",24,J2CJ2,1,10.0,82,0,0,1,,,30803,RuntimeError: accessible area not connected
room_A_connector_y_27p50,"(11.0, 27.5, 13.0, 27.55)",24,J2CJ2,2,10.0,81,0,1,2,,30840,30831|30840,RuntimeError: accessible area not connected
room_A_connector_y_27p50,"(11.0, 27.5, 13.0, 27.55)",24,J2CJ2,3,10.0,84,0,0,2,,,30807|30836,RuntimeError: accessible area not connected
room_A_connector_y_27p50,"(11.0, 27.5, 13.0, 27.55)",24,J2CJ2,4,10.0,83,1,1,1,30822,30822,30822,RuntimeError: accessible area not connected
room_A_connector_y_27p50,"(11.0, 27.5, 13.0, 27.55)",27,J2J3A,0,10.0,82,0,2,2,,33613|33616,33613|33616,RuntimeError: accessible area not connected
room_A_connector_y_27p50,"(11.0, 27.5, 13.0, 27.55)",27,J2J3A,1,10.0,82,0,0,1,,,33603,RuntimeError: accessible area not connected
room_A_connector_y_27p50,"(11.0, 27.5, 13.0, 27.55)",27,J2J3A,2,10.0,81,0,1,2,,33640,33631|33640,RuntimeError: accessible area not connected
room_A_connector_y_27p50,"(11.0, 27.5, 13.0, 27.55)",27,J2J3A,3,10.0,84,0,0,2,,,33607|33636,RuntimeError: accessible area not connected
room_A_connector_y_27p50,"(11.0, 27.5, 13.0, 27.55)",27,J2J3A,4,10.0,83,1,1,1,33622,33622,33622,RuntimeError: accessible area not connected
room_A_connector_y_27p50,"(11.0, 27.5, 13.0, 27.55)",26,J2J3B,0,10.0,82,0,2,2,,30813|30816,30813|30816,RuntimeError: accessible area not connected
room_A_connector_y_27p50,"(11.0, 27.5, 13.0, 27.55)",26,J2J3B,1,10.0,82,0,0,1,,,30803,RuntimeError: accessible area not connected
room_A_connector_y_27p50,"(11.0, 27.5, 13.0, 27.55)",26,J2J3B,2,10.0,81,0,1,2,,33640,33631|33640,RuntimeError: accessible area not connected
room_A_connector_y_27p50,"(11.0, 27.5, 13.0, 27.55)",26,J2J3B,3,10.0,84,0,0,2,,,33607|33636,RuntimeError: accessible area not connected
room_A_connector_y_27p50,"(11.0, 27.5, 13.0, 27.55)",26,J2J3B,4,10.0,83,1,1,1,33622,33622,33622,RuntimeError: accessible area not connected
room_A_connector_y_27p50,"(11.0, 27.5, 13.0, 27.55)",30,J3CA,0,10.0,82,0,1,1,,36417,36417,RuntimeError: accessible area not connected
room_A_connector_y_27p50,"(11.0, 27.5, 13.0, 27.55)",30,J3CA,1,10.0,82,0,1,1,,36415,36415,RuntimeError: accessible area not connected
room_A_connector_y_27p50,"(11.0, 27.5, 13.0, 27.55)",30,J3CA,2,10.0,81,0,3,3,,36414|36418|36433,36414|36418|36433,RuntimeError: accessible area not connected
room_A_connector_y_27p50,"(11.0, 27.5, 13.0, 27.55)",30,J3CA,3,10.0,84,0,0,2,,,36431|36435,RuntimeError: accessible area not connected
room_A_connector_y_27p50,"(11.0, 27.5, 13.0, 27.55)",30,J3CA,4,10.0,83,0,1,1,,39226,39226,RuntimeError: accessible area not connected
room_A_connector_y_27p50,"(11.0, 27.5, 13.0, 27.55)",28,J3CB,0,10.0,82,0,1,1,,33617,33617,RuntimeError: accessible area not connected
room_A_connector_y_27p50,"(11.0, 27.5, 13.0, 27.55)",28,J3CB,1,10.0,82,0,1,1,,33615,33615,RuntimeError: accessible area not connected
room_A_connector_y_27p50,"(11.0, 27.5, 13.0, 27.55)",28,J3CB,2,10.0,81,0,3,3,,33614|33618|33633,33614|33618|33633,RuntimeError: accessible area not connected
room_A_connector_y_27p50,"(11.0, 27.5, 13.0, 27.55)",28,J3CB,3,10.0,84,0,0,2,,,36431|36435,RuntimeError: accessible area not connected
room_A_connector_y_27p50,"(11.0, 27.5, 13.0, 27.55)",28,J3CB,4,10.0,83,0,1,1,,36426,36426,RuntimeError: accessible area not connected
room_A_connector_y_27p50,"(11.0, 27.5, 13.0, 27.55)",29,J3CJ2,0,10.0,82,0,1,1,,36417,36417,RuntimeError: accessible area not connected
room_A_connector_y_27p50,"(11.0, 27.5, 13.0, 27.55)",29,J3CJ2,1,10.0,82,0,1,1,,36415,36415,RuntimeError: accessible area not connected
room_A_connector_y_27p50,"(11.0, 27.5, 13.0, 27.55)",29,J3CJ2,2,10.0,81,0,3,3,,36414|36418|36433,36414|36418|36433,RuntimeError: accessible area not connected
room_A_connector_y_27p50,"(11.0, 27.5, 13.0, 27.55)",29,J3CJ2,3,10.0,84,0,0,2,,,36431|36435,RuntimeError: accessible area not connected
room_A_connector_y_27p50,"(11.0, 27.5, 13.0, 27.55)",29,J3CJ2,4,10.0,83,0,1,1,,36426,36426,RuntimeError: accessible area not connected
room_A_connector_y_27p50,"(11.0, 27.5, 13.0, 27.55)",32,J3J1A,0,10.0,82,0,1,1,,39217,39217,RuntimeError: accessible area not connected
room_A_connector_y_27p50,"(11.0, 27.5, 13.0, 27.55)",32,J3J1A,1,10.0,82,0,1,1,,39215,39215,RuntimeError: accessible area not connected
room_A_connector_y_27p50,"(11.0, 27.5, 13.0, 27.55)",32,J3J1A,2,10.0,81,0,3,3,,39214|39218|39233,39214|39218|39233,RuntimeError: accessible area not connected
room_A_connector_y_27p50,"(11.0, 27.5, 13.0, 27.55)",32,J3J1A,3,10.0,84,0,0,2,,,39231|39235,RuntimeError: accessible area not connected
room_A_connector_y_27p50,"(11.0, 27.5, 13.0, 27.55)",32,J3J1A,4,10.0,83,0,1,1,,39226,39226,RuntimeError: accessible area not connected
room_A_connector_y_27p50,"(11.0, 27.5, 13.0, 27.55)",31,J3J1B,0,10.0,82,0,1,1,,39217,39217,RuntimeError: accessible area not connected
room_A_connector_y_27p50,"(11.0, 27.5, 13.0, 27.55)",31,J3J1B,1,10.0,82,0,1,1,,39215,39215,RuntimeError: accessible area not connected
room_A_connector_y_27p50,"(11.0, 27.5, 13.0, 27.55)",31,J3J1B,2,10.0,81,0,3,3,,39214|39218|39233,39214|39218|39233,RuntimeError: accessible area not connected
room_A_connector_y_27p50,"(11.0, 27.5, 13.0, 27.55)",31,J3J1B,3,10.0,84,0,0,2,,,39231|39235,RuntimeError: accessible area not connected
room_A_connector_y_27p50,"(11.0, 27.5, 13.0, 27.55)",31,J3J1B,4,10.0,83,0,1,1,,39226,39226,RuntimeError: accessible area not connected
room_A_connector_y_27p50,"(11.0, 27.5, 13.0, 27.55)",34,J3J3A,0,10.0,82,0,1,1,,42017,42017,RuntimeError: accessible area not connected
room_A_connector_y_27p50,"(11.0, 27.5, 13.0, 27.55)",34,J3J3A,1,10.0,82,0,1,1,,42015,42015,RuntimeError: accessible area not connected
room_A_connector_y_27p50,"(11.0, 27.5, 13.0, 27.55)",34,J3J3A,2,10.0,81,0,3,3,,42014|42018|42033,42014|42018|42033,RuntimeError: accessible area not connected
room_A_connector_y_27p50,"(11.0, 27.5, 13.0, 27.55)",34,J3J3A,3,10.0,84,0,0,2,,,42031|42035,RuntimeError: accessible area not connected
room_A_connector_y_27p50,"(11.0, 27.5, 13.0, 27.55)",34,J3J3A,4,10.0,83,0,1,1,,42026,42026,RuntimeError: accessible area not connected
room_A_connector_y_27p50,"(11.0, 27.5, 13.0, 27.55)",33,J3J3B,0,10.0,82,0,1,1,,42017,42017,RuntimeError: accessible area not connected
room_A_connector_y_27p50,"(11.0, 27.5, 13.0, 27.55)",33,J3J3B,1,10.0,82,0,1,1,,42015,42015,RuntimeError: accessible area not connected
room_A_connector_y_27p50,"(11.0, 27.5, 13.0, 27.55)",33,J3J3B,2,10.0,81,0,3,3,,42014|42018|42033,42014|42018|42033,RuntimeError: accessible area not connected
room_A_connector_y_27p50,"(11.0, 27.5, 13.0, 27.55)",33,J3J3B,3,10.0,84,0,0,2,,,42031|42035,RuntimeError: accessible area not connected
room_A_connector_y_27p50,"(11.0, 27.5, 13.0, 27.55)",33,J3J3B,4,10.0,83,0,1,1,,42026,42026,RuntimeError: accessible area not connected
room_A_connector_y_28p00,"(11.0, 28.0, 13.0, 28.05)",3,ACA,0,10.0,82,0,0,2,,,2816|2817,RuntimeError: accessible area not connected
room_A_connector_y_28p00,"(11.0, 28.0, 13.0, 28.05)",3,ACA,1,10.0,82,0,0,4,,,2803|2815|2819|2831,RuntimeError: accessible area not connected
room_A_connector_y_28p00,"(11.0, 28.0, 13.0, 28.05)",3,ACA,2,10.0,81,0,0,3,,,2814|2818|2840,RuntimeError: accessible area not connected
room_A_connector_y_28p00,"(11.0, 28.0, 13.0, 28.05)",3,ACA,3,10.0,84,0,1,3,,2831,2807|2831|2835,RuntimeError: accessible area not connected
room_A_connector_y_28p00,"(11.0, 28.0, 13.0, 28.05)",3,ACA,4,10.0,83,0,0,2,,,2820|2826,RuntimeError: accessible area not connected
room_A_connector_y_28p00,"(11.0, 28.0, 13.0, 28.05)",0,ACB,0,10.0,82,0,0,2,,,16|17,RuntimeError: accessible area not connected
room_A_connector_y_28p00,"(11.0, 28.0, 13.0, 28.05)",0,ACB,1,10.0,82,0,0,4,,,3|15|19|31,RuntimeError: accessible area not connected
room_A_connector_y_28p00,"(11.0, 28.0, 13.0, 28.05)",0,ACB,2,10.0,81,0,0,3,,,14|18|40,RuntimeError: accessible area not connected
room_A_connector_y_28p00,"(11.0, 28.0, 13.0, 28.05)",0,ACB,3,10.0,84,0,1,3,,31,7|31|35,RuntimeError: accessible area not connected
room_A_connector_y_28p00,"(11.0, 28.0, 13.0, 28.05)",0,ACB,4,10.0,83,0,0,2,,,20|26,RuntimeError: accessible area not connected
room_A_connector_y_28p00,"(11.0, 28.0, 13.0, 28.05)",1,ACJ1,0,10.0,82,0,0,2,,,16|17,RuntimeError: accessible area not connected
room_A_connector_y_28p00,"(11.0, 28.0, 13.0, 28.05)",1,ACJ1,1,10.0,82,0,0,4,,,3|15|19|31,RuntimeError: accessible area not connected
room_A_connector_y_28p00,"(11.0, 28.0, 13.0, 28.05)",1,ACJ1,2,10.0,81,0,0,3,,,14|18|40,RuntimeError: accessible area not connected
room_A_connector_y_28p00,"(11.0, 28.0, 13.0, 28.05)",1,ACJ1,3,10.0,84,0,1,3,,31,7|31|35,RuntimeError: accessible area not connected
room_A_connector_y_28p00,"(11.0, 28.0, 13.0, 28.05)",1,ACJ1,4,10.0,83,0,0,2,,,20|26,RuntimeError: accessible area not connected
room_A_connector_y_28p00,"(11.0, 28.0, 13.0, 28.05)",2,ACJ2,0,10.0,82,0,0,2,,,16|17,RuntimeError: accessible area not connected
room_A_connector_y_28p00,"(11.0, 28.0, 13.0, 28.05)",2,ACJ2,1,10.0,82,0,0,4,,,2803|2815|2819|2831,RuntimeError: accessible area not connected
room_A_connector_y_28p00,"(11.0, 28.0, 13.0, 28.05)",2,ACJ2,2,10.0,81,0,0,3,,,2814|2818|2840,RuntimeError: accessible area not connected
room_A_connector_y_28p00,"(11.0, 28.0, 13.0, 28.05)",2,ACJ2,3,10.0,84,0,1,3,,2831,2807|2831|2835,RuntimeError: accessible area not connected
room_A_connector_y_28p00,"(11.0, 28.0, 13.0, 28.05)",2,ACJ2,4,10.0,83,0,0,2,,,2820|2826,RuntimeError: accessible area not connected
room_A_connector_y_28p00,"(11.0, 28.0, 13.0, 28.05)",7,AJ1A,0,10.0,82,0,0,2,,,8416|8417,RuntimeError: accessible area not connected
room_A_connector_y_28p00,"(11.0, 28.0, 13.0, 28.05)",7,AJ1A,1,10.0,82,0,0,4,,,8403|8415|8419|8431,RuntimeError: accessible area not connected
room_A_connector_y_28p00,"(11.0, 28.0, 13.0, 28.05)",7,AJ1A,2,10.0,81,0,0,3,,,8414|8418|8440,RuntimeError: accessible area not connected
room_A_connector_y_28p00,"(11.0, 28.0, 13.0, 28.05)",7,AJ1A,3,10.0,84,0,1,3,,8431,8407|8431|8435,RuntimeError: accessible area not connected
room_A_connector_y_28p00,"(11.0, 28.0, 13.0, 28.05)",7,AJ1A,4,10.0,83,0,0,2,,,8420|8426,RuntimeError: accessible area not connected
room_A_connector_y_28p00,"(11.0, 28.0, 13.0, 28.05)",4,AJ1B,0,10.0,82,0,0,2,,,2816|2817,RuntimeError: accessible area not connected
room_A_connector_y_28p00,"(11.0, 28.0, 13.0, 28.05)",4,AJ1B,1,10.0,82,0,0,4,,,2803|2815|2819|2831,RuntimeError: accessible area not connected
room_A_connector_y_28p00,"(11.0, 28.0, 13.0, 28.05)",4,AJ1B,2,10.0,81,0,0,3,,,5614|5618|5640,RuntimeError: accessible area not connected
room_A_connector_y_28p00,"(11.0, 28.0, 13.0, 28.05)",4,AJ1B,3,10.0,84,0,1,3,,5631,5607|5631|5635,RuntimeError: accessible area not connected
room_A_connector_y_28p00,"(11.0, 28.0, 13.0, 28.05)",4,AJ1B,4,10.0,83,0,0,2,,,5620|5626,RuntimeError: accessible area not connected
room_A_connector_y_28p00,"(11.0, 28.0, 13.0, 28.05)",5,AJ1J1,0,10.0,82,0,0,2,,,5616|5617,RuntimeError: accessible area not connected
room_A_connector_y_28p00,"(11.0, 28.0, 13.0, 28.05)",5,AJ1J1,1,10.0,82,0,0,4,,,5603|5615|5619|5631,RuntimeError: accessible area not connected
room_A_connector_y_28p00,"(11.0, 28.0, 13.0, 28.05)",5,AJ1J1,2,10.0,81,0,0,3,,,5614|5618|5640,RuntimeError: accessible area not connected
room_A_connector_y_28p00,"(11.0, 28.0, 13.0, 28.05)",5,AJ1J1,3,10.0,84,0,1,3,,5631,5607|5631|5635,RuntimeError: accessible area not connected
room_A_connector_y_28p00,"(11.0, 28.0, 13.0, 28.05)",5,AJ1J1,4,10.0,83,0,0,2,,,5620|5626,RuntimeError: accessible area not connected
room_A_connector_y_28p00,"(11.0, 28.0, 13.0, 28.05)",6,AJ1J2,0,10.0,82,0,0,2,,,5616|5617,RuntimeError: accessible area not connected
room_A_connector_y_28p00,"(11.0, 28.0, 13.0, 28.05)",6,AJ1J2,1,10.0,82,0,0,4,,,5603|5615|5619|5631,RuntimeError: accessible area not connected
room_A_connector_y_28p00,"(11.0, 28.0, 13.0, 28.05)",6,AJ1J2,2,10.0,81,0,0,3,,,5614|5618|5640,RuntimeError: accessible area not connected
room_A_connector_y_28p00,"(11.0, 28.0, 13.0, 28.05)",6,AJ1J2,3,10.0,84,0,1,3,,8431,8407|8431|8435,RuntimeError: accessible area not connected
room_A_connector_y_28p00,"(11.0, 28.0, 13.0, 28.05)",6,AJ1J2,4,10.0,83,0,0,2,,,8420|8426,RuntimeError: accessible area not connected
room_A_connector_y_28p00,"(11.0, 28.0, 13.0, 28.05)",10,AJ3A,0,10.0,82,0,0,2,,,11216|11217,RuntimeError: accessible area not connected
room_A_connector_y_28p00,"(11.0, 28.0, 13.0, 28.05)",10,AJ3A,1,10.0,82,0,0,4,,,11203|11215|11219|11231,RuntimeError: accessible area not connected
room_A_connector_y_28p00,"(11.0, 28.0, 13.0, 28.05)",10,AJ3A,2,10.0,81,0,0,3,,,11214|11218|11240,RuntimeError: accessible area not connected
room_A_connector_y_28p00,"(11.0, 28.0, 13.0, 28.05)",10,AJ3A,3,10.0,84,0,1,3,,11231,11207|11231|11235,RuntimeError: accessible area not connected
room_A_connector_y_28p00,"(11.0, 28.0, 13.0, 28.05)",10,AJ3A,4,10.0,83,0,0,2,,,11220|11226,RuntimeError: accessible area not connected
room_A_connector_y_28p00,"(11.0, 28.0, 13.0, 28.05)",8,AJ3B,0,10.0,82,0,0,2,,,8416|8417,RuntimeError: accessible area not connected
room_A_connector_y_28p00,"(11.0, 28.0, 13.0, 28.05)",8,AJ3B,1,10.0,82,0,0,4,,,8403|8415|8419|8431,RuntimeError: accessible area not connected
room_A_connector_y_28p00,"(11.0, 28.0, 13.0, 28.05)",8,AJ3B,2,10.0,81,0,0,3,,,8414|8418|8440,RuntimeError: accessible area not connected
room_A_connector_y_28p00,"(11.0, 28.0, 13.0, 28.05)",8,AJ3B,3,10.0,84,0,1,3,,8431,8407|8431|8435,RuntimeError: accessible area not connected
room_A_connector_y_28p00,"(11.0, 28.0, 13.0, 28.05)",8,AJ3B,4,10.0,83,0,0,2,,,11220|11226,RuntimeError: accessible area not connected
room_A_connector_y_28p00,"(11.0, 28.0, 13.0, 28.05)",9,AJ3J1,0,10.0,82,0,0,2,,,11216|11217,RuntimeError: accessible area not connected
room_A_connector_y_28p00,"(11.0, 28.0, 13.0, 28.05)",9,AJ3J1,1,10.0,82,0,0,4,,,11203|11215|11219|11231,RuntimeError: accessible area not connected
room_A_connector_y_28p00,"(11.0, 28.0, 13.0, 28.05)",9,AJ3J1,2,10.0,81,0,0,3,,,11214|11218|11240,RuntimeError: accessible area not connected
room_A_connector_y_28p00,"(11.0, 28.0, 13.0, 28.05)",9,AJ3J1,3,10.0,84,0,1,3,,11231,11207|11231|11235,RuntimeError: accessible area not connected
room_A_connector_y_28p00,"(11.0, 28.0, 13.0, 28.05)",9,AJ3J1,4,10.0,83,0,0,2,,,11220|11226,RuntimeError: accessible area not connected
room_A_connector_y_28p00,"(11.0, 28.0, 13.0, 28.05)",14,CCA,0,10.0,82,0,0,3,,,16813|16821|16825,RuntimeError: accessible area not connected
room_A_connector_y_28p00,"(11.0, 28.0, 13.0, 28.05)",14,CCA,1,10.0,82,0,0,2,,,16826|16831,RuntimeError: accessible area not connected
room_A_connector_y_28p00,"(11.0, 28.0, 13.0, 28.05)",14,CCA,2,10.0,81,0,1,3,,16831,16814|16831|16840,RuntimeError: accessible area not connected
room_A_connector_y_28p00,"(11.0, 28.0, 13.0, 28.05)",14,CCA,3,10.0,84,0,1,2,,16836,16831|16836,RuntimeError: accessible area not connected
room_A_connector_y_28p00,"(11.0, 28.0, 13.0, 28.05)",14,CCA,4,10.0,83,0,0,2,,,16822|16833,RuntimeError: accessible area not connected
room_A_connector_y_28p00,"(11.0, 28.0, 13.0, 28.05)",11,CCB,0,10.0,82,0,0,3,,,14013|14021|14025,RuntimeError: accessible area not connected
room_A_connector_y_28p00,"(11.0, 28.0, 13.0, 28.05)",11,CCB,1,10.0,82,0,0,2,,,14026|14031,RuntimeError: accessible area not connected
room_A_connector_y_28p00,"(11.0, 28.0, 13.0, 28.05)",11,CCB,2,10.0,81,0,1,3,,14031,14014|14031|14040,RuntimeError: accessible area not connected
room_A_connector_y_28p00,"(11.0, 28.0, 13.0, 28.05)",11,CCB,3,10.0,84,0,1,2,,14036,14031|14036,RuntimeError: accessible area not connected
room_A_connector_y_28p00,"(11.0, 28.0, 13.0, 28.05)",11,CCB,4,10.0,83,0,0,2,,,14022|14033,RuntimeError: accessible area not connected
room_A_connector_y_28p00,"(11.0, 28.0, 13.0, 28.05)",12,CCJ1,0,10.0,82,0,0,3,,,14013|14021|14025,RuntimeError: accessible area not connected
room_A_connector_y_28p00,"(11.0, 28.0, 13.0, 28.05)",12,CCJ1,1,10.0,82,0,0,2,,,14026|14031,RuntimeError: accessible area not connected
room_A_connector_y_28p00,"(11.0, 28.0, 13.0, 28.05)",12,CCJ1,2,10.0,81,0,1,3,,14031,14014|14031|14040,RuntimeError: accessible area not connected
room_A_connector_y_28p00,"(11.0, 28.0, 13.0, 28.05)",12,CCJ1,3,10.0,84,0,1,2,,14036,14031|14036,RuntimeError: accessible area not connected
room_A_connector_y_28p00,"(11.0, 28.0, 13.0, 28.05)",12,CCJ1,4,10.0,83,0,0,2,,,14022|14033,RuntimeError: accessible area not connected
room_A_connector_y_28p00,"(11.0, 28.0, 13.0, 28.05)",13,CCJ2,0,10.0,82,0,0,3,,,14013|14021|14025,RuntimeError: accessible area not connected
room_A_connector_y_28p00,"(11.0, 28.0, 13.0, 28.05)",13,CCJ2,1,10.0,82,0,0,2,,,16826|16831,RuntimeError: accessible area not connected
room_A_connector_y_28p00,"(11.0, 28.0, 13.0, 28.05)",13,CCJ2,2,10.0,81,0,1,3,,16831,16814|16831|16840,RuntimeError: accessible area not connected
room_A_connector_y_28p00,"(11.0, 28.0, 13.0, 28.05)",13,CCJ2,3,10.0,84,0,1,2,,16836,16831|16836,RuntimeError: accessible area not connected
room_A_connector_y_28p00,"(11.0, 28.0, 13.0, 28.05)",13,CCJ2,4,10.0,83,0,0,2,,,16822|16833,RuntimeError: accessible area not connected
room_A_connector_y_28p00,"(11.0, 28.0, 13.0, 28.05)",18,CJ1A,0,10.0,82,0,0,3,,,22413|22421|22425,RuntimeError: accessible area not connected
room_A_connector_y_28p00,"(11.0, 28.0, 13.0, 28.05)",18,CJ1A,1,10.0,82,0,0,2,,,22426|22431,RuntimeError: accessible area not connected
room_A_connector_y_28p00,"(11.0, 28.0, 13.0, 28.05)",18,CJ1A,2,10.0,81,0,1,3,,22431,22414|22431|22440,RuntimeError: accessible area not connected
room_A_connector_y_28p00,"(11.0, 28.0, 13.0, 28.05)",18,CJ1A,3,10.0,84,0,1,2,,22436,22431|22436,RuntimeError: accessible area not connected
room_A_connector_y_28p00,"(11.0, 28.0, 13.0, 28.05)",18,CJ1A,4,10.0,83,0,0,2,,,22422|22433,RuntimeError: accessible area not connected
room_A_connector_y_28p00,"(11.0, 28.0, 13.0, 28.05)",15,CJ1B,0,10.0,82,0,0,3,,,16813|16821|16825,RuntimeError: accessible area not connected
room_A_connector_y_28p00,"(11.0, 28.0, 13.0, 28.05)",15,CJ1B,1,10.0,82,0,0,2,,,16826|16831,RuntimeError: accessible area not connected
room_A_connector_y_28p00,"(11.0, 28.0, 13.0, 28.05)",15,CJ1B,2,10.0,81,0,1,3,,19631,19614|19631|19640,RuntimeError: accessible area not connected
room_A_connector_y_28p00,"(11.0, 28.0, 13.0, 28.05)",15,CJ1B,3,10.0,84,0,1,2,,19636,19631|19636,RuntimeError: accessible area not connected
room_A_connector_y_28p00,"(11.0, 28.0, 13.0, 28.05)",15,CJ1B,4,10.0,83,0,0,2,,,19622|19633,RuntimeError: accessible area not connected
room_A_connector_y_28p00,"(11.0, 28.0, 13.0, 28.05)",16,CJ1J1,0,10.0,82,0,0,3,,,19613|19621|19625,RuntimeError: accessible area not connected
room_A_connector_y_28p00,"(11.0, 28.0, 13.0, 28.05)",16,CJ1J1,1,10.0,82,0,0,2,,,19626|19631,RuntimeError: accessible area not connected
room_A_connector_y_28p00,"(11.0, 28.0, 13.0, 28.05)",16,CJ1J1,2,10.0,81,0,1,3,,19631,19614|19631|19640,RuntimeError: accessible area not connected
room_A_connector_y_28p00,"(11.0, 28.0, 13.0, 28.05)",16,CJ1J1,3,10.0,84,0,1,2,,19636,19631|19636,RuntimeError: accessible area not connected
room_A_connector_y_28p00,"(11.0, 28.0, 13.0, 28.05)",16,CJ1J1,4,10.0,83,0,0,2,,,19622|19633,RuntimeError: accessible area not connected
room_A_connector_y_28p00,"(11.0, 28.0, 13.0, 28.05)",17,CJ1J2,0,10.0,82,0,0,3,,,19613|19621|19625,RuntimeError: accessible area not connected
room_A_connector_y_28p00,"(11.0, 28.0, 13.0, 28.05)",17,CJ1J2,1,10.0,82,0,0,2,,,19626|19631,RuntimeError: accessible area not connected
room_A_connector_y_28p00,"(11.0, 28.0, 13.0, 28.05)",17,CJ1J2,2,10.0,81,0,1,3,,19631,19614|19631|19640,RuntimeError: accessible area not connected
room_A_connector_y_28p00,"(11.0, 28.0, 13.0, 28.05)",17,CJ1J2,3,10.0,84,0,1,2,,22436,22431|22436,RuntimeError: accessible area not connected
room_A_connector_y_28p00,"(11.0, 28.0, 13.0, 28.05)",17,CJ1J2,4,10.0,83,0,0,2,,,22422|22433,RuntimeError: accessible area not connected
room_A_connector_y_28p00,"(11.0, 28.0, 13.0, 28.05)",21,CJ3A,0,10.0,82,0,0,3,,,25213|25221|25225,RuntimeError: accessible area not connected
room_A_connector_y_28p00,"(11.0, 28.0, 13.0, 28.05)",21,CJ3A,1,10.0,82,0,0,2,,,25226|25231,RuntimeError: accessible area not connected
room_A_connector_y_28p00,"(11.0, 28.0, 13.0, 28.05)",21,CJ3A,2,10.0,81,0,1,3,,25231,25214|25231|25240,RuntimeError: accessible area not connected
room_A_connector_y_28p00,"(11.0, 28.0, 13.0, 28.05)",21,CJ3A,3,10.0,84,0,1,2,,25236,25231|25236,RuntimeError: accessible area not connected
room_A_connector_y_28p00,"(11.0, 28.0, 13.0, 28.05)",21,CJ3A,4,10.0,83,0,0,2,,,25222|25233,RuntimeError: accessible area not connected
room_A_connector_y_28p00,"(11.0, 28.0, 13.0, 28.05)",19,CJ3B,0,10.0,82,0,0,3,,,22413|22421|22425,RuntimeError: accessible area not connected
room_A_connector_y_28p00,"(11.0, 28.0, 13.0, 28.05)",19,CJ3B,1,10.0,82,0,0,2,,,22426|22431,RuntimeError: accessible area not connected
room_A_connector_y_28p00,"(11.0, 28.0, 13.0, 28.05)",19,CJ3B,2,10.0,81,0,1,3,,22431,22414|22431|22440,RuntimeError: accessible area not connected
room_A_connector_y_28p00,"(11.0, 28.0, 13.0, 28.05)",19,CJ3B,3,10.0,84,0,1,2,,22436,22431|22436,RuntimeError: accessible area not connected
room_A_connector_y_28p00,"(11.0, 28.0, 13.0, 28.05)",19,CJ3B,4,10.0,83,0,0,2,,,25222|25233,RuntimeError: accessible area not connected
room_A_connector_y_28p00,"(11.0, 28.0, 13.0, 28.05)",20,CJ3J1,0,10.0,82,0,0,3,,,25213|25221|25225,RuntimeError: accessible area not connected
room_A_connector_y_28p00,"(11.0, 28.0, 13.0, 28.05)",20,CJ3J1,1,10.0,82,0,0,2,,,25226|25231,RuntimeError: accessible area not connected
room_A_connector_y_28p00,"(11.0, 28.0, 13.0, 28.05)",20,CJ3J1,2,10.0,81,0,1,3,,25231,25214|25231|25240,RuntimeError: accessible area not connected
room_A_connector_y_28p00,"(11.0, 28.0, 13.0, 28.05)",20,CJ3J1,3,10.0,84,0,1,2,,25236,25231|25236,RuntimeError: accessible area not connected
room_A_connector_y_28p00,"(11.0, 28.0, 13.0, 28.05)",20,CJ3J1,4,10.0,83,0,0,2,,,25222|25233,RuntimeError: accessible area not connected
room_A_connector_y_28p00,"(11.0, 28.0, 13.0, 28.05)",25,J2CA,0,10.0,82,0,1,2,,30825,30811|30825,RuntimeError: accessible area not connected
room_A_connector_y_28p00,"(11.0, 28.0, 13.0, 28.05)",25,J2CA,1,10.0,82,2,2,2,30804|30820,30804|30820,30804|30820,RuntimeError: accessible area not connected
room_A_connector_y_28p00,"(11.0, 28.0, 13.0, 28.05)",25,J2CA,2,10.0,81,1,1,3,30814,30814,30814|30831|30840,RuntimeError: accessible area not connected
room_A_connector_y_28p00,"(11.0, 28.0, 13.0, 28.05)",25,J2CA,3,10.0,84,0,0,2,,,30831|30836,RuntimeError: accessible area not connected
room_A_connector_y_28p00,"(11.0, 28.0, 13.0, 28.05)",25,J2CA,4,10.0,83,0,1,1,,30820,30820,RuntimeError: accessible area not connected
room_A_connector_y_28p00,"(11.0, 28.0, 13.0, 28.05)",22,J2CB,0,10.0,82,0,1,2,,28025,28011|28025,RuntimeError: accessible area not connected
room_A_connector_y_28p00,"(11.0, 28.0, 13.0, 28.05)",22,J2CB,1,10.0,82,2,2,2,28004|28020,28004|28020,28004|28020,RuntimeError: accessible area not connected
room_A_connector_y_28p00,"(11.0, 28.0, 13.0, 28.05)",22,J2CB,2,10.0,81,1,1,3,28014,28014,28014|28031|28040,RuntimeError: accessible area not connected
room_A_connector_y_28p00,"(11.0, 28.0, 13.0, 28.05)",22,J2CB,3,10.0,84,0,0,2,,,28031|28036,RuntimeError: accessible area not connected
room_A_connector_y_28p00,"(11.0, 28.0, 13.0, 28.05)",22,J2CB,4,10.0,83,0,1,1,,28020,28020,RuntimeError: accessible area not connected
room_A_connector_y_28p00,"(11.0, 28.0, 13.0, 28.05)",23,J2CJ1,0,10.0,82,0,1,2,,28025,28011|28025,RuntimeError: accessible area not connected
room_A_connector_y_28p00,"(11.0, 28.0, 13.0, 28.05)",23,J2CJ1,1,10.0,82,2,2,2,28004|28020,28004|28020,28004|28020,RuntimeError: accessible area not connected
room_A_connector_y_28p00,"(11.0, 28.0, 13.0, 28.05)",23,J2CJ1,2,10.0,81,1,1,3,28014,28014,28014|28031|28040,RuntimeError: accessible area not connected
room_A_connector_y_28p00,"(11.0, 28.0, 13.0, 28.05)",23,J2CJ1,3,10.0,84,0,0,2,,,28031|28036,RuntimeError: accessible area not connected
room_A_connector_y_28p00,"(11.0, 28.0, 13.0, 28.05)",23,J2CJ1,4,10.0,83,0,1,1,,28020,28020,RuntimeError: accessible area not connected
room_A_connector_y_28p00,"(11.0, 28.0, 13.0, 28.05)",24,J2CJ2,0,10.0,82,0,1,2,,28025,28011|28025,RuntimeError: accessible area not connected
room_A_connector_y_28p00,"(11.0, 28.0, 13.0, 28.05)",24,J2CJ2,1,10.0,82,2,2,2,30804|30820,30804|30820,30804|30820,RuntimeError: accessible area not connected
room_A_connector_y_28p00,"(11.0, 28.0, 13.0, 28.05)",24,J2CJ2,2,10.0,81,1,1,3,30814,30814,30814|30831|30840,RuntimeError: accessible area not connected
room_A_connector_y_28p00,"(11.0, 28.0, 13.0, 28.05)",24,J2CJ2,3,10.0,84,0,0,2,,,30831|30836,RuntimeError: accessible area not connected
room_A_connector_y_28p00,"(11.0, 28.0, 13.0, 28.05)",24,J2CJ2,4,10.0,83,0,1,1,,30820,30820,RuntimeError: accessible area not connected
room_A_connector_y_28p00,"(11.0, 28.0, 13.0, 28.05)",27,J2J3A,0,10.0,82,0,1,2,,33625,33611|33625,RuntimeError: accessible area not connected
room_A_connector_y_28p00,"(11.0, 28.0, 13.0, 28.05)",27,J2J3A,1,10.0,82,2,2,2,33604|33620,33604|33620,33604|33620,RuntimeError: accessible area not connected
room_A_connector_y_28p00,"(11.0, 28.0, 13.0, 28.05)",27,J2J3A,2,10.0,81,1,1,3,33614,33614,33614|33631|33640,RuntimeError: accessible area not connected
room_A_connector_y_28p00,"(11.0, 28.0, 13.0, 28.05)",27,J2J3A,3,10.0,84,0,0,2,,,33631|33636,RuntimeError: accessible area not connected
room_A_connector_y_28p00,"(11.0, 28.0, 13.0, 28.05)",27,J2J3A,4,10.0,83,0,1,1,,33620,33620,RuntimeError: accessible area not connected
room_A_connector_y_28p00,"(11.0, 28.0, 13.0, 28.05)",26,J2J3B,0,10.0,82,0,1,2,,30825,30811|30825,RuntimeError: accessible area not connected
room_A_connector_y_28p00,"(11.0, 28.0, 13.0, 28.05)",26,J2J3B,1,10.0,82,2,2,2,30804|30820,30804|30820,30804|30820,RuntimeError: accessible area not connected
room_A_connector_y_28p00,"(11.0, 28.0, 13.0, 28.05)",26,J2J3B,2,10.0,81,1,1,3,33614,33614,33614|33631|33640,RuntimeError: accessible area not connected
room_A_connector_y_28p00,"(11.0, 28.0, 13.0, 28.05)",26,J2J3B,3,10.0,84,0,0,2,,,33631|33636,RuntimeError: accessible area not connected
room_A_connector_y_28p00,"(11.0, 28.0, 13.0, 28.05)",26,J2J3B,4,10.0,83,0,1,1,,33620,33620,RuntimeError: accessible area not connected
room_A_connector_y_28p00,"(11.0, 28.0, 13.0, 28.05)",30,J3CA,0,10.0,82,1,1,3,36404,36404,36404|36405|36417,RuntimeError: accessible area not connected
room_A_connector_y_28p00,"(11.0, 28.0, 13.0, 28.05)",30,J3CA,1,10.0,82,0,1,2,,36420,36415|36420,RuntimeError: accessible area not connected
room_A_connector_y_28p00,"(11.0, 28.0, 13.0, 28.05)",30,J3CA,2,10.0,81,0,0,2,,,36431|36433,RuntimeError: accessible area not connected
room_A_connector_y_28p00,"(11.0, 28.0, 13.0, 28.05)",30,J3CA,3,10.0,84,0,1,3,,36407,36407|36431|36435,RuntimeError: accessible area not connected
room_A_connector_y_28p00,"(11.0, 28.0, 13.0, 28.05)",30,J3CA,4,10.0,83,0,1,2,,39230,39226|39230,RuntimeError: accessible area not connected
room_A_connector_y_28p00,"(11.0, 28.0, 13.0, 28.05)",28,J3CB,0,10.0,82,1,1,3,33604,33604,33604|33605|33617,RuntimeError: accessible area not connected
room_A_connector_y_28p00,"(11.0, 28.0, 13.0, 28.05)",28,J3CB,1,10.0,82,0,1,2,,33620,33615|33620,RuntimeError: accessible area not connected
room_A_connector_y_28p00,"(11.0, 28.0, 13.0, 28.05)",28,J3CB,2,10.0,81,0,0,2,,,33631|33633,RuntimeError: accessible area not connected
room_A_connector_y_28p00,"(11.0, 28.0, 13.0, 28.05)",28,J3CB,3,10.0,84,0,1,3,,36407,36407|36431|36435,RuntimeError: accessible area not connected
room_A_connector_y_28p00,"(11.0, 28.0, 13.0, 28.05)",28,J3CB,4,10.0,83,0,1,2,,36430,36426|36430,RuntimeError: accessible area not connected
room_A_connector_y_28p00,"(11.0, 28.0, 13.0, 28.05)",29,J3CJ2,0,10.0,82,1,1,3,36404,36404,36404|36405|36417,RuntimeError: accessible area not connected
room_A_connector_y_28p00,"(11.0, 28.0, 13.0, 28.05)",29,J3CJ2,1,10.0,82,0,1,2,,36420,36415|36420,RuntimeError: accessible area not connected
room_A_connector_y_28p00,"(11.0, 28.0, 13.0, 28.05)",29,J3CJ2,2,10.0,81,0,0,2,,,36431|36433,RuntimeError: accessible area not connected
room_A_connector_y_28p00,"(11.0, 28.0, 13.0, 28.05)",29,J3CJ2,3,10.0,84,0,1,3,,36407,36407|36431|36435,RuntimeError: accessible area not connected
room_A_connector_y_28p00,"(11.0, 28.0, 13.0, 28.05)",29,J3CJ2,4,10.0,83,0,1,2,,36430,36426|36430,RuntimeError: accessible area not connected
room_A_connector_y_28p00,"(11.0, 28.0, 13.0, 28.05)",32,J3J1A,0,10.0,82,1,1,3,39204,39204,39204|39205|39217,RuntimeError: accessible area not connected
room_A_connector_y_28p00,"(11.0, 28.0, 13.0, 28.05)",32,J3J1A,1,10.0,82,0,1,2,,39220,39215|39220,RuntimeError: accessible area not connected
room_A_connector_y_28p00,"(11.0, 28.0, 13.0, 28.05)",32,J3J1A,2,10.0,81,0,0,2,,,39231|39233,RuntimeError: accessible area not connected
room_A_connector_y_28p00,"(11.0, 28.0, 13.0, 28.05)",32,J3J1A,3,10.0,84,0,1,3,,39207,39207|39231|39235,RuntimeError: accessible area not connected
room_A_connector_y_28p00,"(11.0, 28.0, 13.0, 28.05)",32,J3J1A,4,10.0,83,0,1,2,,39230,39226|39230,RuntimeError: accessible area not connected
room_A_connector_y_28p00,"(11.0, 28.0, 13.0, 28.05)",31,J3J1B,0,10.0,82,1,1,3,39204,39204,39204|39205|39217,RuntimeError: accessible area not connected
room_A_connector_y_28p00,"(11.0, 28.0, 13.0, 28.05)",31,J3J1B,1,10.0,82,0,1,2,,39220,39215|39220,RuntimeError: accessible area not connected
room_A_connector_y_28p00,"(11.0, 28.0, 13.0, 28.05)",31,J3J1B,2,10.0,81,0,0,2,,,39231|39233,RuntimeError: accessible area not connected
room_A_connector_y_28p00,"(11.0, 28.0, 13.0, 28.05)",31,J3J1B,3,10.0,84,0,1,3,,39207,39207|39231|39235,RuntimeError: accessible area not connected
room_A_connector_y_28p00,"(11.0, 28.0, 13.0, 28.05)",31,J3J1B,4,10.0,83,0,1,2,,39230,39226|39230,RuntimeError: accessible area not connected
room_A_connector_y_28p00,"(11.0, 28.0, 13.0, 28.05)",34,J3J3A,0,10.0,82,1,1,3,42004,42004,42004|42005|42017,RuntimeError: accessible area not connected
room_A_connector_y_28p00,"(11.0, 28.0, 13.0, 28.05)",34,J3J3A,1,10.0,82,0,1,2,,42020,42015|42020,RuntimeError: accessible area not connected
room_A_connector_y_28p00,"(11.0, 28.0, 13.0, 28.05)",34,J3J3A,2,10.0,81,0,0,2,,,42031|42033,RuntimeError: accessible area not connected
room_A_connector_y_28p00,"(11.0, 28.0, 13.0, 28.05)",34,J3J3A,3,10.0,84,0,1,3,,42007,42007|42031|42035,RuntimeError: accessible area not connected
room_A_connector_y_28p00,"(11.0, 28.0, 13.0, 28.05)",34,J3J3A,4,10.0,83,0,1,2,,42030,42026|42030,RuntimeError: accessible area not connected
room_A_connector_y_28p00,"(11.0, 28.0, 13.0, 28.05)",33,J3J3B,0,10.0,82,1,1,3,42004,42004,42004|42005|42017,RuntimeError: accessible area not connected
room_A_connector_y_28p00,"(11.0, 28.0, 13.0, 28.05)",33,J3J3B,1,10.0,82,0,1,2,,42020,42015|42020,RuntimeError: accessible area not connected
room_A_connector_y_28p00,"(11.0, 28.0, 13.0, 28.05)",33,J3J3B,2,10.0,81,0,0,2,,,42031|42033,RuntimeError: accessible area not connected
room_A_connector_y_28p00,"(11.0, 28.0, 13.0, 28.05)",33,J3J3B,3,10.0,84,0,1,3,,42007,42007|42031|42035,RuntimeError: accessible area not connected
room_A_connector_y_28p00,"(11.0, 28.0, 13.0, 28.05)",33,J3J3B,4,10.0,83,0,1,2,,42030,42026|42030,RuntimeError: accessible area not connected
room_A_connector_y_28p50,"(11.0, 28.5, 13.0, 28.55)",3,ACA,0,10.0,82,0,3,3,,2804|2816|2817,2804|2816|2817,RuntimeError: accessible area not connected
room_A_connector_y_28p50,"(11.0, 28.5, 13.0, 28.55)",3,ACA,1,10.0,82,1,3,3,2804,2804|2815|2820,2804|2815|2820,RuntimeError: accessible area not connected
room_A_connector_y_28p50,"(11.0, 28.5, 13.0, 28.55)",3,ACA,2,10.0,81,0,2,2,,2831|2833,2831|2833,RuntimeError: accessible area not connected
room_A_connector_y_28p50,"(11.0, 28.5, 13.0, 28.55)",3,ACA,3,10.0,84,0,2,3,,2807|2835,2807|2831|2835,RuntimeError: accessible area not connected
room_A_connector_y_28p50,"(11.0, 28.5, 13.0, 28.55)",3,ACA,4,10.0,83,0,2,3,,2820|2826,2820|2826|2830,RuntimeError: accessible area not connected
room_A_connector_y_28p50,"(11.0, 28.5, 13.0, 28.55)",0,ACB,0,10.0,82,0,3,3,,4|16|17,4|16|17,RuntimeError: accessible area not connected
room_A_connector_y_28p50,"(11.0, 28.5, 13.0, 28.55)",0,ACB,1,10.0,82,1,3,3,4,4|15|20,4|15|20,RuntimeError: accessible area not connected
room_A_connector_y_28p50,"(11.0, 28.5, 13.0, 28.55)",0,ACB,2,10.0,81,0,2,2,,31|33,31|33,RuntimeError: accessible area not connected
room_A_connector_y_28p50,"(11.0, 28.5, 13.0, 28.55)",0,ACB,3,10.0,84,0,2,3,,7|35,7|31|35,RuntimeError: accessible area not connected
room_A_connector_y_28p50,"(11.0, 28.5, 13.0, 28.55)",0,ACB,4,10.0,83,0,2,3,,20|26,20|26|30,RuntimeError: accessible area not connected
room_A_connector_y_28p50,"(11.0, 28.5, 13.0, 28.55)",1,ACJ1,0,10.0,82,0,3,3,,4|16|17,4|16|17,RuntimeError: accessible area not connected
room_A_connector_y_28p50,"(11.0, 28.5, 13.0, 28.55)",1,ACJ1,1,10.0,82,1,3,3,4,4|15|20,4|15|20,RuntimeError: accessible area not connected
room_A_connector_y_28p50,"(11.0, 28.5, 13.0, 28.55)",1,ACJ1,2,10.0,81,0,2,2,,31|33,31|33,RuntimeError: accessible area not connected
room_A_connector_y_28p50,"(11.0, 28.5, 13.0, 28.55)",1,ACJ1,3,10.0,84,0,2,3,,7|35,7|31|35,RuntimeError: accessible area not connected
room_A_connector_y_28p50,"(11.0, 28.5, 13.0, 28.55)",1,ACJ1,4,10.0,83,0,2,3,,20|26,20|26|30,RuntimeError: accessible area not connected
room_A_connector_y_28p50,"(11.0, 28.5, 13.0, 28.55)",2,ACJ2,0,10.0,82,0,3,3,,4|16|17,4|16|17,RuntimeError: accessible area not connected
room_A_connector_y_28p50,"(11.0, 28.5, 13.0, 28.55)",2,ACJ2,1,10.0,82,1,3,3,2804,2804|2815|2820,2804|2815|2820,RuntimeError: accessible area not connected
room_A_connector_y_28p50,"(11.0, 28.5, 13.0, 28.55)",2,ACJ2,2,10.0,81,0,2,2,,2831|2833,2831|2833,RuntimeError: accessible area not connected
room_A_connector_y_28p50,"(11.0, 28.5, 13.0, 28.55)",2,ACJ2,3,10.0,84,0,2,3,,2807|2835,2807|2831|2835,RuntimeError: accessible area not connected
room_A_connector_y_28p50,"(11.0, 28.5, 13.0, 28.55)",2,ACJ2,4,10.0,83,0,2,3,,2820|2826,2820|2826|2830,RuntimeError: accessible area not connected
room_A_connector_y_28p50,"(11.0, 28.5, 13.0, 28.55)",7,AJ1A,0,10.0,82,0,3,3,,8404|8416|8417,8404|8416|8417,RuntimeError: accessible area not connected
room_A_connector_y_28p50,"(11.0, 28.5, 13.0, 28.55)",7,AJ1A,1,10.0,82,1,3,3,8404,8404|8415|8420,8404|8415|8420,RuntimeError: accessible area not connected
room_A_connector_y_28p50,"(11.0, 28.5, 13.0, 28.55)",7,AJ1A,2,10.0,81,0,2,2,,8431|8433,8431|8433,RuntimeError: accessible area not connected
room_A_connector_y_28p50,"(11.0, 28.5, 13.0, 28.55)",7,AJ1A,3,10.0,84,0,2,3,,8407|8435,8407|8431|8435,RuntimeError: accessible area not connected
room_A_connector_y_28p50,"(11.0, 28.5, 13.0, 28.55)",7,AJ1A,4,10.0,83,0,2,3,,8420|8426,8420|8426|8430,RuntimeError: accessible area not connected
room_A_connector_y_28p50,"(11.0, 28.5, 13.0, 28.55)",4,AJ1B,0,10.0,82,0,3,3,,2804|2816|2817,2804|2816|2817,RuntimeError: accessible area not connected
room_A_connector_y_28p50,"(11.0, 28.5, 13.0, 28.55)",4,AJ1B,1,10.0,82,1,3,3,2804,2804|2815|2820,2804|2815|2820,RuntimeError: accessible area not connected
room_A_connector_y_28p50,"(11.0, 28.5, 13.0, 28.55)",4,AJ1B,2,10.0,81,0,2,2,,5631|5633,5631|5633,RuntimeError: accessible area not connected
room_A_connector_y_28p50,"(11.0, 28.5, 13.0, 28.55)",4,AJ1B,3,10.0,84,0,2,3,,5607|5635,5607|5631|5635,RuntimeError: accessible area not connected
room_A_connector_y_28p50,"(11.0, 28.5, 13.0, 28.55)",4,AJ1B,4,10.0,83,0,2,3,,5620|5626,5620|5626|5630,RuntimeError: accessible area not connected
room_A_connector_y_28p50,"(11.0, 28.5, 13.0, 28.55)",5,AJ1J1,0,10.0,82,0,3,3,,5604|5616|5617,5604|5616|5617,RuntimeError: accessible area not connected
room_A_connector_y_28p50,"(11.0, 28.5, 13.0, 28.55)",5,AJ1J1,1,10.0,82,1,3,3,5604,5604|5615|5620,5604|5615|5620,RuntimeError: accessible area not connected
room_A_connector_y_28p50,"(11.0, 28.5, 13.0, 28.55)",5,AJ1J1,2,10.0,81,0,2,2,,5631|5633,5631|5633,RuntimeError: accessible area not connected
room_A_connector_y_28p50,"(11.0, 28.5, 13.0, 28.55)",5,AJ1J1,3,10.0,84,0,2,3,,5607|5635,5607|5631|5635,RuntimeError: accessible area not connected
room_A_connector_y_28p50,"(11.0, 28.5, 13.0, 28.55)",5,AJ1J1,4,10.0,83,0,2,3,,5620|5626,5620|5626|5630,RuntimeError: accessible area not connected
room_A_connector_y_28p50,"(11.0, 28.5, 13.0, 28.55)",6,AJ1J2,0,10.0,82,0,3,3,,5604|5616|5617,5604|5616|5617,RuntimeError: accessible area not connected
room_A_connector_y_28p50,"(11.0, 28.5, 13.0, 28.55)",6,AJ1J2,1,10.0,82,1,3,3,5604,5604|5615|5620,5604|5615|5620,RuntimeError: accessible area not connected
room_A_connector_y_28p50,"(11.0, 28.5, 13.0, 28.55)",6,AJ1J2,2,10.0,81,0,2,2,,5631|5633,5631|5633,RuntimeError: accessible area not connected
room_A_connector_y_28p50,"(11.0, 28.5, 13.0, 28.55)",6,AJ1J2,3,10.0,84,0,2,3,,8407|8435,8407|8431|8435,RuntimeError: accessible area not connected
room_A_connector_y_28p50,"(11.0, 28.5, 13.0, 28.55)",6,AJ1J2,4,10.0,83,0,2,3,,8420|8426,8420|8426|8430,RuntimeError: accessible area not connected
room_A_connector_y_28p50,"(11.0, 28.5, 13.0, 28.55)",10,AJ3A,0,10.0,82,0,3,3,,11204|11216|11217,11204|11216|11217,RuntimeError: accessible area not connected
room_A_connector_y_28p50,"(11.0, 28.5, 13.0, 28.55)",10,AJ3A,1,10.0,82,1,3,3,11204,11204|11215|11220,11204|11215|11220,RuntimeError: accessible area not connected
room_A_connector_y_28p50,"(11.0, 28.5, 13.0, 28.55)",10,AJ3A,2,10.0,81,0,2,2,,11231|11233,11231|11233,RuntimeError: accessible area not connected
room_A_connector_y_28p50,"(11.0, 28.5, 13.0, 28.55)",10,AJ3A,3,10.0,84,0,2,3,,11207|11235,11207|11231|11235,RuntimeError: accessible area not connected
room_A_connector_y_28p50,"(11.0, 28.5, 13.0, 28.55)",10,AJ3A,4,10.0,83,0,2,3,,11220|11226,11220|11226|11230,RuntimeError: accessible area not connected
room_A_connector_y_28p50,"(11.0, 28.5, 13.0, 28.55)",8,AJ3B,0,10.0,82,0,3,3,,8404|8416|8417,8404|8416|8417,RuntimeError: accessible area not connected
room_A_connector_y_28p50,"(11.0, 28.5, 13.0, 28.55)",8,AJ3B,1,10.0,82,1,3,3,8404,8404|8415|8420,8404|8415|8420,RuntimeError: accessible area not connected
room_A_connector_y_28p50,"(11.0, 28.5, 13.0, 28.55)",8,AJ3B,2,10.0,81,0,2,2,,8431|8433,8431|8433,RuntimeError: accessible area not connected
room_A_connector_y_28p50,"(11.0, 28.5, 13.0, 28.55)",8,AJ3B,3,10.0,84,0,2,3,,8407|8435,8407|8431|8435,RuntimeError: accessible area not connected
room_A_connector_y_28p50,"(11.0, 28.5, 13.0, 28.55)",8,AJ3B,4,10.0,83,0,2,3,,11220|11226,11220|11226|11230,RuntimeError: accessible area not connected
room_A_connector_y_28p50,"(11.0, 28.5, 13.0, 28.55)",9,AJ3J1,0,10.0,82,0,3,3,,11204|11216|11217,11204|11216|11217,RuntimeError: accessible area not connected
room_A_connector_y_28p50,"(11.0, 28.5, 13.0, 28.55)",9,AJ3J1,1,10.0,82,1,3,3,11204,11204|11215|11220,11204|11215|11220,RuntimeError: accessible area not connected
room_A_connector_y_28p50,"(11.0, 28.5, 13.0, 28.55)",9,AJ3J1,2,10.0,81,0,2,2,,11231|11233,11231|11233,RuntimeError: accessible area not connected
room_A_connector_y_28p50,"(11.0, 28.5, 13.0, 28.55)",9,AJ3J1,3,10.0,84,0,2,3,,11207|11235,11207|11231|11235,RuntimeError: accessible area not connected
room_A_connector_y_28p50,"(11.0, 28.5, 13.0, 28.55)",9,AJ3J1,4,10.0,83,0,2,3,,11220|11226,11220|11226|11230,RuntimeError: accessible area not connected
room_A_connector_y_28p50,"(11.0, 28.5, 13.0, 28.55)",14,CCA,0,10.0,82,0,3,3,,16811|16816|16825,16811|16816|16825,RuntimeError: accessible area not connected
room_A_connector_y_28p50,"(11.0, 28.5, 13.0, 28.55)",14,CCA,1,10.0,82,0,3,3,,16803|16804|16820,16803|16804|16820,RuntimeError: accessible area not connected
room_A_connector_y_28p50,"(11.0, 28.5, 13.0, 28.55)",14,CCA,2,10.0,81,0,1,2,,16814,16814|16833,RuntimeError: accessible area not connected
room_A_connector_y_28p50,"(11.0, 28.5, 13.0, 28.55)",14,CCA,3,10.0,84,0,1,2,,16831,16831|16840,RuntimeError: accessible area not connected
room_A_connector_y_28p50,"(11.0, 28.5, 13.0, 28.55)",14,CCA,4,10.0,83,0,2,2,,16820|16831,16820|16831,RuntimeError: accessible area not connected
room_A_connector_y_28p50,"(11.0, 28.5, 13.0, 28.55)",11,CCB,0,10.0,82,0,3,3,,14011|14016|14025,14011|14016|14025,RuntimeError: accessible area not connected
room_A_connector_y_28p50,"(11.0, 28.5, 13.0, 28.55)",11,CCB,1,10.0,82,0,3,3,,14003|14004|14020,14003|14004|14020,RuntimeError: accessible area not connected
room_A_connector_y_28p50,"(11.0, 28.5, 13.0, 28.55)",11,CCB,2,10.0,81,0,1,2,,14014,14014|14033,RuntimeError: accessible area not connected
room_A_connector_y_28p50,"(11.0, 28.5, 13.0, 28.55)",11,CCB,3,10.0,84,0,1,2,,14031,14031|14040,RuntimeError: accessible area not connected
room_A_connector_y_28p50,"(11.0, 28.5, 13.0, 28.55)",11,CCB,4,10.0,83,0,2,2,,14020|14031,14020|14031,RuntimeError: accessible area not connected
room_A_connector_y_28p50,"(11.0, 28.5, 13.0, 28.55)",12,CCJ1,0,10.0,82,0,3,3,,14011|14016|14025,14011|14016|14025,RuntimeError: accessible area not connected
room_A_connector_y_28p50,"(11.0, 28.5, 13.0, 28.55)",12,CCJ1,1,10.0,82,0,3,3,,14003|14004|14020,14003|14004|14020,RuntimeError: accessible area not connected
room_A_connector_y_28p50,"(11.0, 28.5, 13.0, 28.55)",12,CCJ1,2,10.0,81,0,1,2,,14014,14014|14033,RuntimeError: accessible area not connected
room_A_connector_y_28p50,"(11.0, 28.5, 13.0, 28.55)",12,CCJ1,3,10.0,84,0,1,2,,14031,14031|14040,RuntimeError: accessible area not connected
room_A_connector_y_28p50,"(11.0, 28.5, 13.0, 28.55)",12,CCJ1,4,10.0,83,0,2,2,,14020|14031,14020|14031,RuntimeError: accessible area not connected
room_A_connector_y_28p50,"(11.0, 28.5, 13.0, 28.55)",13,CCJ2,0,10.0,82,0,3,3,,14011|14016|14025,14011|14016|14025,RuntimeError: accessible area not connected
room_A_connector_y_28p50,"(11.0, 28.5, 13.0, 28.55)",13,CCJ2,1,10.0,82,0,3,3,,16803|16804|16820,16803|16804|16820,RuntimeError: accessible area not connected
room_A_connector_y_28p50,"(11.0, 28.5, 13.0, 28.55)",13,CCJ2,2,10.0,81,0,1,2,,16814,16814|16833,RuntimeError: accessible area not connected
room_A_connector_y_28p50,"(11.0, 28.5, 13.0, 28.55)",13,CCJ2,3,10.0,84,0,1,2,,16831,16831|16840,RuntimeError: accessible area not connected
room_A_connector_y_28p50,"(11.0, 28.5, 13.0, 28.55)",13,CCJ2,4,10.0,83,0,2,2,,16820|16831,16820|16831,RuntimeError: accessible area not connected
room_A_connector_y_28p50,"(11.0, 28.5, 13.0, 28.55)",18,CJ1A,0,10.0,82,0,3,3,,22411|22416|22425,22411|22416|22425,RuntimeError: accessible area not connected
room_A_connector_y_28p50,"(11.0, 28.5, 13.0, 28.55)",18,CJ1A,1,10.0,82,0,3,3,,22403|22404|22420,22403|22404|22420,RuntimeError: accessible area not connected
room_A_connector_y_28p50,"(11.0, 28.5, 13.0, 28.55)",18,CJ1A,2,10.0,81,0,1,2,,22414,22414|22433,RuntimeError: accessible area not connected
room_A_connector_y_28p50,"(11.0, 28.5, 13.0, 28.55)",18,CJ1A,3,10.0,84,0,1,2,,22431,22431|22440,RuntimeError: accessible area not connected
room_A_connector_y_28p50,"(11.0, 28.5, 13.0, 28.55)",18,CJ1A,4,10.0,83,0,2,2,,22420|22431,22420|22431,RuntimeError: accessible area not connected
room_A_connector_y_28p50,"(11.0, 28.5, 13.0, 28.55)",15,CJ1B,0,10.0,82,0,3,3,,16811|16816|16825,16811|16816|16825,RuntimeError: accessible area not connected
room_A_connector_y_28p50,"(11.0, 28.5, 13.0, 28.55)",15,CJ1B,1,10.0,82,0,3,3,,16803|16804|16820,16803|16804|16820,RuntimeError: accessible area not connected
room_A_connector_y_28p50,"(11.0, 28.5, 13.0, 28.55)",15,CJ1B,2,10.0,81,0,1,2,,19614,19614|19633,RuntimeError: accessible area not connected
room_A_connector_y_28p50,"(11.0, 28.5, 13.0, 28.55)",15,CJ1B,3,10.0,84,0,1,2,,19631,19631|19640,RuntimeError: accessible area not connected
room_A_connector_y_28p50,"(11.0, 28.5, 13.0, 28.55)",15,CJ1B,4,10.0,83,0,2,2,,19620|19631,19620|19631,RuntimeError: accessible area not connected
room_A_connector_y_28p50,"(11.0, 28.5, 13.0, 28.55)",16,CJ1J1,0,10.0,82,0,3,3,,19611|19616|19625,19611|19616|19625,RuntimeError: accessible area not connected
room_A_connector_y_28p50,"(11.0, 28.5, 13.0, 28.55)",16,CJ1J1,1,10.0,82,0,3,3,,19603|19604|19620,19603|19604|19620,RuntimeError: accessible area not connected
room_A_connector_y_28p50,"(11.0, 28.5, 13.0, 28.55)",16,CJ1J1,2,10.0,81,0,1,2,,19614,19614|19633,RuntimeError: accessible area not connected
room_A_connector_y_28p50,"(11.0, 28.5, 13.0, 28.55)",16,CJ1J1,3,10.0,84,0,1,2,,19631,19631|19640,RuntimeError: accessible area not connected
room_A_connector_y_28p50,"(11.0, 28.5, 13.0, 28.55)",16,CJ1J1,4,10.0,83,0,2,2,,19620|19631,19620|19631,RuntimeError: accessible area not connected
room_A_connector_y_28p50,"(11.0, 28.5, 13.0, 28.55)",17,CJ1J2,0,10.0,82,0,3,3,,19611|19616|19625,19611|19616|19625,RuntimeError: accessible area not connected
room_A_connector_y_28p50,"(11.0, 28.5, 13.0, 28.55)",17,CJ1J2,1,10.0,82,0,3,3,,19603|19604|19620,19603|19604|19620,RuntimeError: accessible area not connected
room_A_connector_y_28p50,"(11.0, 28.5, 13.0, 28.55)",17,CJ1J2,2,10.0,81,0,1,2,,19614,19614|19633,RuntimeError: accessible area not connected
room_A_connector_y_28p50,"(11.0, 28.5, 13.0, 28.55)",17,CJ1J2,3,10.0,84,0,1,2,,22431,22431|22440,RuntimeError: accessible area not connected
room_A_connector_y_28p50,"(11.0, 28.5, 13.0, 28.55)",17,CJ1J2,4,10.0,83,0,2,2,,22420|22431,22420|22431,RuntimeError: accessible area not connected
room_A_connector_y_28p50,"(11.0, 28.5, 13.0, 28.55)",21,CJ3A,0,10.0,82,0,3,3,,25211|25216|25225,25211|25216|25225,RuntimeError: accessible area not connected
room_A_connector_y_28p50,"(11.0, 28.5, 13.0, 28.55)",21,CJ3A,1,10.0,82,0,3,3,,25203|25204|25220,25203|25204|25220,RuntimeError: accessible area not connected
room_A_connector_y_28p50,"(11.0, 28.5, 13.0, 28.55)",21,CJ3A,2,10.0,81,0,1,2,,25214,25214|25233,RuntimeError: accessible area not connected
room_A_connector_y_28p50,"(11.0, 28.5, 13.0, 28.55)",21,CJ3A,3,10.0,84,0,1,2,,25231,25231|25240,RuntimeError: accessible area not connected
room_A_connector_y_28p50,"(11.0, 28.5, 13.0, 28.55)",21,CJ3A,4,10.0,83,0,2,2,,25220|25231,25220|25231,RuntimeError: accessible area not connected
room_A_connector_y_28p50,"(11.0, 28.5, 13.0, 28.55)",19,CJ3B,0,10.0,82,0,3,3,,22411|22416|22425,22411|22416|22425,RuntimeError: accessible area not connected
room_A_connector_y_28p50,"(11.0, 28.5, 13.0, 28.55)",19,CJ3B,1,10.0,82,0,3,3,,22403|22404|22420,22403|22404|22420,RuntimeError: accessible area not connected
room_A_connector_y_28p50,"(11.0, 28.5, 13.0, 28.55)",19,CJ3B,2,10.0,81,0,1,2,,22414,22414|22433,RuntimeError: accessible area not connected
room_A_connector_y_28p50,"(11.0, 28.5, 13.0, 28.55)",19,CJ3B,3,10.0,84,0,1,2,,22431,22431|22440,RuntimeError: accessible area not connected
room_A_connector_y_28p50,"(11.0, 28.5, 13.0, 28.55)",19,CJ3B,4,10.0,83,0,2,2,,25220|25231,25220|25231,RuntimeError: accessible area not connected
room_A_connector_y_28p50,"(11.0, 28.5, 13.0, 28.55)",20,CJ3J1,0,10.0,82,0,3,3,,25211|25216|25225,25211|25216|25225,RuntimeError: accessible area not connected
room_A_connector_y_28p50,"(11.0, 28.5, 13.0, 28.55)",20,CJ3J1,1,10.0,82,0,3,3,,25203|25204|25220,25203|25204|25220,RuntimeError: accessible area not connected
room_A_connector_y_28p50,"(11.0, 28.5, 13.0, 28.55)",20,CJ3J1,2,10.0,81,0,1,2,,25214,25214|25233,RuntimeError: accessible area not connected
room_A_connector_y_28p50,"(11.0, 28.5, 13.0, 28.55)",20,CJ3J1,3,10.0,84,0,1,2,,25231,25231|25240,RuntimeError: accessible area not connected
room_A_connector_y_28p50,"(11.0, 28.5, 13.0, 28.55)",20,CJ3J1,4,10.0,83,0,2,2,,25220|25231,25220|25231,RuntimeError: accessible area not connected
room_A_connector_y_28p50,"(11.0, 28.5, 13.0, 28.55)",25,J2CA,0,10.0,82,0,2,4,,30805|30830,30805|30811|30825|30830,RuntimeError: accessible area not connected
room_A_connector_y_28p50,"(11.0, 28.5, 13.0, 28.55)",25,J2CA,1,10.0,82,0,1,1,,30816,30816,RuntimeError: accessible area not connected
room_A_connector_y_28p50,"(11.0, 28.5, 13.0, 28.55)",25,J2CA,2,10.0,81,0,0,1,,,30833,RuntimeError: accessible area not connected
room_A_connector_y_28p50,"(11.0, 28.5, 13.0, 28.55)",25,J2CA,3,10.0,84,0,2,2,,30831|30840,30831|30840,RuntimeError: accessible area not connected
room_A_connector_y_28p50,"(11.0, 28.5, 13.0, 28.55)",25,J2CA,4,10.0,83,1,1,3,30831,30831,30820|30830|30831,RuntimeError: accessible area not connected
room_A_connector_y_28p50,"(11.0, 28.5, 13.0, 28.55)",22,J2CB,0,10.0,82,0,2,4,,28005|28030,28005|28011|28025|28030,RuntimeError: accessible area not connected
room_A_connector_y_28p50,"(11.0, 28.5, 13.0, 28.55)",22,J2CB,1,10.0,82,0,1,1,,28016,28016,RuntimeError: accessible area not connected
room_A_connector_y_28p50,"(11.0, 28.5, 13.0, 28.55)",22,J2CB,2,10.0,81,0,0,1,,,28033,RuntimeError: accessible area not connected
room_A_connector_y_28p50,"(11.0, 28.5, 13.0, 28.55)",22,J2CB,3,10.0,84,0,2,2,,28031|28040,28031|28040,RuntimeError: accessible area not connected
room_A_connector_y_28p50,"(11.0, 28.5, 13.0, 28.55)",22,J2CB,4,10.0,83,1,1,3,28031,28031,28020|28030|28031,RuntimeError: accessible area not connected
room_A_connector_y_28p50,"(11.0, 28.5, 13.0, 28.55)",23,J2CJ1,0,10.0,82,0,2,4,,28005|28030,28005|28011|28025|28030,RuntimeError: accessible area not connected
room_A_connector_y_28p50,"(11.0, 28.5, 13.0, 28.55)",23,J2CJ1,1,10.0,82,0,1,1,,28016,28016,RuntimeError: accessible area not connected
room_A_connector_y_28p50,"(11.0, 28.5, 13.0, 28.55)",23,J2CJ1,2,10.0,81,0,0,1,,,28033,RuntimeError: accessible area not connected
room_A_connector_y_28p50,"(11.0, 28.5, 13.0, 28.55)",23,J2CJ1,3,10.0,84,0,2,2,,28031|28040,28031|28040,RuntimeError: accessible area not connected
room_A_connector_y_28p50,"(11.0, 28.5, 13.0, 28.55)",23,J2CJ1,4,10.0,83,1,1,3,28031,28031,28020|28030|28031,RuntimeError: accessible area not connected
room_A_connector_y_28p50,"(11.0, 28.5, 13.0, 28.55)",24,J2CJ2,0,10.0,82,0,2,4,,28005|28030,28005|28011|28025|28030,RuntimeError: accessible area not connected
room_A_connector_y_28p50,"(11.0, 28.5, 13.0, 28.55)",24,J2CJ2,1,10.0,82,0,1,1,,30816,30816,RuntimeError: accessible area not connected
room_A_connector_y_28p50,"(11.0, 28.5, 13.0, 28.55)",24,J2CJ2,2,10.0,81,0,0,1,,,30833,RuntimeError: accessible area not connected
room_A_connector_y_28p50,"(11.0, 28.5, 13.0, 28.55)",24,J2CJ2,3,10.0,84,0,2,2,,30831|30840,30831|30840,RuntimeError: accessible area not connected
room_A_connector_y_28p50,"(11.0, 28.5, 13.0, 28.55)",24,J2CJ2,4,10.0,83,1,1,3,30831,30831,30820|30830|30831,RuntimeError: accessible area not connected
room_A_connector_y_28p50,"(11.0, 28.5, 13.0, 28.55)",27,J2J3A,0,10.0,82,0,2,4,,33605|33630,33605|33611|33625|33630,RuntimeError: accessible area not connected
room_A_connector_y_28p50,"(11.0, 28.5, 13.0, 28.55)",27,J2J3A,1,10.0,82,0,1,1,,33616,33616,RuntimeError: accessible area not connected
room_A_connector_y_28p50,"(11.0, 28.5, 13.0, 28.55)",27,J2J3A,2,10.0,81,0,0,1,,,33633,RuntimeError: accessible area not connected
room_A_connector_y_28p50,"(11.0, 28.5, 13.0, 28.55)",27,J2J3A,3,10.0,84,0,2,2,,33631|33640,33631|33640,RuntimeError: accessible area not connected
room_A_connector_y_28p50,"(11.0, 28.5, 13.0, 28.55)",27,J2J3A,4,10.0,83,1,1,3,33631,33631,33620|33630|33631,RuntimeError: accessible area not connected
room_A_connector_y_28p50,"(11.0, 28.5, 13.0, 28.55)",26,J2J3B,0,10.0,82,0,2,4,,30805|30830,30805|30811|30825|30830,RuntimeError: accessible area not connected
room_A_connector_y_28p50,"(11.0, 28.5, 13.0, 28.55)",26,J2J3B,1,10.0,82,0,1,1,,30816,30816,RuntimeError: accessible area not connected
room_A_connector_y_28p50,"(11.0, 28.5, 13.0, 28.55)",26,J2J3B,2,10.0,81,0,0,1,,,33633,RuntimeError: accessible area not connected
room_A_connector_y_28p50,"(11.0, 28.5, 13.0, 28.55)",26,J2J3B,3,10.0,84,0,2,2,,33631|33640,33631|33640,RuntimeError: accessible area not connected
room_A_connector_y_28p50,"(11.0, 28.5, 13.0, 28.55)",26,J2J3B,4,10.0,83,1,1,3,33631,33631,33620|33630|33631,RuntimeError: accessible area not connected
room_A_connector_y_28p50,"(11.0, 28.5, 13.0, 28.55)",30,J3CA,0,10.0,82,0,1,2,,36430,36405|36430,RuntimeError: accessible area not connected
room_A_connector_y_28p50,"(11.0, 28.5, 13.0, 28.55)",30,J3CA,1,10.0,82,1,1,3,36437,36437,36420|36430|36437,RuntimeError: accessible area not connected
room_A_connector_y_28p50,"(11.0, 28.5, 13.0, 28.55)",30,J3CA,2,10.0,81,0,1,2,,36431,36406|36431,RuntimeError: accessible area not connected
room_A_connector_y_28p50,"(11.0, 28.5, 13.0, 28.55)",30,J3CA,3,10.0,84,0,0,2,,,36407|36418,RuntimeError: accessible area not connected
room_A_connector_y_28p50,"(11.0, 28.5, 13.0, 28.55)",30,J3CA,4,10.0,83,0,2,3,,39231|39235,39230|39231|39235,RuntimeError: accessible area not connected
room_A_connector_y_28p50,"(11.0, 28.5, 13.0, 28.55)",28,J3CB,0,10.0,82,0,1,2,,33630,33605|33630,RuntimeError: accessible area not connected
room_A_connector_y_28p50,"(11.0, 28.5, 13.0, 28.55)",28,J3CB,1,10.0,82,1,1,3,33637,33637,33620|33630|33637,RuntimeError: accessible area not connected
room_A_connector_y_28p50,"(11.0, 28.5, 13.0, 28.55)",28,J3CB,2,10.0,81,0,1,2,,33631,33606|33631,RuntimeError: accessible area not connected
room_A_connector_y_28p50,"(11.0, 28.5, 13.0, 28.55)",28,J3CB,3,10.0,84,0,0,2,,,36407|36418,RuntimeError: accessible area not connected
room_A_connector_y_28p50,"(11.0, 28.5, 13.0, 28.55)",28,J3CB,4,10.0,83,0,2,3,,36431|36435,36430|36431|36435,RuntimeError: accessible area not connected
room_A_connector_y_28p50,"(11.0, 28.5, 13.0, 28.55)",29,J3CJ2,0,10.0,82,0,1,2,,36430,36405|36430,RuntimeError: accessible area not connected
room_A_connector_y_28p50,"(11.0, 28.5, 13.0, 28.55)",29,J3CJ2,1,10.0,82,1,1,3,36437,36437,36420|36430|36437,RuntimeError: accessible area not connected
room_A_connector_y_28p50,"(11.0, 28.5, 13.0, 28.55)",29,J3CJ2,2,10.0,81,0,1,2,,36431,36406|36431,RuntimeError: accessible area not connected
room_A_connector_y_28p50,"(11.0, 28.5, 13.0, 28.55)",29,J3CJ2,3,10.0,84,0,0,2,,,36407|36418,RuntimeError: accessible area not connected
room_A_connector_y_28p50,"(11.0, 28.5, 13.0, 28.55)",29,J3CJ2,4,10.0,83,0,2,3,,36431|36435,36430|36431|36435,RuntimeError: accessible area not connected
room_A_connector_y_28p50,"(11.0, 28.5, 13.0, 28.55)",32,J3J1A,0,10.0,82,0,1,2,,39230,39205|39230,RuntimeError: accessible area not connected
room_A_connector_y_28p50,"(11.0, 28.5, 13.0, 28.55)",32,J3J1A,1,10.0,82,1,1,3,39237,39237,39220|39230|39237,RuntimeError: accessible area not connected
room_A_connector_y_28p50,"(11.0, 28.5, 13.0, 28.55)",32,J3J1A,2,10.0,81,0,1,2,,39231,39206|39231,RuntimeError: accessible area not connected
room_A_connector_y_28p50,"(11.0, 28.5, 13.0, 28.55)",32,J3J1A,3,10.0,84,0,0,2,,,39207|39218,RuntimeError: accessible area not connected
room_A_connector_y_28p50,"(11.0, 28.5, 13.0, 28.55)",32,J3J1A,4,10.0,83,0,2,3,,39231|39235,39230|39231|39235,RuntimeError: accessible area not connected
room_A_connector_y_28p50,"(11.0, 28.5, 13.0, 28.55)",31,J3J1B,0,10.0,82,0,1,2,,39230,39205|39230,RuntimeError: accessible area not connected
room_A_connector_y_28p50,"(11.0, 28.5, 13.0, 28.55)",31,J3J1B,1,10.0,82,1,1,3,39237,39237,39220|39230|39237,RuntimeError: accessible area not connected
room_A_connector_y_28p50,"(11.0, 28.5, 13.0, 28.55)",31,J3J1B,2,10.0,81,0,1,2,,39231,39206|39231,RuntimeError: accessible area not connected
room_A_connector_y_28p50,"(11.0, 28.5, 13.0, 28.55)",31,J3J1B,3,10.0,84,0,0,2,,,39207|39218,RuntimeError: accessible area not connected
room_A_connector_y_28p50,"(11.0, 28.5, 13.0, 28.55)",31,J3J1B,4,10.0,83,0,2,3,,39231|39235,39230|39231|39235,RuntimeError: accessible area not connected
room_A_connector_y_28p50,"(11.0, 28.5, 13.0, 28.55)",34,J3J3A,0,10.0,82,0,1,2,,42030,42005|42030,RuntimeError: accessible area not connected
room_A_connector_y_28p50,"(11.0, 28.5, 13.0, 28.55)",34,J3J3A,1,10.0,82,1,1,3,42037,42037,42020|42030|42037,RuntimeError: accessible area not connected
room_A_connector_y_28p50,"(11.0, 28.5, 13.0, 28.55)",34,J3J3A,2,10.0,81,0,1,2,,42031,42006|42031,RuntimeError: accessible area not connected
room_A_connector_y_28p50,"(11.0, 28.5, 13.0, 28.55)",34,J3J3A,3,10.0,84,0,0,2,,,42007|42018,RuntimeError: accessible area not connected
room_A_connector_y_28p50,"(11.0, 28.5, 13.0, 28.55)",34,J3J3A,4,10.0,83,0,2,3,,42031|42035,42030|42031|42035,RuntimeError: accessible area not connected
room_A_connector_y_28p50,"(11.0, 28.5, 13.0, 28.55)",33,J3J3B,0,10.0,82,0,1,2,,42030,42005|42030,RuntimeError: accessible area not connected
room_A_connector_y_28p50,"(11.0, 28.5, 13.0, 28.55)",33,J3J3B,1,10.0,82,1,1,3,42037,42037,42020|42030|42037,RuntimeError: accessible area not connected
room_A_connector_y_28p50,"(11.0, 28.5, 13.0, 28.55)",33,J3J3B,2,10.0,81,0,1,2,,42031,42006|42031,RuntimeError: accessible area not connected
room_A_connector_y_28p50,"(11.0, 28.5, 13.0, 28.55)",33,J3J3B,3,10.0,84,0,0,2,,,42007|42018,RuntimeError: accessible area not connected
room_A_connector_y_28p50,"(11.0, 28.5, 13.0, 28.55)",33,J3J3B,4,10.0,83,0,2,3,,42031|42035,42030|42031|42035,RuntimeError: accessible area not connected
room_A_connector_y_29p00,"(11.0, 29.0, 13.0, 29.05)",3,ACA,0,10.0,82,0,0,2,,,2805|2830,RuntimeError: accessible area not connected
room_A_connector_y_29p00,"(11.0, 29.0, 13.0, 29.05)",3,ACA,1,10.0,82,0,0,2,,,2820|2830,RuntimeError: accessible area not connected
room_A_connector_y_29p00,"(11.0, 29.0, 13.0, 29.05)",3,ACA,2,10.0,81,0,1,1,,2806,2806,RuntimeError: accessible area not connected
room_A_connector_y_29p00,"(11.0, 29.0, 13.0, 29.05)",3,ACA,3,10.0,84,0,1,3,,2818,2802|2818|2840,RuntimeError: accessible area not connected
room_A_connector_y_29p00,"(11.0, 29.0, 13.0, 29.05)",3,ACA,4,10.0,83,0,2,3,,2801|2831,2801|2830|2831,RuntimeError: accessible area not connected
room_A_connector_y_29p00,"(11.0, 29.0, 13.0, 29.05)",0,ACB,0,10.0,82,0,0,2,,,5|30,RuntimeError: accessible area not connected
room_A_connector_y_29p00,"(11.0, 29.0, 13.0, 29.05)",0,ACB,1,10.0,82,0,0,2,,,20|30,RuntimeError: accessible area not connected
room_A_connector_y_29p00,"(11.0, 29.0, 13.0, 29.05)",0,ACB,2,10.0,81,0,1,1,,6,6,RuntimeError: accessible area not connected
room_A_connector_y_29p00,"(11.0, 29.0, 13.0, 29.05)",0,ACB,3,10.0,84,0,1,3,,18,2|18|40,RuntimeError: accessible area not connected
room_A_connector_y_29p00,"(11.0, 29.0, 13.0, 29.05)",0,ACB,4,10.0,83,0,2,3,,1|31,1|30|31,RuntimeError: accessible area not connected
room_A_connector_y_29p00,"(11.0, 29.0, 13.0, 29.05)",1,ACJ1,0,10.0,82,0,0,2,,,5|30,RuntimeError: accessible area not connected
room_A_connector_y_29p00,"(11.0, 29.0, 13.0, 29.05)",1,ACJ1,1,10.0,82,0,0,2,,,20|30,RuntimeError: accessible area not connected
room_A_connector_y_29p00,"(11.0, 29.0, 13.0, 29.05)",1,ACJ1,2,10.0,81,0,1,1,,6,6,RuntimeError: accessible area not connected
room_A_connector_y_29p00,"(11.0, 29.0, 13.0, 29.05)",1,ACJ1,3,10.0,84,0,1,3,,18,2|18|40,RuntimeError: accessible area not connected
room_A_connector_y_29p00,"(11.0, 29.0, 13.0, 29.05)",1,ACJ1,4,10.0,83,0,2,3,,1|31,1|30|31,RuntimeError: accessible area not connected
room_A_connector_y_29p00,"(11.0, 29.0, 13.0, 29.05)",2,ACJ2,0,10.0,82,0,0,2,,,5|30,RuntimeError: accessible area not connected
room_A_connector_y_29p00,"(11.0, 29.0, 13.0, 29.05)",2,ACJ2,1,10.0,82,0,0,2,,,2820|2830,RuntimeError: accessible area not connected
room_A_connector_y_29p00,"(11.0, 29.0, 13.0, 29.05)",2,ACJ2,2,10.0,81,0,1,1,,2806,2806,RuntimeError: accessible area not connected
room_A_connector_y_29p00,"(11.0, 29.0, 13.0, 29.05)",2,ACJ2,3,10.0,84,0,1,3,,2818,2802|2818|2840,RuntimeError: accessible area not connected
room_A_connector_y_29p00,"(11.0, 29.0, 13.0, 29.05)",2,ACJ2,4,10.0,83,0,2,3,,2801|2831,2801|2830|2831,RuntimeError: accessible area not connected
room_A_connector_y_29p00,"(11.0, 29.0, 13.0, 29.05)",7,AJ1A,0,10.0,82,0,0,2,,,8405|8430,RuntimeError: accessible area not connected
room_A_connector_y_29p00,"(11.0, 29.0, 13.0, 29.05)",7,AJ1A,1,10.0,82,0,0,2,,,8420|8430,RuntimeError: accessible area not connected
room_A_connector_y_29p00,"(11.0, 29.0, 13.0, 29.05)",7,AJ1A,2,10.0,81,0,1,1,,8406,8406,RuntimeError: accessible area not connected
room_A_connector_y_29p00,"(11.0, 29.0, 13.0, 29.05)",7,AJ1A,3,10.0,84,0,1,3,,8418,8402|8418|8440,RuntimeError: accessible area not connected
room_A_connector_y_29p00,"(11.0, 29.0, 13.0, 29.05)",7,AJ1A,4,10.0,83,0,2,3,,8401|8431,8401|8430|8431,RuntimeError: accessible area not connected
room_A_connector_y_29p00,"(11.0, 29.0, 13.0, 29.05)",4,AJ1B,0,10.0,82,0,0,2,,,2805|2830,RuntimeError: accessible area not connected
room_A_connector_y_29p00,"(11.0, 29.0, 13.0, 29.05)",4,AJ1B,1,10.0,82,0,0,2,,,2820|2830,RuntimeError: accessible area not connected
room_A_connector_y_29p00,"(11.0, 29.0, 13.0, 29.05)",4,AJ1B,2,10.0,81,0,1,1,,5606,5606,RuntimeError: accessible area not connected
room_A_connector_y_29p00,"(11.0, 29.0, 13.0, 29.05)",4,AJ1B,3,10.0,84,0,1,3,,5618,5602|5618|5640,RuntimeError: accessible area not connected
room_A_connector_y_29p00,"(11.0, 29.0, 13.0, 29.05)",4,AJ1B,4,10.0,83,0,2,3,,5601|5631,5601|5630|5631,RuntimeError: accessible area not connected
room_A_connector_y_29p00,"(11.0, 29.0, 13.0, 29.05)",5,AJ1J1,0,10.0,82,0,0,2,,,5605|5630,RuntimeError: accessible area not connected
room_A_connector_y_29p00,"(11.0, 29.0, 13.0, 29.05)",5,AJ1J1,1,10.0,82,0,0,2,,,5620|5630,RuntimeError: accessible area not connected
room_A_connector_y_29p00,"(11.0, 29.0, 13.0, 29.05)",5,AJ1J1,2,10.0,81,0,1,1,,5606,5606,RuntimeError: accessible area not connected
room_A_connector_y_29p00,"(11.0, 29.0, 13.0, 29.05)",5,AJ1J1,3,10.0,84,0,1,3,,5618,5602|5618|5640,RuntimeError: accessible area not connected
room_A_connector_y_29p00,"(11.0, 29.0, 13.0, 29.05)",5,AJ1J1,4,10.0,83,0,2,3,,5601|5631,5601|5630|5631,RuntimeError: accessible area not connected
room_A_connector_y_29p00,"(11.0, 29.0, 13.0, 29.05)",6,AJ1J2,0,10.0,82,0,0,2,,,5605|5630,RuntimeError: accessible area not connected
room_A_connector_y_29p00,"(11.0, 29.0, 13.0, 29.05)",6,AJ1J2,1,10.0,82,0,0,2,,,5620|5630,RuntimeError: accessible area not connected
room_A_connector_y_29p00,"(11.0, 29.0, 13.0, 29.05)",6,AJ1J2,2,10.0,81,0,1,1,,5606,5606,RuntimeError: accessible area not connected
room_A_connector_y_29p00,"(11.0, 29.0, 13.0, 29.05)",6,AJ1J2,3,10.0,84,0,1,3,,8418,8402|8418|8440,RuntimeError: accessible area not connected
room_A_connector_y_29p00,"(11.0, 29.0, 13.0, 29.05)",6,AJ1J2,4,10.0,83,0,2,3,,8401|8431,8401|8430|8431,RuntimeError: accessible area not connected
room_A_connector_y_29p00,"(11.0, 29.0, 13.0, 29.05)",10,AJ3A,0,10.0,82,0,0,2,,,11205|11230,RuntimeError: accessible area not connected
room_A_connector_y_29p00,"(11.0, 29.0, 13.0, 29.05)",10,AJ3A,1,10.0,82,0,0,2,,,11220|11230,RuntimeError: accessible area not connected
room_A_connector_y_29p00,"(11.0, 29.0, 13.0, 29.05)",10,AJ3A,2,10.0,81,0,1,1,,11206,11206,RuntimeError: accessible area not connected
room_A_connector_y_29p00,"(11.0, 29.0, 13.0, 29.05)",10,AJ3A,3,10.0,84,0,1,3,,11218,11202|11218|11240,RuntimeError: accessible area not connected
room_A_connector_y_29p00,"(11.0, 29.0, 13.0, 29.05)",10,AJ3A,4,10.0,83,0,2,3,,11201|11231,11201|11230|11231,RuntimeError: accessible area not connected
room_A_connector_y_29p00,"(11.0, 29.0, 13.0, 29.05)",8,AJ3B,0,10.0,82,0,0,2,,,8405|8430,RuntimeError: accessible area not connected
room_A_connector_y_29p00,"(11.0, 29.0, 13.0, 29.05)",8,AJ3B,1,10.0,82,0,0,2,,,8420|8430,RuntimeError: accessible area not connected
room_A_connector_y_29p00,"(11.0, 29.0, 13.0, 29.05)",8,AJ3B,2,10.0,81,0,1,1,,8406,8406,RuntimeError: accessible area not connected
room_A_connector_y_29p00,"(11.0, 29.0, 13.0, 29.05)",8,AJ3B,3,10.0,84,0,1,3,,8418,8402|8418|8440,RuntimeError: accessible area not connected
room_A_connector_y_29p00,"(11.0, 29.0, 13.0, 29.05)",8,AJ3B,4,10.0,83,0,2,3,,11201|11231,11201|11230|11231,RuntimeError: accessible area not connected
room_A_connector_y_29p00,"(11.0, 29.0, 13.0, 29.05)",9,AJ3J1,0,10.0,82,0,0,2,,,11205|11230,RuntimeError: accessible area not connected
room_A_connector_y_29p00,"(11.0, 29.0, 13.0, 29.05)",9,AJ3J1,1,10.0,82,0,0,2,,,11220|11230,RuntimeError: accessible area not connected
room_A_connector_y_29p00,"(11.0, 29.0, 13.0, 29.05)",9,AJ3J1,2,10.0,81,0,1,1,,11206,11206,RuntimeError: accessible area not connected
room_A_connector_y_29p00,"(11.0, 29.0, 13.0, 29.05)",9,AJ3J1,3,10.0,84,0,1,3,,11218,11202|11218|11240,RuntimeError: accessible area not connected
room_A_connector_y_29p00,"(11.0, 29.0, 13.0, 29.05)",9,AJ3J1,4,10.0,83,0,2,3,,11201|11231,11201|11230|11231,RuntimeError: accessible area not connected
room_A_connector_y_29p00,"(11.0, 29.0, 13.0, 29.05)",14,CCA,0,10.0,82,0,0,3,,,16804|16805|16811,RuntimeError: accessible area not connected
room_A_connector_y_29p00,"(11.0, 29.0, 13.0, 29.05)",14,CCA,1,10.0,82,0,0,2,,,16804|16816,RuntimeError: accessible area not connected
room_A_connector_y_29p00,"(11.0, 29.0, 13.0, 29.05)",14,CCA,2,10.0,81,0,2,2,,16810|16833,16810|16833,RuntimeError: accessible area not connected
room_A_connector_y_29p00,"(11.0, 29.0, 13.0, 29.05)",14,CCA,3,10.0,84,0,1,2,,16825,16825|16840,RuntimeError: accessible area not connected
room_A_connector_y_29p00,"(11.0, 29.0, 13.0, 29.05)",14,CCA,4,10.0,83,1,1,2,16830,16830,16801|16830,RuntimeError: accessible area not connected
room_A_connector_y_29p00,"(11.0, 29.0, 13.0, 29.05)",11,CCB,0,10.0,82,0,0,3,,,14004|14005|14011,RuntimeError: accessible area not connected
room_A_connector_y_29p00,"(11.0, 29.0, 13.0, 29.05)",11,CCB,1,10.0,82,0,0,2,,,14004|14016,RuntimeError: accessible area not connected
room_A_connector_y_29p00,"(11.0, 29.0, 13.0, 29.05)",11,CCB,2,10.0,81,0,2,2,,14010|14033,14010|14033,RuntimeError: accessible area not connected
room_A_connector_y_29p00,"(11.0, 29.0, 13.0, 29.05)",11,CCB,3,10.0,84,0,1,2,,14025,14025|14040,RuntimeError: accessible area not connected
room_A_connector_y_29p00,"(11.0, 29.0, 13.0, 29.05)",11,CCB,4,10.0,83,1,1,2,14030,14030,14001|14030,RuntimeError: accessible area not connected
room_A_connector_y_29p00,"(11.0, 29.0, 13.0, 29.05)",12,CCJ1,0,10.0,82,0,0,3,,,14004|14005|14011,RuntimeError: accessible area not connected
room_A_connector_y_29p00,"(11.0, 29.0, 13.0, 29.05)",12,CCJ1,1,10.0,82,0,0,2,,,14004|14016,RuntimeError: accessible area not connected
room_A_connector_y_29p00,"(11.0, 29.0, 13.0, 29.05)",12,CCJ1,2,10.0,81,0,2,2,,14010|14033,14010|14033,RuntimeError: accessible area not connected
room_A_connector_y_29p00,"(11.0, 29.0, 13.0, 29.05)",12,CCJ1,3,10.0,84,0,1,2,,14025,14025|14040,RuntimeError: accessible area not connected
room_A_connector_y_29p00,"(11.0, 29.0, 13.0, 29.05)",12,CCJ1,4,10.0,83,1,1,2,14030,14030,14001|14030,RuntimeError: accessible area not connected
room_A_connector_y_29p00,"(11.0, 29.0, 13.0, 29.05)",13,CCJ2,0,10.0,82,0,0,3,,,14004|14005|14011,RuntimeError: accessible area not connected
room_A_connector_y_29p00,"(11.0, 29.0, 13.0, 29.05)",13,CCJ2,1,10.0,82,0,0,2,,,16804|16816,RuntimeError: accessible area not connected
room_A_connector_y_29p00,"(11.0, 29.0, 13.0, 29.05)",13,CCJ2,2,10.0,81,0,2,2,,16810|16833,16810|16833,RuntimeError: accessible area not connected
room_A_connector_y_29p00,"(11.0, 29.0, 13.0, 29.05)",13,CCJ2,3,10.0,84,0,1,2,,16825,16825|16840,RuntimeError: accessible area not connected
room_A_connector_y_29p00,"(11.0, 29.0, 13.0, 29.05)",13,CCJ2,4,10.0,83,1,1,2,16830,16830,16801|16830,RuntimeError: accessible area not connected
room_A_connector_y_29p00,"(11.0, 29.0, 13.0, 29.05)",18,CJ1A,0,10.0,82,0,0,3,,,22404|22405|22411,RuntimeError: accessible area not connected
room_A_connector_y_29p00,"(11.0, 29.0, 13.0, 29.05)",18,CJ1A,1,10.0,82,0,0,2,,,22404|22416,RuntimeError: accessible area not connected
room_A_connector_y_29p00,"(11.0, 29.0, 13.0, 29.05)",18,CJ1A,2,10.0,81,0,2,2,,22410|22433,22410|22433,RuntimeError: accessible area not connected
room_A_connector_y_29p00,"(11.0, 29.0, 13.0, 29.05)",18,CJ1A,3,10.0,84,0,1,2,,22425,22425|22440,RuntimeError: accessible area not connected
room_A_connector_y_29p00,"(11.0, 29.0, 13.0, 29.05)",18,CJ1A,4,10.0,83,1,1,2,22430,22430,22401|22430,RuntimeError: accessible area not connected
room_A_connector_y_29p00,"(11.0, 29.0, 13.0, 29.05)",15,CJ1B,0,10.0,82,0,0,3,,,16804|16805|16811,RuntimeError: accessible area not connected
room_A_connector_y_29p00,"(11.0, 29.0, 13.0, 29.05)",15,CJ1B,1,10.0,82,0,0,2,,,16804|16816,RuntimeError: accessible area not connected
room_A_connector_y_29p00,"(11.0, 29.0, 13.0, 29.05)",15,CJ1B,2,10.0,81,0,2,2,,19610|19633,19610|19633,RuntimeError: accessible area not connected
room_A_connector_y_29p00,"(11.0, 29.0, 13.0, 29.05)",15,CJ1B,3,10.0,84,0,1,2,,19625,19625|19640,RuntimeError: accessible area not connected
room_A_connector_y_29p00,"(11.0, 29.0, 13.0, 29.05)",15,CJ1B,4,10.0,83,1,1,2,19630,19630,19601|19630,RuntimeError: accessible area not connected
room_A_connector_y_29p00,"(11.0, 29.0, 13.0, 29.05)",16,CJ1J1,0,10.0,82,0,0,3,,,19604|19605|19611,RuntimeError: accessible area not connected
room_A_connector_y_29p00,"(11.0, 29.0, 13.0, 29.05)",16,CJ1J1,1,10.0,82,0,0,2,,,19604|19616,RuntimeError: accessible area not connected
room_A_connector_y_29p00,"(11.0, 29.0, 13.0, 29.05)",16,CJ1J1,2,10.0,81,0,2,2,,19610|19633,19610|19633,RuntimeError: accessible area not connected
room_A_connector_y_29p00,"(11.0, 29.0, 13.0, 29.05)",16,CJ1J1,3,10.0,84,0,1,2,,19625,19625|19640,RuntimeError: accessible area not connected
room_A_connector_y_29p00,"(11.0, 29.0, 13.0, 29.05)",16,CJ1J1,4,10.0,83,1,1,2,19630,19630,19601|19630,RuntimeError: accessible area not connected
room_A_connector_y_29p00,"(11.0, 29.0, 13.0, 29.05)",17,CJ1J2,0,10.0,82,0,0,3,,,19604|19605|19611,RuntimeError: accessible area not connected
room_A_connector_y_29p00,"(11.0, 29.0, 13.0, 29.05)",17,CJ1J2,1,10.0,82,0,0,2,,,19604|19616,RuntimeError: accessible area not connected
room_A_connector_y_29p00,"(11.0, 29.0, 13.0, 29.05)",17,CJ1J2,2,10.0,81,0,2,2,,19610|19633,19610|19633,RuntimeError: accessible area not connected
room_A_connector_y_29p00,"(11.0, 29.0, 13.0, 29.05)",17,CJ1J2,3,10.0,84,0,1,2,,22425,22425|22440,RuntimeError: accessible area not connected
room_A_connector_y_29p00,"(11.0, 29.0, 13.0, 29.05)",17,CJ1J2,4,10.0,83,1,1,2,22430,22430,22401|22430,RuntimeError: accessible area not connected
room_A_connector_y_29p00,"(11.0, 29.0, 13.0, 29.05)",21,CJ3A,0,10.0,82,0,0,3,,,25204|25205|25211,RuntimeError: accessible area not connected
room_A_connector_y_29p00,"(11.0, 29.0, 13.0, 29.05)",21,CJ3A,1,10.0,82,0,0,2,,,25204|25216,RuntimeError: accessible area not connected
room_A_connector_y_29p00,"(11.0, 29.0, 13.0, 29.05)",21,CJ3A,2,10.0,81,0,2,2,,25210|25233,25210|25233,RuntimeError: accessible area not connected
room_A_connector_y_29p00,"(11.0, 29.0, 13.0, 29.05)",21,CJ3A,3,10.0,84,0,1,2,,25225,25225|25240,RuntimeError: accessible area not connected
room_A_connector_y_29p00,"(11.0, 29.0, 13.0, 29.05)",21,CJ3A,4,10.0,83,1,1,2,25230,25230,25201|25230,RuntimeError: accessible area not connected
room_A_connector_y_29p00,"(11.0, 29.0, 13.0, 29.05)",19,CJ3B,0,10.0,82,0,0,3,,,22404|22405|22411,RuntimeError: accessible area not connected
room_A_connector_y_29p00,"(11.0, 29.0, 13.0, 29.05)",19,CJ3B,1,10.0,82,0,0,2,,,22404|22416,RuntimeError: accessible area not connected
room_A_connector_y_29p00,"(11.0, 29.0, 13.0, 29.05)",19,CJ3B,2,10.0,81,0,2,2,,22410|22433,22410|22433,RuntimeError: accessible area not connected
room_A_connector_y_29p00,"(11.0, 29.0, 13.0, 29.05)",19,CJ3B,3,10.0,84,0,1,2,,22425,22425|22440,RuntimeError: accessible area not connected
room_A_connector_y_29p00,"(11.0, 29.0, 13.0, 29.05)",19,CJ3B,4,10.0,83,1,1,2,25230,25230,25201|25230,RuntimeError: accessible area not connected
room_A_connector_y_29p00,"(11.0, 29.0, 13.0, 29.05)",20,CJ3J1,0,10.0,82,0,0,3,,,25204|25205|25211,RuntimeError: accessible area not connected
room_A_connector_y_29p00,"(11.0, 29.0, 13.0, 29.05)",20,CJ3J1,1,10.0,82,0,0,2,,,25204|25216,RuntimeError: accessible area not connected
room_A_connector_y_29p00,"(11.0, 29.0, 13.0, 29.05)",20,CJ3J1,2,10.0,81,0,2,2,,25210|25233,25210|25233,RuntimeError: accessible area not connected
room_A_connector_y_29p00,"(11.0, 29.0, 13.0, 29.05)",20,CJ3J1,3,10.0,84,0,1,2,,25225,25225|25240,RuntimeError: accessible area not connected
room_A_connector_y_29p00,"(11.0, 29.0, 13.0, 29.05)",20,CJ3J1,4,10.0,83,1,1,2,25230,25230,25201|25230,RuntimeError: accessible area not connected
room_A_connector_y_29p00,"(11.0, 29.0, 13.0, 29.05)",25,J2CA,0,10.0,82,0,1,3,,30804,30804|30805|30830,RuntimeError: accessible area not connected
room_A_connector_y_29p00,"(11.0, 29.0, 13.0, 29.05)",25,J2CA,1,10.0,82,0,1,3,,30837,30816|30830|30837,RuntimeError: accessible area not connected
room_A_connector_y_29p00,"(11.0, 29.0, 13.0, 29.05)",25,J2CA,2,10.0,81,0,2,2,,30810|30833,30810|30833,RuntimeError: accessible area not connected
room_A_connector_y_29p00,"(11.0, 29.0, 13.0, 29.05)",25,J2CA,3,10.0,84,0,1,2,,30825,30825|30840,RuntimeError: accessible area not connected
room_A_connector_y_29p00,"(11.0, 29.0, 13.0, 29.05)",25,J2CA,4,10.0,83,0,2,2,,30801|30830,30801|30830,RuntimeError: accessible area not connected
room_A_connector_y_29p00,"(11.0, 29.0, 13.0, 29.05)",22,J2CB,0,10.0,82,0,1,3,,28004,28004|28005|28030,RuntimeError: accessible area not connected
room_A_connector_y_29p00,"(11.0, 29.0, 13.0, 29.05)",22,J2CB,1,10.0,82,0,1,3,,28037,28016|28030|28037,RuntimeError: accessible area not connected
room_A_connector_y_29p00,"(11.0, 29.0, 13.0, 29.05)",22,J2CB,2,10.0,81,0,2,2,,28010|28033,28010|28033,RuntimeError: accessible area not connected
room_A_connector_y_29p00,"(11.0, 29.0, 13.0, 29.05)",22,J2CB,3,10.0,84,0,1,2,,28025,28025|28040,RuntimeError: accessible area not connected
room_A_connector_y_29p00,"(11.0, 29.0, 13.0, 29.05)",22,J2CB,4,10.0,83,0,2,2,,28001|28030,28001|28030,RuntimeError: accessible area not connected
room_A_connector_y_29p00,"(11.0, 29.0, 13.0, 29.05)",23,J2CJ1,0,10.0,82,0,1,3,,28004,28004|28005|28030,RuntimeError: accessible area not connected
room_A_connector_y_29p00,"(11.0, 29.0, 13.0, 29.05)",23,J2CJ1,1,10.0,82,0,1,3,,28037,28016|28030|28037,RuntimeError: accessible area not connected
room_A_connector_y_29p00,"(11.0, 29.0, 13.0, 29.05)",23,J2CJ1,2,10.0,81,0,2,2,,28010|28033,28010|28033,RuntimeError: accessible area not connected
room_A_connector_y_29p00,"(11.0, 29.0, 13.0, 29.05)",23,J2CJ1,3,10.0,84,0,1,2,,28025,28025|28040,RuntimeError: accessible area not connected
room_A_connector_y_29p00,"(11.0, 29.0, 13.0, 29.05)",23,J2CJ1,4,10.0,83,0,2,2,,28001|28030,28001|28030,RuntimeError: accessible area not connected
room_A_connector_y_29p00,"(11.0, 29.0, 13.0, 29.05)",24,J2CJ2,0,10.0,82,0,1,3,,28004,28004|28005|28030,RuntimeError: accessible area not connected
room_A_connector_y_29p00,"(11.0, 29.0, 13.0, 29.05)",24,J2CJ2,1,10.0,82,0,1,3,,30837,30816|30830|30837,RuntimeError: accessible area not connected
room_A_connector_y_29p00,"(11.0, 29.0, 13.0, 29.05)",24,J2CJ2,2,10.0,81,0,2,2,,30810|30833,30810|30833,RuntimeError: accessible area not connected
room_A_connector_y_29p00,"(11.0, 29.0, 13.0, 29.05)",24,J2CJ2,3,10.0,84,0,1,2,,30825,30825|30840,RuntimeError: accessible area not connected
room_A_connector_y_29p00,"(11.0, 29.0, 13.0, 29.05)",24,J2CJ2,4,10.0,83,0,2,2,,30801|30830,30801|30830,RuntimeError: accessible area not connected
room_A_connector_y_29p00,"(11.0, 29.0, 13.0, 29.05)",27,J2J3A,0,10.0,82,0,1,3,,33604,33604|33605|33630,RuntimeError: accessible area not connected
room_A_connector_y_29p00,"(11.0, 29.0, 13.0, 29.05)",27,J2J3A,1,10.0,82,0,1,3,,33637,33616|33630|33637,RuntimeError: accessible area not connected
room_A_connector_y_29p00,"(11.0, 29.0, 13.0, 29.05)",27,J2J3A,2,10.0,81,0,2,2,,33610|33633,33610|33633,RuntimeError: accessible area not connected
room_A_connector_y_29p00,"(11.0, 29.0, 13.0, 29.05)",27,J2J3A,3,10.0,84,0,1,2,,33625,33625|33640,RuntimeError: accessible area not connected
room_A_connector_y_29p00,"(11.0, 29.0, 13.0, 29.05)",27,J2J3A,4,10.0,83,0,2,2,,33601|33630,33601|33630,RuntimeError: accessible area not connected
room_A_connector_y_29p00,"(11.0, 29.0, 13.0, 29.05)",26,J2J3B,0,10.0,82,0,1,3,,30804,30804|30805|30830,RuntimeError: accessible area not connected
room_A_connector_y_29p00,"(11.0, 29.0, 13.0, 29.05)",26,J2J3B,1,10.0,82,0,1,3,,30837,30816|30830|30837,RuntimeError: accessible area not connected
room_A_connector_y_29p00,"(11.0, 29.0, 13.0, 29.05)",26,J2J3B,2,10.0,81,0,2,2,,33610|33633,33610|33633,RuntimeError: accessible area not connected
room_A_connector_y_29p00,"(11.0, 29.0, 13.0, 29.05)",26,J2J3B,3,10.0,84,0,1,2,,33625,33625|33640,RuntimeError: accessible area not connected
room_A_connector_y_29p00,"(11.0, 29.0, 13.0, 29.05)",26,J2J3B,4,10.0,83,0,2,2,,33601|33630,33601|33630,RuntimeError: accessible area not connected
room_A_connector_y_29p00,"(11.0, 29.0, 13.0, 29.05)",30,J3CA,0,10.0,82,0,0,2,,,36408|36430,RuntimeError: accessible area not connected
room_A_connector_y_29p00,"(11.0, 29.0, 13.0, 29.05)",30,J3CA,1,10.0,82,0,0,2,,,36416|36430,RuntimeError: accessible area not connected
room_A_connector_y_29p00,"(11.0, 29.0, 13.0, 29.05)",30,J3CA,2,10.0,81,0,1,3,,36416,36406|36410|36416,RuntimeError: accessible area not connected
room_A_connector_y_29p00,"(11.0, 29.0, 13.0, 29.05)",30,J3CA,3,10.0,84,0,2,3,,36402|36418,36402|36418|36440,RuntimeError: accessible area not connected
room_A_connector_y_29p00,"(11.0, 29.0, 13.0, 29.05)",30,J3CA,4,10.0,83,0,0,2,,,39219|39231,RuntimeError: accessible area not connected
room_A_connector_y_29p00,"(11.0, 29.0, 13.0, 29.05)",28,J3CB,0,10.0,82,0,0,2,,,33608|33630,RuntimeError: accessible area not connected
room_A_connector_y_29p00,"(11.0, 29.0, 13.0, 29.05)",28,J3CB,1,10.0,82,0,0,2,,,33616|33630,RuntimeError: accessible area not connected
room_A_connector_y_29p00,"(11.0, 29.0, 13.0, 29.05)",28,J3CB,2,10.0,81,0,1,3,,33616,33606|33610|33616,RuntimeError: accessible area not connected
room_A_connector_y_29p00,"(11.0, 29.0, 13.0, 29.05)",28,J3CB,3,10.0,84,0,2,3,,36402|36418,36402|36418|36440,RuntimeError: accessible area not connected
room_A_connector_y_29p00,"(11.0, 29.0, 13.0, 29.05)",28,J3CB,4,10.0,83,0,0,2,,,36419|36431,RuntimeError: accessible area not connected
room_A_connector_y_29p00,"(11.0, 29.0, 13.0, 29.05)",29,J3CJ2,0,10.0,82,0,0,2,,,36408|36430,RuntimeError: accessible area not connected
room_A_connector_y_29p00,"(11.0, 29.0, 13.0, 29.05)",29,J3CJ2,1,10.0,82,0,0,2,,,36416|36430,RuntimeError: accessible area not connected
room_A_connector_y_29p00,"(11.0, 29.0, 13.0, 29.05)",29,J3CJ2,2,10.0,81,0,1,3,,36416,36406|36410|36416,RuntimeError: accessible area not connected
room_A_connector_y_29p00,"(11.0, 29.0, 13.0, 29.05)",29,J3CJ2,3,10.0,84,0,2,3,,36402|36418,36402|36418|36440,RuntimeError: accessible area not connected
room_A_connector_y_29p00,"(11.0, 29.0, 13.0, 29.05)",29,J3CJ2,4,10.0,83,0,0,2,,,36419|36431,RuntimeError: accessible area not connected
room_A_connector_y_29p00,"(11.0, 29.0, 13.0, 29.05)",32,J3J1A,0,10.0,82,0,0,2,,,39208|39230,RuntimeError: accessible area not connected
room_A_connector_y_29p00,"(11.0, 29.0, 13.0, 29.05)",32,J3J1A,1,10.0,82,0,0,2,,,39216|39230,RuntimeError: accessible area not connected
room_A_connector_y_29p00,"(11.0, 29.0, 13.0, 29.05)",32,J3J1A,2,10.0,81,0,1,3,,39216,39206|39210|39216,RuntimeError: accessible area not connected
room_A_connector_y_29p00,"(11.0, 29.0, 13.0, 29.05)",32,J3J1A,3,10.0,84,0,2,3,,39202|39218,39202|39218|39240,RuntimeError: accessible area not connected
room_A_connector_y_29p00,"(11.0, 29.0, 13.0, 29.05)",32,J3J1A,4,10.0,83,0,0,2,,,39219|39231,RuntimeError: accessible area not connected
room_A_connector_y_29p00,"(11.0, 29.0, 13.0, 29.05)",31,J3J1B,0,10.0,82,0,0,2,,,39208|39230,RuntimeError: accessible area not connected
room_A_connector_y_29p00,"(11.0, 29.0, 13.0, 29.05)",31,J3J1B,1,10.0,82,0,0,2,,,39216|39230,RuntimeError: accessible area not connected
room_A_connector_y_29p00,"(11.0, 29.0, 13.0, 29.05)",31,J3J1B,2,10.0,81,0,1,3,,39216,39206|39210|39216,RuntimeError: accessible area not connected
room_A_connector_y_29p00,"(11.0, 29.0, 13.0, 29.05)",31,J3J1B,3,10.0,84,0,2,3,,39202|39218,39202|39218|39240,RuntimeError: accessible area not connected
room_A_connector_y_29p00,"(11.0, 29.0, 13.0, 29.05)",31,J3J1B,4,10.0,83,0,0,2,,,39219|39231,RuntimeError: accessible area not connected
room_A_connector_y_29p00,"(11.0, 29.0, 13.0, 29.05)",34,J3J3A,0,10.0,82,0,0,2,,,42008|42030,RuntimeError: accessible area not connected
room_A_connector_y_29p00,"(11.0, 29.0, 13.0, 29.05)",34,J3J3A,1,10.0,82,0,0,2,,,42016|42030,RuntimeError: accessible area not connected
room_A_connector_y_29p00,"(11.0, 29.0, 13.0, 29.05)",34,J3J3A,2,10.0,81,0,1,3,,42016,42006|42010|42016,RuntimeError: accessible area not connected
room_A_connector_y_29p00,"(11.0, 29.0, 13.0, 29.05)",34,J3J3A,3,10.0,84,0,2,3,,42002|42018,42002|42018|42040,RuntimeError: accessible area not connected
room_A_connector_y_29p00,"(11.0, 29.0, 13.0, 29.05)",34,J3J3A,4,10.0,83,0,0,2,,,42019|42031,RuntimeError: accessible area not connected
room_A_connector_y_29p00,"(11.0, 29.0, 13.0, 29.05)",33,J3J3B,0,10.0,82,0,0,2,,,42008|42030,RuntimeError: accessible area not connected
room_A_connector_y_29p00,"(11.0, 29.0, 13.0, 29.05)",33,J3J3B,1,10.0,82,0,0,2,,,42016|42030,RuntimeError: accessible area not connected
room_A_connector_y_29p00,"(11.0, 29.0, 13.0, 29.05)",33,J3J3B,2,10.0,81,0,1,3,,42016,42006|42010|42016,RuntimeError: accessible area not connected
room_A_connector_y_29p00,"(11.0, 29.0, 13.0, 29.05)",33,J3J3B,3,10.0,84,0,2,3,,42002|42018,42002|42018|42040,RuntimeError: accessible area not connected
room_A_connector_y_29p00,"(11.0, 29.0, 13.0, 29.05)",33,J3J3B,4,10.0,83,0,0,2,,,42019|42031,RuntimeError: accessible area not connected
room_A_connector_y_29p50,"(11.0, 29.5, 13.0, 29.55)",3,ACA,0,10.0,82,0,2,2,,2805|2830,2805|2830,RuntimeError: accessible area not connected
room_A_connector_y_29p50,"(11.0, 29.5, 13.0, 29.55)",3,ACA,1,10.0,82,1,3,3,2837,2816|2830|2837,2816|2830|2837,RuntimeError: accessible area not connected
room_A_connector_y_29p50,"(11.0, 29.5, 13.0, 29.55)",3,ACA,2,10.0,81,0,2,2,,2810|2816,2810|2816,RuntimeError: accessible area not connected
room_A_connector_y_29p50,"(11.0, 29.5, 13.0, 29.55)",3,ACA,3,10.0,84,0,1,3,,2840,2802|2818|2840,RuntimeError: accessible area not connected
room_A_connector_y_29p50,"(11.0, 29.5, 13.0, 29.55)",3,ACA,4,10.0,83,0,0,3,,,2801|2819|2831,RuntimeError: accessible area not connected
room_A_connector_y_29p50,"(11.0, 29.5, 13.0, 29.55)",0,ACB,0,10.0,82,0,2,2,,5|30,5|30,RuntimeError: accessible area not connected
room_A_connector_y_29p50,"(11.0, 29.5, 13.0, 29.55)",0,ACB,1,10.0,82,1,3,3,37,16|30|37,16|30|37,RuntimeError: accessible area not connected
room_A_connector_y_29p50,"(11.0, 29.5, 13.0, 29.55)",0,ACB,2,10.0,81,0,2,2,,10|16,10|16,RuntimeError: accessible area not connected
room_A_connector_y_29p50,"(11.0, 29.5, 13.0, 29.55)",0,ACB,3,10.0,84,0,1,3,,40,2|18|40,RuntimeError: accessible area not connected
room_A_connector_y_29p50,"(11.0, 29.5, 13.0, 29.55)",0,ACB,4,10.0,83,0,0,3,,,1|19|31,RuntimeError: accessible area not connected
room_A_connector_y_29p50,"(11.0, 29.5, 13.0, 29.55)",1,ACJ1,0,10.0,82,0,2,2,,5|30,5|30,RuntimeError: accessible area not connected
room_A_connector_y_29p50,"(11.0, 29.5, 13.0, 29.55)",1,ACJ1,1,10.0,82,1,3,3,37,16|30|37,16|30|37,RuntimeError: accessible area not connected
room_A_connector_y_29p50,"(11.0, 29.5, 13.0, 29.55)",1,ACJ1,2,10.0,81,0,2,2,,10|16,10|16,RuntimeError: accessible area not connected
room_A_connector_y_29p50,"(11.0, 29.5, 13.0, 29.55)",1,ACJ1,3,10.0,84,0,1,3,,40,2|18|40,RuntimeError: accessible area not connected
room_A_connector_y_29p50,"(11.0, 29.5, 13.0, 29.55)",1,ACJ1,4,10.0,83,0,0,3,,,1|19|31,RuntimeError: accessible area not connected
room_A_connector_y_29p50,"(11.0, 29.5, 13.0, 29.55)",2,ACJ2,0,10.0,82,0,2,2,,5|30,5|30,RuntimeError: accessible area not connected
room_A_connector_y_29p50,"(11.0, 29.5, 13.0, 29.55)",2,ACJ2,1,10.0,82,1,3,3,2837,2816|2830|2837,2816|2830|2837,RuntimeError: accessible area not connected
room_A_connector_y_29p50,"(11.0, 29.5, 13.0, 29.55)",2,ACJ2,2,10.0,81,0,2,2,,2810|2816,2810|2816,RuntimeError: accessible area not connected
room_A_connector_y_29p50,"(11.0, 29.5, 13.0, 29.55)",2,ACJ2,3,10.0,84,0,1,3,,2840,2802|2818|2840,RuntimeError: accessible area not connected
room_A_connector_y_29p50,"(11.0, 29.5, 13.0, 29.55)",2,ACJ2,4,10.0,83,0,0,3,,,2801|2819|2831,RuntimeError: accessible area not connected
room_A_connector_y_29p50,"(11.0, 29.5, 13.0, 29.55)",7,AJ1A,0,10.0,82,0,2,2,,8405|8430,8405|8430,RuntimeError: accessible area not connected
room_A_connector_y_29p50,"(11.0, 29.5, 13.0, 29.55)",7,AJ1A,1,10.0,82,1,3,3,8437,8416|8430|8437,8416|8430|8437,RuntimeError: accessible area not connected
room_A_connector_y_29p50,"(11.0, 29.5, 13.0, 29.55)",7,AJ1A,2,10.0,81,0,2,2,,8410|8416,8410|8416,RuntimeError: accessible area not connected
room_A_connector_y_29p50,"(11.0, 29.5, 13.0, 29.55)",7,AJ1A,3,10.0,84,0,1,3,,8440,8402|8418|8440,RuntimeError: accessible area not connected
room_A_connector_y_29p50,"(11.0, 29.5, 13.0, 29.55)",7,AJ1A,4,10.0,83,0,0,3,,,8401|8419|8431,RuntimeError: accessible area not connected
room_A_connector_y_29p50,"(11.0, 29.5, 13.0, 29.55)",4,AJ1B,0,10.0,82,0,2,2,,2805|2830,2805|2830,RuntimeError: accessible area not connected
room_A_connector_y_29p50,"(11.0, 29.5, 13.0, 29.55)",4,AJ1B,1,10.0,82,1,3,3,2837,2816|2830|2837,2816|2830|2837,RuntimeError: accessible area not connected
room_A_connector_y_29p50,"(11.0, 29.5, 13.0, 29.55)",4,AJ1B,2,10.0,81,0,2,2,,5610|5616,5610|5616,RuntimeError: accessible area not connected
room_A_connector_y_29p50,"(11.0, 29.5, 13.0, 29.55)",4,AJ1B,3,10.0,84,0,1,3,,5640,5602|5618|5640,RuntimeError: accessible area not connected
room_A_connector_y_29p50,"(11.0, 29.5, 13.0, 29.55)",4,AJ1B,4,10.0,83,0,0,3,,,5601|5619|5631,RuntimeError: accessible area not connected
room_A_connector_y_29p50,"(11.0, 29.5, 13.0, 29.55)",5,AJ1J1,0,10.0,82,0,2,2,,5605|5630,5605|5630,RuntimeError: accessible area not connected
room_A_connector_y_29p50,"(11.0, 29.5, 13.0, 29.55)",5,AJ1J1,1,10.0,82,1,3,3,5637,5616|5630|5637,5616|5630|5637,RuntimeError: accessible area not connected
room_A_connector_y_29p50,"(11.0, 29.5, 13.0, 29.55)",5,AJ1J1,2,10.0,81,0,2,2,,5610|5616,5610|5616,RuntimeError: accessible area not connected
room_A_connector_y_29p50,"(11.0, 29.5, 13.0, 29.55)",5,AJ1J1,3,10.0,84,0,1,3,,5640,5602|5618|5640,RuntimeError: accessible area not connected
room_A_connector_y_29p50,"(11.0, 29.5, 13.0, 29.55)",5,AJ1J1,4,10.0,83,0,0,3,,,5601|5619|5631,RuntimeError: accessible area not connected
room_A_connector_y_29p50,"(11.0, 29.5, 13.0, 29.55)",6,AJ1J2,0,10.0,82,0,2,2,,5605|5630,5605|5630,RuntimeError: accessible area not connected
room_A_connector_y_29p50,"(11.0, 29.5, 13.0, 29.55)",6,AJ1J2,1,10.0,82,1,3,3,5637,5616|5630|5637,5616|5630|5637,RuntimeError: accessible area not connected
room_A_connector_y_29p50,"(11.0, 29.5, 13.0, 29.55)",6,AJ1J2,2,10.0,81,0,2,2,,5610|5616,5610|5616,RuntimeError: accessible area not connected
room_A_connector_y_29p50,"(11.0, 29.5, 13.0, 29.55)",6,AJ1J2,3,10.0,84,0,1,3,,8440,8402|8418|8440,RuntimeError: accessible area not connected
room_A_connector_y_29p50,"(11.0, 29.5, 13.0, 29.55)",6,AJ1J2,4,10.0,83,0,0,3,,,8401|8419|8431,RuntimeError: accessible area not connected
room_A_connector_y_29p50,"(11.0, 29.5, 13.0, 29.55)",10,AJ3A,0,10.0,82,0,2,2,,11205|11230,11205|11230,RuntimeError: accessible area not connected
room_A_connector_y_29p50,"(11.0, 29.5, 13.0, 29.55)",10,AJ3A,1,10.0,82,1,3,3,11237,11216|11230|11237,11216|11230|11237,RuntimeError: accessible area not connected
room_A_connector_y_29p50,"(11.0, 29.5, 13.0, 29.55)",10,AJ3A,2,10.0,81,0,2,2,,11210|11216,11210|11216,RuntimeError: accessible area not connected
room_A_connector_y_29p50,"(11.0, 29.5, 13.0, 29.55)",10,AJ3A,3,10.0,84,0,1,3,,11240,11202|11218|11240,RuntimeError: accessible area not connected
room_A_connector_y_29p50,"(11.0, 29.5, 13.0, 29.55)",10,AJ3A,4,10.0,83,0,0,3,,,11201|11219|11231,RuntimeError: accessible area not connected
room_A_connector_y_29p50,"(11.0, 29.5, 13.0, 29.55)",8,AJ3B,0,10.0,82,0,2,2,,8405|8430,8405|8430,RuntimeError: accessible area not connected
room_A_connector_y_29p50,"(11.0, 29.5, 13.0, 29.55)",8,AJ3B,1,10.0,82,1,3,3,8437,8416|8430|8437,8416|8430|8437,RuntimeError: accessible area not connected
room_A_connector_y_29p50,"(11.0, 29.5, 13.0, 29.55)",8,AJ3B,2,10.0,81,0,2,2,,8410|8416,8410|8416,RuntimeError: accessible area not connected
room_A_connector_y_29p50,"(11.0, 29.5, 13.0, 29.55)",8,AJ3B,3,10.0,84,0,1,3,,8440,8402|8418|8440,RuntimeError: accessible area not connected
room_A_connector_y_29p50,"(11.0, 29.5, 13.0, 29.55)",8,AJ3B,4,10.0,83,0,0,3,,,11201|11219|11231,RuntimeError: accessible area not connected
room_A_connector_y_29p50,"(11.0, 29.5, 13.0, 29.55)",9,AJ3J1,0,10.0,82,0,2,2,,11205|11230,11205|11230,RuntimeError: accessible area not connected
room_A_connector_y_29p50,"(11.0, 29.5, 13.0, 29.55)",9,AJ3J1,1,10.0,82,1,3,3,11237,11216|11230|11237,11216|11230|11237,RuntimeError: accessible area not connected
room_A_connector_y_29p50,"(11.0, 29.5, 13.0, 29.55)",9,AJ3J1,2,10.0,81,0,2,2,,11210|11216,11210|11216,RuntimeError: accessible area not connected
room_A_connector_y_29p50,"(11.0, 29.5, 13.0, 29.55)",9,AJ3J1,3,10.0,84,0,1,3,,11240,11202|11218|11240,RuntimeError: accessible area not connected
room_A_connector_y_29p50,"(11.0, 29.5, 13.0, 29.55)",9,AJ3J1,4,10.0,83,0,0,3,,,11201|11219|11231,RuntimeError: accessible area not connected
room_A_connector_y_29p50,"(11.0, 29.5, 13.0, 29.55)",14,CCA,0,10.0,82,0,2,3,,16805|16830,16804|16805|16830,RuntimeError: accessible area not connected
room_A_connector_y_29p50,"(11.0, 29.5, 13.0, 29.55)",14,CCA,1,10.0,82,1,3,3,16837,16816|16830|16837,16816|16830|16837,RuntimeError: accessible area not connected
room_A_connector_y_29p50,"(11.0, 29.5, 13.0, 29.55)",14,CCA,2,10.0,81,0,1,3,,16806,16806|16810|16816,RuntimeError: accessible area not connected
room_A_connector_y_29p50,"(11.0, 29.5, 13.0, 29.55)",14,CCA,3,10.0,84,0,1,3,,16833,16818|16825|16833,RuntimeError: accessible area not connected
room_A_connector_y_29p50,"(11.0, 29.5, 13.0, 29.55)",14,CCA,4,10.0,83,0,1,1,,16801,16801,RuntimeError: accessible area not connected
room_A_connector_y_29p50,"(11.0, 29.5, 13.0, 29.55)",11,CCB,0,10.0,82,0,2,3,,14005|14030,14004|14005|14030,RuntimeError: accessible area not connected
room_A_connector_y_29p50,"(11.0, 29.5, 13.0, 29.55)",11,CCB,1,10.0,82,1,3,3,14037,14016|14030|14037,14016|14030|14037,RuntimeError: accessible area not connected
room_A_connector_y_29p50,"(11.0, 29.5, 13.0, 29.55)",11,CCB,2,10.0,81,0,1,3,,14006,14006|14010|14016,RuntimeError: accessible area not connected
room_A_connector_y_29p50,"(11.0, 29.5, 13.0, 29.55)",11,CCB,3,10.0,84,0,1,3,,14033,14018|14025|14033,RuntimeError: accessible area not connected
room_A_connector_y_29p50,"(11.0, 29.5, 13.0, 29.55)",11,CCB,4,10.0,83,0,1,1,,14001,14001,RuntimeError: accessible area not connected
room_A_connector_y_29p50,"(11.0, 29.5, 13.0, 29.55)",12,CCJ1,0,10.0,82,0,2,3,,14005|14030,14004|14005|14030,RuntimeError: accessible area not connected
room_A_connector_y_29p50,"(11.0, 29.5, 13.0, 29.55)",12,CCJ1,1,10.0,82,1,3,3,14037,14016|14030|14037,14016|14030|14037,RuntimeError: accessible area not connected
room_A_connector_y_29p50,"(11.0, 29.5, 13.0, 29.55)",12,CCJ1,2,10.0,81,0,1,3,,14006,14006|14010|14016,RuntimeError: accessible area not connected
room_A_connector_y_29p50,"(11.0, 29.5, 13.0, 29.55)",12,CCJ1,3,10.0,84,0,1,3,,14033,14018|14025|14033,RuntimeError: accessible area not connected
room_A_connector_y_29p50,"(11.0, 29.5, 13.0, 29.55)",12,CCJ1,4,10.0,83,0,1,1,,14001,14001,RuntimeError: accessible area not connected
room_A_connector_y_29p50,"(11.0, 29.5, 13.0, 29.55)",13,CCJ2,0,10.0,82,0,2,3,,14005|14030,14004|14005|14030,RuntimeError: accessible area not connected
room_A_connector_y_29p50,"(11.0, 29.5, 13.0, 29.55)",13,CCJ2,1,10.0,82,1,3,3,16837,16816|16830|16837,16816|16830|16837,RuntimeError: accessible area not connected
room_A_connector_y_29p50,"(11.0, 29.5, 13.0, 29.55)",13,CCJ2,2,10.0,81,0,1,3,,16806,16806|16810|16816,RuntimeError: accessible area not connected
room_A_connector_y_29p50,"(11.0, 29.5, 13.0, 29.55)",13,CCJ2,3,10.0,84,0,1,3,,16833,16818|16825|16833,RuntimeError: accessible area not connected
room_A_connector_y_29p50,"(11.0, 29.5, 13.0, 29.55)",13,CCJ2,4,10.0,83,0,1,1,,16801,16801,RuntimeError: accessible area not connected
room_A_connector_y_29p50,"(11.0, 29.5, 13.0, 29.55)",18,CJ1A,0,10.0,82,0,2,3,,22405|22430,22404|22405|22430,RuntimeError: accessible area not connected
room_A_connector_y_29p50,"(11.0, 29.5, 13.0, 29.55)",18,CJ1A,1,10.0,82,1,3,3,22437,22416|22430|22437,22416|22430|22437,RuntimeError: accessible area not connected
room_A_connector_y_29p50,"(11.0, 29.5, 13.0, 29.55)",18,CJ1A,2,10.0,81,0,1,3,,22406,22406|22410|22416,RuntimeError: accessible area not connected
room_A_connector_y_29p50,"(11.0, 29.5, 13.0, 29.55)",18,CJ1A,3,10.0,84,0,1,3,,22433,22418|22425|22433,RuntimeError: accessible area not connected
room_A_connector_y_29p50,"(11.0, 29.5, 13.0, 29.55)",18,CJ1A,4,10.0,83,0,1,1,,22401,22401,RuntimeError: accessible area not connected
room_A_connector_y_29p50,"(11.0, 29.5, 13.0, 29.55)",15,CJ1B,0,10.0,82,0,2,3,,16805|16830,16804|16805|16830,RuntimeError: accessible area not connected
room_A_connector_y_29p50,"(11.0, 29.5, 13.0, 29.55)",15,CJ1B,1,10.0,82,1,3,3,16837,16816|16830|16837,16816|16830|16837,RuntimeError: accessible area not connected
room_A_connector_y_29p50,"(11.0, 29.5, 13.0, 29.55)",15,CJ1B,2,10.0,81,0,1,3,,19606,19606|19610|19616,RuntimeError: accessible area not connected
room_A_connector_y_29p50,"(11.0, 29.5, 13.0, 29.55)",15,CJ1B,3,10.0,84,0,1,3,,19633,19618|19625|19633,RuntimeError: accessible area not connected
room_A_connector_y_29p50,"(11.0, 29.5, 13.0, 29.55)",15,CJ1B,4,10.0,83,0,1,1,,19601,19601,RuntimeError: accessible area not connected
room_A_connector_y_29p50,"(11.0, 29.5, 13.0, 29.55)",16,CJ1J1,0,10.0,82,0,2,3,,19605|19630,19604|19605|19630,RuntimeError: accessible area not connected
room_A_connector_y_29p50,"(11.0, 29.5, 13.0, 29.55)",16,CJ1J1,1,10.0,82,1,3,3,19637,19616|19630|19637,19616|19630|19637,RuntimeError: accessible area not connected
room_A_connector_y_29p50,"(11.0, 29.5, 13.0, 29.55)",16,CJ1J1,2,10.0,81,0,1,3,,19606,19606|19610|19616,RuntimeError: accessible area not connected
room_A_connector_y_29p50,"(11.0, 29.5, 13.0, 29.55)",16,CJ1J1,3,10.0,84,0,1,3,,19633,19618|19625|19633,RuntimeError: accessible area not connected
room_A_connector_y_29p50,"(11.0, 29.5, 13.0, 29.55)",16,CJ1J1,4,10.0,83,0,1,1,,19601,19601,RuntimeError: accessible area not connected
room_A_connector_y_29p50,"(11.0, 29.5, 13.0, 29.55)",17,CJ1J2,0,10.0,82,0,2,3,,19605|19630,19604|19605|19630,RuntimeError: accessible area not connected
room_A_connector_y_29p50,"(11.0, 29.5, 13.0, 29.55)",17,CJ1J2,1,10.0,82,1,3,3,19637,19616|19630|19637,19616|19630|19637,RuntimeError: accessible area not connected
room_A_connector_y_29p50,"(11.0, 29.5, 13.0, 29.55)",17,CJ1J2,2,10.0,81,0,1,3,,19606,19606|19610|19616,RuntimeError: accessible area not connected
room_A_connector_y_29p50,"(11.0, 29.5, 13.0, 29.55)",17,CJ1J2,3,10.0,84,0,1,3,,22433,22418|22425|22433,RuntimeError: accessible area not connected
room_A_connector_y_29p50,"(11.0, 29.5, 13.0, 29.55)",17,CJ1J2,4,10.0,83,0,1,1,,22401,22401,RuntimeError: accessible area not connected
room_A_connector_y_29p50,"(11.0, 29.5, 13.0, 29.55)",21,CJ3A,0,10.0,82,0,2,3,,25205|25230,25204|25205|25230,RuntimeError: accessible area not connected
room_A_connector_y_29p50,"(11.0, 29.5, 13.0, 29.55)",21,CJ3A,1,10.0,82,1,3,3,25237,25216|25230|25237,25216|25230|25237,RuntimeError: accessible area not connected
room_A_connector_y_29p50,"(11.0, 29.5, 13.0, 29.55)",21,CJ3A,2,10.0,81,0,1,3,,25206,25206|25210|25216,RuntimeError: accessible area not connected
room_A_connector_y_29p50,"(11.0, 29.5, 13.0, 29.55)",21,CJ3A,3,10.0,84,0,1,3,,25233,25218|25225|25233,RuntimeError: accessible area not connected
room_A_connector_y_29p50,"(11.0, 29.5, 13.0, 29.55)",21,CJ3A,4,10.0,83,0,1,1,,25201,25201,RuntimeError: accessible area not connected
room_A_connector_y_29p50,"(11.0, 29.5, 13.0, 29.55)",19,CJ3B,0,10.0,82,0,2,3,,22405|22430,22404|22405|22430,RuntimeError: accessible area not connected
room_A_connector_y_29p50,"(11.0, 29.5, 13.0, 29.55)",19,CJ3B,1,10.0,82,1,3,3,22437,22416|22430|22437,22416|22430|22437,RuntimeError: accessible area not connected
room_A_connector_y_29p50,"(11.0, 29.5, 13.0, 29.55)",19,CJ3B,2,10.0,81,0,1,3,,22406,22406|22410|22416,RuntimeError: accessible area not connected
room_A_connector_y_29p50,"(11.0, 29.5, 13.0, 29.55)",19,CJ3B,3,10.0,84,0,1,3,,22433,22418|22425|22433,RuntimeError: accessible area not connected
room_A_connector_y_29p50,"(11.0, 29.5, 13.0, 29.55)",19,CJ3B,4,10.0,83,0,1,1,,25201,25201,RuntimeError: accessible area not connected
room_A_connector_y_29p50,"(11.0, 29.5, 13.0, 29.55)",20,CJ3J1,0,10.0,82,0,2,3,,25205|25230,25204|25205|25230,RuntimeError: accessible area not connected
room_A_connector_y_29p50,"(11.0, 29.5, 13.0, 29.55)",20,CJ3J1,1,10.0,82,1,3,3,25237,25216|25230|25237,25216|25230|25237,RuntimeError: accessible area not connected
room_A_connector_y_29p50,"(11.0, 29.5, 13.0, 29.55)",20,CJ3J1,2,10.0,81,0,1,3,,25206,25206|25210|25216,RuntimeError: accessible area not connected
room_A_connector_y_29p50,"(11.0, 29.5, 13.0, 29.55)",20,CJ3J1,3,10.0,84,0,1,3,,25233,25218|25225|25233,RuntimeError: accessible area not connected
room_A_connector_y_29p50,"(11.0, 29.5, 13.0, 29.55)",20,CJ3J1,4,10.0,83,0,1,1,,25201,25201,RuntimeError: accessible area not connected
room_A_connector_y_29p50,"(11.0, 29.5, 13.0, 29.55)",25,J2CA,0,10.0,82,0,1,3,,30826,30808|30826|30838,RuntimeError: accessible area not connected
room_A_connector_y_29p50,"(11.0, 29.5, 13.0, 29.55)",25,J2CA,1,10.0,82,0,0,3,,,30824|30830|30837,RuntimeError: accessible area not connected
room_A_connector_y_29p50,"(11.0, 29.5, 13.0, 29.55)",25,J2CA,2,10.0,81,0,1,2,,30806,30806|30810,RuntimeError: accessible area not connected
room_A_connector_y_29p50,"(11.0, 29.5, 13.0, 29.55)",25,J2CA,3,10.0,84,0,2,4,,30832|30833,30818|30825|30832|30833,RuntimeError: accessible area not connected
room_A_connector_y_29p50,"(11.0, 29.5, 13.0, 29.55)",25,J2CA,4,10.0,83,0,0,2,,,30801|30819,RuntimeError: accessible area not connected
room_A_connector_y_29p50,"(11.0, 29.5, 13.0, 29.55)",22,J2CB,0,10.0,82,0,1,3,,28026,28008|28026|28038,RuntimeError: accessible area not connected
room_A_connector_y_29p50,"(11.0, 29.5, 13.0, 29.55)",22,J2CB,1,10.0,82,0,0,3,,,28024|28030|28037,RuntimeError: accessible area not connected
room_A_connector_y_29p50,"(11.0, 29.5, 13.0, 29.55)",22,J2CB,2,10.0,81,0,1,2,,28006,28006|28010,RuntimeError: accessible area not connected
room_A_connector_y_29p50,"(11.0, 29.5, 13.0, 29.55)",22,J2CB,3,10.0,84,0,2,4,,28032|28033,28018|28025|28032|28033,RuntimeError: accessible area not connected
room_A_connector_y_29p50,"(11.0, 29.5, 13.0, 29.55)",22,J2CB,4,10.0,83,0,0,2,,,28001|28019,RuntimeError: accessible area not connected
room_A_connector_y_29p50,"(11.0, 29.5, 13.0, 29.55)",23,J2CJ1,0,10.0,82,0,1,3,,28026,28008|28026|28038,RuntimeError: accessible area not connected
room_A_connector_y_29p50,"(11.0, 29.5, 13.0, 29.55)",23,J2CJ1,1,10.0,82,0,0,3,,,28024|28030|28037,RuntimeError: accessible area not connected
room_A_connector_y_29p50,"(11.0, 29.5, 13.0, 29.55)",23,J2CJ1,2,10.0,81,0,1,2,,28006,28006|28010,RuntimeError: accessible area not connected
room_A_connector_y_29p50,"(11.0, 29.5, 13.0, 29.55)",23,J2CJ1,3,10.0,84,0,2,4,,28032|28033,28018|28025|28032|28033,RuntimeError: accessible area not connected
room_A_connector_y_29p50,"(11.0, 29.5, 13.0, 29.55)",23,J2CJ1,4,10.0,83,0,0,2,,,28001|28019,RuntimeError: accessible area not connected
room_A_connector_y_29p50,"(11.0, 29.5, 13.0, 29.55)",24,J2CJ2,0,10.0,82,0,1,3,,28026,28008|28026|28038,RuntimeError: accessible area not connected
room_A_connector_y_29p50,"(11.0, 29.5, 13.0, 29.55)",24,J2CJ2,1,10.0,82,0,0,3,,,30824|30830|30837,RuntimeError: accessible area not connected
room_A_connector_y_29p50,"(11.0, 29.5, 13.0, 29.55)",24,J2CJ2,2,10.0,81,0,1,2,,30806,30806|30810,RuntimeError: accessible area not connected
room_A_connector_y_29p50,"(11.0, 29.5, 13.0, 29.55)",24,J2CJ2,3,10.0,84,0,2,4,,30832|30833,30818|30825|30832|30833,RuntimeError: accessible area not connected
room_A_connector_y_29p50,"(11.0, 29.5, 13.0, 29.55)",24,J2CJ2,4,10.0,83,0,0,2,,,30801|30819,RuntimeError: accessible area not connected
room_A_connector_y_29p50,"(11.0, 29.5, 13.0, 29.55)",27,J2J3A,0,10.0,82,0,1,3,,33626,33608|33626|33638,RuntimeError: accessible area not connected
room_A_connector_y_29p50,"(11.0, 29.5, 13.0, 29.55)",27,J2J3A,1,10.0,82,0,0,3,,,33624|33630|33637,RuntimeError: accessible area not connected
room_A_connector_y_29p50,"(11.0, 29.5, 13.0, 29.55)",27,J2J3A,2,10.0,81,0,1,2,,33606,33606|33610,RuntimeError: accessible area not connected
room_A_connector_y_29p50,"(11.0, 29.5, 13.0, 29.55)",27,J2J3A,3,10.0,84,0,2,4,,33632|33633,33618|33625|33632|33633,RuntimeError: accessible area not connected
room_A_connector_y_29p50,"(11.0, 29.5, 13.0, 29.55)",27,J2J3A,4,10.0,83,0,0,2,,,33601|33619,RuntimeError: accessible area not connected
room_A_connector_y_29p50,"(11.0, 29.5, 13.0, 29.55)",26,J2J3B,0,10.0,82,0,1,3,,30826,30808|30826|30838,RuntimeError: accessible area not connected
room_A_connector_y_29p50,"(11.0, 29.5, 13.0, 29.55)",26,J2J3B,1,10.0,82,0,0,3,,,30824|30830|30837,RuntimeError: accessible area not connected
room_A_connector_y_29p50,"(11.0, 29.5, 13.0, 29.55)",26,J2J3B,2,10.0,81,0,1,2,,33606,33606|33610,RuntimeError: accessible area not connected
room_A_connector_y_29p50,"(11.0, 29.5, 13.0, 29.55)",26,J2J3B,3,10.0,84,0,2,4,,33632|33633,33618|33625|33632|33633,RuntimeError: accessible area not connected
room_A_connector_y_29p50,"(11.0, 29.5, 13.0, 29.55)",26,J2J3B,4,10.0,83,0,0,2,,,33601|33619,RuntimeError: accessible area not connected
room_A_connector_y_29p50,"(11.0, 29.5, 13.0, 29.55)",30,J3CA,0,10.0,82,0,3,3,,36408|36411|36426,36408|36411|36426,RuntimeError: accessible area not connected
room_A_connector_y_29p50,"(11.0, 29.5, 13.0, 29.55)",30,J3CA,1,10.0,82,0,2,2,,36416|36436,36416|36436,RuntimeError: accessible area not connected
room_A_connector_y_29p50,"(11.0, 29.5, 13.0, 29.55)",30,J3CA,2,10.0,81,0,1,1,,36410,36410,RuntimeError: accessible area not connected
room_A_connector_y_29p50,"(11.0, 29.5, 13.0, 29.55)",30,J3CA,3,10.0,84,0,1,3,,36440,36402|36432|36440,RuntimeError: accessible area not connected
room_A_connector_y_29p50,"(11.0, 29.5, 13.0, 29.55)",30,J3CA,4,10.0,83,0,3,3,,39205|39208|39219,39205|39208|39219,RuntimeError: accessible area not connected
room_A_connector_y_29p50,"(11.0, 29.5, 13.0, 29.55)",28,J3CB,0,10.0,82,0,3,3,,33608|33611|33626,33608|33611|33626,RuntimeError: accessible area not connected
room_A_connector_y_29p50,"(11.0, 29.5, 13.0, 29.55)",28,J3CB,1,10.0,82,0,2,2,,33616|33636,33616|33636,RuntimeError: accessible area not connected
room_A_connector_y_29p50,"(11.0, 29.5, 13.0, 29.55)",28,J3CB,2,10.0,81,0,1,1,,33610,33610,RuntimeError: accessible area not connected
room_A_connector_y_29p50,"(11.0, 29.5, 13.0, 29.55)",28,J3CB,3,10.0,84,0,1,3,,36440,36402|36432|36440,RuntimeError: accessible area not connected
room_A_connector_y_29p50,"(11.0, 29.5, 13.0, 29.55)",28,J3CB,4,10.0,83,0,3,3,,36405|36408|36419,36405|36408|36419,RuntimeError: accessible area not connected
room_A_connector_y_29p50,"(11.0, 29.5, 13.0, 29.55)",29,J3CJ2,0,10.0,82,0,3,3,,36408|36411|36426,36408|36411|36426,RuntimeError: accessible area not connected
room_A_connector_y_29p50,"(11.0, 29.5, 13.0, 29.55)",29,J3CJ2,1,10.0,82,0,2,2,,36416|36436,36416|36436,RuntimeError: accessible area not connected
room_A_connector_y_29p50,"(11.0, 29.5, 13.0, 29.55)",29,J3CJ2,2,10.0,81,0,1,1,,36410,36410,RuntimeError: accessible area not connected
room_A_connector_y_29p50,"(11.0, 29.5, 13.0, 29.55)",29,J3CJ2,3,10.0,84,0,1,3,,36440,36402|36432|36440,RuntimeError: accessible area not connected
room_A_connector_y_29p50,"(11.0, 29.5, 13.0, 29.55)",29,J3CJ2,4,10.0,83,0,3,3,,36405|36408|36419,36405|36408|36419,RuntimeError: accessible area not connected
room_A_connector_y_29p50,"(11.0, 29.5, 13.0, 29.55)",32,J3J1A,0,10.0,82,0,3,3,,39208|39211|39226,39208|39211|39226,RuntimeError: accessible area not connected
room_A_connector_y_29p50,"(11.0, 29.5, 13.0, 29.55)",32,J3J1A,1,10.0,82,0,2,2,,39216|39236,39216|39236,RuntimeError: accessible area not connected
room_A_connector_y_29p50,"(11.0, 29.5, 13.0, 29.55)",32,J3J1A,2,10.0,81,0,1,1,,39210,39210,RuntimeError: accessible area not connected
room_A_connector_y_29p50,"(11.0, 29.5, 13.0, 29.55)",32,J3J1A,3,10.0,84,0,1,3,,39240,39202|39232|39240,RuntimeError: accessible area not connected
room_A_connector_y_29p50,"(11.0, 29.5, 13.0, 29.55)",32,J3J1A,4,10.0,83,0,3,3,,39205|39208|39219,39205|39208|39219,RuntimeError: accessible area not connected
room_A_connector_y_29p50,"(11.0, 29.5, 13.0, 29.55)",31,J3J1B,0,10.0,82,0,3,3,,39208|39211|39226,39208|39211|39226,RuntimeError: accessible area not connected
room_A_connector_y_29p50,"(11.0, 29.5, 13.0, 29.55)",31,J3J1B,1,10.0,82,0,2,2,,39216|39236,39216|39236,RuntimeError: accessible area not connected
room_A_connector_y_29p50,"(11.0, 29.5, 13.0, 29.55)",31,J3J1B,2,10.0,81,0,1,1,,39210,39210,RuntimeError: accessible area not connected
room_A_connector_y_29p50,"(11.0, 29.5, 13.0, 29.55)",31,J3J1B,3,10.0,84,0,1,3,,39240,39202|39232|39240,RuntimeError: accessible area not connected
room_A_connector_y_29p50,"(11.0, 29.5, 13.0, 29.55)",31,J3J1B,4,10.0,83,0,3,3,,39205|39208|39219,39205|39208|39219,RuntimeError: accessible area not connected
room_A_connector_y_29p50,"(11.0, 29.5, 13.0, 29.55)",34,J3J3A,0,10.0,82,0,3,3,,42008|42011|42026,42008|42011|42026,RuntimeError: accessible area not connected
room_A_connector_y_29p50,"(11.0, 29.5, 13.0, 29.55)",34,J3J3A,1,10.0,82,0,2,2,,42016|42036,42016|42036,RuntimeError: accessible area not connected
room_A_connector_y_29p50,"(11.0, 29.5, 13.0, 29.55)",34,J3J3A,2,10.0,81,0,1,1,,42010,42010,RuntimeError: accessible area not connected
room_A_connector_y_29p50,"(11.0, 29.5, 13.0, 29.55)",34,J3J3A,3,10.0,84,0,1,3,,42040,42002|42032|42040,RuntimeError: accessible area not connected
room_A_connector_y_29p50,"(11.0, 29.5, 13.0, 29.55)",34,J3J3A,4,10.0,83,0,3,3,,42005|42008|42019,42005|42008|42019,RuntimeError: accessible area not connected
room_A_connector_y_29p50,"(11.0, 29.5, 13.0, 29.55)",33,J3J3B,0,10.0,82,0,3,3,,42008|42011|42026,42008|42011|42026,RuntimeError: accessible area not connected
room_A_connector_y_29p50,"(11.0, 29.5, 13.0, 29.55)",33,J3J3B,1,10.0,82,0,2,2,,42016|42036,42016|42036,RuntimeError: accessible area not connected
room_A_connector_y_29p50,"(11.0, 29.5, 13.0, 29.55)",33,J3J3B,2,10.0,81,0,1,1,,42010,42010,RuntimeError: accessible area not connected
room_A_connector_y_29p50,"(11.0, 29.5, 13.0, 29.55)",33,J3J3B,3,10.0,84,0,1,3,,42040,42002|42032|42040,RuntimeError: accessible area not connected
room_A_connector_y_29p50,"(11.0, 29.5, 13.0, 29.55)",33,J3J3B,4,10.0,83,0,3,3,,42005|42008|42019,42005|42008|42019,RuntimeError: accessible area not connected
upper_x_10p50,"(10.5, 23.0, 10.55, 27.0)",3,ACA,0,10.0,82,0,1,1,,2807,2807,
upper_x_10p50,"(10.5, 23.0, 10.55, 27.0)",3,ACA,1,10.0,82,0,2,2,,2811|2833,2811|2833,
upper_x_10p50,"(10.5, 23.0, 10.55, 27.0)",3,ACA,2,10.0,81,0,0,1,,,2820,
upper_x_10p50,"(10.5, 23.0, 10.55, 27.0)",3,ACA,3,10.0,84,0,0,1,,,2806,
upper_x_10p50,"(10.5, 23.0, 10.55, 27.0)",3,ACA,4,10.0,83,0,1,1,,2812,2812,
upper_x_10p50,"(10.5, 23.0, 10.55, 27.0)",0,ACB,0,10.0,82,0,1,1,,7,7,
upper_x_10p50,"(10.5, 23.0, 10.55, 27.0)",0,ACB,1,10.0,82,0,2,2,,11|33,11|33,
upper_x_10p50,"(10.5, 23.0, 10.55, 27.0)",0,ACB,2,10.0,81,0,0,1,,,20,
upper_x_10p50,"(10.5, 23.0, 10.55, 27.0)",0,ACB,3,10.0,84,0,0,1,,,6,
upper_x_10p50,"(10.5, 23.0, 10.55, 27.0)",0,ACB,4,10.0,83,0,1,1,,12,12,
upper_x_10p50,"(10.5, 23.0, 10.55, 27.0)",1,ACJ1,0,10.0,82,0,1,1,,7,7,
upper_x_10p50,"(10.5, 23.0, 10.55, 27.0)",1,ACJ1,1,10.0,82,0,2,2,,11|33,11|33,
upper_x_10p50,"(10.5, 23.0, 10.55, 27.0)",1,ACJ1,2,10.0,81,0,0,1,,,20,
upper_x_10p50,"(10.5, 23.0, 10.55, 27.0)",1,ACJ1,3,10.0,84,0,0,1,,,6,
upper_x_10p50,"(10.5, 23.0, 10.55, 27.0)",1,ACJ1,4,10.0,83,0,1,1,,12,12,
upper_x_10p50,"(10.5, 23.0, 10.55, 27.0)",2,ACJ2,0,10.0,82,0,1,1,,7,7,
upper_x_10p50,"(10.5, 23.0, 10.55, 27.0)",2,ACJ2,1,10.0,82,0,2,2,,2811|2833,2811|2833,
upper_x_10p50,"(10.5, 23.0, 10.55, 27.0)",2,ACJ2,2,10.0,81,0,0,1,,,2820,
upper_x_10p50,"(10.5, 23.0, 10.55, 27.0)",2,ACJ2,3,10.0,84,0,0,1,,,2806,
upper_x_10p50,"(10.5, 23.0, 10.55, 27.0)",2,ACJ2,4,10.0,83,0,1,1,,2812,2812,
upper_x_10p50,"(10.5, 23.0, 10.55, 27.0)",7,AJ1A,0,10.0,82,0,1,1,,8407,8407,
upper_x_10p50,"(10.5, 23.0, 10.55, 27.0)",7,AJ1A,1,10.0,82,0,2,2,,8411|8433,8411|8433,
upper_x_10p50,"(10.5, 23.0, 10.55, 27.0)",7,AJ1A,2,10.0,81,0,0,1,,,8420,
upper_x_10p50,"(10.5, 23.0, 10.55, 27.0)",7,AJ1A,3,10.0,84,0,0,1,,,8406,
upper_x_10p50,"(10.5, 23.0, 10.55, 27.0)",7,AJ1A,4,10.0,83,0,1,1,,8412,8412,
upper_x_10p50,"(10.5, 23.0, 10.55, 27.0)",4,AJ1B,0,10.0,82,0,1,1,,2807,2807,
upper_x_10p50,"(10.5, 23.0, 10.55, 27.0)",4,AJ1B,1,10.0,82,0,2,2,,2811|2833,2811|2833,
upper_x_10p50,"(10.5, 23.0, 10.55, 27.0)",4,AJ1B,2,10.0,81,0,0,1,,,5620,
upper_x_10p50,"(10.5, 23.0, 10.55, 27.0)",4,AJ1B,3,10.0,84,0,0,1,,,5606,
upper_x_10p50,"(10.5, 23.0, 10.55, 27.0)",4,AJ1B,4,10.0,83,0,1,1,,5612,5612,
upper_x_10p50,"(10.5, 23.0, 10.55, 27.0)",5,AJ1J1,0,10.0,82,0,1,1,,5607,5607,
upper_x_10p50,"(10.5, 23.0, 10.55, 27.0)",5,AJ1J1,1,10.0,82,0,2,2,,5611|5633,5611|5633,
upper_x_10p50,"(10.5, 23.0, 10.55, 27.0)",5,AJ1J1,2,10.0,81,0,0,1,,,5620,
upper_x_10p50,"(10.5, 23.0, 10.55, 27.0)",5,AJ1J1,3,10.0,84,0,0,1,,,5606,
upper_x_10p50,"(10.5, 23.0, 10.55, 27.0)",5,AJ1J1,4,10.0,83,0,1,1,,5612,5612,
upper_x_10p50,"(10.5, 23.0, 10.55, 27.0)",6,AJ1J2,0,10.0,82,0,1,1,,5607,5607,
upper_x_10p50,"(10.5, 23.0, 10.55, 27.0)",6,AJ1J2,1,10.0,82,0,2,2,,5611|5633,5611|5633,
upper_x_10p50,"(10.5, 23.0, 10.55, 27.0)",6,AJ1J2,2,10.0,81,0,0,1,,,5620,
upper_x_10p50,"(10.5, 23.0, 10.55, 27.0)",6,AJ1J2,3,10.0,84,0,0,1,,,8406,
upper_x_10p50,"(10.5, 23.0, 10.55, 27.0)",6,AJ1J2,4,10.0,83,0,1,1,,8412,8412,
upper_x_10p50,"(10.5, 23.0, 10.55, 27.0)",10,AJ3A,0,10.0,82,0,1,1,,11207,11207,
upper_x_10p50,"(10.5, 23.0, 10.55, 27.0)",10,AJ3A,1,10.0,82,0,2,2,,11211|11233,11211|11233,
upper_x_10p50,"(10.5, 23.0, 10.55, 27.0)",10,AJ3A,2,10.0,81,0,0,1,,,11220,
upper_x_10p50,"(10.5, 23.0, 10.55, 27.0)",10,AJ3A,3,10.0,84,0,0,1,,,11206,
upper_x_10p50,"(10.5, 23.0, 10.55, 27.0)",10,AJ3A,4,10.0,83,0,1,1,,11212,11212,
upper_x_10p50,"(10.5, 23.0, 10.55, 27.0)",8,AJ3B,0,10.0,82,0,1,1,,8407,8407,
upper_x_10p50,"(10.5, 23.0, 10.55, 27.0)",8,AJ3B,1,10.0,82,0,2,2,,8411|8433,8411|8433,
upper_x_10p50,"(10.5, 23.0, 10.55, 27.0)",8,AJ3B,2,10.0,81,0,0,1,,,8420,
upper_x_10p50,"(10.5, 23.0, 10.55, 27.0)",8,AJ3B,3,10.0,84,0,0,1,,,8406,
upper_x_10p50,"(10.5, 23.0, 10.55, 27.0)",8,AJ3B,4,10.0,83,0,1,1,,11212,11212,
upper_x_10p50,"(10.5, 23.0, 10.55, 27.0)",9,AJ3J1,0,10.0,82,0,1,1,,11207,11207,
upper_x_10p50,"(10.5, 23.0, 10.55, 27.0)",9,AJ3J1,1,10.0,82,0,2,2,,11211|11233,11211|11233,
upper_x_10p50,"(10.5, 23.0, 10.55, 27.0)",9,AJ3J1,2,10.0,81,0,0,1,,,11220,
upper_x_10p50,"(10.5, 23.0, 10.55, 27.0)",9,AJ3J1,3,10.0,84,0,0,1,,,11206,
upper_x_10p50,"(10.5, 23.0, 10.55, 27.0)",9,AJ3J1,4,10.0,83,0,1,1,,11212,11212,
upper_x_10p50,"(10.5, 23.0, 10.55, 27.0)",14,CCA,0,10.0,82,0,0,0,,,,
upper_x_10p50,"(10.5, 23.0, 10.55, 27.0)",14,CCA,1,10.0,82,0,0,0,,,,
upper_x_10p50,"(10.5, 23.0, 10.55, 27.0)",14,CCA,2,10.0,81,0,0,0,,,,
upper_x_10p50,"(10.5, 23.0, 10.55, 27.0)",14,CCA,3,10.0,84,0,0,0,,,,
upper_x_10p50,"(10.5, 23.0, 10.55, 27.0)",14,CCA,4,10.0,83,0,0,0,,,,
upper_x_10p50,"(10.5, 23.0, 10.55, 27.0)",11,CCB,0,10.0,82,0,0,0,,,,
upper_x_10p50,"(10.5, 23.0, 10.55, 27.0)",11,CCB,1,10.0,82,0,0,0,,,,
upper_x_10p50,"(10.5, 23.0, 10.55, 27.0)",11,CCB,2,10.0,81,0,0,0,,,,
upper_x_10p50,"(10.5, 23.0, 10.55, 27.0)",11,CCB,3,10.0,84,0,0,0,,,,
upper_x_10p50,"(10.5, 23.0, 10.55, 27.0)",11,CCB,4,10.0,83,0,0,0,,,,
upper_x_10p50,"(10.5, 23.0, 10.55, 27.0)",12,CCJ1,0,10.0,82,0,0,0,,,,
upper_x_10p50,"(10.5, 23.0, 10.55, 27.0)",12,CCJ1,1,10.0,82,0,0,0,,,,
upper_x_10p50,"(10.5, 23.0, 10.55, 27.0)",12,CCJ1,2,10.0,81,0,0,0,,,,
upper_x_10p50,"(10.5, 23.0, 10.55, 27.0)",12,CCJ1,3,10.0,84,0,0,0,,,,
upper_x_10p50,"(10.5, 23.0, 10.55, 27.0)",12,CCJ1,4,10.0,83,0,0,0,,,,
upper_x_10p50,"(10.5, 23.0, 10.55, 27.0)",13,CCJ2,0,10.0,82,0,0,0,,,,
upper_x_10p50,"(10.5, 23.0, 10.55, 27.0)",13,CCJ2,1,10.0,82,0,0,0,,,,
upper_x_10p50,"(10.5, 23.0, 10.55, 27.0)",13,CCJ2,2,10.0,81,0,0,0,,,,
upper_x_10p50,"(10.5, 23.0, 10.55, 27.0)",13,CCJ2,3,10.0,84,0,0,0,,,,
upper_x_10p50,"(10.5, 23.0, 10.55, 27.0)",13,CCJ2,4,10.0,83,0,0,0,,,,
upper_x_10p50,"(10.5, 23.0, 10.55, 27.0)",18,CJ1A,0,10.0,82,0,0,0,,,,
upper_x_10p50,"(10.5, 23.0, 10.55, 27.0)",18,CJ1A,1,10.0,82,0,0,0,,,,
upper_x_10p50,"(10.5, 23.0, 10.55, 27.0)",18,CJ1A,2,10.0,81,0,0,0,,,,
upper_x_10p50,"(10.5, 23.0, 10.55, 27.0)",18,CJ1A,3,10.0,84,0,0,0,,,,
upper_x_10p50,"(10.5, 23.0, 10.55, 27.0)",18,CJ1A,4,10.0,83,0,0,0,,,,
upper_x_10p50,"(10.5, 23.0, 10.55, 27.0)",15,CJ1B,0,10.0,82,0,0,0,,,,
upper_x_10p50,"(10.5, 23.0, 10.55, 27.0)",15,CJ1B,1,10.0,82,0,0,0,,,,
upper_x_10p50,"(10.5, 23.0, 10.55, 27.0)",15,CJ1B,2,10.0,81,0,0,0,,,,
upper_x_10p50,"(10.5, 23.0, 10.55, 27.0)",15,CJ1B,3,10.0,84,0,0,0,,,,
upper_x_10p50,"(10.5, 23.0, 10.55, 27.0)",15,CJ1B,4,10.0,83,0,0,0,,,,
upper_x_10p50,"(10.5, 23.0, 10.55, 27.0)",16,CJ1J1,0,10.0,82,0,0,0,,,,
upper_x_10p50,"(10.5, 23.0, 10.55, 27.0)",16,CJ1J1,1,10.0,82,0,0,0,,,,
upper_x_10p50,"(10.5, 23.0, 10.55, 27.0)",16,CJ1J1,2,10.0,81,0,0,0,,,,
upper_x_10p50,"(10.5, 23.0, 10.55, 27.0)",16,CJ1J1,3,10.0,84,0,0,0,,,,
upper_x_10p50,"(10.5, 23.0, 10.55, 27.0)",16,CJ1J1,4,10.0,83,0,0,0,,,,
upper_x_10p50,"(10.5, 23.0, 10.55, 27.0)",17,CJ1J2,0,10.0,82,0,0,0,,,,
upper_x_10p50,"(10.5, 23.0, 10.55, 27.0)",17,CJ1J2,1,10.0,82,0,0,0,,,,
upper_x_10p50,"(10.5, 23.0, 10.55, 27.0)",17,CJ1J2,2,10.0,81,0,0,0,,,,
upper_x_10p50,"(10.5, 23.0, 10.55, 27.0)",17,CJ1J2,3,10.0,84,0,0,0,,,,
upper_x_10p50,"(10.5, 23.0, 10.55, 27.0)",17,CJ1J2,4,10.0,83,0,0,0,,,,
upper_x_10p50,"(10.5, 23.0, 10.55, 27.0)",21,CJ3A,0,10.0,82,0,0,0,,,,
upper_x_10p50,"(10.5, 23.0, 10.55, 27.0)",21,CJ3A,1,10.0,82,0,0,0,,,,
upper_x_10p50,"(10.5, 23.0, 10.55, 27.0)",21,CJ3A,2,10.0,81,0,0,0,,,,
upper_x_10p50,"(10.5, 23.0, 10.55, 27.0)",21,CJ3A,3,10.0,84,0,0,0,,,,
upper_x_10p50,"(10.5, 23.0, 10.55, 27.0)",21,CJ3A,4,10.0,83,0,0,0,,,,
upper_x_10p50,"(10.5, 23.0, 10.55, 27.0)",19,CJ3B,0,10.0,82,0,0,0,,,,
upper_x_10p50,"(10.5, 23.0, 10.55, 27.0)",19,CJ3B,1,10.0,82,0,0,0,,,,
upper_x_10p50,"(10.5, 23.0, 10.55, 27.0)",19,CJ3B,2,10.0,81,0,0,0,,,,
upper_x_10p50,"(10.5, 23.0, 10.55, 27.0)",19,CJ3B,3,10.0,84,0,0,0,,,,
upper_x_10p50,"(10.5, 23.0, 10.55, 27.0)",19,CJ3B,4,10.0,83,0,0,0,,,,
upper_x_10p50,"(10.5, 23.0, 10.55, 27.0)",20,CJ3J1,0,10.0,82,0,0,0,,,,
upper_x_10p50,"(10.5, 23.0, 10.55, 27.0)",20,CJ3J1,1,10.0,82,0,0,0,,,,
upper_x_10p50,"(10.5, 23.0, 10.55, 27.0)",20,CJ3J1,2,10.0,81,0,0,0,,,,
upper_x_10p50,"(10.5, 23.0, 10.55, 27.0)",20,CJ3J1,3,10.0,84,0,0,0,,,,
upper_x_10p50,"(10.5, 23.0, 10.55, 27.0)",20,CJ3J1,4,10.0,83,0,0,0,,,,
upper_x_10p50,"(10.5, 23.0, 10.55, 27.0)",25,J2CA,0,10.0,82,0,0,0,,,,
upper_x_10p50,"(10.5, 23.0, 10.55, 27.0)",25,J2CA,1,10.0,82,0,0,0,,,,
upper_x_10p50,"(10.5, 23.0, 10.55, 27.0)",25,J2CA,2,10.0,81,0,0,0,,,,
upper_x_10p50,"(10.5, 23.0, 10.55, 27.0)",25,J2CA,3,10.0,84,0,0,0,,,,
upper_x_10p50,"(10.5, 23.0, 10.55, 27.0)",25,J2CA,4,10.0,83,0,0,0,,,,
upper_x_10p50,"(10.5, 23.0, 10.55, 27.0)",22,J2CB,0,10.0,82,0,0,0,,,,
upper_x_10p50,"(10.5, 23.0, 10.55, 27.0)",22,J2CB,1,10.0,82,0,0,0,,,,
upper_x_10p50,"(10.5, 23.0, 10.55, 27.0)",22,J2CB,2,10.0,81,0,0,0,,,,
upper_x_10p50,"(10.5, 23.0, 10.55, 27.0)",22,J2CB,3,10.0,84,0,0,0,,,,
upper_x_10p50,"(10.5, 23.0, 10.55, 27.0)",22,J2CB,4,10.0,83,0,0,0,,,,
upper_x_10p50,"(10.5, 23.0, 10.55, 27.0)",23,J2CJ1,0,10.0,82,0,0,0,,,,
upper_x_10p50,"(10.5, 23.0, 10.55, 27.0)",23,J2CJ1,1,10.0,82,0,0,0,,,,
upper_x_10p50,"(10.5, 23.0, 10.55, 27.0)",23,J2CJ1,2,10.0,81,0,0,0,,,,
upper_x_10p50,"(10.5, 23.0, 10.55, 27.0)",23,J2CJ1,3,10.0,84,0,0,0,,,,
upper_x_10p50,"(10.5, 23.0, 10.55, 27.0)",23,J2CJ1,4,10.0,83,0,0,0,,,,
upper_x_10p50,"(10.5, 23.0, 10.55, 27.0)",24,J2CJ2,0,10.0,82,0,0,0,,,,
upper_x_10p50,"(10.5, 23.0, 10.55, 27.0)",24,J2CJ2,1,10.0,82,0,0,0,,,,
upper_x_10p50,"(10.5, 23.0, 10.55, 27.0)",24,J2CJ2,2,10.0,81,0,0,0,,,,
upper_x_10p50,"(10.5, 23.0, 10.55, 27.0)",24,J2CJ2,3,10.0,84,0,0,0,,,,
upper_x_10p50,"(10.5, 23.0, 10.55, 27.0)",24,J2CJ2,4,10.0,83,0,0,0,,,,
upper_x_10p50,"(10.5, 23.0, 10.55, 27.0)",27,J2J3A,0,10.0,82,0,0,0,,,,
upper_x_10p50,"(10.5, 23.0, 10.55, 27.0)",27,J2J3A,1,10.0,82,0,0,0,,,,
upper_x_10p50,"(10.5, 23.0, 10.55, 27.0)",27,J2J3A,2,10.0,81,0,0,0,,,,
upper_x_10p50,"(10.5, 23.0, 10.55, 27.0)",27,J2J3A,3,10.0,84,0,0,0,,,,
upper_x_10p50,"(10.5, 23.0, 10.55, 27.0)",27,J2J3A,4,10.0,83,0,0,0,,,,
upper_x_10p50,"(10.5, 23.0, 10.55, 27.0)",26,J2J3B,0,10.0,82,0,0,0,,,,
upper_x_10p50,"(10.5, 23.0, 10.55, 27.0)",26,J2J3B,1,10.0,82,0,0,0,,,,
upper_x_10p50,"(10.5, 23.0, 10.55, 27.0)",26,J2J3B,2,10.0,81,0,0,0,,,,
upper_x_10p50,"(10.5, 23.0, 10.55, 27.0)",26,J2J3B,3,10.0,84,0,0,0,,,,
upper_x_10p50,"(10.5, 23.0, 10.55, 27.0)",26,J2J3B,4,10.0,83,0,0,0,,,,
upper_x_10p50,"(10.5, 23.0, 10.55, 27.0)",30,J3CA,0,10.0,82,0,0,2,,,36421|36435,
upper_x_10p50,"(10.5, 23.0, 10.55, 27.0)",30,J3CA,1,10.0,82,0,1,1,,36433,36433,
upper_x_10p50,"(10.5, 23.0, 10.55, 27.0)",30,J3CA,2,10.0,81,0,0,3,,,36422|36427|36435,
upper_x_10p50,"(10.5, 23.0, 10.55, 27.0)",30,J3CA,3,10.0,84,0,1,1,,36406,36406,
upper_x_10p50,"(10.5, 23.0, 10.55, 27.0)",30,J3CA,4,10.0,83,0,1,1,,39206,39206,
upper_x_10p50,"(10.5, 23.0, 10.55, 27.0)",28,J3CB,0,10.0,82,0,0,2,,,33621|33635,
upper_x_10p50,"(10.5, 23.0, 10.55, 27.0)",28,J3CB,1,10.0,82,0,1,1,,33633,33633,
upper_x_10p50,"(10.5, 23.0, 10.55, 27.0)",28,J3CB,2,10.0,81,0,0,3,,,33622|33627|33635,
upper_x_10p50,"(10.5, 23.0, 10.55, 27.0)",28,J3CB,3,10.0,84,0,1,1,,36406,36406,
upper_x_10p50,"(10.5, 23.0, 10.55, 27.0)",28,J3CB,4,10.0,83,0,1,1,,36406,36406,
upper_x_10p50,"(10.5, 23.0, 10.55, 27.0)",29,J3CJ2,0,10.0,82,0,0,2,,,36421|36435,
upper_x_10p50,"(10.5, 23.0, 10.55, 27.0)",29,J3CJ2,1,10.0,82,0,1,1,,36433,36433,
upper_x_10p50,"(10.5, 23.0, 10.55, 27.0)",29,J3CJ2,2,10.0,81,0,0,3,,,36422|36427|36435,
upper_x_10p50,"(10.5, 23.0, 10.55, 27.0)",29,J3CJ2,3,10.0,84,0,1,1,,36406,36406,
upper_x_10p50,"(10.5, 23.0, 10.55, 27.0)",29,J3CJ2,4,10.0,83,0,1,1,,36406,36406,
upper_x_10p50,"(10.5, 23.0, 10.55, 27.0)",32,J3J1A,0,10.0,82,0,0,2,,,39221|39235,
upper_x_10p50,"(10.5, 23.0, 10.55, 27.0)",32,J3J1A,1,10.0,82,0,1,1,,39233,39233,
upper_x_10p50,"(10.5, 23.0, 10.55, 27.0)",32,J3J1A,2,10.0,81,0,0,3,,,39222|39227|39235,
upper_x_10p50,"(10.5, 23.0, 10.55, 27.0)",32,J3J1A,3,10.0,84,0,1,1,,39206,39206,
upper_x_10p50,"(10.5, 23.0, 10.55, 27.0)",32,J3J1A,4,10.0,83,0,1,1,,39206,39206,
upper_x_10p50,"(10.5, 23.0, 10.55, 27.0)",31,J3J1B,0,10.0,82,0,0,2,,,39221|39235,
upper_x_10p50,"(10.5, 23.0, 10.55, 27.0)",31,J3J1B,1,10.0,82,0,1,1,,39233,39233,
upper_x_10p50,"(10.5, 23.0, 10.55, 27.0)",31,J3J1B,2,10.0,81,0,0,3,,,39222|39227|39235,
upper_x_10p50,"(10.5, 23.0, 10.55, 27.0)",31,J3J1B,3,10.0,84,0,1,1,,39206,39206,
upper_x_10p50,"(10.5, 23.0, 10.55, 27.0)",31,J3J1B,4,10.0,83,0,1,1,,39206,39206,
upper_x_10p50,"(10.5, 23.0, 10.55, 27.0)",34,J3J3A,0,10.0,82,0,0,2,,,42021|42035,
upper_x_10p50,"(10.5, 23.0, 10.55, 27.0)",34,J3J3A,1,10.0,82,0,1,1,,42033,42033,
upper_x_10p50,"(10.5, 23.0, 10.55, 27.0)",34,J3J3A,2,10.0,81,0,0,3,,,42022|42027|42035,
upper_x_10p50,"(10.5, 23.0, 10.55, 27.0)",34,J3J3A,3,10.0,84,0,1,1,,42006,42006,
upper_x_10p50,"(10.5, 23.0, 10.55, 27.0)",34,J3J3A,4,10.0,83,0,1,1,,42006,42006,
upper_x_10p50,"(10.5, 23.0, 10.55, 27.0)",33,J3J3B,0,10.0,82,0,0,2,,,42021|42035,
upper_x_10p50,"(10.5, 23.0, 10.55, 27.0)",33,J3J3B,1,10.0,82,0,1,1,,42033,42033,
upper_x_10p50,"(10.5, 23.0, 10.55, 27.0)",33,J3J3B,2,10.0,81,0,0,3,,,42022|42027|42035,
upper_x_10p50,"(10.5, 23.0, 10.55, 27.0)",33,J3J3B,3,10.0,84,0,1,1,,42006,42006,
upper_x_10p50,"(10.5, 23.0, 10.55, 27.0)",33,J3J3B,4,10.0,83,0,1,1,,42006,42006,
upper_x_13p50,"(13.5, 23.0, 13.55, 27.0)",3,ACA,0,10.0,82,0,0,0,,,,
upper_x_13p50,"(13.5, 23.0, 13.55, 27.0)",3,ACA,1,10.0,82,0,0,0,,,,
upper_x_13p50,"(13.5, 23.0, 13.55, 27.0)",3,ACA,2,10.0,81,0,0,0,,,,
upper_x_13p50,"(13.5, 23.0, 13.55, 27.0)",3,ACA,3,10.0,84,0,0,0,,,,
upper_x_13p50,"(13.5, 23.0, 13.55, 27.0)",3,ACA,4,10.0,83,0,0,0,,,,
upper_x_13p50,"(13.5, 23.0, 13.55, 27.0)",0,ACB,0,10.0,82,0,0,0,,,,
upper_x_13p50,"(13.5, 23.0, 13.55, 27.0)",0,ACB,1,10.0,82,0,0,0,,,,
upper_x_13p50,"(13.5, 23.0, 13.55, 27.0)",0,ACB,2,10.0,81,0,0,0,,,,
upper_x_13p50,"(13.5, 23.0, 13.55, 27.0)",0,ACB,3,10.0,84,0,0,0,,,,
upper_x_13p50,"(13.5, 23.0, 13.55, 27.0)",0,ACB,4,10.0,83,0,0,0,,,,
upper_x_13p50,"(13.5, 23.0, 13.55, 27.0)",1,ACJ1,0,10.0,82,0,0,0,,,,
upper_x_13p50,"(13.5, 23.0, 13.55, 27.0)",1,ACJ1,1,10.0,82,0,0,0,,,,
upper_x_13p50,"(13.5, 23.0, 13.55, 27.0)",1,ACJ1,2,10.0,81,0,0,0,,,,
upper_x_13p50,"(13.5, 23.0, 13.55, 27.0)",1,ACJ1,3,10.0,84,0,0,0,,,,
upper_x_13p50,"(13.5, 23.0, 13.55, 27.0)",1,ACJ1,4,10.0,83,0,0,0,,,,
upper_x_13p50,"(13.5, 23.0, 13.55, 27.0)",2,ACJ2,0,10.0,82,0,0,0,,,,
upper_x_13p50,"(13.5, 23.0, 13.55, 27.0)",2,ACJ2,1,10.0,82,0,0,0,,,,
upper_x_13p50,"(13.5, 23.0, 13.55, 27.0)",2,ACJ2,2,10.0,81,0,0,0,,,,
upper_x_13p50,"(13.5, 23.0, 13.55, 27.0)",2,ACJ2,3,10.0,84,0,0,0,,,,
upper_x_13p50,"(13.5, 23.0, 13.55, 27.0)",2,ACJ2,4,10.0,83,0,0,0,,,,
upper_x_13p50,"(13.5, 23.0, 13.55, 27.0)",7,AJ1A,0,10.0,82,0,0,0,,,,
upper_x_13p50,"(13.5, 23.0, 13.55, 27.0)",7,AJ1A,1,10.0,82,0,0,0,,,,
upper_x_13p50,"(13.5, 23.0, 13.55, 27.0)",7,AJ1A,2,10.0,81,0,0,0,,,,
upper_x_13p50,"(13.5, 23.0, 13.55, 27.0)",7,AJ1A,3,10.0,84,0,0,0,,,,
upper_x_13p50,"(13.5, 23.0, 13.55, 27.0)",7,AJ1A,4,10.0,83,0,0,0,,,,
upper_x_13p50,"(13.5, 23.0, 13.55, 27.0)",4,AJ1B,0,10.0,82,0,0,0,,,,
upper_x_13p50,"(13.5, 23.0, 13.55, 27.0)",4,AJ1B,1,10.0,82,0,0,0,,,,
upper_x_13p50,"(13.5, 23.0, 13.55, 27.0)",4,AJ1B,2,10.0,81,0,0,0,,,,
upper_x_13p50,"(13.5, 23.0, 13.55, 27.0)",4,AJ1B,3,10.0,84,0,0,0,,,,
upper_x_13p50,"(13.5, 23.0, 13.55, 27.0)",4,AJ1B,4,10.0,83,0,0,0,,,,
upper_x_13p50,"(13.5, 23.0, 13.55, 27.0)",5,AJ1J1,0,10.0,82,0,0,0,,,,
upper_x_13p50,"(13.5, 23.0, 13.55, 27.0)",5,AJ1J1,1,10.0,82,0,0,0,,,,
upper_x_13p50,"(13.5, 23.0, 13.55, 27.0)",5,AJ1J1,2,10.0,81,0,0,0,,,,
upper_x_13p50,"(13.5, 23.0, 13.55, 27.0)",5,AJ1J1,3,10.0,84,0,0,0,,,,
upper_x_13p50,"(13.5, 23.0, 13.55, 27.0)",5,AJ1J1,4,10.0,83,0,0,0,,,,
upper_x_13p50,"(13.5, 23.0, 13.55, 27.0)",6,AJ1J2,0,10.0,82,0,0,0,,,,
upper_x_13p50,"(13.5, 23.0, 13.55, 27.0)",6,AJ1J2,1,10.0,82,0,0,0,,,,
upper_x_13p50,"(13.5, 23.0, 13.55, 27.0)",6,AJ1J2,2,10.0,81,0,0,0,,,,
upper_x_13p50,"(13.5, 23.0, 13.55, 27.0)",6,AJ1J2,3,10.0,84,0,0,0,,,,
upper_x_13p50,"(13.5, 23.0, 13.55, 27.0)",6,AJ1J2,4,10.0,83,0,0,0,,,,
upper_x_13p50,"(13.5, 23.0, 13.55, 27.0)",10,AJ3A,0,10.0,82,0,0,0,,,,
upper_x_13p50,"(13.5, 23.0, 13.55, 27.0)",10,AJ3A,1,10.0,82,0,0,0,,,,
upper_x_13p50,"(13.5, 23.0, 13.55, 27.0)",10,AJ3A,2,10.0,81,0,0,0,,,,
upper_x_13p50,"(13.5, 23.0, 13.55, 27.0)",10,AJ3A,3,10.0,84,0,0,0,,,,
upper_x_13p50,"(13.5, 23.0, 13.55, 27.0)",10,AJ3A,4,10.0,83,0,0,0,,,,
upper_x_13p50,"(13.5, 23.0, 13.55, 27.0)",8,AJ3B,0,10.0,82,0,0,0,,,,
upper_x_13p50,"(13.5, 23.0, 13.55, 27.0)",8,AJ3B,1,10.0,82,0,0,0,,,,
upper_x_13p50,"(13.5, 23.0, 13.55, 27.0)",8,AJ3B,2,10.0,81,0,0,0,,,,
upper_x_13p50,"(13.5, 23.0, 13.55, 27.0)",8,AJ3B,3,10.0,84,0,0,0,,,,
upper_x_13p50,"(13.5, 23.0, 13.55, 27.0)",8,AJ3B,4,10.0,83,0,0,0,,,,
upper_x_13p50,"(13.5, 23.0, 13.55, 27.0)",9,AJ3J1,0,10.0,82,0,0,0,,,,
upper_x_13p50,"(13.5, 23.0, 13.55, 27.0)",9,AJ3J1,1,10.0,82,0,0,0,,,,
upper_x_13p50,"(13.5, 23.0, 13.55, 27.0)",9,AJ3J1,2,10.0,81,0,0,0,,,,
upper_x_13p50,"(13.5, 23.0, 13.55, 27.0)",9,AJ3J1,3,10.0,84,0,0,0,,,,
upper_x_13p50,"(13.5, 23.0, 13.55, 27.0)",9,AJ3J1,4,10.0,83,0,0,0,,,,
upper_x_13p50,"(13.5, 23.0, 13.55, 27.0)",14,CCA,0,10.0,82,0,1,2,,16833,16807|16833,
upper_x_13p50,"(13.5, 23.0, 13.55, 27.0)",14,CCA,1,10.0,82,1,2,2,16811,16811|16838,16811|16838,"RuntimeError: Could not switch the geometry.
The following agents would be outside of the new geometry: 18311
"
upper_x_13p50,"(13.5, 23.0, 13.55, 27.0)",14,CCA,2,10.0,81,0,1,2,,16817,16817|16827,
upper_x_13p50,"(13.5, 23.0, 13.55, 27.0)",14,CCA,3,10.0,84,0,1,1,,16806,16806,
upper_x_13p50,"(13.5, 23.0, 13.55, 27.0)",14,CCA,4,10.0,83,0,1,2,,16812,16804|16812,
upper_x_13p50,"(13.5, 23.0, 13.55, 27.0)",11,CCB,0,10.0,82,0,1,2,,14033,14007|14033,
upper_x_13p50,"(13.5, 23.0, 13.55, 27.0)",11,CCB,1,10.0,82,1,2,2,14011,14011|14038,14011|14038,"RuntimeError: Could not switch the geometry.
The following agents would be outside of the new geometry: 15511
"
upper_x_13p50,"(13.5, 23.0, 13.55, 27.0)",11,CCB,2,10.0,81,0,1,2,,14017,14017|14027,
upper_x_13p50,"(13.5, 23.0, 13.55, 27.0)",11,CCB,3,10.0,84,0,1,1,,14006,14006,
upper_x_13p50,"(13.5, 23.0, 13.55, 27.0)",11,CCB,4,10.0,83,0,1,2,,14012,14004|14012,
upper_x_13p50,"(13.5, 23.0, 13.55, 27.0)",12,CCJ1,0,10.0,82,0,1,2,,14033,14007|14033,
upper_x_13p50,"(13.5, 23.0, 13.55, 27.0)",12,CCJ1,1,10.0,82,1,2,2,14011,14011|14038,14011|14038,"RuntimeError: Could not switch the geometry.
The following agents would be outside of the new geometry: 15511
"
upper_x_13p50,"(13.5, 23.0, 13.55, 27.0)",12,CCJ1,2,10.0,81,0,1,2,,14017,14017|14027,
upper_x_13p50,"(13.5, 23.0, 13.55, 27.0)",12,CCJ1,3,10.0,84,0,1,1,,14006,14006,
upper_x_13p50,"(13.5, 23.0, 13.55, 27.0)",12,CCJ1,4,10.0,83,0,1,2,,14012,14004|14012,
upper_x_13p50,"(13.5, 23.0, 13.55, 27.0)",13,CCJ2,0,10.0,82,0,1,2,,14033,14007|14033,
upper_x_13p50,"(13.5, 23.0, 13.55, 27.0)",13,CCJ2,1,10.0,82,1,2,2,16811,16811|16838,16811|16838,"RuntimeError: Could not switch the geometry.
The following agents would be outside of the new geometry: 18311
"
upper_x_13p50,"(13.5, 23.0, 13.55, 27.0)",13,CCJ2,2,10.0,81,0,1,2,,16817,16817|16827,
upper_x_13p50,"(13.5, 23.0, 13.55, 27.0)",13,CCJ2,3,10.0,84,0,1,1,,16806,16806,
upper_x_13p50,"(13.5, 23.0, 13.55, 27.0)",13,CCJ2,4,10.0,83,0,1,2,,16812,16804|16812,
upper_x_13p50,"(13.5, 23.0, 13.55, 27.0)",18,CJ1A,0,10.0,82,0,1,2,,22433,22407|22433,
upper_x_13p50,"(13.5, 23.0, 13.55, 27.0)",18,CJ1A,1,10.0,82,1,2,2,22411,22411|22438,22411|22438,"RuntimeError: Could not switch the geometry.
The following agents would be outside of the new geometry: 23911
"
upper_x_13p50,"(13.5, 23.0, 13.55, 27.0)",18,CJ1A,2,10.0,81,0,1,2,,22417,22417|22427,
upper_x_13p50,"(13.5, 23.0, 13.55, 27.0)",18,CJ1A,3,10.0,84,0,1,1,,22406,22406,
upper_x_13p50,"(13.5, 23.0, 13.55, 27.0)",18,CJ1A,4,10.0,83,0,1,2,,22412,22404|22412,
upper_x_13p50,"(13.5, 23.0, 13.55, 27.0)",15,CJ1B,0,10.0,82,0,1,2,,16833,16807|16833,
upper_x_13p50,"(13.5, 23.0, 13.55, 27.0)",15,CJ1B,1,10.0,82,1,2,2,16811,16811|16838,16811|16838,"RuntimeError: Could not switch the geometry.
The following agents would be outside of the new geometry: 18311
"
upper_x_13p50,"(13.5, 23.0, 13.55, 27.0)",15,CJ1B,2,10.0,81,0,1,2,,19617,19617|19627,
upper_x_13p50,"(13.5, 23.0, 13.55, 27.0)",15,CJ1B,3,10.0,84,0,1,1,,19606,19606,
upper_x_13p50,"(13.5, 23.0, 13.55, 27.0)",15,CJ1B,4,10.0,83,0,1,2,,19612,19604|19612,
upper_x_13p50,"(13.5, 23.0, 13.55, 27.0)",16,CJ1J1,0,10.0,82,0,1,2,,19633,19607|19633,
upper_x_13p50,"(13.5, 23.0, 13.55, 27.0)",16,CJ1J1,1,10.0,82,1,2,2,19611,19611|19638,19611|19638,"RuntimeError: Could not switch the geometry.
The following agents would be outside of the new geometry: 21111
"
upper_x_13p50,"(13.5, 23.0, 13.55, 27.0)",16,CJ1J1,2,10.0,81,0,1,2,,19617,19617|19627,
upper_x_13p50,"(13.5, 23.0, 13.55, 27.0)",16,CJ1J1,3,10.0,84,0,1,1,,19606,19606,
upper_x_13p50,"(13.5, 23.0, 13.55, 27.0)",16,CJ1J1,4,10.0,83,0,1,2,,19612,19604|19612,
upper_x_13p50,"(13.5, 23.0, 13.55, 27.0)",17,CJ1J2,0,10.0,82,0,1,2,,19633,19607|19633,
upper_x_13p50,"(13.5, 23.0, 13.55, 27.0)",17,CJ1J2,1,10.0,82,1,2,2,19611,19611|19638,19611|19638,"RuntimeError: Could not switch the geometry.
The following agents would be outside of the new geometry: 21111
"
upper_x_13p50,"(13.5, 23.0, 13.55, 27.0)",17,CJ1J2,2,10.0,81,0,1,2,,19617,19617|19627,
upper_x_13p50,"(13.5, 23.0, 13.55, 27.0)",17,CJ1J2,3,10.0,84,0,1,1,,22406,22406,
upper_x_13p50,"(13.5, 23.0, 13.55, 27.0)",17,CJ1J2,4,10.0,83,0,1,2,,22412,22404|22412,
upper_x_13p50,"(13.5, 23.0, 13.55, 27.0)",21,CJ3A,0,10.0,82,0,1,2,,25233,25207|25233,
upper_x_13p50,"(13.5, 23.0, 13.55, 27.0)",21,CJ3A,1,10.0,82,1,2,2,25211,25211|25238,25211|25238,"RuntimeError: Could not switch the geometry.
The following agents would be outside of the new geometry: 26711
"
upper_x_13p50,"(13.5, 23.0, 13.55, 27.0)",21,CJ3A,2,10.0,81,0,1,2,,25217,25217|25227,
upper_x_13p50,"(13.5, 23.0, 13.55, 27.0)",21,CJ3A,3,10.0,84,0,1,1,,25206,25206,
upper_x_13p50,"(13.5, 23.0, 13.55, 27.0)",21,CJ3A,4,10.0,83,0,1,2,,25212,25204|25212,
upper_x_13p50,"(13.5, 23.0, 13.55, 27.0)",19,CJ3B,0,10.0,82,0,1,2,,22433,22407|22433,
upper_x_13p50,"(13.5, 23.0, 13.55, 27.0)",19,CJ3B,1,10.0,82,1,2,2,22411,22411|22438,22411|22438,"RuntimeError: Could not switch the geometry.
The following agents would be outside of the new geometry: 23911
"
upper_x_13p50,"(13.5, 23.0, 13.55, 27.0)",19,CJ3B,2,10.0,81,0,1,2,,22417,22417|22427,
upper_x_13p50,"(13.5, 23.0, 13.55, 27.0)",19,CJ3B,3,10.0,84,0,1,1,,22406,22406,
upper_x_13p50,"(13.5, 23.0, 13.55, 27.0)",19,CJ3B,4,10.0,83,0,1,2,,25212,25204|25212,
upper_x_13p50,"(13.5, 23.0, 13.55, 27.0)",20,CJ3J1,0,10.0,82,0,1,2,,25233,25207|25233,
upper_x_13p50,"(13.5, 23.0, 13.55, 27.0)",20,CJ3J1,1,10.0,82,1,2,2,25211,25211|25238,25211|25238,"RuntimeError: Could not switch the geometry.
The following agents would be outside of the new geometry: 26711
"
upper_x_13p50,"(13.5, 23.0, 13.55, 27.0)",20,CJ3J1,2,10.0,81,0,1,2,,25217,25217|25227,
upper_x_13p50,"(13.5, 23.0, 13.55, 27.0)",20,CJ3J1,3,10.0,84,0,1,1,,25206,25206,
upper_x_13p50,"(13.5, 23.0, 13.55, 27.0)",20,CJ3J1,4,10.0,83,0,1,2,,25212,25204|25212,
upper_x_13p50,"(13.5, 23.0, 13.55, 27.0)",25,J2CA,0,10.0,82,0,3,3,,30807|30824|30835,30807|30824|30835,
upper_x_13p50,"(13.5, 23.0, 13.55, 27.0)",25,J2CA,1,10.0,82,0,1,2,,30826,30826|30838,
upper_x_13p50,"(13.5, 23.0, 13.55, 27.0)",25,J2CA,2,10.0,81,2,2,2,30817|30827,30817|30827,30817|30827,"RuntimeError: Could not switch the geometry.
The following agents would be outside of the new geometry: 32317, 32327
"
upper_x_13p50,"(13.5, 23.0, 13.55, 27.0)",25,J2CA,3,10.0,84,1,1,1,30806,30806,30806,"RuntimeError: Could not switch the geometry.
The following agents would be outside of the new geometry: 32306
"
upper_x_13p50,"(13.5, 23.0, 13.55, 27.0)",25,J2CA,4,10.0,83,0,1,2,,30827,30812|30827,
upper_x_13p50,"(13.5, 23.0, 13.55, 27.0)",22,J2CB,0,10.0,82,0,3,3,,28007|28024|28035,28007|28024|28035,
upper_x_13p50,"(13.5, 23.0, 13.55, 27.0)",22,J2CB,1,10.0,82,0,1,2,,28026,28026|28038,
upper_x_13p50,"(13.5, 23.0, 13.55, 27.0)",22,J2CB,2,10.0,81,2,2,2,28017|28027,28017|28027,28017|28027,"RuntimeError: Could not switch the geometry.
The following agents would be outside of the new geometry: 29517, 29527
"
upper_x_13p50,"(13.5, 23.0, 13.55, 27.0)",22,J2CB,3,10.0,84,1,1,1,28006,28006,28006,"RuntimeError: Could not switch the geometry.
The following agents would be outside of the new geometry: 29506
"
upper_x_13p50,"(13.5, 23.0, 13.55, 27.0)",22,J2CB,4,10.0,83,0,1,2,,28027,28012|28027,
upper_x_13p50,"(13.5, 23.0, 13.55, 27.0)",23,J2CJ1,0,10.0,82,0,3,3,,28007|28024|28035,28007|28024|28035,
upper_x_13p50,"(13.5, 23.0, 13.55, 27.0)",23,J2CJ1,1,10.0,82,0,1,2,,28026,28026|28038,
upper_x_13p50,"(13.5, 23.0, 13.55, 27.0)",23,J2CJ1,2,10.0,81,2,2,2,28017|28027,28017|28027,28017|28027,"RuntimeError: Could not switch the geometry.
The following agents would be outside of the new geometry: 29517, 29527
"
upper_x_13p50,"(13.5, 23.0, 13.55, 27.0)",23,J2CJ1,3,10.0,84,1,1,1,28006,28006,28006,"RuntimeError: Could not switch the geometry.
The following agents would be outside of the new geometry: 29506
"
upper_x_13p50,"(13.5, 23.0, 13.55, 27.0)",23,J2CJ1,4,10.0,83,0,1,2,,28027,28012|28027,
upper_x_13p50,"(13.5, 23.0, 13.55, 27.0)",24,J2CJ2,0,10.0,82,0,3,3,,28007|28024|28035,28007|28024|28035,
upper_x_13p50,"(13.5, 23.0, 13.55, 27.0)",24,J2CJ2,1,10.0,82,0,1,2,,30826,30826|30838,
upper_x_13p50,"(13.5, 23.0, 13.55, 27.0)",24,J2CJ2,2,10.0,81,2,2,2,30817|30827,30817|30827,30817|30827,"RuntimeError: Could not switch the geometry.
The following agents would be outside of the new geometry: 32317, 32327
"
upper_x_13p50,"(13.5, 23.0, 13.55, 27.0)",24,J2CJ2,3,10.0,84,1,1,1,30806,30806,30806,"RuntimeError: Could not switch the geometry.
The following agents would be outside of the new geometry: 32306
"
upper_x_13p50,"(13.5, 23.0, 13.55, 27.0)",24,J2CJ2,4,10.0,83,0,1,2,,30827,30812|30827,
upper_x_13p50,"(13.5, 23.0, 13.55, 27.0)",27,J2J3A,0,10.0,82,0,3,3,,33607|33624|33635,33607|33624|33635,
upper_x_13p50,"(13.5, 23.0, 13.55, 27.0)",27,J2J3A,1,10.0,82,0,1,2,,33626,33626|33638,
upper_x_13p50,"(13.5, 23.0, 13.55, 27.0)",27,J2J3A,2,10.0,81,2,2,2,33617|33627,33617|33627,33617|33627,"RuntimeError: Could not switch the geometry.
The following agents would be outside of the new geometry: 35117, 35127
"
upper_x_13p50,"(13.5, 23.0, 13.55, 27.0)",27,J2J3A,3,10.0,84,1,1,1,33606,33606,33606,"RuntimeError: Could not switch the geometry.
The following agents would be outside of the new geometry: 35106
"
upper_x_13p50,"(13.5, 23.0, 13.55, 27.0)",27,J2J3A,4,10.0,83,0,1,2,,33627,33612|33627,
upper_x_13p50,"(13.5, 23.0, 13.55, 27.0)",26,J2J3B,0,10.0,82,0,3,3,,30807|30824|30835,30807|30824|30835,
upper_x_13p50,"(13.5, 23.0, 13.55, 27.0)",26,J2J3B,1,10.0,82,0,1,2,,30826,30826|30838,
upper_x_13p50,"(13.5, 23.0, 13.55, 27.0)",26,J2J3B,2,10.0,81,2,2,2,33617|33627,33617|33627,33617|33627,"RuntimeError: Could not switch the geometry.
The following agents would be outside of the new geometry: 35117, 35127
"
upper_x_13p50,"(13.5, 23.0, 13.55, 27.0)",26,J2J3B,3,10.0,84,1,1,1,33606,33606,33606,"RuntimeError: Could not switch the geometry.
The following agents would be outside of the new geometry: 35106
"
upper_x_13p50,"(13.5, 23.0, 13.55, 27.0)",26,J2J3B,4,10.0,83,0,1,2,,33627,33612|33627,
upper_x_13p50,"(13.5, 23.0, 13.55, 27.0)",30,J3CA,0,10.0,82,0,0,0,,,,
upper_x_13p50,"(13.5, 23.0, 13.55, 27.0)",30,J3CA,1,10.0,82,0,0,0,,,,
upper_x_13p50,"(13.5, 23.0, 13.55, 27.0)",30,J3CA,2,10.0,81,0,0,0,,,,
upper_x_13p50,"(13.5, 23.0, 13.55, 27.0)",30,J3CA,3,10.0,84,0,0,0,,,,
upper_x_13p50,"(13.5, 23.0, 13.55, 27.0)",30,J3CA,4,10.0,83,0,0,0,,,,
upper_x_13p50,"(13.5, 23.0, 13.55, 27.0)",28,J3CB,0,10.0,82,0,0,0,,,,
upper_x_13p50,"(13.5, 23.0, 13.55, 27.0)",28,J3CB,1,10.0,82,0,0,0,,,,
upper_x_13p50,"(13.5, 23.0, 13.55, 27.0)",28,J3CB,2,10.0,81,0,0,0,,,,
upper_x_13p50,"(13.5, 23.0, 13.55, 27.0)",28,J3CB,3,10.0,84,0,0,0,,,,
upper_x_13p50,"(13.5, 23.0, 13.55, 27.0)",28,J3CB,4,10.0,83,0,0,0,,,,
upper_x_13p50,"(13.5, 23.0, 13.55, 27.0)",29,J3CJ2,0,10.0,82,0,0,0,,,,
upper_x_13p50,"(13.5, 23.0, 13.55, 27.0)",29,J3CJ2,1,10.0,82,0,0,0,,,,
upper_x_13p50,"(13.5, 23.0, 13.55, 27.0)",29,J3CJ2,2,10.0,81,0,0,0,,,,
upper_x_13p50,"(13.5, 23.0, 13.55, 27.0)",29,J3CJ2,3,10.0,84,0,0,0,,,,
upper_x_13p50,"(13.5, 23.0, 13.55, 27.0)",29,J3CJ2,4,10.0,83,0,0,0,,,,
upper_x_13p50,"(13.5, 23.0, 13.55, 27.0)",32,J3J1A,0,10.0,82,0,0,0,,,,
upper_x_13p50,"(13.5, 23.0, 13.55, 27.0)",32,J3J1A,1,10.0,82,0,0,0,,,,
upper_x_13p50,"(13.5, 23.0, 13.55, 27.0)",32,J3J1A,2,10.0,81,0,0,0,,,,
upper_x_13p50,"(13.5, 23.0, 13.55, 27.0)",32,J3J1A,3,10.0,84,0,0,0,,,,
upper_x_13p50,"(13.5, 23.0, 13.55, 27.0)",32,J3J1A,4,10.0,83,0,0,0,,,,
upper_x_13p50,"(13.5, 23.0, 13.55, 27.0)",31,J3J1B,0,10.0,82,0,0,0,,,,
upper_x_13p50,"(13.5, 23.0, 13.55, 27.0)",31,J3J1B,1,10.0,82,0,0,0,,,,
upper_x_13p50,"(13.5, 23.0, 13.55, 27.0)",31,J3J1B,2,10.0,81,0,0,0,,,,
upper_x_13p50,"(13.5, 23.0, 13.55, 27.0)",31,J3J1B,3,10.0,84,0,0,0,,,,
upper_x_13p50,"(13.5, 23.0, 13.55, 27.0)",31,J3J1B,4,10.0,83,0,0,0,,,,
upper_x_13p50,"(13.5, 23.0, 13.55, 27.0)",34,J3J3A,0,10.0,82,0,0,0,,,,
upper_x_13p50,"(13.5, 23.0, 13.55, 27.0)",34,J3J3A,1,10.0,82,0,0,0,,,,
upper_x_13p50,"(13.5, 23.0, 13.55, 27.0)",34,J3J3A,2,10.0,81,0,0,0,,,,
upper_x_13p50,"(13.5, 23.0, 13.55, 27.0)",34,J3J3A,3,10.0,84,0,0,0,,,,
upper_x_13p50,"(13.5, 23.0, 13.55, 27.0)",34,J3J3A,4,10.0,83,0,0,0,,,,
upper_x_13p50,"(13.5, 23.0, 13.55, 27.0)",33,J3J3B,0,10.0,82,0,0,0,,,,
upper_x_13p50,"(13.5, 23.0, 13.55, 27.0)",33,J3J3B,1,10.0,82,0,0,0,,,,
upper_x_13p50,"(13.5, 23.0, 13.55, 27.0)",33,J3J3B,2,10.0,81,0,0,0,,,,
upper_x_13p50,"(13.5, 23.0, 13.55, 27.0)",33,J3J3B,3,10.0,84,0,0,0,,,,
upper_x_13p50,"(13.5, 23.0, 13.55, 27.0)",33,J3J3B,4,10.0,83,0,0,0,,,,
upper_x_14p50,"(14.5, 23.0, 14.55, 27.0)",3,ACA,0,10.0,82,0,0,0,,,,
upper_x_14p50,"(14.5, 23.0, 14.55, 27.0)",3,ACA,1,10.0,82,0,0,0,,,,
upper_x_14p50,"(14.5, 23.0, 14.55, 27.0)",3,ACA,2,10.0,81,0,0,0,,,,
upper_x_14p50,"(14.5, 23.0, 14.55, 27.0)",3,ACA,3,10.0,84,0,0,0,,,,
upper_x_14p50,"(14.5, 23.0, 14.55, 27.0)",3,ACA,4,10.0,83,0,0,0,,,,
upper_x_14p50,"(14.5, 23.0, 14.55, 27.0)",0,ACB,0,10.0,82,0,0,0,,,,
upper_x_14p50,"(14.5, 23.0, 14.55, 27.0)",0,ACB,1,10.0,82,0,0,0,,,,
upper_x_14p50,"(14.5, 23.0, 14.55, 27.0)",0,ACB,2,10.0,81,0,0,0,,,,
upper_x_14p50,"(14.5, 23.0, 14.55, 27.0)",0,ACB,3,10.0,84,0,0,0,,,,
upper_x_14p50,"(14.5, 23.0, 14.55, 27.0)",0,ACB,4,10.0,83,0,0,0,,,,
upper_x_14p50,"(14.5, 23.0, 14.55, 27.0)",1,ACJ1,0,10.0,82,0,0,0,,,,
upper_x_14p50,"(14.5, 23.0, 14.55, 27.0)",1,ACJ1,1,10.0,82,0,0,0,,,,
upper_x_14p50,"(14.5, 23.0, 14.55, 27.0)",1,ACJ1,2,10.0,81,0,0,0,,,,
upper_x_14p50,"(14.5, 23.0, 14.55, 27.0)",1,ACJ1,3,10.0,84,0,0,0,,,,
upper_x_14p50,"(14.5, 23.0, 14.55, 27.0)",1,ACJ1,4,10.0,83,0,0,0,,,,
upper_x_14p50,"(14.5, 23.0, 14.55, 27.0)",2,ACJ2,0,10.0,82,0,0,0,,,,
upper_x_14p50,"(14.5, 23.0, 14.55, 27.0)",2,ACJ2,1,10.0,82,0,0,0,,,,
upper_x_14p50,"(14.5, 23.0, 14.55, 27.0)",2,ACJ2,2,10.0,81,0,0,0,,,,
upper_x_14p50,"(14.5, 23.0, 14.55, 27.0)",2,ACJ2,3,10.0,84,0,0,0,,,,
upper_x_14p50,"(14.5, 23.0, 14.55, 27.0)",2,ACJ2,4,10.0,83,0,0,0,,,,
upper_x_14p50,"(14.5, 23.0, 14.55, 27.0)",7,AJ1A,0,10.0,82,0,0,0,,,,
upper_x_14p50,"(14.5, 23.0, 14.55, 27.0)",7,AJ1A,1,10.0,82,0,0,0,,,,
upper_x_14p50,"(14.5, 23.0, 14.55, 27.0)",7,AJ1A,2,10.0,81,0,0,0,,,,
upper_x_14p50,"(14.5, 23.0, 14.55, 27.0)",7,AJ1A,3,10.0,84,0,0,0,,,,
upper_x_14p50,"(14.5, 23.0, 14.55, 27.0)",7,AJ1A,4,10.0,83,0,0,0,,,,
upper_x_14p50,"(14.5, 23.0, 14.55, 27.0)",4,AJ1B,0,10.0,82,0,0,0,,,,
upper_x_14p50,"(14.5, 23.0, 14.55, 27.0)",4,AJ1B,1,10.0,82,0,0,0,,,,
upper_x_14p50,"(14.5, 23.0, 14.55, 27.0)",4,AJ1B,2,10.0,81,0,0,0,,,,
upper_x_14p50,"(14.5, 23.0, 14.55, 27.0)",4,AJ1B,3,10.0,84,0,0,0,,,,
upper_x_14p50,"(14.5, 23.0, 14.55, 27.0)",4,AJ1B,4,10.0,83,0,0,0,,,,
upper_x_14p50,"(14.5, 23.0, 14.55, 27.0)",5,AJ1J1,0,10.0,82,0,0,0,,,,
upper_x_14p50,"(14.5, 23.0, 14.55, 27.0)",5,AJ1J1,1,10.0,82,0,0,0,,,,
upper_x_14p50,"(14.5, 23.0, 14.55, 27.0)",5,AJ1J1,2,10.0,81,0,0,0,,,,
upper_x_14p50,"(14.5, 23.0, 14.55, 27.0)",5,AJ1J1,3,10.0,84,0,0,0,,,,
upper_x_14p50,"(14.5, 23.0, 14.55, 27.0)",5,AJ1J1,4,10.0,83,0,0,0,,,,
upper_x_14p50,"(14.5, 23.0, 14.55, 27.0)",6,AJ1J2,0,10.0,82,0,0,0,,,,
upper_x_14p50,"(14.5, 23.0, 14.55, 27.0)",6,AJ1J2,1,10.0,82,0,0,0,,,,
upper_x_14p50,"(14.5, 23.0, 14.55, 27.0)",6,AJ1J2,2,10.0,81,0,0,0,,,,
upper_x_14p50,"(14.5, 23.0, 14.55, 27.0)",6,AJ1J2,3,10.0,84,0,0,0,,,,
upper_x_14p50,"(14.5, 23.0, 14.55, 27.0)",6,AJ1J2,4,10.0,83,0,0,0,,,,
upper_x_14p50,"(14.5, 23.0, 14.55, 27.0)",10,AJ3A,0,10.0,82,0,0,0,,,,
upper_x_14p50,"(14.5, 23.0, 14.55, 27.0)",10,AJ3A,1,10.0,82,0,0,0,,,,
upper_x_14p50,"(14.5, 23.0, 14.55, 27.0)",10,AJ3A,2,10.0,81,0,0,0,,,,
upper_x_14p50,"(14.5, 23.0, 14.55, 27.0)",10,AJ3A,3,10.0,84,0,0,0,,,,
upper_x_14p50,"(14.5, 23.0, 14.55, 27.0)",10,AJ3A,4,10.0,83,0,0,0,,,,
upper_x_14p50,"(14.5, 23.0, 14.55, 27.0)",8,AJ3B,0,10.0,82,0,0,0,,,,
upper_x_14p50,"(14.5, 23.0, 14.55, 27.0)",8,AJ3B,1,10.0,82,0,0,0,,,,
upper_x_14p50,"(14.5, 23.0, 14.55, 27.0)",8,AJ3B,2,10.0,81,0,0,0,,,,
upper_x_14p50,"(14.5, 23.0, 14.55, 27.0)",8,AJ3B,3,10.0,84,0,0,0,,,,
upper_x_14p50,"(14.5, 23.0, 14.55, 27.0)",8,AJ3B,4,10.0,83,0,0,0,,,,
upper_x_14p50,"(14.5, 23.0, 14.55, 27.0)",9,AJ3J1,0,10.0,82,0,0,0,,,,
upper_x_14p50,"(14.5, 23.0, 14.55, 27.0)",9,AJ3J1,1,10.0,82,0,0,0,,,,
upper_x_14p50,"(14.5, 23.0, 14.55, 27.0)",9,AJ3J1,2,10.0,81,0,0,0,,,,
upper_x_14p50,"(14.5, 23.0, 14.55, 27.0)",9,AJ3J1,3,10.0,84,0,0,0,,,,
upper_x_14p50,"(14.5, 23.0, 14.55, 27.0)",9,AJ3J1,4,10.0,83,0,0,0,,,,
upper_x_14p50,"(14.5, 23.0, 14.55, 27.0)",14,CCA,0,10.0,82,0,0,1,,,16814,
upper_x_14p50,"(14.5, 23.0, 14.55, 27.0)",14,CCA,1,10.0,82,0,0,1,,,16808,
upper_x_14p50,"(14.5, 23.0, 14.55, 27.0)",14,CCA,2,10.0,81,0,0,0,,,,
upper_x_14p50,"(14.5, 23.0, 14.55, 27.0)",14,CCA,3,10.0,84,0,1,1,,16821,16821,
upper_x_14p50,"(14.5, 23.0, 14.55, 27.0)",14,CCA,4,10.0,83,0,0,0,,,,
upper_x_14p50,"(14.5, 23.0, 14.55, 27.0)",11,CCB,0,10.0,82,0,0,1,,,14014,
upper_x_14p50,"(14.5, 23.0, 14.55, 27.0)",11,CCB,1,10.0,82,0,0,1,,,14008,
upper_x_14p50,"(14.5, 23.0, 14.55, 27.0)",11,CCB,2,10.0,81,0,0,0,,,,
upper_x_14p50,"(14.5, 23.0, 14.55, 27.0)",11,CCB,3,10.0,84,0,1,1,,14021,14021,
upper_x_14p50,"(14.5, 23.0, 14.55, 27.0)",11,CCB,4,10.0,83,0,0,0,,,,
upper_x_14p50,"(14.5, 23.0, 14.55, 27.0)",12,CCJ1,0,10.0,82,0,0,1,,,14014,
upper_x_14p50,"(14.5, 23.0, 14.55, 27.0)",12,CCJ1,1,10.0,82,0,0,1,,,14008,
upper_x_14p50,"(14.5, 23.0, 14.55, 27.0)",12,CCJ1,2,10.0,81,0,0,0,,,,
upper_x_14p50,"(14.5, 23.0, 14.55, 27.0)",12,CCJ1,3,10.0,84,0,1,1,,14021,14021,
upper_x_14p50,"(14.5, 23.0, 14.55, 27.0)",12,CCJ1,4,10.0,83,0,0,0,,,,
upper_x_14p50,"(14.5, 23.0, 14.55, 27.0)",13,CCJ2,0,10.0,82,0,0,1,,,14014,
upper_x_14p50,"(14.5, 23.0, 14.55, 27.0)",13,CCJ2,1,10.0,82,0,0,1,,,16808,
upper_x_14p50,"(14.5, 23.0, 14.55, 27.0)",13,CCJ2,2,10.0,81,0,0,0,,,,
upper_x_14p50,"(14.5, 23.0, 14.55, 27.0)",13,CCJ2,3,10.0,84,0,1,1,,16821,16821,
upper_x_14p50,"(14.5, 23.0, 14.55, 27.0)",13,CCJ2,4,10.0,83,0,0,0,,,,
upper_x_14p50,"(14.5, 23.0, 14.55, 27.0)",18,CJ1A,0,10.0,82,0,0,1,,,22414,
upper_x_14p50,"(14.5, 23.0, 14.55, 27.0)",18,CJ1A,1,10.0,82,0,0,1,,,22408,
upper_x_14p50,"(14.5, 23.0, 14.55, 27.0)",18,CJ1A,2,10.0,81,0,0,0,,,,
upper_x_14p50,"(14.5, 23.0, 14.55, 27.0)",18,CJ1A,3,10.0,84,0,1,1,,22421,22421,
upper_x_14p50,"(14.5, 23.0, 14.55, 27.0)",18,CJ1A,4,10.0,83,0,0,0,,,,
upper_x_14p50,"(14.5, 23.0, 14.55, 27.0)",15,CJ1B,0,10.0,82,0,0,1,,,16814,
upper_x_14p50,"(14.5, 23.0, 14.55, 27.0)",15,CJ1B,1,10.0,82,0,0,1,,,16808,
upper_x_14p50,"(14.5, 23.0, 14.55, 27.0)",15,CJ1B,2,10.0,81,0,0,0,,,,
upper_x_14p50,"(14.5, 23.0, 14.55, 27.0)",15,CJ1B,3,10.0,84,0,1,1,,19621,19621,
upper_x_14p50,"(14.5, 23.0, 14.55, 27.0)",15,CJ1B,4,10.0,83,0,0,0,,,,
upper_x_14p50,"(14.5, 23.0, 14.55, 27.0)",16,CJ1J1,0,10.0,82,0,0,1,,,19614,
upper_x_14p50,"(14.5, 23.0, 14.55, 27.0)",16,CJ1J1,1,10.0,82,0,0,1,,,19608,
upper_x_14p50,"(14.5, 23.0, 14.55, 27.0)",16,CJ1J1,2,10.0,81,0,0,0,,,,
upper_x_14p50,"(14.5, 23.0, 14.55, 27.0)",16,CJ1J1,3,10.0,84,0,1,1,,19621,19621,
upper_x_14p50,"(14.5, 23.0, 14.55, 27.0)",16,CJ1J1,4,10.0,83,0,0,0,,,,
upper_x_14p50,"(14.5, 23.0, 14.55, 27.0)",17,CJ1J2,0,10.0,82,0,0,1,,,19614,
upper_x_14p50,"(14.5, 23.0, 14.55, 27.0)",17,CJ1J2,1,10.0,82,0,0,1,,,19608,
upper_x_14p50,"(14.5, 23.0, 14.55, 27.0)",17,CJ1J2,2,10.0,81,0,0,0,,,,
upper_x_14p50,"(14.5, 23.0, 14.55, 27.0)",17,CJ1J2,3,10.0,84,0,1,1,,22421,22421,
upper_x_14p50,"(14.5, 23.0, 14.55, 27.0)",17,CJ1J2,4,10.0,83,0,0,0,,,,
upper_x_14p50,"(14.5, 23.0, 14.55, 27.0)",21,CJ3A,0,10.0,82,0,0,1,,,25214,
upper_x_14p50,"(14.5, 23.0, 14.55, 27.0)",21,CJ3A,1,10.0,82,0,0,1,,,25208,
upper_x_14p50,"(14.5, 23.0, 14.55, 27.0)",21,CJ3A,2,10.0,81,0,0,0,,,,
upper_x_14p50,"(14.5, 23.0, 14.55, 27.0)",21,CJ3A,3,10.0,84,0,1,1,,25221,25221,
upper_x_14p50,"(14.5, 23.0, 14.55, 27.0)",21,CJ3A,4,10.0,83,0,0,0,,,,
upper_x_14p50,"(14.5, 23.0, 14.55, 27.0)",19,CJ3B,0,10.0,82,0,0,1,,,22414,
upper_x_14p50,"(14.5, 23.0, 14.55, 27.0)",19,CJ3B,1,10.0,82,0,0,1,,,22408,
upper_x_14p50,"(14.5, 23.0, 14.55, 27.0)",19,CJ3B,2,10.0,81,0,0,0,,,,
upper_x_14p50,"(14.5, 23.0, 14.55, 27.0)",19,CJ3B,3,10.0,84,0,1,1,,22421,22421,
upper_x_14p50,"(14.5, 23.0, 14.55, 27.0)",19,CJ3B,4,10.0,83,0,0,0,,,,
upper_x_14p50,"(14.5, 23.0, 14.55, 27.0)",20,CJ3J1,0,10.0,82,0,0,1,,,25214,
upper_x_14p50,"(14.5, 23.0, 14.55, 27.0)",20,CJ3J1,1,10.0,82,0,0,1,,,25208,
upper_x_14p50,"(14.5, 23.0, 14.55, 27.0)",20,CJ3J1,2,10.0,81,0,0,0,,,,
upper_x_14p50,"(14.5, 23.0, 14.55, 27.0)",20,CJ3J1,3,10.0,84,0,1,1,,25221,25221,
upper_x_14p50,"(14.5, 23.0, 14.55, 27.0)",20,CJ3J1,4,10.0,83,0,0,0,,,,
upper_x_14p50,"(14.5, 23.0, 14.55, 27.0)",25,J2CA,0,10.0,82,0,1,2,,30833,30828|30833,
upper_x_14p50,"(14.5, 23.0, 14.55, 27.0)",25,J2CA,1,10.0,82,1,1,1,30827,30827,30827,"RuntimeError: Could not switch the geometry.
The following agents would be outside of the new geometry: 32427
"
upper_x_14p50,"(14.5, 23.0, 14.55, 27.0)",25,J2CA,2,10.0,81,0,1,1,,30820,30820,
upper_x_14p50,"(14.5, 23.0, 14.55, 27.0)",25,J2CA,3,10.0,84,0,0,2,,,30820|30821,
upper_x_14p50,"(14.5, 23.0, 14.55, 27.0)",25,J2CA,4,10.0,83,1,1,1,30804,30804,30804,"RuntimeError: Could not switch the geometry.
The following agents would be outside of the new geometry: 32404
"
upper_x_14p50,"(14.5, 23.0, 14.55, 27.0)",22,J2CB,0,10.0,82,0,1,2,,28033,28028|28033,
upper_x_14p50,"(14.5, 23.0, 14.55, 27.0)",22,J2CB,1,10.0,82,1,1,1,28027,28027,28027,"RuntimeError: Could not switch the geometry.
The following agents would be outside of the new geometry: 29627
"
upper_x_14p50,"(14.5, 23.0, 14.55, 27.0)",22,J2CB,2,10.0,81,0,1,1,,28020,28020,
upper_x_14p50,"(14.5, 23.0, 14.55, 27.0)",22,J2CB,3,10.0,84,0,0,2,,,28020|28021,
upper_x_14p50,"(14.5, 23.0, 14.55, 27.0)",22,J2CB,4,10.0,83,1,1,1,28004,28004,28004,"RuntimeError: Could not switch the geometry.
The following agents would be outside of the new geometry: 29604
"
upper_x_14p50,"(14.5, 23.0, 14.55, 27.0)",23,J2CJ1,0,10.0,82,0,1,2,,28033,28028|28033,
upper_x_14p50,"(14.5, 23.0, 14.55, 27.0)",23,J2CJ1,1,10.0,82,1,1,1,28027,28027,28027,"RuntimeError: Could not switch the geometry.
The following agents would be outside of the new geometry: 29627
"
upper_x_14p50,"(14.5, 23.0, 14.55, 27.0)",23,J2CJ1,2,10.0,81,0,1,1,,28020,28020,
upper_x_14p50,"(14.5, 23.0, 14.55, 27.0)",23,J2CJ1,3,10.0,84,0,0,2,,,28020|28021,
upper_x_14p50,"(14.5, 23.0, 14.55, 27.0)",23,J2CJ1,4,10.0,83,1,1,1,28004,28004,28004,"RuntimeError: Could not switch the geometry.
The following agents would be outside of the new geometry: 29604
"
upper_x_14p50,"(14.5, 23.0, 14.55, 27.0)",24,J2CJ2,0,10.0,82,0,1,2,,28033,28028|28033,
upper_x_14p50,"(14.5, 23.0, 14.55, 27.0)",24,J2CJ2,1,10.0,82,1,1,1,30827,30827,30827,"RuntimeError: Could not switch the geometry.
The following agents would be outside of the new geometry: 32427
"
upper_x_14p50,"(14.5, 23.0, 14.55, 27.0)",24,J2CJ2,2,10.0,81,0,1,1,,30820,30820,
upper_x_14p50,"(14.5, 23.0, 14.55, 27.0)",24,J2CJ2,3,10.0,84,0,0,2,,,30820|30821,
upper_x_14p50,"(14.5, 23.0, 14.55, 27.0)",24,J2CJ2,4,10.0,83,1,1,1,30804,30804,30804,"RuntimeError: Could not switch the geometry.
The following agents would be outside of the new geometry: 32404
"
upper_x_14p50,"(14.5, 23.0, 14.55, 27.0)",27,J2J3A,0,10.0,82,0,1,2,,33633,33628|33633,
upper_x_14p50,"(14.5, 23.0, 14.55, 27.0)",27,J2J3A,1,10.0,82,1,1,1,33627,33627,33627,"RuntimeError: Could not switch the geometry.
The following agents would be outside of the new geometry: 35227
"
upper_x_14p50,"(14.5, 23.0, 14.55, 27.0)",27,J2J3A,2,10.0,81,0,1,1,,33620,33620,
upper_x_14p50,"(14.5, 23.0, 14.55, 27.0)",27,J2J3A,3,10.0,84,0,0,2,,,33620|33621,
upper_x_14p50,"(14.5, 23.0, 14.55, 27.0)",27,J2J3A,4,10.0,83,1,1,1,33604,33604,33604,"RuntimeError: Could not switch the geometry.
The following agents would be outside of the new geometry: 35204
"
upper_x_14p50,"(14.5, 23.0, 14.55, 27.0)",26,J2J3B,0,10.0,82,0,1,2,,30833,30828|30833,
upper_x_14p50,"(14.5, 23.0, 14.55, 27.0)",26,J2J3B,1,10.0,82,1,1,1,30827,30827,30827,"RuntimeError: Could not switch the geometry.
The following agents would be outside of the new geometry: 32427
"
upper_x_14p50,"(14.5, 23.0, 14.55, 27.0)",26,J2J3B,2,10.0,81,0,1,1,,33620,33620,
upper_x_14p50,"(14.5, 23.0, 14.55, 27.0)",26,J2J3B,3,10.0,84,0,0,2,,,33620|33621,
upper_x_14p50,"(14.5, 23.0, 14.55, 27.0)",26,J2J3B,4,10.0,83,1,1,1,33604,33604,33604,"RuntimeError: Could not switch the geometry.
The following agents would be outside of the new geometry: 35204
"
upper_x_14p50,"(14.5, 23.0, 14.55, 27.0)",30,J3CA,0,10.0,82,0,0,0,,,,
upper_x_14p50,"(14.5, 23.0, 14.55, 27.0)",30,J3CA,1,10.0,82,0,0,0,,,,
upper_x_14p50,"(14.5, 23.0, 14.55, 27.0)",30,J3CA,2,10.0,81,0,0,0,,,,
upper_x_14p50,"(14.5, 23.0, 14.55, 27.0)",30,J3CA,3,10.0,84,0,0,0,,,,
upper_x_14p50,"(14.5, 23.0, 14.55, 27.0)",30,J3CA,4,10.0,83,0,0,0,,,,
upper_x_14p50,"(14.5, 23.0, 14.55, 27.0)",28,J3CB,0,10.0,82,0,0,0,,,,
upper_x_14p50,"(14.5, 23.0, 14.55, 27.0)",28,J3CB,1,10.0,82,0,0,0,,,,
upper_x_14p50,"(14.5, 23.0, 14.55, 27.0)",28,J3CB,2,10.0,81,0,0,0,,,,
upper_x_14p50,"(14.5, 23.0, 14.55, 27.0)",28,J3CB,3,10.0,84,0,0,0,,,,
upper_x_14p50,"(14.5, 23.0, 14.55, 27.0)",28,J3CB,4,10.0,83,0,0,0,,,,
upper_x_14p50,"(14.5, 23.0, 14.55, 27.0)",29,J3CJ2,0,10.0,82,0,0,0,,,,
upper_x_14p50,"(14.5, 23.0, 14.55, 27.0)",29,J3CJ2,1,10.0,82,0,0,0,,,,
upper_x_14p50,"(14.5, 23.0, 14.55, 27.0)",29,J3CJ2,2,10.0,81,0,0,0,,,,
upper_x_14p50,"(14.5, 23.0, 14.55, 27.0)",29,J3CJ2,3,10.0,84,0,0,0,,,,
upper_x_14p50,"(14.5, 23.0, 14.55, 27.0)",29,J3CJ2,4,10.0,83,0,0,0,,,,
upper_x_14p50,"(14.5, 23.0, 14.55, 27.0)",32,J3J1A,0,10.0,82,0,0,0,,,,
upper_x_14p50,"(14.5, 23.0, 14.55, 27.0)",32,J3J1A,1,10.0,82,0,0,0,,,,
upper_x_14p50,"(14.5, 23.0, 14.55, 27.0)",32,J3J1A,2,10.0,81,0,0,0,,,,
upper_x_14p50,"(14.5, 23.0, 14.55, 27.0)",32,J3J1A,3,10.0,84,0,0,0,,,,
upper_x_14p50,"(14.5, 23.0, 14.55, 27.0)",32,J3J1A,4,10.0,83,0,0,0,,,,
upper_x_14p50,"(14.5, 23.0, 14.55, 27.0)",31,J3J1B,0,10.0,82,0,0,0,,,,
upper_x_14p50,"(14.5, 23.0, 14.55, 27.0)",31,J3J1B,1,10.0,82,0,0,0,,,,
upper_x_14p50,"(14.5, 23.0, 14.55, 27.0)",31,J3J1B,2,10.0,81,0,0,0,,,,
upper_x_14p50,"(14.5, 23.0, 14.55, 27.0)",31,J3J1B,3,10.0,84,0,0,0,,,,
upper_x_14p50,"(14.5, 23.0, 14.55, 27.0)",31,J3J1B,4,10.0,83,0,0,0,,,,
upper_x_14p50,"(14.5, 23.0, 14.55, 27.0)",34,J3J3A,0,10.0,82,0,0,0,,,,
upper_x_14p50,"(14.5, 23.0, 14.55, 27.0)",34,J3J3A,1,10.0,82,0,0,0,,,,
upper_x_14p50,"(14.5, 23.0, 14.55, 27.0)",34,J3J3A,2,10.0,81,0,0,0,,,,
upper_x_14p50,"(14.5, 23.0, 14.55, 27.0)",34,J3J3A,3,10.0,84,0,0,0,,,,
upper_x_14p50,"(14.5, 23.0, 14.55, 27.0)",34,J3J3A,4,10.0,83,0,0,0,,,,
upper_x_14p50,"(14.5, 23.0, 14.55, 27.0)",33,J3J3B,0,10.0,82,0,0,0,,,,
upper_x_14p50,"(14.5, 23.0, 14.55, 27.0)",33,J3J3B,1,10.0,82,0,0,0,,,,
upper_x_14p50,"(14.5, 23.0, 14.55, 27.0)",33,J3J3B,2,10.0,81,0,0,0,,,,
upper_x_14p50,"(14.5, 23.0, 14.55, 27.0)",33,J3J3B,3,10.0,84,0,0,0,,,,
upper_x_14p50,"(14.5, 23.0, 14.55, 27.0)",33,J3J3B,4,10.0,83,0,0,0,,,,
upper_x_15p50,"(15.5, 23.0, 15.55, 27.0)",3,ACA,0,10.0,82,0,0,0,,,,
upper_x_15p50,"(15.5, 23.0, 15.55, 27.0)",3,ACA,1,10.0,82,0,0,0,,,,
upper_x_15p50,"(15.5, 23.0, 15.55, 27.0)",3,ACA,2,10.0,81,0,0,0,,,,
upper_x_15p50,"(15.5, 23.0, 15.55, 27.0)",3,ACA,3,10.0,84,0,0,0,,,,
upper_x_15p50,"(15.5, 23.0, 15.55, 27.0)",3,ACA,4,10.0,83,0,0,0,,,,
upper_x_15p50,"(15.5, 23.0, 15.55, 27.0)",0,ACB,0,10.0,82,0,0,0,,,,
upper_x_15p50,"(15.5, 23.0, 15.55, 27.0)",0,ACB,1,10.0,82,0,0,0,,,,
upper_x_15p50,"(15.5, 23.0, 15.55, 27.0)",0,ACB,2,10.0,81,0,0,0,,,,
upper_x_15p50,"(15.5, 23.0, 15.55, 27.0)",0,ACB,3,10.0,84,0,0,0,,,,
upper_x_15p50,"(15.5, 23.0, 15.55, 27.0)",0,ACB,4,10.0,83,0,0,0,,,,
upper_x_15p50,"(15.5, 23.0, 15.55, 27.0)",1,ACJ1,0,10.0,82,0,0,0,,,,
upper_x_15p50,"(15.5, 23.0, 15.55, 27.0)",1,ACJ1,1,10.0,82,0,0,0,,,,
upper_x_15p50,"(15.5, 23.0, 15.55, 27.0)",1,ACJ1,2,10.0,81,0,0,0,,,,
upper_x_15p50,"(15.5, 23.0, 15.55, 27.0)",1,ACJ1,3,10.0,84,0,0,0,,,,
upper_x_15p50,"(15.5, 23.0, 15.55, 27.0)",1,ACJ1,4,10.0,83,0,0,0,,,,
upper_x_15p50,"(15.5, 23.0, 15.55, 27.0)",2,ACJ2,0,10.0,82,0,0,0,,,,
upper_x_15p50,"(15.5, 23.0, 15.55, 27.0)",2,ACJ2,1,10.0,82,0,0,0,,,,
upper_x_15p50,"(15.5, 23.0, 15.55, 27.0)",2,ACJ2,2,10.0,81,0,0,0,,,,
upper_x_15p50,"(15.5, 23.0, 15.55, 27.0)",2,ACJ2,3,10.0,84,0,0,0,,,,
upper_x_15p50,"(15.5, 23.0, 15.55, 27.0)",2,ACJ2,4,10.0,83,0,0,0,,,,
upper_x_15p50,"(15.5, 23.0, 15.55, 27.0)",7,AJ1A,0,10.0,82,0,0,0,,,,
upper_x_15p50,"(15.5, 23.0, 15.55, 27.0)",7,AJ1A,1,10.0,82,0,0,0,,,,
upper_x_15p50,"(15.5, 23.0, 15.55, 27.0)",7,AJ1A,2,10.0,81,0,0,0,,,,
upper_x_15p50,"(15.5, 23.0, 15.55, 27.0)",7,AJ1A,3,10.0,84,0,0,0,,,,
upper_x_15p50,"(15.5, 23.0, 15.55, 27.0)",7,AJ1A,4,10.0,83,0,0,0,,,,
upper_x_15p50,"(15.5, 23.0, 15.55, 27.0)",4,AJ1B,0,10.0,82,0,0,0,,,,
upper_x_15p50,"(15.5, 23.0, 15.55, 27.0)",4,AJ1B,1,10.0,82,0,0,0,,,,
upper_x_15p50,"(15.5, 23.0, 15.55, 27.0)",4,AJ1B,2,10.0,81,0,0,0,,,,
upper_x_15p50,"(15.5, 23.0, 15.55, 27.0)",4,AJ1B,3,10.0,84,0,0,0,,,,
upper_x_15p50,"(15.5, 23.0, 15.55, 27.0)",4,AJ1B,4,10.0,83,0,0,0,,,,
upper_x_15p50,"(15.5, 23.0, 15.55, 27.0)",5,AJ1J1,0,10.0,82,0,0,0,,,,
upper_x_15p50,"(15.5, 23.0, 15.55, 27.0)",5,AJ1J1,1,10.0,82,0,0,0,,,,
upper_x_15p50,"(15.5, 23.0, 15.55, 27.0)",5,AJ1J1,2,10.0,81,0,0,0,,,,
upper_x_15p50,"(15.5, 23.0, 15.55, 27.0)",5,AJ1J1,3,10.0,84,0,0,0,,,,
upper_x_15p50,"(15.5, 23.0, 15.55, 27.0)",5,AJ1J1,4,10.0,83,0,0,0,,,,
upper_x_15p50,"(15.5, 23.0, 15.55, 27.0)",6,AJ1J2,0,10.0,82,0,0,0,,,,
upper_x_15p50,"(15.5, 23.0, 15.55, 27.0)",6,AJ1J2,1,10.0,82,0,0,0,,,,
upper_x_15p50,"(15.5, 23.0, 15.55, 27.0)",6,AJ1J2,2,10.0,81,0,0,0,,,,
upper_x_15p50,"(15.5, 23.0, 15.55, 27.0)",6,AJ1J2,3,10.0,84,0,0,0,,,,
upper_x_15p50,"(15.5, 23.0, 15.55, 27.0)",6,AJ1J2,4,10.0,83,0,0,0,,,,
upper_x_15p50,"(15.5, 23.0, 15.55, 27.0)",10,AJ3A,0,10.0,82,0,0,0,,,,
upper_x_15p50,"(15.5, 23.0, 15.55, 27.0)",10,AJ3A,1,10.0,82,0,0,0,,,,
upper_x_15p50,"(15.5, 23.0, 15.55, 27.0)",10,AJ3A,2,10.0,81,0,0,0,,,,
upper_x_15p50,"(15.5, 23.0, 15.55, 27.0)",10,AJ3A,3,10.0,84,0,0,0,,,,
upper_x_15p50,"(15.5, 23.0, 15.55, 27.0)",10,AJ3A,4,10.0,83,0,0,0,,,,
upper_x_15p50,"(15.5, 23.0, 15.55, 27.0)",8,AJ3B,0,10.0,82,0,0,0,,,,
upper_x_15p50,"(15.5, 23.0, 15.55, 27.0)",8,AJ3B,1,10.0,82,0,0,0,,,,
upper_x_15p50,"(15.5, 23.0, 15.55, 27.0)",8,AJ3B,2,10.0,81,0,0,0,,,,
upper_x_15p50,"(15.5, 23.0, 15.55, 27.0)",8,AJ3B,3,10.0,84,0,0,0,,,,
upper_x_15p50,"(15.5, 23.0, 15.55, 27.0)",8,AJ3B,4,10.0,83,0,0,0,,,,
upper_x_15p50,"(15.5, 23.0, 15.55, 27.0)",9,AJ3J1,0,10.0,82,0,0,0,,,,
upper_x_15p50,"(15.5, 23.0, 15.55, 27.0)",9,AJ3J1,1,10.0,82,0,0,0,,,,
upper_x_15p50,"(15.5, 23.0, 15.55, 27.0)",9,AJ3J1,2,10.0,81,0,0,0,,,,
upper_x_15p50,"(15.5, 23.0, 15.55, 27.0)",9,AJ3J1,3,10.0,84,0,0,0,,,,
upper_x_15p50,"(15.5, 23.0, 15.55, 27.0)",9,AJ3J1,4,10.0,83,0,0,0,,,,
upper_x_15p50,"(15.5, 23.0, 15.55, 27.0)",14,CCA,0,10.0,82,0,1,1,,16828,16828,
upper_x_15p50,"(15.5, 23.0, 15.55, 27.0)",14,CCA,1,10.0,82,0,1,1,,16812,16812,
upper_x_15p50,"(15.5, 23.0, 15.55, 27.0)",14,CCA,2,10.0,81,0,1,2,,16838,16820|16838,
upper_x_15p50,"(15.5, 23.0, 15.55, 27.0)",14,CCA,3,10.0,84,0,0,0,,,,
upper_x_15p50,"(15.5, 23.0, 15.55, 27.0)",14,CCA,4,10.0,83,0,1,2,,16809,16809|16832,
upper_x_15p50,"(15.5, 23.0, 15.55, 27.0)",11,CCB,0,10.0,82,0,1,1,,14028,14028,
upper_x_15p50,"(15.5, 23.0, 15.55, 27.0)",11,CCB,1,10.0,82,0,1,1,,14012,14012,
upper_x_15p50,"(15.5, 23.0, 15.55, 27.0)",11,CCB,2,10.0,81,0,1,2,,14038,14020|14038,
upper_x_15p50,"(15.5, 23.0, 15.55, 27.0)",11,CCB,3,10.0,84,0,0,0,,,,
upper_x_15p50,"(15.5, 23.0, 15.55, 27.0)",11,CCB,4,10.0,83,0,1,2,,14009,14009|14032,
upper_x_15p50,"(15.5, 23.0, 15.55, 27.0)",12,CCJ1,0,10.0,82,0,1,1,,14028,14028,
upper_x_15p50,"(15.5, 23.0, 15.55, 27.0)",12,CCJ1,1,10.0,82,0,1,1,,14012,14012,
upper_x_15p50,"(15.5, 23.0, 15.55, 27.0)",12,CCJ1,2,10.0,81,0,1,2,,14038,14020|14038,
upper_x_15p50,"(15.5, 23.0, 15.55, 27.0)",12,CCJ1,3,10.0,84,0,0,0,,,,
upper_x_15p50,"(15.5, 23.0, 15.55, 27.0)",12,CCJ1,4,10.0,83,0,1,2,,14009,14009|14032,
upper_x_15p50,"(15.5, 23.0, 15.55, 27.0)",13,CCJ2,0,10.0,82,0,1,1,,14028,14028,
upper_x_15p50,"(15.5, 23.0, 15.55, 27.0)",13,CCJ2,1,10.0,82,0,1,1,,16812,16812,
upper_x_15p50,"(15.5, 23.0, 15.55, 27.0)",13,CCJ2,2,10.0,81,0,1,2,,16838,16820|16838,
upper_x_15p50,"(15.5, 23.0, 15.55, 27.0)",13,CCJ2,3,10.0,84,0,0,0,,,,
upper_x_15p50,"(15.5, 23.0, 15.55, 27.0)",13,CCJ2,4,10.0,83,0,1,2,,16809,16809|16832,
upper_x_15p50,"(15.5, 23.0, 15.55, 27.0)",18,CJ1A,0,10.0,82,0,1,1,,22428,22428,
upper_x_15p50,"(15.5, 23.0, 15.55, 27.0)",18,CJ1A,1,10.0,82,0,1,1,,22412,22412,
upper_x_15p50,"(15.5, 23.0, 15.55, 27.0)",18,CJ1A,2,10.0,81,0,1,2,,22438,22420|22438,
upper_x_15p50,"(15.5, 23.0, 15.55, 27.0)",18,CJ1A,3,10.0,84,0,0,0,,,,
upper_x_15p50,"(15.5, 23.0, 15.55, 27.0)",18,CJ1A,4,10.0,83,0,1,2,,22409,22409|22432,
upper_x_15p50,"(15.5, 23.0, 15.55, 27.0)",15,CJ1B,0,10.0,82,0,1,1,,16828,16828,
upper_x_15p50,"(15.5, 23.0, 15.55, 27.0)",15,CJ1B,1,10.0,82,0,1,1,,16812,16812,
upper_x_15p50,"(15.5, 23.0, 15.55, 27.0)",15,CJ1B,2,10.0,81,0,1,2,,19638,19620|19638,
upper_x_15p50,"(15.5, 23.0, 15.55, 27.0)",15,CJ1B,3,10.0,84,0,0,0,,,,
upper_x_15p50,"(15.5, 23.0, 15.55, 27.0)",15,CJ1B,4,10.0,83,0,1,2,,19609,19609|19632,
upper_x_15p50,"(15.5, 23.0, 15.55, 27.0)",16,CJ1J1,0,10.0,82,0,1,1,,19628,19628,
upper_x_15p50,"(15.5, 23.0, 15.55, 27.0)",16,CJ1J1,1,10.0,82,0,1,1,,19612,19612,
upper_x_15p50,"(15.5, 23.0, 15.55, 27.0)",16,CJ1J1,2,10.0,81,0,1,2,,19638,19620|19638,
upper_x_15p50,"(15.5, 23.0, 15.55, 27.0)",16,CJ1J1,3,10.0,84,0,0,0,,,,
upper_x_15p50,"(15.5, 23.0, 15.55, 27.0)",16,CJ1J1,4,10.0,83,0,1,2,,19609,19609|19632,
upper_x_15p50,"(15.5, 23.0, 15.55, 27.0)",17,CJ1J2,0,10.0,82,0,1,1,,19628,19628,
upper_x_15p50,"(15.5, 23.0, 15.55, 27.0)",17,CJ1J2,1,10.0,82,0,1,1,,19612,19612,
upper_x_15p50,"(15.5, 23.0, 15.55, 27.0)",17,CJ1J2,2,10.0,81,0,1,2,,19638,19620|19638,
upper_x_15p50,"(15.5, 23.0, 15.55, 27.0)",17,CJ1J2,3,10.0,84,0,0,0,,,,
upper_x_15p50,"(15.5, 23.0, 15.55, 27.0)",17,CJ1J2,4,10.0,83,0,1,2,,22409,22409|22432,
upper_x_15p50,"(15.5, 23.0, 15.55, 27.0)",21,CJ3A,0,10.0,82,0,1,1,,25228,25228,
upper_x_15p50,"(15.5, 23.0, 15.55, 27.0)",21,CJ3A,1,10.0,82,0,1,1,,25212,25212,
upper_x_15p50,"(15.5, 23.0, 15.55, 27.0)",21,CJ3A,2,10.0,81,0,1,2,,25238,25220|25238,
upper_x_15p50,"(15.5, 23.0, 15.55, 27.0)",21,CJ3A,3,10.0,84,0,0,0,,,,
upper_x_15p50,"(15.5, 23.0, 15.55, 27.0)",21,CJ3A,4,10.0,83,0,1,2,,25209,25209|25232,
upper_x_15p50,"(15.5, 23.0, 15.55, 27.0)",19,CJ3B,0,10.0,82,0,1,1,,22428,22428,
upper_x_15p50,"(15.5, 23.0, 15.55, 27.0)",19,CJ3B,1,10.0,82,0,1,1,,22412,22412,
upper_x_15p50,"(15.5, 23.0, 15.55, 27.0)",19,CJ3B,2,10.0,81,0,1,2,,22438,22420|22438,
upper_x_15p50,"(15.5, 23.0, 15.55, 27.0)",19,CJ3B,3,10.0,84,0,0,0,,,,
upper_x_15p50,"(15.5, 23.0, 15.55, 27.0)",19,CJ3B,4,10.0,83,0,1,2,,25209,25209|25232,
upper_x_15p50,"(15.5, 23.0, 15.55, 27.0)",20,CJ3J1,0,10.0,82,0,1,1,,25228,25228,
upper_x_15p50,"(15.5, 23.0, 15.55, 27.0)",20,CJ3J1,1,10.0,82,0,1,1,,25212,25212,
upper_x_15p50,"(15.5, 23.0, 15.55, 27.0)",20,CJ3J1,2,10.0,81,0,1,2,,25238,25220|25238,
upper_x_15p50,"(15.5, 23.0, 15.55, 27.0)",20,CJ3J1,3,10.0,84,0,0,0,,,,
upper_x_15p50,"(15.5, 23.0, 15.55, 27.0)",20,CJ3J1,4,10.0,83,0,1,2,,25209,25209|25232,
upper_x_15p50,"(15.5, 23.0, 15.55, 27.0)",25,J2CA,0,10.0,82,0,0,1,,,30814,
upper_x_15p50,"(15.5, 23.0, 15.55, 27.0)",25,J2CA,1,10.0,82,0,1,3,,30812,30811|30812|30833,
upper_x_15p50,"(15.5, 23.0, 15.55, 27.0)",25,J2CA,2,10.0,81,0,0,1,,,30838,
upper_x_15p50,"(15.5, 23.0, 15.55, 27.0)",25,J2CA,3,10.0,84,0,1,1,,30804,30804,
upper_x_15p50,"(15.5, 23.0, 15.55, 27.0)",25,J2CA,4,10.0,83,0,1,1,,30832,30832,
upper_x_15p50,"(15.5, 23.0, 15.55, 27.0)",22,J2CB,0,10.0,82,0,0,1,,,28014,
upper_x_15p50,"(15.5, 23.0, 15.55, 27.0)",22,J2CB,1,10.0,82,0,1,3,,28012,28011|28012|28033,
upper_x_15p50,"(15.5, 23.0, 15.55, 27.0)",22,J2CB,2,10.0,81,0,0,1,,,28038,
upper_x_15p50,"(15.5, 23.0, 15.55, 27.0)",22,J2CB,3,10.0,84,0,1,1,,28004,28004,
upper_x_15p50,"(15.5, 23.0, 15.55, 27.0)",22,J2CB,4,10.0,83,0,1,1,,28032,28032,
upper_x_15p50,"(15.5, 23.0, 15.55, 27.0)",23,J2CJ1,0,10.0,82,0,0,1,,,28014,
upper_x_15p50,"(15.5, 23.0, 15.55, 27.0)",23,J2CJ1,1,10.0,82,0,1,3,,28012,28011|28012|28033,
upper_x_15p50,"(15.5, 23.0, 15.55, 27.0)",23,J2CJ1,2,10.0,81,0,0,1,,,28038,
upper_x_15p50,"(15.5, 23.0, 15.55, 27.0)",23,J2CJ1,3,10.0,84,0,1,1,,28004,28004,
upper_x_15p50,"(15.5, 23.0, 15.55, 27.0)",23,J2CJ1,4,10.0,83,0,1,1,,28032,28032,
upper_x_15p50,"(15.5, 23.0, 15.55, 27.0)",24,J2CJ2,0,10.0,82,0,0,1,,,28014,
upper_x_15p50,"(15.5, 23.0, 15.55, 27.0)",24,J2CJ2,1,10.0,82,0,1,3,,30812,30811|30812|30833,
upper_x_15p50,"(15.5, 23.0, 15.55, 27.0)",24,J2CJ2,2,10.0,81,0,0,1,,,30838,
upper_x_15p50,"(15.5, 23.0, 15.55, 27.0)",24,J2CJ2,3,10.0,84,0,1,1,,30804,30804,
upper_x_15p50,"(15.5, 23.0, 15.55, 27.0)",24,J2CJ2,4,10.0,83,0,1,1,,30832,30832,
upper_x_15p50,"(15.5, 23.0, 15.55, 27.0)",27,J2J3A,0,10.0,82,0,0,1,,,33614,
upper_x_15p50,"(15.5, 23.0, 15.55, 27.0)",27,J2J3A,1,10.0,82,0,1,3,,33612,33611|33612|33633,
upper_x_15p50,"(15.5, 23.0, 15.55, 27.0)",27,J2J3A,2,10.0,81,0,0,1,,,33638,
upper_x_15p50,"(15.5, 23.0, 15.55, 27.0)",27,J2J3A,3,10.0,84,0,1,1,,33604,33604,
upper_x_15p50,"(15.5, 23.0, 15.55, 27.0)",27,J2J3A,4,10.0,83,0,1,1,,33632,33632,
upper_x_15p50,"(15.5, 23.0, 15.55, 27.0)",26,J2J3B,0,10.0,82,0,0,1,,,30814,
upper_x_15p50,"(15.5, 23.0, 15.55, 27.0)",26,J2J3B,1,10.0,82,0,1,3,,30812,30811|30812|30833,
upper_x_15p50,"(15.5, 23.0, 15.55, 27.0)",26,J2J3B,2,10.0,81,0,0,1,,,33638,
upper_x_15p50,"(15.5, 23.0, 15.55, 27.0)",26,J2J3B,3,10.0,84,0,1,1,,33604,33604,
upper_x_15p50,"(15.5, 23.0, 15.55, 27.0)",26,J2J3B,4,10.0,83,0,1,1,,33632,33632,
upper_x_15p50,"(15.5, 23.0, 15.55, 27.0)",30,J3CA,0,10.0,82,0,0,0,,,,
upper_x_15p50,"(15.5, 23.0, 15.55, 27.0)",30,J3CA,1,10.0,82,0,0,0,,,,
upper_x_15p50,"(15.5, 23.0, 15.55, 27.0)",30,J3CA,2,10.0,81,0,0,0,,,,
upper_x_15p50,"(15.5, 23.0, 15.55, 27.0)",30,J3CA,3,10.0,84,0,0,0,,,,
upper_x_15p50,"(15.5, 23.0, 15.55, 27.0)",30,J3CA,4,10.0,83,0,0,0,,,,
upper_x_15p50,"(15.5, 23.0, 15.55, 27.0)",28,J3CB,0,10.0,82,0,0,0,,,,
upper_x_15p50,"(15.5, 23.0, 15.55, 27.0)",28,J3CB,1,10.0,82,0,0,0,,,,
upper_x_15p50,"(15.5, 23.0, 15.55, 27.0)",28,J3CB,2,10.0,81,0,0,0,,,,
upper_x_15p50,"(15.5, 23.0, 15.55, 27.0)",28,J3CB,3,10.0,84,0,0,0,,,,
upper_x_15p50,"(15.5, 23.0, 15.55, 27.0)",28,J3CB,4,10.0,83,0,0,0,,,,
upper_x_15p50,"(15.5, 23.0, 15.55, 27.0)",29,J3CJ2,0,10.0,82,0,0,0,,,,
upper_x_15p50,"(15.5, 23.0, 15.55, 27.0)",29,J3CJ2,1,10.0,82,0,0,0,,,,
upper_x_15p50,"(15.5, 23.0, 15.55, 27.0)",29,J3CJ2,2,10.0,81,0,0,0,,,,
upper_x_15p50,"(15.5, 23.0, 15.55, 27.0)",29,J3CJ2,3,10.0,84,0,0,0,,,,
upper_x_15p50,"(15.5, 23.0, 15.55, 27.0)",29,J3CJ2,4,10.0,83,0,0,0,,,,
upper_x_15p50,"(15.5, 23.0, 15.55, 27.0)",32,J3J1A,0,10.0,82,0,0,0,,,,
upper_x_15p50,"(15.5, 23.0, 15.55, 27.0)",32,J3J1A,1,10.0,82,0,0,0,,,,
upper_x_15p50,"(15.5, 23.0, 15.55, 27.0)",32,J3J1A,2,10.0,81,0,0,0,,,,
upper_x_15p50,"(15.5, 23.0, 15.55, 27.0)",32,J3J1A,3,10.0,84,0,0,0,,,,
upper_x_15p50,"(15.5, 23.0, 15.55, 27.0)",32,J3J1A,4,10.0,83,0,0,0,,,,
upper_x_15p50,"(15.5, 23.0, 15.55, 27.0)",31,J3J1B,0,10.0,82,0,0,0,,,,
upper_x_15p50,"(15.5, 23.0, 15.55, 27.0)",31,J3J1B,1,10.0,82,0,0,0,,,,
upper_x_15p50,"(15.5, 23.0, 15.55, 27.0)",31,J3J1B,2,10.0,81,0,0,0,,,,
upper_x_15p50,"(15.5, 23.0, 15.55, 27.0)",31,J3J1B,3,10.0,84,0,0,0,,,,
upper_x_15p50,"(15.5, 23.0, 15.55, 27.0)",31,J3J1B,4,10.0,83,0,0,0,,,,
upper_x_15p50,"(15.5, 23.0, 15.55, 27.0)",34,J3J3A,0,10.0,82,0,0,0,,,,
upper_x_15p50,"(15.5, 23.0, 15.55, 27.0)",34,J3J3A,1,10.0,82,0,0,0,,,,
upper_x_15p50,"(15.5, 23.0, 15.55, 27.0)",34,J3J3A,2,10.0,81,0,0,0,,,,
upper_x_15p50,"(15.5, 23.0, 15.55, 27.0)",34,J3J3A,3,10.0,84,0,0,0,,,,
upper_x_15p50,"(15.5, 23.0, 15.55, 27.0)",34,J3J3A,4,10.0,83,0,0,0,,,,
upper_x_15p50,"(15.5, 23.0, 15.55, 27.0)",33,J3J3B,0,10.0,82,0,0,0,,,,
upper_x_15p50,"(15.5, 23.0, 15.55, 27.0)",33,J3J3B,1,10.0,82,0,0,0,,,,
upper_x_15p50,"(15.5, 23.0, 15.55, 27.0)",33,J3J3B,2,10.0,81,0,0,0,,,,
upper_x_15p50,"(15.5, 23.0, 15.55, 27.0)",33,J3J3B,3,10.0,84,0,0,0,,,,
upper_x_15p50,"(15.5, 23.0, 15.55, 27.0)",33,J3J3B,4,10.0,83,0,0,0,,,,
upper_x_16p00,"(16.0, 23.0, 16.05, 27.0)",3,ACA,0,10.0,82,0,0,0,,,,
upper_x_16p00,"(16.0, 23.0, 16.05, 27.0)",3,ACA,1,10.0,82,0,0,0,,,,
upper_x_16p00,"(16.0, 23.0, 16.05, 27.0)",3,ACA,2,10.0,81,0,0,0,,,,
upper_x_16p00,"(16.0, 23.0, 16.05, 27.0)",3,ACA,3,10.0,84,0,0,0,,,,
upper_x_16p00,"(16.0, 23.0, 16.05, 27.0)",3,ACA,4,10.0,83,0,0,0,,,,
upper_x_16p00,"(16.0, 23.0, 16.05, 27.0)",0,ACB,0,10.0,82,0,0,0,,,,
upper_x_16p00,"(16.0, 23.0, 16.05, 27.0)",0,ACB,1,10.0,82,0,0,0,,,,
upper_x_16p00,"(16.0, 23.0, 16.05, 27.0)",0,ACB,2,10.0,81,0,0,0,,,,
upper_x_16p00,"(16.0, 23.0, 16.05, 27.0)",0,ACB,3,10.0,84,0,0,0,,,,
upper_x_16p00,"(16.0, 23.0, 16.05, 27.0)",0,ACB,4,10.0,83,0,0,0,,,,
upper_x_16p00,"(16.0, 23.0, 16.05, 27.0)",1,ACJ1,0,10.0,82,0,0,0,,,,
upper_x_16p00,"(16.0, 23.0, 16.05, 27.0)",1,ACJ1,1,10.0,82,0,0,0,,,,
upper_x_16p00,"(16.0, 23.0, 16.05, 27.0)",1,ACJ1,2,10.0,81,0,0,0,,,,
upper_x_16p00,"(16.0, 23.0, 16.05, 27.0)",1,ACJ1,3,10.0,84,0,0,0,,,,
upper_x_16p00,"(16.0, 23.0, 16.05, 27.0)",1,ACJ1,4,10.0,83,0,0,0,,,,
upper_x_16p00,"(16.0, 23.0, 16.05, 27.0)",2,ACJ2,0,10.0,82,0,0,0,,,,
upper_x_16p00,"(16.0, 23.0, 16.05, 27.0)",2,ACJ2,1,10.0,82,0,0,0,,,,
upper_x_16p00,"(16.0, 23.0, 16.05, 27.0)",2,ACJ2,2,10.0,81,0,0,0,,,,
upper_x_16p00,"(16.0, 23.0, 16.05, 27.0)",2,ACJ2,3,10.0,84,0,0,0,,,,
upper_x_16p00,"(16.0, 23.0, 16.05, 27.0)",2,ACJ2,4,10.0,83,0,0,0,,,,
upper_x_16p00,"(16.0, 23.0, 16.05, 27.0)",7,AJ1A,0,10.0,82,0,0,0,,,,
upper_x_16p00,"(16.0, 23.0, 16.05, 27.0)",7,AJ1A,1,10.0,82,0,0,0,,,,
upper_x_16p00,"(16.0, 23.0, 16.05, 27.0)",7,AJ1A,2,10.0,81,0,0,0,,,,
upper_x_16p00,"(16.0, 23.0, 16.05, 27.0)",7,AJ1A,3,10.0,84,0,0,0,,,,
upper_x_16p00,"(16.0, 23.0, 16.05, 27.0)",7,AJ1A,4,10.0,83,0,0,0,,,,
upper_x_16p00,"(16.0, 23.0, 16.05, 27.0)",4,AJ1B,0,10.0,82,0,0,0,,,,
upper_x_16p00,"(16.0, 23.0, 16.05, 27.0)",4,AJ1B,1,10.0,82,0,0,0,,,,
upper_x_16p00,"(16.0, 23.0, 16.05, 27.0)",4,AJ1B,2,10.0,81,0,0,0,,,,
upper_x_16p00,"(16.0, 23.0, 16.05, 27.0)",4,AJ1B,3,10.0,84,0,0,0,,,,
upper_x_16p00,"(16.0, 23.0, 16.05, 27.0)",4,AJ1B,4,10.0,83,0,0,0,,,,
upper_x_16p00,"(16.0, 23.0, 16.05, 27.0)",5,AJ1J1,0,10.0,82,0,0,0,,,,
upper_x_16p00,"(16.0, 23.0, 16.05, 27.0)",5,AJ1J1,1,10.0,82,0,0,0,,,,
upper_x_16p00,"(16.0, 23.0, 16.05, 27.0)",5,AJ1J1,2,10.0,81,0,0,0,,,,
upper_x_16p00,"(16.0, 23.0, 16.05, 27.0)",5,AJ1J1,3,10.0,84,0,0,0,,,,
upper_x_16p00,"(16.0, 23.0, 16.05, 27.0)",5,AJ1J1,4,10.0,83,0,0,0,,,,
upper_x_16p00,"(16.0, 23.0, 16.05, 27.0)",6,AJ1J2,0,10.0,82,0,0,0,,,,
upper_x_16p00,"(16.0, 23.0, 16.05, 27.0)",6,AJ1J2,1,10.0,82,0,0,0,,,,
upper_x_16p00,"(16.0, 23.0, 16.05, 27.0)",6,AJ1J2,2,10.0,81,0,0,0,,,,
upper_x_16p00,"(16.0, 23.0, 16.05, 27.0)",6,AJ1J2,3,10.0,84,0,0,0,,,,
upper_x_16p00,"(16.0, 23.0, 16.05, 27.0)",6,AJ1J2,4,10.0,83,0,0,0,,,,
upper_x_16p00,"(16.0, 23.0, 16.05, 27.0)",10,AJ3A,0,10.0,82,0,0,0,,,,
upper_x_16p00,"(16.0, 23.0, 16.05, 27.0)",10,AJ3A,1,10.0,82,0,0,0,,,,
upper_x_16p00,"(16.0, 23.0, 16.05, 27.0)",10,AJ3A,2,10.0,81,0,0,0,,,,
upper_x_16p00,"(16.0, 23.0, 16.05, 27.0)",10,AJ3A,3,10.0,84,0,0,0,,,,
upper_x_16p00,"(16.0, 23.0, 16.05, 27.0)",10,AJ3A,4,10.0,83,0,0,0,,,,
upper_x_16p00,"(16.0, 23.0, 16.05, 27.0)",8,AJ3B,0,10.0,82,0,0,0,,,,
upper_x_16p00,"(16.0, 23.0, 16.05, 27.0)",8,AJ3B,1,10.0,82,0,0,0,,,,
upper_x_16p00,"(16.0, 23.0, 16.05, 27.0)",8,AJ3B,2,10.0,81,0,0,0,,,,
upper_x_16p00,"(16.0, 23.0, 16.05, 27.0)",8,AJ3B,3,10.0,84,0,0,0,,,,
upper_x_16p00,"(16.0, 23.0, 16.05, 27.0)",8,AJ3B,4,10.0,83,0,0,0,,,,
upper_x_16p00,"(16.0, 23.0, 16.05, 27.0)",9,AJ3J1,0,10.0,82,0,0,0,,,,
upper_x_16p00,"(16.0, 23.0, 16.05, 27.0)",9,AJ3J1,1,10.0,82,0,0,0,,,,
upper_x_16p00,"(16.0, 23.0, 16.05, 27.0)",9,AJ3J1,2,10.0,81,0,0,0,,,,
upper_x_16p00,"(16.0, 23.0, 16.05, 27.0)",9,AJ3J1,3,10.0,84,0,0,0,,,,
upper_x_16p00,"(16.0, 23.0, 16.05, 27.0)",9,AJ3J1,4,10.0,83,0,0,0,,,,
upper_x_16p00,"(16.0, 23.0, 16.05, 27.0)",14,CCA,0,10.0,82,0,0,2,,,16827|16828,
upper_x_16p00,"(16.0, 23.0, 16.05, 27.0)",14,CCA,1,10.0,82,0,0,2,,,16812|16834,
upper_x_16p00,"(16.0, 23.0, 16.05, 27.0)",14,CCA,2,10.0,81,0,0,0,,,,
upper_x_16p00,"(16.0, 23.0, 16.05, 27.0)",14,CCA,3,10.0,84,0,1,1,,16804,16804,
upper_x_16p00,"(16.0, 23.0, 16.05, 27.0)",14,CCA,4,10.0,83,0,1,1,,16817,16817,
upper_x_16p00,"(16.0, 23.0, 16.05, 27.0)",11,CCB,0,10.0,82,0,0,2,,,14027|14028,
upper_x_16p00,"(16.0, 23.0, 16.05, 27.0)",11,CCB,1,10.0,82,0,0,2,,,14012|14034,
upper_x_16p00,"(16.0, 23.0, 16.05, 27.0)",11,CCB,2,10.0,81,0,0,0,,,,
upper_x_16p00,"(16.0, 23.0, 16.05, 27.0)",11,CCB,3,10.0,84,0,1,1,,14004,14004,
upper_x_16p00,"(16.0, 23.0, 16.05, 27.0)",11,CCB,4,10.0,83,0,1,1,,14017,14017,
upper_x_16p00,"(16.0, 23.0, 16.05, 27.0)",12,CCJ1,0,10.0,82,0,0,2,,,14027|14028,
upper_x_16p00,"(16.0, 23.0, 16.05, 27.0)",12,CCJ1,1,10.0,82,0,0,2,,,14012|14034,
upper_x_16p00,"(16.0, 23.0, 16.05, 27.0)",12,CCJ1,2,10.0,81,0,0,0,,,,
upper_x_16p00,"(16.0, 23.0, 16.05, 27.0)",12,CCJ1,3,10.0,84,0,1,1,,14004,14004,
upper_x_16p00,"(16.0, 23.0, 16.05, 27.0)",12,CCJ1,4,10.0,83,0,1,1,,14017,14017,
upper_x_16p00,"(16.0, 23.0, 16.05, 27.0)",13,CCJ2,0,10.0,82,0,0,2,,,14027|14028,
upper_x_16p00,"(16.0, 23.0, 16.05, 27.0)",13,CCJ2,1,10.0,82,0,0,2,,,16812|16834,
upper_x_16p00,"(16.0, 23.0, 16.05, 27.0)",13,CCJ2,2,10.0,81,0,0,0,,,,
upper_x_16p00,"(16.0, 23.0, 16.05, 27.0)",13,CCJ2,3,10.0,84,0,1,1,,16804,16804,
upper_x_16p00,"(16.0, 23.0, 16.05, 27.0)",13,CCJ2,4,10.0,83,0,1,1,,16817,16817,
upper_x_16p00,"(16.0, 23.0, 16.05, 27.0)",18,CJ1A,0,10.0,82,0,0,2,,,22427|22428,
upper_x_16p00,"(16.0, 23.0, 16.05, 27.0)",18,CJ1A,1,10.0,82,0,0,2,,,22412|22434,
upper_x_16p00,"(16.0, 23.0, 16.05, 27.0)",18,CJ1A,2,10.0,81,0,0,0,,,,
upper_x_16p00,"(16.0, 23.0, 16.05, 27.0)",18,CJ1A,3,10.0,84,0,1,1,,22404,22404,
upper_x_16p00,"(16.0, 23.0, 16.05, 27.0)",18,CJ1A,4,10.0,83,0,1,1,,22417,22417,
upper_x_16p00,"(16.0, 23.0, 16.05, 27.0)",15,CJ1B,0,10.0,82,0,0,2,,,16827|16828,
upper_x_16p00,"(16.0, 23.0, 16.05, 27.0)",15,CJ1B,1,10.0,82,0,0,2,,,16812|16834,
upper_x_16p00,"(16.0, 23.0, 16.05, 27.0)",15,CJ1B,2,10.0,81,0,0,0,,,,
upper_x_16p00,"(16.0, 23.0, 16.05, 27.0)",15,CJ1B,3,10.0,84,0,1,1,,19604,19604,
upper_x_16p00,"(16.0, 23.0, 16.05, 27.0)",15,CJ1B,4,10.0,83,0,1,1,,19617,19617,
upper_x_16p00,"(16.0, 23.0, 16.05, 27.0)",16,CJ1J1,0,10.0,82,0,0,2,,,19627|19628,
upper_x_16p00,"(16.0, 23.0, 16.05, 27.0)",16,CJ1J1,1,10.0,82,0,0,2,,,19612|19634,
upper_x_16p00,"(16.0, 23.0, 16.05, 27.0)",16,CJ1J1,2,10.0,81,0,0,0,,,,
upper_x_16p00,"(16.0, 23.0, 16.05, 27.0)",16,CJ1J1,3,10.0,84,0,1,1,,19604,19604,
upper_x_16p00,"(16.0, 23.0, 16.05, 27.0)",16,CJ1J1,4,10.0,83,0,1,1,,19617,19617,
upper_x_16p00,"(16.0, 23.0, 16.05, 27.0)",17,CJ1J2,0,10.0,82,0,0,2,,,19627|19628,
upper_x_16p00,"(16.0, 23.0, 16.05, 27.0)",17,CJ1J2,1,10.0,82,0,0,2,,,19612|19634,
upper_x_16p00,"(16.0, 23.0, 16.05, 27.0)",17,CJ1J2,2,10.0,81,0,0,0,,,,
upper_x_16p00,"(16.0, 23.0, 16.05, 27.0)",17,CJ1J2,3,10.0,84,0,1,1,,22404,22404,
upper_x_16p00,"(16.0, 23.0, 16.05, 27.0)",17,CJ1J2,4,10.0,83,0,1,1,,22417,22417,
upper_x_16p00,"(16.0, 23.0, 16.05, 27.0)",21,CJ3A,0,10.0,82,0,0,2,,,25227|25228,
upper_x_16p00,"(16.0, 23.0, 16.05, 27.0)",21,CJ3A,1,10.0,82,0,0,2,,,25212|25234,
upper_x_16p00,"(16.0, 23.0, 16.05, 27.0)",21,CJ3A,2,10.0,81,0,0,0,,,,
upper_x_16p00,"(16.0, 23.0, 16.05, 27.0)",21,CJ3A,3,10.0,84,0,1,1,,25204,25204,
upper_x_16p00,"(16.0, 23.0, 16.05, 27.0)",21,CJ3A,4,10.0,83,0,1,1,,25217,25217,
upper_x_16p00,"(16.0, 23.0, 16.05, 27.0)",19,CJ3B,0,10.0,82,0,0,2,,,22427|22428,
upper_x_16p00,"(16.0, 23.0, 16.05, 27.0)",19,CJ3B,1,10.0,82,0,0,2,,,22412|22434,
upper_x_16p00,"(16.0, 23.0, 16.05, 27.0)",19,CJ3B,2,10.0,81,0,0,0,,,,
upper_x_16p00,"(16.0, 23.0, 16.05, 27.0)",19,CJ3B,3,10.0,84,0,1,1,,22404,22404,
upper_x_16p00,"(16.0, 23.0, 16.05, 27.0)",19,CJ3B,4,10.0,83,0,1,1,,25217,25217,
upper_x_16p00,"(16.0, 23.0, 16.05, 27.0)",20,CJ3J1,0,10.0,82,0,0,2,,,25227|25228,
upper_x_16p00,"(16.0, 23.0, 16.05, 27.0)",20,CJ3J1,1,10.0,82,0,0,2,,,25212|25234,
upper_x_16p00,"(16.0, 23.0, 16.05, 27.0)",20,CJ3J1,2,10.0,81,0,0,0,,,,
upper_x_16p00,"(16.0, 23.0, 16.05, 27.0)",20,CJ3J1,3,10.0,84,0,1,1,,25204,25204,
upper_x_16p00,"(16.0, 23.0, 16.05, 27.0)",20,CJ3J1,4,10.0,83,0,1,1,,25217,25217,
upper_x_16p00,"(16.0, 23.0, 16.05, 27.0)",25,J2CA,0,10.0,82,0,1,2,,30827,30827|30837,
upper_x_16p00,"(16.0, 23.0, 16.05, 27.0)",25,J2CA,1,10.0,82,0,0,1,,,30811,
upper_x_16p00,"(16.0, 23.0, 16.05, 27.0)",25,J2CA,2,10.0,81,0,1,1,,30836,30836,
upper_x_16p00,"(16.0, 23.0, 16.05, 27.0)",25,J2CA,3,10.0,84,1,1,1,30826,30826,30826,"RuntimeError: Could not switch the geometry.
The following agents would be outside of the new geometry: 32626
"
upper_x_16p00,"(16.0, 23.0, 16.05, 27.0)",25,J2CA,4,10.0,83,0,1,2,,30809,30809|30832,
upper_x_16p00,"(16.0, 23.0, 16.05, 27.0)",22,J2CB,0,10.0,82,0,1,2,,28027,28027|28037,
upper_x_16p00,"(16.0, 23.0, 16.05, 27.0)",22,J2CB,1,10.0,82,0,0,1,,,28011,
upper_x_16p00,"(16.0, 23.0, 16.05, 27.0)",22,J2CB,2,10.0,81,0,1,1,,28036,28036,
upper_x_16p00,"(16.0, 23.0, 16.05, 27.0)",22,J2CB,3,10.0,84,1,1,1,28026,28026,28026,"RuntimeError: Could not switch the geometry.
The following agents would be outside of the new geometry: 29826
"
upper_x_16p00,"(16.0, 23.0, 16.05, 27.0)",22,J2CB,4,10.0,83,0,1,2,,28009,28009|28032,
upper_x_16p00,"(16.0, 23.0, 16.05, 27.0)",23,J2CJ1,0,10.0,82,0,1,2,,28027,28027|28037,
upper_x_16p00,"(16.0, 23.0, 16.05, 27.0)",23,J2CJ1,1,10.0,82,0,0,1,,,28011,
upper_x_16p00,"(16.0, 23.0, 16.05, 27.0)",23,J2CJ1,2,10.0,81,0,1,1,,28036,28036,
upper_x_16p00,"(16.0, 23.0, 16.05, 27.0)",23,J2CJ1,3,10.0,84,1,1,1,28026,28026,28026,"RuntimeError: Could not switch the geometry.
The following agents would be outside of the new geometry: 29826
"
upper_x_16p00,"(16.0, 23.0, 16.05, 27.0)",23,J2CJ1,4,10.0,83,0,1,2,,28009,28009|28032,
upper_x_16p00,"(16.0, 23.0, 16.05, 27.0)",24,J2CJ2,0,10.0,82,0,1,2,,28027,28027|28037,
upper_x_16p00,"(16.0, 23.0, 16.05, 27.0)",24,J2CJ2,1,10.0,82,0,0,1,,,30811,
upper_x_16p00,"(16.0, 23.0, 16.05, 27.0)",24,J2CJ2,2,10.0,81,0,1,1,,30836,30836,
upper_x_16p00,"(16.0, 23.0, 16.05, 27.0)",24,J2CJ2,3,10.0,84,1,1,1,30826,30826,30826,"RuntimeError: Could not switch the geometry.
The following agents would be outside of the new geometry: 32626
"
upper_x_16p00,"(16.0, 23.0, 16.05, 27.0)",24,J2CJ2,4,10.0,83,0,1,2,,30809,30809|30832,
upper_x_16p00,"(16.0, 23.0, 16.05, 27.0)",27,J2J3A,0,10.0,82,0,1,2,,33627,33627|33637,
upper_x_16p00,"(16.0, 23.0, 16.05, 27.0)",27,J2J3A,1,10.0,82,0,0,1,,,33611,
upper_x_16p00,"(16.0, 23.0, 16.05, 27.0)",27,J2J3A,2,10.0,81,0,1,1,,33636,33636,
upper_x_16p00,"(16.0, 23.0, 16.05, 27.0)",27,J2J3A,3,10.0,84,1,1,1,33626,33626,33626,"RuntimeError: Could not switch the geometry.
The following agents would be outside of the new geometry: 35426
"
upper_x_16p00,"(16.0, 23.0, 16.05, 27.0)",27,J2J3A,4,10.0,83,0,1,2,,33609,33609|33632,
upper_x_16p00,"(16.0, 23.0, 16.05, 27.0)",26,J2J3B,0,10.0,82,0,1,2,,30827,30827|30837,
upper_x_16p00,"(16.0, 23.0, 16.05, 27.0)",26,J2J3B,1,10.0,82,0,0,1,,,30811,
upper_x_16p00,"(16.0, 23.0, 16.05, 27.0)",26,J2J3B,2,10.0,81,0,1,1,,33636,33636,
upper_x_16p00,"(16.0, 23.0, 16.05, 27.0)",26,J2J3B,3,10.0,84,1,1,1,33626,33626,33626,"RuntimeError: Could not switch the geometry.
The following agents would be outside of the new geometry: 35426
"
upper_x_16p00,"(16.0, 23.0, 16.05, 27.0)",26,J2J3B,4,10.0,83,0,1,2,,33609,33609|33632,
upper_x_16p00,"(16.0, 23.0, 16.05, 27.0)",30,J3CA,0,10.0,82,0,0,0,,,,
upper_x_16p00,"(16.0, 23.0, 16.05, 27.0)",30,J3CA,1,10.0,82,0,0,0,,,,
upper_x_16p00,"(16.0, 23.0, 16.05, 27.0)",30,J3CA,2,10.0,81,0,0,0,,,,
upper_x_16p00,"(16.0, 23.0, 16.05, 27.0)",30,J3CA,3,10.0,84,0,0,0,,,,
upper_x_16p00,"(16.0, 23.0, 16.05, 27.0)",30,J3CA,4,10.0,83,0,0,0,,,,
upper_x_16p00,"(16.0, 23.0, 16.05, 27.0)",28,J3CB,0,10.0,82,0,0,0,,,,
upper_x_16p00,"(16.0, 23.0, 16.05, 27.0)",28,J3CB,1,10.0,82,0,0,0,,,,
upper_x_16p00,"(16.0, 23.0, 16.05, 27.0)",28,J3CB,2,10.0,81,0,0,0,,,,
upper_x_16p00,"(16.0, 23.0, 16.05, 27.0)",28,J3CB,3,10.0,84,0,0,0,,,,
upper_x_16p00,"(16.0, 23.0, 16.05, 27.0)",28,J3CB,4,10.0,83,0,0,0,,,,
upper_x_16p00,"(16.0, 23.0, 16.05, 27.0)",29,J3CJ2,0,10.0,82,0,0,0,,,,
upper_x_16p00,"(16.0, 23.0, 16.05, 27.0)",29,J3CJ2,1,10.0,82,0,0,0,,,,
upper_x_16p00,"(16.0, 23.0, 16.05, 27.0)",29,J3CJ2,2,10.0,81,0,0,0,,,,
upper_x_16p00,"(16.0, 23.0, 16.05, 27.0)",29,J3CJ2,3,10.0,84,0,0,0,,,,
upper_x_16p00,"(16.0, 23.0, 16.05, 27.0)",29,J3CJ2,4,10.0,83,0,0,0,,,,
upper_x_16p00,"(16.0, 23.0, 16.05, 27.0)",32,J3J1A,0,10.0,82,0,0,0,,,,
upper_x_16p00,"(16.0, 23.0, 16.05, 27.0)",32,J3J1A,1,10.0,82,0,0,0,,,,
upper_x_16p00,"(16.0, 23.0, 16.05, 27.0)",32,J3J1A,2,10.0,81,0,0,0,,,,
upper_x_16p00,"(16.0, 23.0, 16.05, 27.0)",32,J3J1A,3,10.0,84,0,0,0,,,,
upper_x_16p00,"(16.0, 23.0, 16.05, 27.0)",32,J3J1A,4,10.0,83,0,0,0,,,,
upper_x_16p00,"(16.0, 23.0, 16.05, 27.0)",31,J3J1B,0,10.0,82,0,0,0,,,,
upper_x_16p00,"(16.0, 23.0, 16.05, 27.0)",31,J3J1B,1,10.0,82,0,0,0,,,,
upper_x_16p00,"(16.0, 23.0, 16.05, 27.0)",31,J3J1B,2,10.0,81,0,0,0,,,,
upper_x_16p00,"(16.0, 23.0, 16.05, 27.0)",31,J3J1B,3,10.0,84,0,0,0,,,,
upper_x_16p00,"(16.0, 23.0, 16.05, 27.0)",31,J3J1B,4,10.0,83,0,0,0,,,,
upper_x_16p00,"(16.0, 23.0, 16.05, 27.0)",34,J3J3A,0,10.0,82,0,0,0,,,,
upper_x_16p00,"(16.0, 23.0, 16.05, 27.0)",34,J3J3A,1,10.0,82,0,0,0,,,,
upper_x_16p00,"(16.0, 23.0, 16.05, 27.0)",34,J3J3A,2,10.0,81,0,0,0,,,,
upper_x_16p00,"(16.0, 23.0, 16.05, 27.0)",34,J3J3A,3,10.0,84,0,0,0,,,,
upper_x_16p00,"(16.0, 23.0, 16.05, 27.0)",34,J3J3A,4,10.0,83,0,0,0,,,,
upper_x_16p00,"(16.0, 23.0, 16.05, 27.0)",33,J3J3B,0,10.0,82,0,0,0,,,,
upper_x_16p00,"(16.0, 23.0, 16.05, 27.0)",33,J3J3B,1,10.0,82,0,0,0,,,,
upper_x_16p00,"(16.0, 23.0, 16.05, 27.0)",33,J3J3B,2,10.0,81,0,0,0,,,,
upper_x_16p00,"(16.0, 23.0, 16.05, 27.0)",33,J3J3B,3,10.0,84,0,0,0,,,,
upper_x_16p00,"(16.0, 23.0, 16.05, 27.0)",33,J3J3B,4,10.0,83,0,0,0,,,,
upper_x_16p50,"(16.5, 23.0, 16.55, 27.0)",3,ACA,0,10.0,82,0,0,0,,,,
upper_x_16p50,"(16.5, 23.0, 16.55, 27.0)",3,ACA,1,10.0,82,0,0,0,,,,
upper_x_16p50,"(16.5, 23.0, 16.55, 27.0)",3,ACA,2,10.0,81,0,0,0,,,,
upper_x_16p50,"(16.5, 23.0, 16.55, 27.0)",3,ACA,3,10.0,84,0,0,0,,,,
upper_x_16p50,"(16.5, 23.0, 16.55, 27.0)",3,ACA,4,10.0,83,0,0,0,,,,
upper_x_16p50,"(16.5, 23.0, 16.55, 27.0)",0,ACB,0,10.0,82,0,0,0,,,,
upper_x_16p50,"(16.5, 23.0, 16.55, 27.0)",0,ACB,1,10.0,82,0,0,0,,,,
upper_x_16p50,"(16.5, 23.0, 16.55, 27.0)",0,ACB,2,10.0,81,0,0,0,,,,
upper_x_16p50,"(16.5, 23.0, 16.55, 27.0)",0,ACB,3,10.0,84,0,0,0,,,,
upper_x_16p50,"(16.5, 23.0, 16.55, 27.0)",0,ACB,4,10.0,83,0,0,0,,,,
upper_x_16p50,"(16.5, 23.0, 16.55, 27.0)",1,ACJ1,0,10.0,82,0,0,0,,,,
upper_x_16p50,"(16.5, 23.0, 16.55, 27.0)",1,ACJ1,1,10.0,82,0,0,0,,,,
upper_x_16p50,"(16.5, 23.0, 16.55, 27.0)",1,ACJ1,2,10.0,81,0,0,0,,,,
upper_x_16p50,"(16.5, 23.0, 16.55, 27.0)",1,ACJ1,3,10.0,84,0,0,0,,,,
upper_x_16p50,"(16.5, 23.0, 16.55, 27.0)",1,ACJ1,4,10.0,83,0,0,0,,,,
upper_x_16p50,"(16.5, 23.0, 16.55, 27.0)",2,ACJ2,0,10.0,82,0,0,0,,,,
upper_x_16p50,"(16.5, 23.0, 16.55, 27.0)",2,ACJ2,1,10.0,82,0,0,0,,,,
upper_x_16p50,"(16.5, 23.0, 16.55, 27.0)",2,ACJ2,2,10.0,81,0,0,0,,,,
upper_x_16p50,"(16.5, 23.0, 16.55, 27.0)",2,ACJ2,3,10.0,84,0,0,0,,,,
upper_x_16p50,"(16.5, 23.0, 16.55, 27.0)",2,ACJ2,4,10.0,83,0,0,0,,,,
upper_x_16p50,"(16.5, 23.0, 16.55, 27.0)",7,AJ1A,0,10.0,82,0,0,0,,,,
upper_x_16p50,"(16.5, 23.0, 16.55, 27.0)",7,AJ1A,1,10.0,82,0,0,0,,,,
upper_x_16p50,"(16.5, 23.0, 16.55, 27.0)",7,AJ1A,2,10.0,81,0,0,0,,,,
upper_x_16p50,"(16.5, 23.0, 16.55, 27.0)",7,AJ1A,3,10.0,84,0,0,0,,,,
upper_x_16p50,"(16.5, 23.0, 16.55, 27.0)",7,AJ1A,4,10.0,83,0,0,0,,,,
upper_x_16p50,"(16.5, 23.0, 16.55, 27.0)",4,AJ1B,0,10.0,82,0,0,0,,,,
upper_x_16p50,"(16.5, 23.0, 16.55, 27.0)",4,AJ1B,1,10.0,82,0,0,0,,,,
upper_x_16p50,"(16.5, 23.0, 16.55, 27.0)",4,AJ1B,2,10.0,81,0,0,0,,,,
upper_x_16p50,"(16.5, 23.0, 16.55, 27.0)",4,AJ1B,3,10.0,84,0,0,0,,,,
upper_x_16p50,"(16.5, 23.0, 16.55, 27.0)",4,AJ1B,4,10.0,83,0,0,0,,,,
upper_x_16p50,"(16.5, 23.0, 16.55, 27.0)",5,AJ1J1,0,10.0,82,0,0,0,,,,
upper_x_16p50,"(16.5, 23.0, 16.55, 27.0)",5,AJ1J1,1,10.0,82,0,0,0,,,,
upper_x_16p50,"(16.5, 23.0, 16.55, 27.0)",5,AJ1J1,2,10.0,81,0,0,0,,,,
upper_x_16p50,"(16.5, 23.0, 16.55, 27.0)",5,AJ1J1,3,10.0,84,0,0,0,,,,
upper_x_16p50,"(16.5, 23.0, 16.55, 27.0)",5,AJ1J1,4,10.0,83,0,0,0,,,,
upper_x_16p50,"(16.5, 23.0, 16.55, 27.0)",6,AJ1J2,0,10.0,82,0,0,0,,,,
upper_x_16p50,"(16.5, 23.0, 16.55, 27.0)",6,AJ1J2,1,10.0,82,0,0,0,,,,
upper_x_16p50,"(16.5, 23.0, 16.55, 27.0)",6,AJ1J2,2,10.0,81,0,0,0,,,,
upper_x_16p50,"(16.5, 23.0, 16.55, 27.0)",6,AJ1J2,3,10.0,84,0,0,0,,,,
upper_x_16p50,"(16.5, 23.0, 16.55, 27.0)",6,AJ1J2,4,10.0,83,0,0,0,,,,
upper_x_16p50,"(16.5, 23.0, 16.55, 27.0)",10,AJ3A,0,10.0,82,0,0,0,,,,
upper_x_16p50,"(16.5, 23.0, 16.55, 27.0)",10,AJ3A,1,10.0,82,0,0,0,,,,
upper_x_16p50,"(16.5, 23.0, 16.55, 27.0)",10,AJ3A,2,10.0,81,0,0,0,,,,
upper_x_16p50,"(16.5, 23.0, 16.55, 27.0)",10,AJ3A,3,10.0,84,0,0,0,,,,
upper_x_16p50,"(16.5, 23.0, 16.55, 27.0)",10,AJ3A,4,10.0,83,0,0,0,,,,
upper_x_16p50,"(16.5, 23.0, 16.55, 27.0)",8,AJ3B,0,10.0,82,0,0,0,,,,
upper_x_16p50,"(16.5, 23.0, 16.55, 27.0)",8,AJ3B,1,10.0,82,0,0,0,,,,
upper_x_16p50,"(16.5, 23.0, 16.55, 27.0)",8,AJ3B,2,10.0,81,0,0,0,,,,
upper_x_16p50,"(16.5, 23.0, 16.55, 27.0)",8,AJ3B,3,10.0,84,0,0,0,,,,
upper_x_16p50,"(16.5, 23.0, 16.55, 27.0)",8,AJ3B,4,10.0,83,0,0,0,,,,
upper_x_16p50,"(16.5, 23.0, 16.55, 27.0)",9,AJ3J1,0,10.0,82,0,0,0,,,,
upper_x_16p50,"(16.5, 23.0, 16.55, 27.0)",9,AJ3J1,1,10.0,82,0,0,0,,,,
upper_x_16p50,"(16.5, 23.0, 16.55, 27.0)",9,AJ3J1,2,10.0,81,0,0,0,,,,
upper_x_16p50,"(16.5, 23.0, 16.55, 27.0)",9,AJ3J1,3,10.0,84,0,0,0,,,,
upper_x_16p50,"(16.5, 23.0, 16.55, 27.0)",9,AJ3J1,4,10.0,83,0,0,0,,,,
upper_x_16p50,"(16.5, 23.0, 16.55, 27.0)",14,CCA,0,10.0,82,0,1,1,,16827,16827,
upper_x_16p50,"(16.5, 23.0, 16.55, 27.0)",14,CCA,1,10.0,82,0,1,1,,16834,16834,
upper_x_16p50,"(16.5, 23.0, 16.55, 27.0)",14,CCA,2,10.0,81,0,1,2,,16836,16808|16836,
upper_x_16p50,"(16.5, 23.0, 16.55, 27.0)",14,CCA,3,10.0,84,0,1,1,,16826,16826,
upper_x_16p50,"(16.5, 23.0, 16.55, 27.0)",14,CCA,4,10.0,83,0,0,1,,,16817,
upper_x_16p50,"(16.5, 23.0, 16.55, 27.0)",11,CCB,0,10.0,82,0,1,1,,14027,14027,
upper_x_16p50,"(16.5, 23.0, 16.55, 27.0)",11,CCB,1,10.0,82,0,1,1,,14034,14034,
upper_x_16p50,"(16.5, 23.0, 16.55, 27.0)",11,CCB,2,10.0,81,0,1,2,,14036,14008|14036,
upper_x_16p50,"(16.5, 23.0, 16.55, 27.0)",11,CCB,3,10.0,84,0,1,1,,14026,14026,
upper_x_16p50,"(16.5, 23.0, 16.55, 27.0)",11,CCB,4,10.0,83,0,0,1,,,14017,
upper_x_16p50,"(16.5, 23.0, 16.55, 27.0)",12,CCJ1,0,10.0,82,0,1,1,,14027,14027,
upper_x_16p50,"(16.5, 23.0, 16.55, 27.0)",12,CCJ1,1,10.0,82,0,1,1,,14034,14034,
upper_x_16p50,"(16.5, 23.0, 16.55, 27.0)",12,CCJ1,2,10.0,81,0,1,2,,14036,14008|14036,
upper_x_16p50,"(16.5, 23.0, 16.55, 27.0)",12,CCJ1,3,10.0,84,0,1,1,,14026,14026,
upper_x_16p50,"(16.5, 23.0, 16.55, 27.0)",12,CCJ1,4,10.0,83,0,0,1,,,14017,
upper_x_16p50,"(16.5, 23.0, 16.55, 27.0)",13,CCJ2,0,10.0,82,0,1,1,,14027,14027,
upper_x_16p50,"(16.5, 23.0, 16.55, 27.0)",13,CCJ2,1,10.0,82,0,1,1,,16834,16834,
upper_x_16p50,"(16.5, 23.0, 16.55, 27.0)",13,CCJ2,2,10.0,81,0,1,2,,16836,16808|16836,
upper_x_16p50,"(16.5, 23.0, 16.55, 27.0)",13,CCJ2,3,10.0,84,0,1,1,,16826,16826,
upper_x_16p50,"(16.5, 23.0, 16.55, 27.0)",13,CCJ2,4,10.0,83,0,0,1,,,16817,
upper_x_16p50,"(16.5, 23.0, 16.55, 27.0)",18,CJ1A,0,10.0,82,0,1,1,,22427,22427,
upper_x_16p50,"(16.5, 23.0, 16.55, 27.0)",18,CJ1A,1,10.0,82,0,1,1,,22434,22434,
upper_x_16p50,"(16.5, 23.0, 16.55, 27.0)",18,CJ1A,2,10.0,81,0,1,2,,22436,22408|22436,
upper_x_16p50,"(16.5, 23.0, 16.55, 27.0)",18,CJ1A,3,10.0,84,0,1,1,,22426,22426,
upper_x_16p50,"(16.5, 23.0, 16.55, 27.0)",18,CJ1A,4,10.0,83,0,0,1,,,22417,
upper_x_16p50,"(16.5, 23.0, 16.55, 27.0)",15,CJ1B,0,10.0,82,0,1,1,,16827,16827,
upper_x_16p50,"(16.5, 23.0, 16.55, 27.0)",15,CJ1B,1,10.0,82,0,1,1,,16834,16834,
upper_x_16p50,"(16.5, 23.0, 16.55, 27.0)",15,CJ1B,2,10.0,81,0,1,2,,19636,19608|19636,
upper_x_16p50,"(16.5, 23.0, 16.55, 27.0)",15,CJ1B,3,10.0,84,0,1,1,,19626,19626,
upper_x_16p50,"(16.5, 23.0, 16.55, 27.0)",15,CJ1B,4,10.0,83,0,0,1,,,19617,
upper_x_16p50,"(16.5, 23.0, 16.55, 27.0)",16,CJ1J1,0,10.0,82,0,1,1,,19627,19627,
upper_x_16p50,"(16.5, 23.0, 16.55, 27.0)",16,CJ1J1,1,10.0,82,0,1,1,,19634,19634,
upper_x_16p50,"(16.5, 23.0, 16.55, 27.0)",16,CJ1J1,2,10.0,81,0,1,2,,19636,19608|19636,
upper_x_16p50,"(16.5, 23.0, 16.55, 27.0)",16,CJ1J1,3,10.0,84,0,1,1,,19626,19626,
upper_x_16p50,"(16.5, 23.0, 16.55, 27.0)",16,CJ1J1,4,10.0,83,0,0,1,,,19617,
upper_x_16p50,"(16.5, 23.0, 16.55, 27.0)",17,CJ1J2,0,10.0,82,0,1,1,,19627,19627,
upper_x_16p50,"(16.5, 23.0, 16.55, 27.0)",17,CJ1J2,1,10.0,82,0,1,1,,19634,19634,
upper_x_16p50,"(16.5, 23.0, 16.55, 27.0)",17,CJ1J2,2,10.0,81,0,1,2,,19636,19608|19636,
upper_x_16p50,"(16.5, 23.0, 16.55, 27.0)",17,CJ1J2,3,10.0,84,0,1,1,,22426,22426,
upper_x_16p50,"(16.5, 23.0, 16.55, 27.0)",17,CJ1J2,4,10.0,83,0,0,1,,,22417,
upper_x_16p50,"(16.5, 23.0, 16.55, 27.0)",21,CJ3A,0,10.0,82,0,1,1,,25227,25227,
upper_x_16p50,"(16.5, 23.0, 16.55, 27.0)",21,CJ3A,1,10.0,82,0,1,1,,25234,25234,
upper_x_16p50,"(16.5, 23.0, 16.55, 27.0)",21,CJ3A,2,10.0,81,0,1,2,,25236,25208|25236,
upper_x_16p50,"(16.5, 23.0, 16.55, 27.0)",21,CJ3A,3,10.0,84,0,1,1,,25226,25226,
upper_x_16p50,"(16.5, 23.0, 16.55, 27.0)",21,CJ3A,4,10.0,83,0,0,1,,,25217,
upper_x_16p50,"(16.5, 23.0, 16.55, 27.0)",19,CJ3B,0,10.0,82,0,1,1,,22427,22427,
upper_x_16p50,"(16.5, 23.0, 16.55, 27.0)",19,CJ3B,1,10.0,82,0,1,1,,22434,22434,
upper_x_16p50,"(16.5, 23.0, 16.55, 27.0)",19,CJ3B,2,10.0,81,0,1,2,,22436,22408|22436,
upper_x_16p50,"(16.5, 23.0, 16.55, 27.0)",19,CJ3B,3,10.0,84,0,1,1,,22426,22426,
upper_x_16p50,"(16.5, 23.0, 16.55, 27.0)",19,CJ3B,4,10.0,83,0,0,1,,,25217,
upper_x_16p50,"(16.5, 23.0, 16.55, 27.0)",20,CJ3J1,0,10.0,82,0,1,1,,25227,25227,
upper_x_16p50,"(16.5, 23.0, 16.55, 27.0)",20,CJ3J1,1,10.0,82,0,1,1,,25234,25234,
upper_x_16p50,"(16.5, 23.0, 16.55, 27.0)",20,CJ3J1,2,10.0,81,0,1,2,,25236,25208|25236,
upper_x_16p50,"(16.5, 23.0, 16.55, 27.0)",20,CJ3J1,3,10.0,84,0,1,1,,25226,25226,
upper_x_16p50,"(16.5, 23.0, 16.55, 27.0)",20,CJ3J1,4,10.0,83,0,0,1,,,25217,
upper_x_16p50,"(16.5, 23.0, 16.55, 27.0)",25,J2CA,0,10.0,82,0,1,2,,30837,30827|30837,
upper_x_16p50,"(16.5, 23.0, 16.55, 27.0)",25,J2CA,1,10.0,82,1,1,3,30808,30808,30802|30808|30834,"RuntimeError: Could not switch the geometry.
The following agents would be outside of the new geometry: 32708
"
upper_x_16p50,"(16.5, 23.0, 16.55, 27.0)",25,J2CA,2,10.0,81,0,1,1,,30808,30808,
upper_x_16p50,"(16.5, 23.0, 16.55, 27.0)",25,J2CA,3,10.0,84,0,0,1,,,30808,
upper_x_16p50,"(16.5, 23.0, 16.55, 27.0)",25,J2CA,4,10.0,83,0,0,3,,,30809|30810|30817,
upper_x_16p50,"(16.5, 23.0, 16.55, 27.0)",22,J2CB,0,10.0,82,0,1,2,,28037,28027|28037,
upper_x_16p50,"(16.5, 23.0, 16.55, 27.0)",22,J2CB,1,10.0,82,1,1,3,28008,28008,28002|28008|28034,"RuntimeError: Could not switch the geometry.
The following agents would be outside of the new geometry: 29908
"
upper_x_16p50,"(16.5, 23.0, 16.55, 27.0)",22,J2CB,2,10.0,81,0,1,1,,28008,28008,
upper_x_16p50,"(16.5, 23.0, 16.55, 27.0)",22,J2CB,3,10.0,84,0,0,1,,,28008,
upper_x_16p50,"(16.5, 23.0, 16.55, 27.0)",22,J2CB,4,10.0,83,0,0,3,,,28009|28010|28017,
upper_x_16p50,"(16.5, 23.0, 16.55, 27.0)",23,J2CJ1,0,10.0,82,0,1,2,,28037,28027|28037,
upper_x_16p50,"(16.5, 23.0, 16.55, 27.0)",23,J2CJ1,1,10.0,82,1,1,3,28008,28008,28002|28008|28034,"RuntimeError: Could not switch the geometry.
The following agents would be outside of the new geometry: 29908
"
upper_x_16p50,"(16.5, 23.0, 16.55, 27.0)",23,J2CJ1,2,10.0,81,0,1,1,,28008,28008,
upper_x_16p50,"(16.5, 23.0, 16.55, 27.0)",23,J2CJ1,3,10.0,84,0,0,1,,,28008,
upper_x_16p50,"(16.5, 23.0, 16.55, 27.0)",23,J2CJ1,4,10.0,83,0,0,3,,,28009|28010|28017,
upper_x_16p50,"(16.5, 23.0, 16.55, 27.0)",24,J2CJ2,0,10.0,82,0,1,2,,28037,28027|28037,
upper_x_16p50,"(16.5, 23.0, 16.55, 27.0)",24,J2CJ2,1,10.0,82,1,1,3,30808,30808,30802|30808|30834,"RuntimeError: Could not switch the geometry.
The following agents would be outside of the new geometry: 32708
"
upper_x_16p50,"(16.5, 23.0, 16.55, 27.0)",24,J2CJ2,2,10.0,81,0,1,1,,30808,30808,
upper_x_16p50,"(16.5, 23.0, 16.55, 27.0)",24,J2CJ2,3,10.0,84,0,0,1,,,30808,
upper_x_16p50,"(16.5, 23.0, 16.55, 27.0)",24,J2CJ2,4,10.0,83,0,0,3,,,30809|30810|30817,
upper_x_16p50,"(16.5, 23.0, 16.55, 27.0)",27,J2J3A,0,10.0,82,0,1,2,,33637,33627|33637,
upper_x_16p50,"(16.5, 23.0, 16.55, 27.0)",27,J2J3A,1,10.0,82,1,1,3,33608,33608,33602|33608|33634,"RuntimeError: Could not switch the geometry.
The following agents would be outside of the new geometry: 35508
"
upper_x_16p50,"(16.5, 23.0, 16.55, 27.0)",27,J2J3A,2,10.0,81,0,1,1,,33608,33608,
upper_x_16p50,"(16.5, 23.0, 16.55, 27.0)",27,J2J3A,3,10.0,84,0,0,1,,,33608,
upper_x_16p50,"(16.5, 23.0, 16.55, 27.0)",27,J2J3A,4,10.0,83,0,0,3,,,33609|33610|33617,
upper_x_16p50,"(16.5, 23.0, 16.55, 27.0)",26,J2J3B,0,10.0,82,0,1,2,,30837,30827|30837,
upper_x_16p50,"(16.5, 23.0, 16.55, 27.0)",26,J2J3B,1,10.0,82,1,1,3,30808,30808,30802|30808|30834,"RuntimeError: Could not switch the geometry.
The following agents would be outside of the new geometry: 32708
"
upper_x_16p50,"(16.5, 23.0, 16.55, 27.0)",26,J2J3B,2,10.0,81,0,1,1,,33608,33608,
upper_x_16p50,"(16.5, 23.0, 16.55, 27.0)",26,J2J3B,3,10.0,84,0,0,1,,,33608,
upper_x_16p50,"(16.5, 23.0, 16.55, 27.0)",26,J2J3B,4,10.0,83,0,0,3,,,33609|33610|33617,
upper_x_16p50,"(16.5, 23.0, 16.55, 27.0)",30,J3CA,0,10.0,82,0,0,0,,,,
upper_x_16p50,"(16.5, 23.0, 16.55, 27.0)",30,J3CA,1,10.0,82,0,0,0,,,,
upper_x_16p50,"(16.5, 23.0, 16.55, 27.0)",30,J3CA,2,10.0,81,0,0,0,,,,
upper_x_16p50,"(16.5, 23.0, 16.55, 27.0)",30,J3CA,3,10.0,84,0,0,0,,,,
upper_x_16p50,"(16.5, 23.0, 16.55, 27.0)",30,J3CA,4,10.0,83,0,0,0,,,,
upper_x_16p50,"(16.5, 23.0, 16.55, 27.0)",28,J3CB,0,10.0,82,0,0,0,,,,
upper_x_16p50,"(16.5, 23.0, 16.55, 27.0)",28,J3CB,1,10.0,82,0,0,0,,,,
upper_x_16p50,"(16.5, 23.0, 16.55, 27.0)",28,J3CB,2,10.0,81,0,0,0,,,,
upper_x_16p50,"(16.5, 23.0, 16.55, 27.0)",28,J3CB,3,10.0,84,0,0,0,,,,
upper_x_16p50,"(16.5, 23.0, 16.55, 27.0)",28,J3CB,4,10.0,83,0,0,0,,,,
upper_x_16p50,"(16.5, 23.0, 16.55, 27.0)",29,J3CJ2,0,10.0,82,0,0,0,,,,
upper_x_16p50,"(16.5, 23.0, 16.55, 27.0)",29,J3CJ2,1,10.0,82,0,0,0,,,,
upper_x_16p50,"(16.5, 23.0, 16.55, 27.0)",29,J3CJ2,2,10.0,81,0,0,0,,,,
upper_x_16p50,"(16.5, 23.0, 16.55, 27.0)",29,J3CJ2,3,10.0,84,0,0,0,,,,
upper_x_16p50,"(16.5, 23.0, 16.55, 27.0)",29,J3CJ2,4,10.0,83,0,0,0,,,,
upper_x_16p50,"(16.5, 23.0, 16.55, 27.0)",32,J3J1A,0,10.0,82,0,0,0,,,,
upper_x_16p50,"(16.5, 23.0, 16.55, 27.0)",32,J3J1A,1,10.0,82,0,0,0,,,,
upper_x_16p50,"(16.5, 23.0, 16.55, 27.0)",32,J3J1A,2,10.0,81,0,0,0,,,,
upper_x_16p50,"(16.5, 23.0, 16.55, 27.0)",32,J3J1A,3,10.0,84,0,0,0,,,,
upper_x_16p50,"(16.5, 23.0, 16.55, 27.0)",32,J3J1A,4,10.0,83,0,0,0,,,,
upper_x_16p50,"(16.5, 23.0, 16.55, 27.0)",31,J3J1B,0,10.0,82,0,0,0,,,,
upper_x_16p50,"(16.5, 23.0, 16.55, 27.0)",31,J3J1B,1,10.0,82,0,0,0,,,,
upper_x_16p50,"(16.5, 23.0, 16.55, 27.0)",31,J3J1B,2,10.0,81,0,0,0,,,,
upper_x_16p50,"(16.5, 23.0, 16.55, 27.0)",31,J3J1B,3,10.0,84,0,0,0,,,,
upper_x_16p50,"(16.5, 23.0, 16.55, 27.0)",31,J3J1B,4,10.0,83,0,0,0,,,,
upper_x_16p50,"(16.5, 23.0, 16.55, 27.0)",34,J3J3A,0,10.0,82,0,0,0,,,,
upper_x_16p50,"(16.5, 23.0, 16.55, 27.0)",34,J3J3A,1,10.0,82,0,0,0,,,,
upper_x_16p50,"(16.5, 23.0, 16.55, 27.0)",34,J3J3A,2,10.0,81,0,0,0,,,,
upper_x_16p50,"(16.5, 23.0, 16.55, 27.0)",34,J3J3A,3,10.0,84,0,0,0,,,,
upper_x_16p50,"(16.5, 23.0, 16.55, 27.0)",34,J3J3A,4,10.0,83,0,0,0,,,,
upper_x_16p50,"(16.5, 23.0, 16.55, 27.0)",33,J3J3B,0,10.0,82,0,0,0,,,,
upper_x_16p50,"(16.5, 23.0, 16.55, 27.0)",33,J3J3B,1,10.0,82,0,0,0,,,,
upper_x_16p50,"(16.5, 23.0, 16.55, 27.0)",33,J3J3B,2,10.0,81,0,0,0,,,,
upper_x_16p50,"(16.5, 23.0, 16.55, 27.0)",33,J3J3B,3,10.0,84,0,0,0,,,,
upper_x_16p50,"(16.5, 23.0, 16.55, 27.0)",33,J3J3B,4,10.0,83,0,0,0,,,,
upper_x_17p50,"(17.5, 23.0, 17.55, 27.0)",3,ACA,0,10.0,82,0,0,0,,,,
upper_x_17p50,"(17.5, 23.0, 17.55, 27.0)",3,ACA,1,10.0,82,0,0,0,,,,
upper_x_17p50,"(17.5, 23.0, 17.55, 27.0)",3,ACA,2,10.0,81,0,0,0,,,,
upper_x_17p50,"(17.5, 23.0, 17.55, 27.0)",3,ACA,3,10.0,84,0,0,0,,,,
upper_x_17p50,"(17.5, 23.0, 17.55, 27.0)",3,ACA,4,10.0,83,0,0,0,,,,
upper_x_17p50,"(17.5, 23.0, 17.55, 27.0)",0,ACB,0,10.0,82,0,0,0,,,,
upper_x_17p50,"(17.5, 23.0, 17.55, 27.0)",0,ACB,1,10.0,82,0,0,0,,,,
upper_x_17p50,"(17.5, 23.0, 17.55, 27.0)",0,ACB,2,10.0,81,0,0,0,,,,
upper_x_17p50,"(17.5, 23.0, 17.55, 27.0)",0,ACB,3,10.0,84,0,0,0,,,,
upper_x_17p50,"(17.5, 23.0, 17.55, 27.0)",0,ACB,4,10.0,83,0,0,0,,,,
upper_x_17p50,"(17.5, 23.0, 17.55, 27.0)",1,ACJ1,0,10.0,82,0,0,0,,,,
upper_x_17p50,"(17.5, 23.0, 17.55, 27.0)",1,ACJ1,1,10.0,82,0,0,0,,,,
upper_x_17p50,"(17.5, 23.0, 17.55, 27.0)",1,ACJ1,2,10.0,81,0,0,0,,,,
upper_x_17p50,"(17.5, 23.0, 17.55, 27.0)",1,ACJ1,3,10.0,84,0,0,0,,,,
upper_x_17p50,"(17.5, 23.0, 17.55, 27.0)",1,ACJ1,4,10.0,83,0,0,0,,,,
upper_x_17p50,"(17.5, 23.0, 17.55, 27.0)",2,ACJ2,0,10.0,82,0,0,0,,,,
upper_x_17p50,"(17.5, 23.0, 17.55, 27.0)",2,ACJ2,1,10.0,82,0,0,0,,,,
upper_x_17p50,"(17.5, 23.0, 17.55, 27.0)",2,ACJ2,2,10.0,81,0,0,0,,,,
upper_x_17p50,"(17.5, 23.0, 17.55, 27.0)",2,ACJ2,3,10.0,84,0,0,0,,,,
upper_x_17p50,"(17.5, 23.0, 17.55, 27.0)",2,ACJ2,4,10.0,83,0,0,0,,,,
upper_x_17p50,"(17.5, 23.0, 17.55, 27.0)",7,AJ1A,0,10.0,82,0,0,0,,,,
upper_x_17p50,"(17.5, 23.0, 17.55, 27.0)",7,AJ1A,1,10.0,82,0,0,0,,,,
upper_x_17p50,"(17.5, 23.0, 17.55, 27.0)",7,AJ1A,2,10.0,81,0,0,0,,,,
upper_x_17p50,"(17.5, 23.0, 17.55, 27.0)",7,AJ1A,3,10.0,84,0,0,0,,,,
upper_x_17p50,"(17.5, 23.0, 17.55, 27.0)",7,AJ1A,4,10.0,83,0,0,0,,,,
upper_x_17p50,"(17.5, 23.0, 17.55, 27.0)",4,AJ1B,0,10.0,82,0,0,0,,,,
upper_x_17p50,"(17.5, 23.0, 17.55, 27.0)",4,AJ1B,1,10.0,82,0,0,0,,,,
upper_x_17p50,"(17.5, 23.0, 17.55, 27.0)",4,AJ1B,2,10.0,81,0,0,0,,,,
upper_x_17p50,"(17.5, 23.0, 17.55, 27.0)",4,AJ1B,3,10.0,84,0,0,0,,,,
upper_x_17p50,"(17.5, 23.0, 17.55, 27.0)",4,AJ1B,4,10.0,83,0,0,0,,,,
upper_x_17p50,"(17.5, 23.0, 17.55, 27.0)",5,AJ1J1,0,10.0,82,0,0,0,,,,
upper_x_17p50,"(17.5, 23.0, 17.55, 27.0)",5,AJ1J1,1,10.0,82,0,0,0,,,,
upper_x_17p50,"(17.5, 23.0, 17.55, 27.0)",5,AJ1J1,2,10.0,81,0,0,0,,,,
upper_x_17p50,"(17.5, 23.0, 17.55, 27.0)",5,AJ1J1,3,10.0,84,0,0,0,,,,
upper_x_17p50,"(17.5, 23.0, 17.55, 27.0)",5,AJ1J1,4,10.0,83,0,0,0,,,,
upper_x_17p50,"(17.5, 23.0, 17.55, 27.0)",6,AJ1J2,0,10.0,82,0,0,0,,,,
upper_x_17p50,"(17.5, 23.0, 17.55, 27.0)",6,AJ1J2,1,10.0,82,0,0,0,,,,
upper_x_17p50,"(17.5, 23.0, 17.55, 27.0)",6,AJ1J2,2,10.0,81,0,0,0,,,,
upper_x_17p50,"(17.5, 23.0, 17.55, 27.0)",6,AJ1J2,3,10.0,84,0,0,0,,,,
upper_x_17p50,"(17.5, 23.0, 17.55, 27.0)",6,AJ1J2,4,10.0,83,0,0,0,,,,
upper_x_17p50,"(17.5, 23.0, 17.55, 27.0)",10,AJ3A,0,10.0,82,0,0,0,,,,
upper_x_17p50,"(17.5, 23.0, 17.55, 27.0)",10,AJ3A,1,10.0,82,0,0,0,,,,
upper_x_17p50,"(17.5, 23.0, 17.55, 27.0)",10,AJ3A,2,10.0,81,0,0,0,,,,
upper_x_17p50,"(17.5, 23.0, 17.55, 27.0)",10,AJ3A,3,10.0,84,0,0,0,,,,
upper_x_17p50,"(17.5, 23.0, 17.55, 27.0)",10,AJ3A,4,10.0,83,0,0,0,,,,
upper_x_17p50,"(17.5, 23.0, 17.55, 27.0)",8,AJ3B,0,10.0,82,0,0,0,,,,
upper_x_17p50,"(17.5, 23.0, 17.55, 27.0)",8,AJ3B,1,10.0,82,0,0,0,,,,
upper_x_17p50,"(17.5, 23.0, 17.55, 27.0)",8,AJ3B,2,10.0,81,0,0,0,,,,
upper_x_17p50,"(17.5, 23.0, 17.55, 27.0)",8,AJ3B,3,10.0,84,0,0,0,,,,
upper_x_17p50,"(17.5, 23.0, 17.55, 27.0)",8,AJ3B,4,10.0,83,0,0,0,,,,
upper_x_17p50,"(17.5, 23.0, 17.55, 27.0)",9,AJ3J1,0,10.0,82,0,0,0,,,,
upper_x_17p50,"(17.5, 23.0, 17.55, 27.0)",9,AJ3J1,1,10.0,82,0,0,0,,,,
upper_x_17p50,"(17.5, 23.0, 17.55, 27.0)",9,AJ3J1,2,10.0,81,0,0,0,,,,
upper_x_17p50,"(17.5, 23.0, 17.55, 27.0)",9,AJ3J1,3,10.0,84,0,0,0,,,,
upper_x_17p50,"(17.5, 23.0, 17.55, 27.0)",9,AJ3J1,4,10.0,83,0,0,0,,,,
upper_x_17p50,"(17.5, 23.0, 17.55, 27.0)",14,CCA,0,10.0,82,0,0,1,,,16837,
upper_x_17p50,"(17.5, 23.0, 17.55, 27.0)",14,CCA,1,10.0,82,0,0,2,,,16802|16805,
upper_x_17p50,"(17.5, 23.0, 17.55, 27.0)",14,CCA,2,10.0,81,0,0,0,,,,
upper_x_17p50,"(17.5, 23.0, 17.55, 27.0)",14,CCA,3,10.0,84,0,0,1,,,16808,
upper_x_17p50,"(17.5, 23.0, 17.55, 27.0)",14,CCA,4,10.0,83,0,1,1,,16810,16810,
upper_x_17p50,"(17.5, 23.0, 17.55, 27.0)",11,CCB,0,10.0,82,0,0,1,,,14037,
upper_x_17p50,"(17.5, 23.0, 17.55, 27.0)",11,CCB,1,10.0,82,0,0,2,,,14002|14005,
upper_x_17p50,"(17.5, 23.0, 17.55, 27.0)",11,CCB,2,10.0,81,0,0,0,,,,
upper_x_17p50,"(17.5, 23.0, 17.55, 27.0)",11,CCB,3,10.0,84,0,0,1,,,14008,
upper_x_17p50,"(17.5, 23.0, 17.55, 27.0)",11,CCB,4,10.0,83,0,1,1,,14010,14010,
upper_x_17p50,"(17.5, 23.0, 17.55, 27.0)",12,CCJ1,0,10.0,82,0,0,1,,,14037,
upper_x_17p50,"(17.5, 23.0, 17.55, 27.0)",12,CCJ1,1,10.0,82,0,0,2,,,14002|14005,
upper_x_17p50,"(17.5, 23.0, 17.55, 27.0)",12,CCJ1,2,10.0,81,0,0,0,,,,
upper_x_17p50,"(17.5, 23.0, 17.55, 27.0)",12,CCJ1,3,10.0,84,0,0,1,,,14008,
upper_x_17p50,"(17.5, 23.0, 17.55, 27.0)",12,CCJ1,4,10.0,83,0,1,1,,14010,14010,
upper_x_17p50,"(17.5, 23.0, 17.55, 27.0)",13,CCJ2,0,10.0,82,0,0,1,,,14037,
upper_x_17p50,"(17.5, 23.0, 17.55, 27.0)",13,CCJ2,1,10.0,82,0,0,2,,,16802|16805,
upper_x_17p50,"(17.5, 23.0, 17.55, 27.0)",13,CCJ2,2,10.0,81,0,0,0,,,,
upper_x_17p50,"(17.5, 23.0, 17.55, 27.0)",13,CCJ2,3,10.0,84,0,0,1,,,16808,
upper_x_17p50,"(17.5, 23.0, 17.55, 27.0)",13,CCJ2,4,10.0,83,0,1,1,,16810,16810,
upper_x_17p50,"(17.5, 23.0, 17.55, 27.0)",18,CJ1A,0,10.0,82,0,0,1,,,22437,
upper_x_17p50,"(17.5, 23.0, 17.55, 27.0)",18,CJ1A,1,10.0,82,0,0,2,,,22402|22405,
upper_x_17p50,"(17.5, 23.0, 17.55, 27.0)",18,CJ1A,2,10.0,81,0,0,0,,,,
upper_x_17p50,"(17.5, 23.0, 17.55, 27.0)",18,CJ1A,3,10.0,84,0,0,1,,,22408,
upper_x_17p50,"(17.5, 23.0, 17.55, 27.0)",18,CJ1A,4,10.0,83,0,1,1,,22410,22410,
upper_x_17p50,"(17.5, 23.0, 17.55, 27.0)",15,CJ1B,0,10.0,82,0,0,1,,,16837,
upper_x_17p50,"(17.5, 23.0, 17.55, 27.0)",15,CJ1B,1,10.0,82,0,0,2,,,16802|16805,
upper_x_17p50,"(17.5, 23.0, 17.55, 27.0)",15,CJ1B,2,10.0,81,0,0,0,,,,
upper_x_17p50,"(17.5, 23.0, 17.55, 27.0)",15,CJ1B,3,10.0,84,0,0,1,,,19608,
upper_x_17p50,"(17.5, 23.0, 17.55, 27.0)",15,CJ1B,4,10.0,83,0,1,1,,19610,19610,
upper_x_17p50,"(17.5, 23.0, 17.55, 27.0)",16,CJ1J1,0,10.0,82,0,0,1,,,19637,
upper_x_17p50,"(17.5, 23.0, 17.55, 27.0)",16,CJ1J1,1,10.0,82,0,0,2,,,19602|19605,
upper_x_17p50,"(17.5, 23.0, 17.55, 27.0)",16,CJ1J1,2,10.0,81,0,0,0,,,,
upper_x_17p50,"(17.5, 23.0, 17.55, 27.0)",16,CJ1J1,3,10.0,84,0,0,1,,,19608,
upper_x_17p50,"(17.5, 23.0, 17.55, 27.0)",16,CJ1J1,4,10.0,83,0,1,1,,19610,19610,
upper_x_17p50,"(17.5, 23.0, 17.55, 27.0)",17,CJ1J2,0,10.0,82,0,0,1,,,19637,
upper_x_17p50,"(17.5, 23.0, 17.55, 27.0)",17,CJ1J2,1,10.0,82,0,0,2,,,19602|19605,
upper_x_17p50,"(17.5, 23.0, 17.55, 27.0)",17,CJ1J2,2,10.0,81,0,0,0,,,,
upper_x_17p50,"(17.5, 23.0, 17.55, 27.0)",17,CJ1J2,3,10.0,84,0,0,1,,,22408,
upper_x_17p50,"(17.5, 23.0, 17.55, 27.0)",17,CJ1J2,4,10.0,83,0,1,1,,22410,22410,
upper_x_17p50,"(17.5, 23.0, 17.55, 27.0)",21,CJ3A,0,10.0,82,0,0,1,,,25237,
upper_x_17p50,"(17.5, 23.0, 17.55, 27.0)",21,CJ3A,1,10.0,82,0,0,2,,,25202|25205,
upper_x_17p50,"(17.5, 23.0, 17.55, 27.0)",21,CJ3A,2,10.0,81,0,0,0,,,,
upper_x_17p50,"(17.5, 23.0, 17.55, 27.0)",21,CJ3A,3,10.0,84,0,0,1,,,25208,
upper_x_17p50,"(17.5, 23.0, 17.55, 27.0)",21,CJ3A,4,10.0,83,0,1,1,,25210,25210,
upper_x_17p50,"(17.5, 23.0, 17.55, 27.0)",19,CJ3B,0,10.0,82,0,0,1,,,22437,
upper_x_17p50,"(17.5, 23.0, 17.55, 27.0)",19,CJ3B,1,10.0,82,0,0,2,,,22402|22405,
upper_x_17p50,"(17.5, 23.0, 17.55, 27.0)",19,CJ3B,2,10.0,81,0,0,0,,,,
upper_x_17p50,"(17.5, 23.0, 17.55, 27.0)",19,CJ3B,3,10.0,84,0,0,1,,,22408,
upper_x_17p50,"(17.5, 23.0, 17.55, 27.0)",19,CJ3B,4,10.0,83,0,1,1,,25210,25210,
upper_x_17p50,"(17.5, 23.0, 17.55, 27.0)",20,CJ3J1,0,10.0,82,0,0,1,,,25237,
upper_x_17p50,"(17.5, 23.0, 17.55, 27.0)",20,CJ3J1,1,10.0,82,0,0,2,,,25202|25205,
upper_x_17p50,"(17.5, 23.0, 17.55, 27.0)",20,CJ3J1,2,10.0,81,0,0,0,,,,
upper_x_17p50,"(17.5, 23.0, 17.55, 27.0)",20,CJ3J1,3,10.0,84,0,0,1,,,25208,
upper_x_17p50,"(17.5, 23.0, 17.55, 27.0)",20,CJ3J1,4,10.0,83,0,1,1,,25210,25210,
upper_x_17p50,"(17.5, 23.0, 17.55, 27.0)",25,J2CA,0,10.0,82,0,1,2,,30801,30801|30839,
upper_x_17p50,"(17.5, 23.0, 17.55, 27.0)",25,J2CA,1,10.0,82,0,1,1,,30805,30805,
upper_x_17p50,"(17.5, 23.0, 17.55, 27.0)",25,J2CA,2,10.0,81,0,1,2,,30819,30815|30819,
upper_x_17p50,"(17.5, 23.0, 17.55, 27.0)",25,J2CA,3,10.0,84,0,1,1,,30828,30828,
upper_x_17p50,"(17.5, 23.0, 17.55, 27.0)",25,J2CA,4,10.0,83,0,1,1,,30815,30815,
upper_x_17p50,"(17.5, 23.0, 17.55, 27.0)",22,J2CB,0,10.0,82,0,1,2,,28001,28001|28039,
upper_x_17p50,"(17.5, 23.0, 17.55, 27.0)",22,J2CB,1,10.0,82,0,1,1,,28005,28005,
upper_x_17p50,"(17.5, 23.0, 17.55, 27.0)",22,J2CB,2,10.0,81,0,1,2,,28019,28015|28019,
upper_x_17p50,"(17.5, 23.0, 17.55, 27.0)",22,J2CB,3,10.0,84,0,1,1,,28028,28028,
upper_x_17p50,"(17.5, 23.0, 17.55, 27.0)",22,J2CB,4,10.0,83,0,1,1,,28015,28015,
upper_x_17p50,"(17.5, 23.0, 17.55, 27.0)",23,J2CJ1,0,10.0,82,0,1,2,,28001,28001|28039,
upper_x_17p50,"(17.5, 23.0, 17.55, 27.0)",23,J2CJ1,1,10.0,82,0,1,1,,28005,28005,
upper_x_17p50,"(17.5, 23.0, 17.55, 27.0)",23,J2CJ1,2,10.0,81,0,1,2,,28019,28015|28019,
upper_x_17p50,"(17.5, 23.0, 17.55, 27.0)",23,J2CJ1,3,10.0,84,0,1,1,,28028,28028,
upper_x_17p50,"(17.5, 23.0, 17.55, 27.0)",23,J2CJ1,4,10.0,83,0,1,1,,28015,28015,
upper_x_17p50,"(17.5, 23.0, 17.55, 27.0)",24,J2CJ2,0,10.0,82,0,1,2,,28001,28001|28039,
upper_x_17p50,"(17.5, 23.0, 17.55, 27.0)",24,J2CJ2,1,10.0,82,0,1,1,,30805,30805,
upper_x_17p50,"(17.5, 23.0, 17.55, 27.0)",24,J2CJ2,2,10.0,81,0,1,2,,30819,30815|30819,
upper_x_17p50,"(17.5, 23.0, 17.55, 27.0)",24,J2CJ2,3,10.0,84,0,1,1,,30828,30828,
upper_x_17p50,"(17.5, 23.0, 17.55, 27.0)",24,J2CJ2,4,10.0,83,0,1,1,,30815,30815,
upper_x_17p50,"(17.5, 23.0, 17.55, 27.0)",27,J2J3A,0,10.0,82,0,1,2,,33601,33601|33639,
upper_x_17p50,"(17.5, 23.0, 17.55, 27.0)",27,J2J3A,1,10.0,82,0,1,1,,33605,33605,
upper_x_17p50,"(17.5, 23.0, 17.55, 27.0)",27,J2J3A,2,10.0,81,0,1,2,,33619,33615|33619,
upper_x_17p50,"(17.5, 23.0, 17.55, 27.0)",27,J2J3A,3,10.0,84,0,1,1,,33628,33628,
upper_x_17p50,"(17.5, 23.0, 17.55, 27.0)",27,J2J3A,4,10.0,83,0,1,1,,33615,33615,
upper_x_17p50,"(17.5, 23.0, 17.55, 27.0)",26,J2J3B,0,10.0,82,0,1,2,,30801,30801|30839,
upper_x_17p50,"(17.5, 23.0, 17.55, 27.0)",26,J2J3B,1,10.0,82,0,1,1,,30805,30805,
upper_x_17p50,"(17.5, 23.0, 17.55, 27.0)",26,J2J3B,2,10.0,81,0,1,2,,33619,33615|33619,
upper_x_17p50,"(17.5, 23.0, 17.55, 27.0)",26,J2J3B,3,10.0,84,0,1,1,,33628,33628,
upper_x_17p50,"(17.5, 23.0, 17.55, 27.0)",26,J2J3B,4,10.0,83,0,1,1,,33615,33615,
upper_x_17p50,"(17.5, 23.0, 17.55, 27.0)",30,J3CA,0,10.0,82,0,0,0,,,,
upper_x_17p50,"(17.5, 23.0, 17.55, 27.0)",30,J3CA,1,10.0,82,0,0,0,,,,
upper_x_17p50,"(17.5, 23.0, 17.55, 27.0)",30,J3CA,2,10.0,81,0,0,0,,,,
upper_x_17p50,"(17.5, 23.0, 17.55, 27.0)",30,J3CA,3,10.0,84,0,0,0,,,,
upper_x_17p50,"(17.5, 23.0, 17.55, 27.0)",30,J3CA,4,10.0,83,0,0,0,,,,
upper_x_17p50,"(17.5, 23.0, 17.55, 27.0)",28,J3CB,0,10.0,82,0,0,0,,,,
upper_x_17p50,"(17.5, 23.0, 17.55, 27.0)",28,J3CB,1,10.0,82,0,0,0,,,,
upper_x_17p50,"(17.5, 23.0, 17.55, 27.0)",28,J3CB,2,10.0,81,0,0,0,,,,
upper_x_17p50,"(17.5, 23.0, 17.55, 27.0)",28,J3CB,3,10.0,84,0,0,0,,,,
upper_x_17p50,"(17.5, 23.0, 17.55, 27.0)",28,J3CB,4,10.0,83,0,0,0,,,,
upper_x_17p50,"(17.5, 23.0, 17.55, 27.0)",29,J3CJ2,0,10.0,82,0,0,0,,,,
upper_x_17p50,"(17.5, 23.0, 17.55, 27.0)",29,J3CJ2,1,10.0,82,0,0,0,,,,
upper_x_17p50,"(17.5, 23.0, 17.55, 27.0)",29,J3CJ2,2,10.0,81,0,0,0,,,,
upper_x_17p50,"(17.5, 23.0, 17.55, 27.0)",29,J3CJ2,3,10.0,84,0,0,0,,,,
upper_x_17p50,"(17.5, 23.0, 17.55, 27.0)",29,J3CJ2,4,10.0,83,0,0,0,,,,
upper_x_17p50,"(17.5, 23.0, 17.55, 27.0)",32,J3J1A,0,10.0,82,0,0,0,,,,
upper_x_17p50,"(17.5, 23.0, 17.55, 27.0)",32,J3J1A,1,10.0,82,0,0,0,,,,
upper_x_17p50,"(17.5, 23.0, 17.55, 27.0)",32,J3J1A,2,10.0,81,0,0,0,,,,
upper_x_17p50,"(17.5, 23.0, 17.55, 27.0)",32,J3J1A,3,10.0,84,0,0,0,,,,
upper_x_17p50,"(17.5, 23.0, 17.55, 27.0)",32,J3J1A,4,10.0,83,0,0,0,,,,
upper_x_17p50,"(17.5, 23.0, 17.55, 27.0)",31,J3J1B,0,10.0,82,0,0,0,,,,
upper_x_17p50,"(17.5, 23.0, 17.55, 27.0)",31,J3J1B,1,10.0,82,0,0,0,,,,
upper_x_17p50,"(17.5, 23.0, 17.55, 27.0)",31,J3J1B,2,10.0,81,0,0,0,,,,
upper_x_17p50,"(17.5, 23.0, 17.55, 27.0)",31,J3J1B,3,10.0,84,0,0,0,,,,
upper_x_17p50,"(17.5, 23.0, 17.55, 27.0)",31,J3J1B,4,10.0,83,0,0,0,,,,
upper_x_17p50,"(17.5, 23.0, 17.55, 27.0)",34,J3J3A,0,10.0,82,0,0,0,,,,
upper_x_17p50,"(17.5, 23.0, 17.55, 27.0)",34,J3J3A,1,10.0,82,0,0,0,,,,
upper_x_17p50,"(17.5, 23.0, 17.55, 27.0)",34,J3J3A,2,10.0,81,0,0,0,,,,
upper_x_17p50,"(17.5, 23.0, 17.55, 27.0)",34,J3J3A,3,10.0,84,0,0,0,,,,
upper_x_17p50,"(17.5, 23.0, 17.55, 27.0)",34,J3J3A,4,10.0,83,0,0,0,,,,
upper_x_17p50,"(17.5, 23.0, 17.55, 27.0)",33,J3J3B,0,10.0,82,0,0,0,,,,
upper_x_17p50,"(17.5, 23.0, 17.55, 27.0)",33,J3J3B,1,10.0,82,0,0,0,,,,
upper_x_17p50,"(17.5, 23.0, 17.55, 27.0)",33,J3J3B,2,10.0,81,0,0,0,,,,
upper_x_17p50,"(17.5, 23.0, 17.55, 27.0)",33,J3J3B,3,10.0,84,0,0,0,,,,
upper_x_17p50,"(17.5, 23.0, 17.55, 27.0)",33,J3J3B,4,10.0,83,0,0,0,,,,
upper_x_20p50,"(20.5, 23.0, 20.55, 27.0)",3,ACA,0,10.0,82,0,0,0,,,,RuntimeError: accessible area not connected
upper_x_20p50,"(20.5, 23.0, 20.55, 27.0)",3,ACA,1,10.0,82,0,0,0,,,,RuntimeError: accessible area not connected
upper_x_20p50,"(20.5, 23.0, 20.55, 27.0)",3,ACA,2,10.0,81,0,0,0,,,,RuntimeError: accessible area not connected
upper_x_20p50,"(20.5, 23.0, 20.55, 27.0)",3,ACA,3,10.0,84,0,0,0,,,,RuntimeError: accessible area not connected
upper_x_20p50,"(20.5, 23.0, 20.55, 27.0)",3,ACA,4,10.0,83,0,0,0,,,,RuntimeError: accessible area not connected
upper_x_20p50,"(20.5, 23.0, 20.55, 27.0)",0,ACB,0,10.0,82,0,0,0,,,,RuntimeError: accessible area not connected
upper_x_20p50,"(20.5, 23.0, 20.55, 27.0)",0,ACB,1,10.0,82,0,0,0,,,,RuntimeError: accessible area not connected
upper_x_20p50,"(20.5, 23.0, 20.55, 27.0)",0,ACB,2,10.0,81,0,0,0,,,,RuntimeError: accessible area not connected
upper_x_20p50,"(20.5, 23.0, 20.55, 27.0)",0,ACB,3,10.0,84,0,0,0,,,,RuntimeError: accessible area not connected
upper_x_20p50,"(20.5, 23.0, 20.55, 27.0)",0,ACB,4,10.0,83,0,0,0,,,,RuntimeError: accessible area not connected
upper_x_20p50,"(20.5, 23.0, 20.55, 27.0)",1,ACJ1,0,10.0,82,0,0,0,,,,RuntimeError: accessible area not connected
upper_x_20p50,"(20.5, 23.0, 20.55, 27.0)",1,ACJ1,1,10.0,82,0,0,0,,,,RuntimeError: accessible area not connected
upper_x_20p50,"(20.5, 23.0, 20.55, 27.0)",1,ACJ1,2,10.0,81,0,0,0,,,,RuntimeError: accessible area not connected
upper_x_20p50,"(20.5, 23.0, 20.55, 27.0)",1,ACJ1,3,10.0,84,0,0,0,,,,RuntimeError: accessible area not connected
upper_x_20p50,"(20.5, 23.0, 20.55, 27.0)",1,ACJ1,4,10.0,83,0,0,0,,,,RuntimeError: accessible area not connected
upper_x_20p50,"(20.5, 23.0, 20.55, 27.0)",2,ACJ2,0,10.0,82,0,0,0,,,,RuntimeError: accessible area not connected
upper_x_20p50,"(20.5, 23.0, 20.55, 27.0)",2,ACJ2,1,10.0,82,0,0,0,,,,RuntimeError: accessible area not connected
upper_x_20p50,"(20.5, 23.0, 20.55, 27.0)",2,ACJ2,2,10.0,81,0,0,0,,,,RuntimeError: accessible area not connected
upper_x_20p50,"(20.5, 23.0, 20.55, 27.0)",2,ACJ2,3,10.0,84,0,0,0,,,,RuntimeError: accessible area not connected
upper_x_20p50,"(20.5, 23.0, 20.55, 27.0)",2,ACJ2,4,10.0,83,0,0,0,,,,RuntimeError: accessible area not connected
upper_x_20p50,"(20.5, 23.0, 20.55, 27.0)",7,AJ1A,0,10.0,82,0,0,0,,,,RuntimeError: accessible area not connected
upper_x_20p50,"(20.5, 23.0, 20.55, 27.0)",7,AJ1A,1,10.0,82,0,0,0,,,,RuntimeError: accessible area not connected
upper_x_20p50,"(20.5, 23.0, 20.55, 27.0)",7,AJ1A,2,10.0,81,0,0,0,,,,RuntimeError: accessible area not connected
upper_x_20p50,"(20.5, 23.0, 20.55, 27.0)",7,AJ1A,3,10.0,84,0,0,0,,,,RuntimeError: accessible area not connected
upper_x_20p50,"(20.5, 23.0, 20.55, 27.0)",7,AJ1A,4,10.0,83,0,0,0,,,,RuntimeError: accessible area not connected
upper_x_20p50,"(20.5, 23.0, 20.55, 27.0)",4,AJ1B,0,10.0,82,0,0,0,,,,RuntimeError: accessible area not connected
upper_x_20p50,"(20.5, 23.0, 20.55, 27.0)",4,AJ1B,1,10.0,82,0,0,0,,,,RuntimeError: accessible area not connected
upper_x_20p50,"(20.5, 23.0, 20.55, 27.0)",4,AJ1B,2,10.0,81,0,0,0,,,,RuntimeError: accessible area not connected
upper_x_20p50,"(20.5, 23.0, 20.55, 27.0)",4,AJ1B,3,10.0,84,0,0,0,,,,RuntimeError: accessible area not connected
upper_x_20p50,"(20.5, 23.0, 20.55, 27.0)",4,AJ1B,4,10.0,83,0,0,0,,,,RuntimeError: accessible area not connected
upper_x_20p50,"(20.5, 23.0, 20.55, 27.0)",5,AJ1J1,0,10.0,82,0,0,0,,,,RuntimeError: accessible area not connected
upper_x_20p50,"(20.5, 23.0, 20.55, 27.0)",5,AJ1J1,1,10.0,82,0,0,0,,,,RuntimeError: accessible area not connected
upper_x_20p50,"(20.5, 23.0, 20.55, 27.0)",5,AJ1J1,2,10.0,81,0,0,0,,,,RuntimeError: accessible area not connected
upper_x_20p50,"(20.5, 23.0, 20.55, 27.0)",5,AJ1J1,3,10.0,84,0,0,0,,,,RuntimeError: accessible area not connected
upper_x_20p50,"(20.5, 23.0, 20.55, 27.0)",5,AJ1J1,4,10.0,83,0,0,0,,,,RuntimeError: accessible area not connected
upper_x_20p50,"(20.5, 23.0, 20.55, 27.0)",6,AJ1J2,0,10.0,82,0,0,0,,,,RuntimeError: accessible area not connected
upper_x_20p50,"(20.5, 23.0, 20.55, 27.0)",6,AJ1J2,1,10.0,82,0,0,0,,,,RuntimeError: accessible area not connected
upper_x_20p50,"(20.5, 23.0, 20.55, 27.0)",6,AJ1J2,2,10.0,81,0,0,0,,,,RuntimeError: accessible area not connected
upper_x_20p50,"(20.5, 23.0, 20.55, 27.0)",6,AJ1J2,3,10.0,84,0,0,0,,,,RuntimeError: accessible area not connected
upper_x_20p50,"(20.5, 23.0, 20.55, 27.0)",6,AJ1J2,4,10.0,83,0,0,0,,,,RuntimeError: accessible area not connected
upper_x_20p50,"(20.5, 23.0, 20.55, 27.0)",10,AJ3A,0,10.0,82,0,0,0,,,,RuntimeError: accessible area not connected
upper_x_20p50,"(20.5, 23.0, 20.55, 27.0)",10,AJ3A,1,10.0,82,0,0,0,,,,RuntimeError: accessible area not connected
upper_x_20p50,"(20.5, 23.0, 20.55, 27.0)",10,AJ3A,2,10.0,81,0,0,0,,,,RuntimeError: accessible area not connected
upper_x_20p50,"(20.5, 23.0, 20.55, 27.0)",10,AJ3A,3,10.0,84,0,0,0,,,,RuntimeError: accessible area not connected
upper_x_20p50,"(20.5, 23.0, 20.55, 27.0)",10,AJ3A,4,10.0,83,0,0,0,,,,RuntimeError: accessible area not connected
upper_x_20p50,"(20.5, 23.0, 20.55, 27.0)",8,AJ3B,0,10.0,82,0,0,0,,,,RuntimeError: accessible area not connected
upper_x_20p50,"(20.5, 23.0, 20.55, 27.0)",8,AJ3B,1,10.0,82,0,0,0,,,,RuntimeError: accessible area not connected
upper_x_20p50,"(20.5, 23.0, 20.55, 27.0)",8,AJ3B,2,10.0,81,0,0,0,,,,RuntimeError: accessible area not connected
upper_x_20p50,"(20.5, 23.0, 20.55, 27.0)",8,AJ3B,3,10.0,84,0,0,0,,,,RuntimeError: accessible area not connected
upper_x_20p50,"(20.5, 23.0, 20.55, 27.0)",8,AJ3B,4,10.0,83,0,0,0,,,,RuntimeError: accessible area not connected
upper_x_20p50,"(20.5, 23.0, 20.55, 27.0)",9,AJ3J1,0,10.0,82,0,0,0,,,,RuntimeError: accessible area not connected
upper_x_20p50,"(20.5, 23.0, 20.55, 27.0)",9,AJ3J1,1,10.0,82,0,0,0,,,,RuntimeError: accessible area not connected
upper_x_20p50,"(20.5, 23.0, 20.55, 27.0)",9,AJ3J1,2,10.0,81,0,0,0,,,,RuntimeError: accessible area not connected
upper_x_20p50,"(20.5, 23.0, 20.55, 27.0)",9,AJ3J1,3,10.0,84,0,0,0,,,,RuntimeError: accessible area not connected
upper_x_20p50,"(20.5, 23.0, 20.55, 27.0)",9,AJ3J1,4,10.0,83,0,0,0,,,,RuntimeError: accessible area not connected
upper_x_20p50,"(20.5, 23.0, 20.55, 27.0)",14,CCA,0,10.0,82,0,1,1,,16812,16812,RuntimeError: accessible area not connected
upper_x_20p50,"(20.5, 23.0, 20.55, 27.0)",14,CCA,1,10.0,82,0,1,1,,16821,16821,RuntimeError: accessible area not connected
upper_x_20p50,"(20.5, 23.0, 20.55, 27.0)",14,CCA,2,10.0,81,0,0,0,,,,RuntimeError: accessible area not connected
upper_x_20p50,"(20.5, 23.0, 20.55, 27.0)",14,CCA,3,10.0,84,0,0,1,,,16810,RuntimeError: accessible area not connected
upper_x_20p50,"(20.5, 23.0, 20.55, 27.0)",14,CCA,4,10.0,83,0,1,1,,16802,16802,RuntimeError: accessible area not connected
upper_x_20p50,"(20.5, 23.0, 20.55, 27.0)",11,CCB,0,10.0,82,0,1,1,,14012,14012,RuntimeError: accessible area not connected
upper_x_20p50,"(20.5, 23.0, 20.55, 27.0)",11,CCB,1,10.0,82,0,1,1,,14021,14021,RuntimeError: accessible area not connected
upper_x_20p50,"(20.5, 23.0, 20.55, 27.0)",11,CCB,2,10.0,81,0,0,0,,,,RuntimeError: accessible area not connected
upper_x_20p50,"(20.5, 23.0, 20.55, 27.0)",11,CCB,3,10.0,84,0,0,1,,,14010,RuntimeError: accessible area not connected
upper_x_20p50,"(20.5, 23.0, 20.55, 27.0)",11,CCB,4,10.0,83,0,1,1,,14002,14002,RuntimeError: accessible area not connected
upper_x_20p50,"(20.5, 23.0, 20.55, 27.0)",12,CCJ1,0,10.0,82,0,1,1,,14012,14012,RuntimeError: accessible area not connected
upper_x_20p50,"(20.5, 23.0, 20.55, 27.0)",12,CCJ1,1,10.0,82,0,1,1,,14021,14021,RuntimeError: accessible area not connected
upper_x_20p50,"(20.5, 23.0, 20.55, 27.0)",12,CCJ1,2,10.0,81,0,0,0,,,,RuntimeError: accessible area not connected
upper_x_20p50,"(20.5, 23.0, 20.55, 27.0)",12,CCJ1,3,10.0,84,0,0,1,,,14010,RuntimeError: accessible area not connected
upper_x_20p50,"(20.5, 23.0, 20.55, 27.0)",12,CCJ1,4,10.0,83,0,1,1,,14002,14002,RuntimeError: accessible area not connected
upper_x_20p50,"(20.5, 23.0, 20.55, 27.0)",13,CCJ2,0,10.0,82,0,1,1,,14012,14012,RuntimeError: accessible area not connected
upper_x_20p50,"(20.5, 23.0, 20.55, 27.0)",13,CCJ2,1,10.0,82,0,1,1,,16821,16821,RuntimeError: accessible area not connected
upper_x_20p50,"(20.5, 23.0, 20.55, 27.0)",13,CCJ2,2,10.0,81,0,0,0,,,,RuntimeError: accessible area not connected
upper_x_20p50,"(20.5, 23.0, 20.55, 27.0)",13,CCJ2,3,10.0,84,0,0,1,,,16810,RuntimeError: accessible area not connected
upper_x_20p50,"(20.5, 23.0, 20.55, 27.0)",13,CCJ2,4,10.0,83,0,1,1,,16802,16802,RuntimeError: accessible area not connected
upper_x_20p50,"(20.5, 23.0, 20.55, 27.0)",18,CJ1A,0,10.0,82,0,1,1,,22412,22412,RuntimeError: accessible area not connected
upper_x_20p50,"(20.5, 23.0, 20.55, 27.0)",18,CJ1A,1,10.0,82,0,1,1,,22421,22421,RuntimeError: accessible area not connected
upper_x_20p50,"(20.5, 23.0, 20.55, 27.0)",18,CJ1A,2,10.0,81,0,0,0,,,,RuntimeError: accessible area not connected
upper_x_20p50,"(20.5, 23.0, 20.55, 27.0)",18,CJ1A,3,10.0,84,0,0,1,,,22410,RuntimeError: accessible area not connected
upper_x_20p50,"(20.5, 23.0, 20.55, 27.0)",18,CJ1A,4,10.0,83,0,1,1,,22402,22402,RuntimeError: accessible area not connected
upper_x_20p50,"(20.5, 23.0, 20.55, 27.0)",15,CJ1B,0,10.0,82,0,1,1,,16812,16812,RuntimeError: accessible area not connected
upper_x_20p50,"(20.5, 23.0, 20.55, 27.0)",15,CJ1B,1,10.0,82,0,1,1,,16821,16821,RuntimeError: accessible area not connected
upper_x_20p50,"(20.5, 23.0, 20.55, 27.0)",15,CJ1B,2,10.0,81,0,0,0,,,,RuntimeError: accessible area not connected
upper_x_20p50,"(20.5, 23.0, 20.55, 27.0)",15,CJ1B,3,10.0,84,0,0,1,,,19610,RuntimeError: accessible area not connected
upper_x_20p50,"(20.5, 23.0, 20.55, 27.0)",15,CJ1B,4,10.0,83,0,1,1,,19602,19602,RuntimeError: accessible area not connected
upper_x_20p50,"(20.5, 23.0, 20.55, 27.0)",16,CJ1J1,0,10.0,82,0,1,1,,19612,19612,RuntimeError: accessible area not connected
upper_x_20p50,"(20.5, 23.0, 20.55, 27.0)",16,CJ1J1,1,10.0,82,0,1,1,,19621,19621,RuntimeError: accessible area not connected
upper_x_20p50,"(20.5, 23.0, 20.55, 27.0)",16,CJ1J1,2,10.0,81,0,0,0,,,,RuntimeError: accessible area not connected
upper_x_20p50,"(20.5, 23.0, 20.55, 27.0)",16,CJ1J1,3,10.0,84,0,0,1,,,19610,RuntimeError: accessible area not connected
upper_x_20p50,"(20.5, 23.0, 20.55, 27.0)",16,CJ1J1,4,10.0,83,0,1,1,,19602,19602,RuntimeError: accessible area not connected
upper_x_20p50,"(20.5, 23.0, 20.55, 27.0)",17,CJ1J2,0,10.0,82,0,1,1,,19612,19612,RuntimeError: accessible area not connected
upper_x_20p50,"(20.5, 23.0, 20.55, 27.0)",17,CJ1J2,1,10.0,82,0,1,1,,19621,19621,RuntimeError: accessible area not connected
upper_x_20p50,"(20.5, 23.0, 20.55, 27.0)",17,CJ1J2,2,10.0,81,0,0,0,,,,RuntimeError: accessible area not connected
upper_x_20p50,"(20.5, 23.0, 20.55, 27.0)",17,CJ1J2,3,10.0,84,0,0,1,,,22410,RuntimeError: accessible area not connected
upper_x_20p50,"(20.5, 23.0, 20.55, 27.0)",17,CJ1J2,4,10.0,83,0,1,1,,22402,22402,RuntimeError: accessible area not connected
upper_x_20p50,"(20.5, 23.0, 20.55, 27.0)",21,CJ3A,0,10.0,82,0,1,1,,25212,25212,RuntimeError: accessible area not connected
upper_x_20p50,"(20.5, 23.0, 20.55, 27.0)",21,CJ3A,1,10.0,82,0,1,1,,25221,25221,RuntimeError: accessible area not connected
upper_x_20p50,"(20.5, 23.0, 20.55, 27.0)",21,CJ3A,2,10.0,81,0,0,0,,,,RuntimeError: accessible area not connected
upper_x_20p50,"(20.5, 23.0, 20.55, 27.0)",21,CJ3A,3,10.0,84,0,0,1,,,25210,RuntimeError: accessible area not connected
upper_x_20p50,"(20.5, 23.0, 20.55, 27.0)",21,CJ3A,4,10.0,83,0,1,1,,25202,25202,RuntimeError: accessible area not connected
upper_x_20p50,"(20.5, 23.0, 20.55, 27.0)",19,CJ3B,0,10.0,82,0,1,1,,22412,22412,RuntimeError: accessible area not connected
upper_x_20p50,"(20.5, 23.0, 20.55, 27.0)",19,CJ3B,1,10.0,82,0,1,1,,22421,22421,RuntimeError: accessible area not connected
upper_x_20p50,"(20.5, 23.0, 20.55, 27.0)",19,CJ3B,2,10.0,81,0,0,0,,,,RuntimeError: accessible area not connected
upper_x_20p50,"(20.5, 23.0, 20.55, 27.0)",19,CJ3B,3,10.0,84,0,0,1,,,22410,RuntimeError: accessible area not connected
upper_x_20p50,"(20.5, 23.0, 20.55, 27.0)",19,CJ3B,4,10.0,83,0,1,1,,25202,25202,RuntimeError: accessible area not connected
upper_x_20p50,"(20.5, 23.0, 20.55, 27.0)",20,CJ3J1,0,10.0,82,0,1,1,,25212,25212,RuntimeError: accessible area not connected
upper_x_20p50,"(20.5, 23.0, 20.55, 27.0)",20,CJ3J1,1,10.0,82,0,1,1,,25221,25221,RuntimeError: accessible area not connected
upper_x_20p50,"(20.5, 23.0, 20.55, 27.0)",20,CJ3J1,2,10.0,81,0,0,0,,,,RuntimeError: accessible area not connected
upper_x_20p50,"(20.5, 23.0, 20.55, 27.0)",20,CJ3J1,3,10.0,84,0,0,1,,,25210,RuntimeError: accessible area not connected
upper_x_20p50,"(20.5, 23.0, 20.55, 27.0)",20,CJ3J1,4,10.0,83,0,1,1,,25202,25202,RuntimeError: accessible area not connected
upper_x_20p50,"(20.5, 23.0, 20.55, 27.0)",25,J2CA,0,10.0,82,0,0,0,,,,RuntimeError: accessible area not connected
upper_x_20p50,"(20.5, 23.0, 20.55, 27.0)",25,J2CA,1,10.0,82,0,0,0,,,,RuntimeError: accessible area not connected
upper_x_20p50,"(20.5, 23.0, 20.55, 27.0)",25,J2CA,2,10.0,81,0,0,0,,,,RuntimeError: accessible area not connected
upper_x_20p50,"(20.5, 23.0, 20.55, 27.0)",25,J2CA,3,10.0,84,0,0,0,,,,RuntimeError: accessible area not connected
upper_x_20p50,"(20.5, 23.0, 20.55, 27.0)",25,J2CA,4,10.0,83,0,0,0,,,,RuntimeError: accessible area not connected
upper_x_20p50,"(20.5, 23.0, 20.55, 27.0)",22,J2CB,0,10.0,82,0,0,0,,,,RuntimeError: accessible area not connected
upper_x_20p50,"(20.5, 23.0, 20.55, 27.0)",22,J2CB,1,10.0,82,0,0,0,,,,RuntimeError: accessible area not connected
upper_x_20p50,"(20.5, 23.0, 20.55, 27.0)",22,J2CB,2,10.0,81,0,0,0,,,,RuntimeError: accessible area not connected
upper_x_20p50,"(20.5, 23.0, 20.55, 27.0)",22,J2CB,3,10.0,84,0,0,0,,,,RuntimeError: accessible area not connected
upper_x_20p50,"(20.5, 23.0, 20.55, 27.0)",22,J2CB,4,10.0,83,0,0,0,,,,RuntimeError: accessible area not connected
upper_x_20p50,"(20.5, 23.0, 20.55, 27.0)",23,J2CJ1,0,10.0,82,0,0,0,,,,RuntimeError: accessible area not connected
upper_x_20p50,"(20.5, 23.0, 20.55, 27.0)",23,J2CJ1,1,10.0,82,0,0,0,,,,RuntimeError: accessible area not connected
upper_x_20p50,"(20.5, 23.0, 20.55, 27.0)",23,J2CJ1,2,10.0,81,0,0,0,,,,RuntimeError: accessible area not connected
upper_x_20p50,"(20.5, 23.0, 20.55, 27.0)",23,J2CJ1,3,10.0,84,0,0,0,,,,RuntimeError: accessible area not connected
upper_x_20p50,"(20.5, 23.0, 20.55, 27.0)",23,J2CJ1,4,10.0,83,0,0,0,,,,RuntimeError: accessible area not connected
upper_x_20p50,"(20.5, 23.0, 20.55, 27.0)",24,J2CJ2,0,10.0,82,0,0,0,,,,RuntimeError: accessible area not connected
upper_x_20p50,"(20.5, 23.0, 20.55, 27.0)",24,J2CJ2,1,10.0,82,0,0,0,,,,RuntimeError: accessible area not connected
upper_x_20p50,"(20.5, 23.0, 20.55, 27.0)",24,J2CJ2,2,10.0,81,0,0,0,,,,RuntimeError: accessible area not connected
upper_x_20p50,"(20.5, 23.0, 20.55, 27.0)",24,J2CJ2,3,10.0,84,0,0,0,,,,RuntimeError: accessible area not connected
upper_x_20p50,"(20.5, 23.0, 20.55, 27.0)",24,J2CJ2,4,10.0,83,0,0,0,,,,RuntimeError: accessible area not connected
upper_x_20p50,"(20.5, 23.0, 20.55, 27.0)",27,J2J3A,0,10.0,82,0,0,0,,,,RuntimeError: accessible area not connected
upper_x_20p50,"(20.5, 23.0, 20.55, 27.0)",27,J2J3A,1,10.0,82,0,0,0,,,,RuntimeError: accessible area not connected
upper_x_20p50,"(20.5, 23.0, 20.55, 27.0)",27,J2J3A,2,10.0,81,0,0,0,,,,RuntimeError: accessible area not connected
upper_x_20p50,"(20.5, 23.0, 20.55, 27.0)",27,J2J3A,3,10.0,84,0,0,0,,,,RuntimeError: accessible area not connected
upper_x_20p50,"(20.5, 23.0, 20.55, 27.0)",27,J2J3A,4,10.0,83,0,0,0,,,,RuntimeError: accessible area not connected
upper_x_20p50,"(20.5, 23.0, 20.55, 27.0)",26,J2J3B,0,10.0,82,0,0,0,,,,RuntimeError: accessible area not connected
upper_x_20p50,"(20.5, 23.0, 20.55, 27.0)",26,J2J3B,1,10.0,82,0,0,0,,,,RuntimeError: accessible area not connected
upper_x_20p50,"(20.5, 23.0, 20.55, 27.0)",26,J2J3B,2,10.0,81,0,0,0,,,,RuntimeError: accessible area not connected
upper_x_20p50,"(20.5, 23.0, 20.55, 27.0)",26,J2J3B,3,10.0,84,0,0,0,,,,RuntimeError: accessible area not connected
upper_x_20p50,"(20.5, 23.0, 20.55, 27.0)",26,J2J3B,4,10.0,83,0,0,0,,,,RuntimeError: accessible area not connected
upper_x_20p50,"(20.5, 23.0, 20.55, 27.0)",30,J3CA,0,10.0,82,0,0,0,,,,RuntimeError: accessible area not connected
upper_x_20p50,"(20.5, 23.0, 20.55, 27.0)",30,J3CA,1,10.0,82,0,0,0,,,,RuntimeError: accessible area not connected
upper_x_20p50,"(20.5, 23.0, 20.55, 27.0)",30,J3CA,2,10.0,81,0,0,0,,,,RuntimeError: accessible area not connected
upper_x_20p50,"(20.5, 23.0, 20.55, 27.0)",30,J3CA,3,10.0,84,0,0,0,,,,RuntimeError: accessible area not connected
upper_x_20p50,"(20.5, 23.0, 20.55, 27.0)",30,J3CA,4,10.0,83,0,0,0,,,,RuntimeError: accessible area not connected
upper_x_20p50,"(20.5, 23.0, 20.55, 27.0)",28,J3CB,0,10.0,82,0,0,0,,,,RuntimeError: accessible area not connected
upper_x_20p50,"(20.5, 23.0, 20.55, 27.0)",28,J3CB,1,10.0,82,0,0,0,,,,RuntimeError: accessible area not connected
upper_x_20p50,"(20.5, 23.0, 20.55, 27.0)",28,J3CB,2,10.0,81,0,0,0,,,,RuntimeError: accessible area not connected
upper_x_20p50,"(20.5, 23.0, 20.55, 27.0)",28,J3CB,3,10.0,84,0,0,0,,,,RuntimeError: accessible area not connected
upper_x_20p50,"(20.5, 23.0, 20.55, 27.0)",28,J3CB,4,10.0,83,0,0,0,,,,RuntimeError: accessible area not connected
upper_x_20p50,"(20.5, 23.0, 20.55, 27.0)",29,J3CJ2,0,10.0,82,0,0,0,,,,RuntimeError: accessible area not connected
upper_x_20p50,"(20.5, 23.0, 20.55, 27.0)",29,J3CJ2,1,10.0,82,0,0,0,,,,RuntimeError: accessible area not connected
upper_x_20p50,"(20.5, 23.0, 20.55, 27.0)",29,J3CJ2,2,10.0,81,0,0,0,,,,RuntimeError: accessible area not connected
upper_x_20p50,"(20.5, 23.0, 20.55, 27.0)",29,J3CJ2,3,10.0,84,0,0,0,,,,RuntimeError: accessible area not connected
upper_x_20p50,"(20.5, 23.0, 20.55, 27.0)",29,J3CJ2,4,10.0,83,0,0,0,,,,RuntimeError: accessible area not connected
upper_x_20p50,"(20.5, 23.0, 20.55, 27.0)",32,J3J1A,0,10.0,82,0,0,0,,,,RuntimeError: accessible area not connected
upper_x_20p50,"(20.5, 23.0, 20.55, 27.0)",32,J3J1A,1,10.0,82,0,0,0,,,,RuntimeError: accessible area not connected
upper_x_20p50,"(20.5, 23.0, 20.55, 27.0)",32,J3J1A,2,10.0,81,0,0,0,,,,RuntimeError: accessible area not connected
upper_x_20p50,"(20.5, 23.0, 20.55, 27.0)",32,J3J1A,3,10.0,84,0,0,0,,,,RuntimeError: accessible area not connected
upper_x_20p50,"(20.5, 23.0, 20.55, 27.0)",32,J3J1A,4,10.0,83,0,0,0,,,,RuntimeError: accessible area not connected
upper_x_20p50,"(20.5, 23.0, 20.55, 27.0)",31,J3J1B,0,10.0,82,0,0,0,,,,RuntimeError: accessible area not connected
upper_x_20p50,"(20.5, 23.0, 20.55, 27.0)",31,J3J1B,1,10.0,82,0,0,0,,,,RuntimeError: accessible area not connected
upper_x_20p50,"(20.5, 23.0, 20.55, 27.0)",31,J3J1B,2,10.0,81,0,0,0,,,,RuntimeError: accessible area not connected
upper_x_20p50,"(20.5, 23.0, 20.55, 27.0)",31,J3J1B,3,10.0,84,0,0,0,,,,RuntimeError: accessible area not connected
upper_x_20p50,"(20.5, 23.0, 20.55, 27.0)",31,J3J1B,4,10.0,83,0,0,0,,,,RuntimeError: accessible area not connected
upper_x_20p50,"(20.5, 23.0, 20.55, 27.0)",34,J3J3A,0,10.0,82,0,0,0,,,,RuntimeError: accessible area not connected
upper_x_20p50,"(20.5, 23.0, 20.55, 27.0)",34,J3J3A,1,10.0,82,0,0,0,,,,RuntimeError: accessible area not connected
upper_x_20p50,"(20.5, 23.0, 20.55, 27.0)",34,J3J3A,2,10.0,81,0,0,0,,,,RuntimeError: accessible area not connected
upper_x_20p50,"(20.5, 23.0, 20.55, 27.0)",34,J3J3A,3,10.0,84,0,0,0,,,,RuntimeError: accessible area not connected
upper_x_20p50,"(20.5, 23.0, 20.55, 27.0)",34,J3J3A,4,10.0,83,0,0,0,,,,RuntimeError: accessible area not connected
upper_x_20p50,"(20.5, 23.0, 20.55, 27.0)",33,J3J3B,0,10.0,82,0,0,0,,,,RuntimeError: accessible area not connected
upper_x_20p50,"(20.5, 23.0, 20.55, 27.0)",33,J3J3B,1,10.0,82,0,0,0,,,,RuntimeError: accessible area not connected
upper_x_20p50,"(20.5, 23.0, 20.55, 27.0)",33,J3J3B,2,10.0,81,0,0,0,,,,RuntimeError: accessible area not connected
upper_x_20p50,"(20.5, 23.0, 20.55, 27.0)",33,J3J3B,3,10.0,84,0,0,0,,,,RuntimeError: accessible area not connected
upper_x_20p50,"(20.5, 23.0, 20.55, 27.0)",33,J3J3B,4,10.0,83,0,0,0,,,,RuntimeError: accessible area not connected
upper_x_21p50,"(21.5, 23.0, 21.55, 27.0)",3,ACA,0,10.0,82,0,0,0,,,,RuntimeError: accessible area not connected
upper_x_21p50,"(21.5, 23.0, 21.55, 27.0)",3,ACA,1,10.0,82,0,0,0,,,,RuntimeError: accessible area not connected
upper_x_21p50,"(21.5, 23.0, 21.55, 27.0)",3,ACA,2,10.0,81,0,0,0,,,,RuntimeError: accessible area not connected
upper_x_21p50,"(21.5, 23.0, 21.55, 27.0)",3,ACA,3,10.0,84,0,0,0,,,,RuntimeError: accessible area not connected
upper_x_21p50,"(21.5, 23.0, 21.55, 27.0)",3,ACA,4,10.0,83,0,0,0,,,,RuntimeError: accessible area not connected
upper_x_21p50,"(21.5, 23.0, 21.55, 27.0)",0,ACB,0,10.0,82,0,0,0,,,,RuntimeError: accessible area not connected
upper_x_21p50,"(21.5, 23.0, 21.55, 27.0)",0,ACB,1,10.0,82,0,0,0,,,,RuntimeError: accessible area not connected
upper_x_21p50,"(21.5, 23.0, 21.55, 27.0)",0,ACB,2,10.0,81,0,0,0,,,,RuntimeError: accessible area not connected
upper_x_21p50,"(21.5, 23.0, 21.55, 27.0)",0,ACB,3,10.0,84,0,0,0,,,,RuntimeError: accessible area not connected
upper_x_21p50,"(21.5, 23.0, 21.55, 27.0)",0,ACB,4,10.0,83,0,0,0,,,,RuntimeError: accessible area not connected
upper_x_21p50,"(21.5, 23.0, 21.55, 27.0)",1,ACJ1,0,10.0,82,0,0,0,,,,RuntimeError: accessible area not connected
upper_x_21p50,"(21.5, 23.0, 21.55, 27.0)",1,ACJ1,1,10.0,82,0,0,0,,,,RuntimeError: accessible area not connected
upper_x_21p50,"(21.5, 23.0, 21.55, 27.0)",1,ACJ1,2,10.0,81,0,0,0,,,,RuntimeError: accessible area not connected
upper_x_21p50,"(21.5, 23.0, 21.55, 27.0)",1,ACJ1,3,10.0,84,0,0,0,,,,RuntimeError: accessible area not connected
upper_x_21p50,"(21.5, 23.0, 21.55, 27.0)",1,ACJ1,4,10.0,83,0,0,0,,,,RuntimeError: accessible area not connected
upper_x_21p50,"(21.5, 23.0, 21.55, 27.0)",2,ACJ2,0,10.0,82,0,0,0,,,,RuntimeError: accessible area not connected
upper_x_21p50,"(21.5, 23.0, 21.55, 27.0)",2,ACJ2,1,10.0,82,0,0,0,,,,RuntimeError: accessible area not connected
upper_x_21p50,"(21.5, 23.0, 21.55, 27.0)",2,ACJ2,2,10.0,81,0,0,0,,,,RuntimeError: accessible area not connected
upper_x_21p50,"(21.5, 23.0, 21.55, 27.0)",2,ACJ2,3,10.0,84,0,0,0,,,,RuntimeError: accessible area not connected
upper_x_21p50,"(21.5, 23.0, 21.55, 27.0)",2,ACJ2,4,10.0,83,0,0,0,,,,RuntimeError: accessible area not connected
upper_x_21p50,"(21.5, 23.0, 21.55, 27.0)",7,AJ1A,0,10.0,82,0,0,0,,,,RuntimeError: accessible area not connected
upper_x_21p50,"(21.5, 23.0, 21.55, 27.0)",7,AJ1A,1,10.0,82,0,0,0,,,,RuntimeError: accessible area not connected
upper_x_21p50,"(21.5, 23.0, 21.55, 27.0)",7,AJ1A,2,10.0,81,0,0,0,,,,RuntimeError: accessible area not connected
upper_x_21p50,"(21.5, 23.0, 21.55, 27.0)",7,AJ1A,3,10.0,84,0,0,0,,,,RuntimeError: accessible area not connected
upper_x_21p50,"(21.5, 23.0, 21.55, 27.0)",7,AJ1A,4,10.0,83,0,0,0,,,,RuntimeError: accessible area not connected
upper_x_21p50,"(21.5, 23.0, 21.55, 27.0)",4,AJ1B,0,10.0,82,0,0,0,,,,RuntimeError: accessible area not connected
upper_x_21p50,"(21.5, 23.0, 21.55, 27.0)",4,AJ1B,1,10.0,82,0,0,0,,,,RuntimeError: accessible area not connected
upper_x_21p50,"(21.5, 23.0, 21.55, 27.0)",4,AJ1B,2,10.0,81,0,0,0,,,,RuntimeError: accessible area not connected
upper_x_21p50,"(21.5, 23.0, 21.55, 27.0)",4,AJ1B,3,10.0,84,0,0,0,,,,RuntimeError: accessible area not connected
upper_x_21p50,"(21.5, 23.0, 21.55, 27.0)",4,AJ1B,4,10.0,83,0,0,0,,,,RuntimeError: accessible area not connected
upper_x_21p50,"(21.5, 23.0, 21.55, 27.0)",5,AJ1J1,0,10.0,82,0,0,0,,,,RuntimeError: accessible area not connected
upper_x_21p50,"(21.5, 23.0, 21.55, 27.0)",5,AJ1J1,1,10.0,82,0,0,0,,,,RuntimeError: accessible area not connected
upper_x_21p50,"(21.5, 23.0, 21.55, 27.0)",5,AJ1J1,2,10.0,81,0,0,0,,,,RuntimeError: accessible area not connected
upper_x_21p50,"(21.5, 23.0, 21.55, 27.0)",5,AJ1J1,3,10.0,84,0,0,0,,,,RuntimeError: accessible area not connected
upper_x_21p50,"(21.5, 23.0, 21.55, 27.0)",5,AJ1J1,4,10.0,83,0,0,0,,,,RuntimeError: accessible area not connected
upper_x_21p50,"(21.5, 23.0, 21.55, 27.0)",6,AJ1J2,0,10.0,82,0,0,0,,,,RuntimeError: accessible area not connected
upper_x_21p50,"(21.5, 23.0, 21.55, 27.0)",6,AJ1J2,1,10.0,82,0,0,0,,,,RuntimeError: accessible area not connected
upper_x_21p50,"(21.5, 23.0, 21.55, 27.0)",6,AJ1J2,2,10.0,81,0,0,0,,,,RuntimeError: accessible area not connected
upper_x_21p50,"(21.5, 23.0, 21.55, 27.0)",6,AJ1J2,3,10.0,84,0,0,0,,,,RuntimeError: accessible area not connected
upper_x_21p50,"(21.5, 23.0, 21.55, 27.0)",6,AJ1J2,4,10.0,83,0,0,0,,,,RuntimeError: accessible area not connected
upper_x_21p50,"(21.5, 23.0, 21.55, 27.0)",10,AJ3A,0,10.0,82,0,0,0,,,,RuntimeError: accessible area not connected
upper_x_21p50,"(21.5, 23.0, 21.55, 27.0)",10,AJ3A,1,10.0,82,0,0,0,,,,RuntimeError: accessible area not connected
upper_x_21p50,"(21.5, 23.0, 21.55, 27.0)",10,AJ3A,2,10.0,81,0,0,0,,,,RuntimeError: accessible area not connected
upper_x_21p50,"(21.5, 23.0, 21.55, 27.0)",10,AJ3A,3,10.0,84,0,0,0,,,,RuntimeError: accessible area not connected
upper_x_21p50,"(21.5, 23.0, 21.55, 27.0)",10,AJ3A,4,10.0,83,0,0,0,,,,RuntimeError: accessible area not connected
upper_x_21p50,"(21.5, 23.0, 21.55, 27.0)",8,AJ3B,0,10.0,82,0,0,0,,,,RuntimeError: accessible area not connected
upper_x_21p50,"(21.5, 23.0, 21.55, 27.0)",8,AJ3B,1,10.0,82,0,0,0,,,,RuntimeError: accessible area not connected
upper_x_21p50,"(21.5, 23.0, 21.55, 27.0)",8,AJ3B,2,10.0,81,0,0,0,,,,RuntimeError: accessible area not connected
upper_x_21p50,"(21.5, 23.0, 21.55, 27.0)",8,AJ3B,3,10.0,84,0,0,0,,,,RuntimeError: accessible area not connected
upper_x_21p50,"(21.5, 23.0, 21.55, 27.0)",8,AJ3B,4,10.0,83,0,0,0,,,,RuntimeError: accessible area not connected
upper_x_21p50,"(21.5, 23.0, 21.55, 27.0)",9,AJ3J1,0,10.0,82,0,0,0,,,,RuntimeError: accessible area not connected
upper_x_21p50,"(21.5, 23.0, 21.55, 27.0)",9,AJ3J1,1,10.0,82,0,0,0,,,,RuntimeError: accessible area not connected
upper_x_21p50,"(21.5, 23.0, 21.55, 27.0)",9,AJ3J1,2,10.0,81,0,0,0,,,,RuntimeError: accessible area not connected
upper_x_21p50,"(21.5, 23.0, 21.55, 27.0)",9,AJ3J1,3,10.0,84,0,0,0,,,,RuntimeError: accessible area not connected
upper_x_21p50,"(21.5, 23.0, 21.55, 27.0)",9,AJ3J1,4,10.0,83,0,0,0,,,,RuntimeError: accessible area not connected
upper_x_21p50,"(21.5, 23.0, 21.55, 27.0)",14,CCA,0,10.0,82,0,0,0,,,,RuntimeError: accessible area not connected
upper_x_21p50,"(21.5, 23.0, 21.55, 27.0)",14,CCA,1,10.0,82,0,0,0,,,,RuntimeError: accessible area not connected
upper_x_21p50,"(21.5, 23.0, 21.55, 27.0)",14,CCA,2,10.0,81,0,0,0,,,,RuntimeError: accessible area not connected
upper_x_21p50,"(21.5, 23.0, 21.55, 27.0)",14,CCA,3,10.0,84,0,0,0,,,,RuntimeError: accessible area not connected
upper_x_21p50,"(21.5, 23.0, 21.55, 27.0)",14,CCA,4,10.0,83,0,0,0,,,,RuntimeError: accessible area not connected
upper_x_21p50,"(21.5, 23.0, 21.55, 27.0)",11,CCB,0,10.0,82,0,0,0,,,,RuntimeError: accessible area not connected
upper_x_21p50,"(21.5, 23.0, 21.55, 27.0)",11,CCB,1,10.0,82,0,0,0,,,,RuntimeError: accessible area not connected
upper_x_21p50,"(21.5, 23.0, 21.55, 27.0)",11,CCB,2,10.0,81,0,0,0,,,,RuntimeError: accessible area not connected
upper_x_21p50,"(21.5, 23.0, 21.55, 27.0)",11,CCB,3,10.0,84,0,0,0,,,,RuntimeError: accessible area not connected
upper_x_21p50,"(21.5, 23.0, 21.55, 27.0)",11,CCB,4,10.0,83,0,0,0,,,,RuntimeError: accessible area not connected
upper_x_21p50,"(21.5, 23.0, 21.55, 27.0)",12,CCJ1,0,10.0,82,0,0,0,,,,RuntimeError: accessible area not connected
upper_x_21p50,"(21.5, 23.0, 21.55, 27.0)",12,CCJ1,1,10.0,82,0,0,0,,,,RuntimeError: accessible area not connected
upper_x_21p50,"(21.5, 23.0, 21.55, 27.0)",12,CCJ1,2,10.0,81,0,0,0,,,,RuntimeError: accessible area not connected
upper_x_21p50,"(21.5, 23.0, 21.55, 27.0)",12,CCJ1,3,10.0,84,0,0,0,,,,RuntimeError: accessible area not connected
upper_x_21p50,"(21.5, 23.0, 21.55, 27.0)",12,CCJ1,4,10.0,83,0,0,0,,,,RuntimeError: accessible area not connected
upper_x_21p50,"(21.5, 23.0, 21.55, 27.0)",13,CCJ2,0,10.0,82,0,0,0,,,,RuntimeError: accessible area not connected
upper_x_21p50,"(21.5, 23.0, 21.55, 27.0)",13,CCJ2,1,10.0,82,0,0,0,,,,RuntimeError: accessible area not connected
upper_x_21p50,"(21.5, 23.0, 21.55, 27.0)",13,CCJ2,2,10.0,81,0,0,0,,,,RuntimeError: accessible area not connected
upper_x_21p50,"(21.5, 23.0, 21.55, 27.0)",13,CCJ2,3,10.0,84,0,0,0,,,,RuntimeError: accessible area not connected
upper_x_21p50,"(21.5, 23.0, 21.55, 27.0)",13,CCJ2,4,10.0,83,0,0,0,,,,RuntimeError: accessible area not connected
upper_x_21p50,"(21.5, 23.0, 21.55, 27.0)",18,CJ1A,0,10.0,82,0,0,0,,,,RuntimeError: accessible area not connected
upper_x_21p50,"(21.5, 23.0, 21.55, 27.0)",18,CJ1A,1,10.0,82,0,0,0,,,,RuntimeError: accessible area not connected
upper_x_21p50,"(21.5, 23.0, 21.55, 27.0)",18,CJ1A,2,10.0,81,0,0,0,,,,RuntimeError: accessible area not connected
upper_x_21p50,"(21.5, 23.0, 21.55, 27.0)",18,CJ1A,3,10.0,84,0,0,0,,,,RuntimeError: accessible area not connected
upper_x_21p50,"(21.5, 23.0, 21.55, 27.0)",18,CJ1A,4,10.0,83,0,0,0,,,,RuntimeError: accessible area not connected
upper_x_21p50,"(21.5, 23.0, 21.55, 27.0)",15,CJ1B,0,10.0,82,0,0,0,,,,RuntimeError: accessible area not connected
upper_x_21p50,"(21.5, 23.0, 21.55, 27.0)",15,CJ1B,1,10.0,82,0,0,0,,,,RuntimeError: accessible area not connected
upper_x_21p50,"(21.5, 23.0, 21.55, 27.0)",15,CJ1B,2,10.0,81,0,0,0,,,,RuntimeError: accessible area not connected
upper_x_21p50,"(21.5, 23.0, 21.55, 27.0)",15,CJ1B,3,10.0,84,0,0,0,,,,RuntimeError: accessible area not connected
upper_x_21p50,"(21.5, 23.0, 21.55, 27.0)",15,CJ1B,4,10.0,83,0,0,0,,,,RuntimeError: accessible area not connected
upper_x_21p50,"(21.5, 23.0, 21.55, 27.0)",16,CJ1J1,0,10.0,82,0,0,0,,,,RuntimeError: accessible area not connected
upper_x_21p50,"(21.5, 23.0, 21.55, 27.0)",16,CJ1J1,1,10.0,82,0,0,0,,,,RuntimeError: accessible area not connected
upper_x_21p50,"(21.5, 23.0, 21.55, 27.0)",16,CJ1J1,2,10.0,81,0,0,0,,,,RuntimeError: accessible area not connected
upper_x_21p50,"(21.5, 23.0, 21.55, 27.0)",16,CJ1J1,3,10.0,84,0,0,0,,,,RuntimeError: accessible area not connected
upper_x_21p50,"(21.5, 23.0, 21.55, 27.0)",16,CJ1J1,4,10.0,83,0,0,0,,,,RuntimeError: accessible area not connected
upper_x_21p50,"(21.5, 23.0, 21.55, 27.0)",17,CJ1J2,0,10.0,82,0,0,0,,,,RuntimeError: accessible area not connected
upper_x_21p50,"(21.5, 23.0, 21.55, 27.0)",17,CJ1J2,1,10.0,82,0,0,0,,,,RuntimeError: accessible area not connected
upper_x_21p50,"(21.5, 23.0, 21.55, 27.0)",17,CJ1J2,2,10.0,81,0,0,0,,,,RuntimeError: accessible area not connected
upper_x_21p50,"(21.5, 23.0, 21.55, 27.0)",17,CJ1J2,3,10.0,84,0,0,0,,,,RuntimeError: accessible area not connected
upper_x_21p50,"(21.5, 23.0, 21.55, 27.0)",17,CJ1J2,4,10.0,83,0,0,0,,,,RuntimeError: accessible area not connected
upper_x_21p50,"(21.5, 23.0, 21.55, 27.0)",21,CJ3A,0,10.0,82,0,0,0,,,,RuntimeError: accessible area not connected
upper_x_21p50,"(21.5, 23.0, 21.55, 27.0)",21,CJ3A,1,10.0,82,0,0,0,,,,RuntimeError: accessible area not connected
upper_x_21p50,"(21.5, 23.0, 21.55, 27.0)",21,CJ3A,2,10.0,81,0,0,0,,,,RuntimeError: accessible area not connected
upper_x_21p50,"(21.5, 23.0, 21.55, 27.0)",21,CJ3A,3,10.0,84,0,0,0,,,,RuntimeError: accessible area not connected
upper_x_21p50,"(21.5, 23.0, 21.55, 27.0)",21,CJ3A,4,10.0,83,0,0,0,,,,RuntimeError: accessible area not connected
upper_x_21p50,"(21.5, 23.0, 21.55, 27.0)",19,CJ3B,0,10.0,82,0,0,0,,,,RuntimeError: accessible area not connected
upper_x_21p50,"(21.5, 23.0, 21.55, 27.0)",19,CJ3B,1,10.0,82,0,0,0,,,,RuntimeError: accessible area not connected
upper_x_21p50,"(21.5, 23.0, 21.55, 27.0)",19,CJ3B,2,10.0,81,0,0,0,,,,RuntimeError: accessible area not connected
upper_x_21p50,"(21.5, 23.0, 21.55, 27.0)",19,CJ3B,3,10.0,84,0,0,0,,,,RuntimeError: accessible area not connected
upper_x_21p50,"(21.5, 23.0, 21.55, 27.0)",19,CJ3B,4,10.0,83,0,0,0,,,,RuntimeError: accessible area not connected
upper_x_21p50,"(21.5, 23.0, 21.55, 27.0)",20,CJ3J1,0,10.0,82,0,0,0,,,,RuntimeError: accessible area not connected
upper_x_21p50,"(21.5, 23.0, 21.55, 27.0)",20,CJ3J1,1,10.0,82,0,0,0,,,,RuntimeError: accessible area not connected
upper_x_21p50,"(21.5, 23.0, 21.55, 27.0)",20,CJ3J1,2,10.0,81,0,0,0,,,,RuntimeError: accessible area not connected
upper_x_21p50,"(21.5, 23.0, 21.55, 27.0)",20,CJ3J1,3,10.0,84,0,0,0,,,,RuntimeError: accessible area not connected
upper_x_21p50,"(21.5, 23.0, 21.55, 27.0)",20,CJ3J1,4,10.0,83,0,0,0,,,,RuntimeError: accessible area not connected
upper_x_21p50,"(21.5, 23.0, 21.55, 27.0)",25,J2CA,0,10.0,82,0,0,0,,,,RuntimeError: accessible area not connected
upper_x_21p50,"(21.5, 23.0, 21.55, 27.0)",25,J2CA,1,10.0,82,0,0,0,,,,RuntimeError: accessible area not connected
upper_x_21p50,"(21.5, 23.0, 21.55, 27.0)",25,J2CA,2,10.0,81,0,0,0,,,,RuntimeError: accessible area not connected
upper_x_21p50,"(21.5, 23.0, 21.55, 27.0)",25,J2CA,3,10.0,84,0,0,0,,,,RuntimeError: accessible area not connected
upper_x_21p50,"(21.5, 23.0, 21.55, 27.0)",25,J2CA,4,10.0,83,0,0,0,,,,RuntimeError: accessible area not connected
upper_x_21p50,"(21.5, 23.0, 21.55, 27.0)",22,J2CB,0,10.0,82,0,0,0,,,,RuntimeError: accessible area not connected
upper_x_21p50,"(21.5, 23.0, 21.55, 27.0)",22,J2CB,1,10.0,82,0,0,0,,,,RuntimeError: accessible area not connected
upper_x_21p50,"(21.5, 23.0, 21.55, 27.0)",22,J2CB,2,10.0,81,0,0,0,,,,RuntimeError: accessible area not connected
upper_x_21p50,"(21.5, 23.0, 21.55, 27.0)",22,J2CB,3,10.0,84,0,0,0,,,,RuntimeError: accessible area not connected
upper_x_21p50,"(21.5, 23.0, 21.55, 27.0)",22,J2CB,4,10.0,83,0,0,0,,,,RuntimeError: accessible area not connected
upper_x_21p50,"(21.5, 23.0, 21.55, 27.0)",23,J2CJ1,0,10.0,82,0,0,0,,,,RuntimeError: accessible area not connected
upper_x_21p50,"(21.5, 23.0, 21.55, 27.0)",23,J2CJ1,1,10.0,82,0,0,0,,,,RuntimeError: accessible area not connected
upper_x_21p50,"(21.5, 23.0, 21.55, 27.0)",23,J2CJ1,2,10.0,81,0,0,0,,,,RuntimeError: accessible area not connected
upper_x_21p50,"(21.5, 23.0, 21.55, 27.0)",23,J2CJ1,3,10.0,84,0,0,0,,,,RuntimeError: accessible area not connected
upper_x_21p50,"(21.5, 23.0, 21.55, 27.0)",23,J2CJ1,4,10.0,83,0,0,0,,,,RuntimeError: accessible area not connected
upper_x_21p50,"(21.5, 23.0, 21.55, 27.0)",24,J2CJ2,0,10.0,82,0,0,0,,,,RuntimeError: accessible area not connected
upper_x_21p50,"(21.5, 23.0, 21.55, 27.0)",24,J2CJ2,1,10.0,82,0,0,0,,,,RuntimeError: accessible area not connected
upper_x_21p50,"(21.5, 23.0, 21.55, 27.0)",24,J2CJ2,2,10.0,81,0,0,0,,,,RuntimeError: accessible area not connected
upper_x_21p50,"(21.5, 23.0, 21.55, 27.0)",24,J2CJ2,3,10.0,84,0,0,0,,,,RuntimeError: accessible area not connected
upper_x_21p50,"(21.5, 23.0, 21.55, 27.0)",24,J2CJ2,4,10.0,83,0,0,0,,,,RuntimeError: accessible area not connected
upper_x_21p50,"(21.5, 23.0, 21.55, 27.0)",27,J2J3A,0,10.0,82,0,0,0,,,,RuntimeError: accessible area not connected
upper_x_21p50,"(21.5, 23.0, 21.55, 27.0)",27,J2J3A,1,10.0,82,0,0,0,,,,RuntimeError: accessible area not connected
upper_x_21p50,"(21.5, 23.0, 21.55, 27.0)",27,J2J3A,2,10.0,81,0,0,0,,,,RuntimeError: accessible area not connected
upper_x_21p50,"(21.5, 23.0, 21.55, 27.0)",27,J2J3A,3,10.0,84,0,0,0,,,,RuntimeError: accessible area not connected
upper_x_21p50,"(21.5, 23.0, 21.55, 27.0)",27,J2J3A,4,10.0,83,0,0,0,,,,RuntimeError: accessible area not connected
upper_x_21p50,"(21.5, 23.0, 21.55, 27.0)",26,J2J3B,0,10.0,82,0,0,0,,,,RuntimeError: accessible area not connected
upper_x_21p50,"(21.5, 23.0, 21.55, 27.0)",26,J2J3B,1,10.0,82,0,0,0,,,,RuntimeError: accessible area not connected
upper_x_21p50,"(21.5, 23.0, 21.55, 27.0)",26,J2J3B,2,10.0,81,0,0,0,,,,RuntimeError: accessible area not connected
upper_x_21p50,"(21.5, 23.0, 21.55, 27.0)",26,J2J3B,3,10.0,84,0,0,0,,,,RuntimeError: accessible area not connected
upper_x_21p50,"(21.5, 23.0, 21.55, 27.0)",26,J2J3B,4,10.0,83,0,0,0,,,,RuntimeError: accessible area not connected
upper_x_21p50,"(21.5, 23.0, 21.55, 27.0)",30,J3CA,0,10.0,82,0,0,0,,,,RuntimeError: accessible area not connected
upper_x_21p50,"(21.5, 23.0, 21.55, 27.0)",30,J3CA,1,10.0,82,0,0,0,,,,RuntimeError: accessible area not connected
upper_x_21p50,"(21.5, 23.0, 21.55, 27.0)",30,J3CA,2,10.0,81,0,0,0,,,,RuntimeError: accessible area not connected
upper_x_21p50,"(21.5, 23.0, 21.55, 27.0)",30,J3CA,3,10.0,84,0,0,0,,,,RuntimeError: accessible area not connected
upper_x_21p50,"(21.5, 23.0, 21.55, 27.0)",30,J3CA,4,10.0,83,0,0,0,,,,RuntimeError: accessible area not connected
upper_x_21p50,"(21.5, 23.0, 21.55, 27.0)",28,J3CB,0,10.0,82,0,0,0,,,,RuntimeError: accessible area not connected
upper_x_21p50,"(21.5, 23.0, 21.55, 27.0)",28,J3CB,1,10.0,82,0,0,0,,,,RuntimeError: accessible area not connected
upper_x_21p50,"(21.5, 23.0, 21.55, 27.0)",28,J3CB,2,10.0,81,0,0,0,,,,RuntimeError: accessible area not connected
upper_x_21p50,"(21.5, 23.0, 21.55, 27.0)",28,J3CB,3,10.0,84,0,0,0,,,,RuntimeError: accessible area not connected
upper_x_21p50,"(21.5, 23.0, 21.55, 27.0)",28,J3CB,4,10.0,83,0,0,0,,,,RuntimeError: accessible area not connected
upper_x_21p50,"(21.5, 23.0, 21.55, 27.0)",29,J3CJ2,0,10.0,82,0,0,0,,,,RuntimeError: accessible area not connected
upper_x_21p50,"(21.5, 23.0, 21.55, 27.0)",29,J3CJ2,1,10.0,82,0,0,0,,,,RuntimeError: accessible area not connected
upper_x_21p50,"(21.5, 23.0, 21.55, 27.0)",29,J3CJ2,2,10.0,81,0,0,0,,,,RuntimeError: accessible area not connected
upper_x_21p50,"(21.5, 23.0, 21.55, 27.0)",29,J3CJ2,3,10.0,84,0,0,0,,,,RuntimeError: accessible area not connected
upper_x_21p50,"(21.5, 23.0, 21.55, 27.0)",29,J3CJ2,4,10.0,83,0,0,0,,,,RuntimeError: accessible area not connected
upper_x_21p50,"(21.5, 23.0, 21.55, 27.0)",32,J3J1A,0,10.0,82,0,0,0,,,,RuntimeError: accessible area not connected
upper_x_21p50,"(21.5, 23.0, 21.55, 27.0)",32,J3J1A,1,10.0,82,0,0,0,,,,RuntimeError: accessible area not connected
upper_x_21p50,"(21.5, 23.0, 21.55, 27.0)",32,J3J1A,2,10.0,81,0,0,0,,,,RuntimeError: accessible area not connected
upper_x_21p50,"(21.5, 23.0, 21.55, 27.0)",32,J3J1A,3,10.0,84,0,0,0,,,,RuntimeError: accessible area not connected
upper_x_21p50,"(21.5, 23.0, 21.55, 27.0)",32,J3J1A,4,10.0,83,0,0,0,,,,RuntimeError: accessible area not connected
upper_x_21p50,"(21.5, 23.0, 21.55, 27.0)",31,J3J1B,0,10.0,82,0,0,0,,,,RuntimeError: accessible area not connected
upper_x_21p50,"(21.5, 23.0, 21.55, 27.0)",31,J3J1B,1,10.0,82,0,0,0,,,,RuntimeError: accessible area not connected
upper_x_21p50,"(21.5, 23.0, 21.55, 27.0)",31,J3J1B,2,10.0,81,0,0,0,,,,RuntimeError: accessible area not connected
upper_x_21p50,"(21.5, 23.0, 21.55, 27.0)",31,J3J1B,3,10.0,84,0,0,0,,,,RuntimeError: accessible area not connected
upper_x_21p50,"(21.5, 23.0, 21.55, 27.0)",31,J3J1B,4,10.0,83,0,0,0,,,,RuntimeError: accessible area not connected
upper_x_21p50,"(21.5, 23.0, 21.55, 27.0)",34,J3J3A,0,10.0,82,0,0,0,,,,RuntimeError: accessible area not connected
upper_x_21p50,"(21.5, 23.0, 21.55, 27.0)",34,J3J3A,1,10.0,82,0,0,0,,,,RuntimeError: accessible area not connected
upper_x_21p50,"(21.5, 23.0, 21.55, 27.0)",34,J3J3A,2,10.0,81,0,0,0,,,,RuntimeError: accessible area not connected
upper_x_21p50,"(21.5, 23.0, 21.55, 27.0)",34,J3J3A,3,10.0,84,0,0,0,,,,RuntimeError: accessible area not connected
upper_x_21p50,"(21.5, 23.0, 21.55, 27.0)",34,J3J3A,4,10.0,83,0,0,0,,,,RuntimeError: accessible area not connected
upper_x_21p50,"(21.5, 23.0, 21.55, 27.0)",33,J3J3B,0,10.0,82,0,0,0,,,,RuntimeError: accessible area not connected
upper_x_21p50,"(21.5, 23.0, 21.55, 27.0)",33,J3J3B,1,10.0,82,0,0,0,,,,RuntimeError: accessible area not connected
upper_x_21p50,"(21.5, 23.0, 21.55, 27.0)",33,J3J3B,2,10.0,81,0,0,0,,,,RuntimeError: accessible area not connected
upper_x_21p50,"(21.5, 23.0, 21.55, 27.0)",33,J3J3B,3,10.0,84,0,0,0,,,,RuntimeError: accessible area not connected
upper_x_21p50,"(21.5, 23.0, 21.55, 27.0)",33,J3J3B,4,10.0,83,0,0,0,,,,RuntimeError: accessible area not connected
upper_x_22p50,"(22.5, 23.0, 22.55, 27.0)",3,ACA,0,10.0,82,0,0,0,,,,RuntimeError: accessible area not connected
upper_x_22p50,"(22.5, 23.0, 22.55, 27.0)",3,ACA,1,10.0,82,0,0,0,,,,RuntimeError: accessible area not connected
upper_x_22p50,"(22.5, 23.0, 22.55, 27.0)",3,ACA,2,10.0,81,0,0,0,,,,RuntimeError: accessible area not connected
upper_x_22p50,"(22.5, 23.0, 22.55, 27.0)",3,ACA,3,10.0,84,0,0,0,,,,RuntimeError: accessible area not connected
upper_x_22p50,"(22.5, 23.0, 22.55, 27.0)",3,ACA,4,10.0,83,0,0,0,,,,RuntimeError: accessible area not connected
upper_x_22p50,"(22.5, 23.0, 22.55, 27.0)",0,ACB,0,10.0,82,0,0,0,,,,RuntimeError: accessible area not connected
upper_x_22p50,"(22.5, 23.0, 22.55, 27.0)",0,ACB,1,10.0,82,0,0,0,,,,RuntimeError: accessible area not connected
upper_x_22p50,"(22.5, 23.0, 22.55, 27.0)",0,ACB,2,10.0,81,0,0,0,,,,RuntimeError: accessible area not connected
upper_x_22p50,"(22.5, 23.0, 22.55, 27.0)",0,ACB,3,10.0,84,0,0,0,,,,RuntimeError: accessible area not connected
upper_x_22p50,"(22.5, 23.0, 22.55, 27.0)",0,ACB,4,10.0,83,0,0,0,,,,RuntimeError: accessible area not connected
upper_x_22p50,"(22.5, 23.0, 22.55, 27.0)",1,ACJ1,0,10.0,82,0,0,0,,,,RuntimeError: accessible area not connected
upper_x_22p50,"(22.5, 23.0, 22.55, 27.0)",1,ACJ1,1,10.0,82,0,0,0,,,,RuntimeError: accessible area not connected
upper_x_22p50,"(22.5, 23.0, 22.55, 27.0)",1,ACJ1,2,10.0,81,0,0,0,,,,RuntimeError: accessible area not connected
upper_x_22p50,"(22.5, 23.0, 22.55, 27.0)",1,ACJ1,3,10.0,84,0,0,0,,,,RuntimeError: accessible area not connected
upper_x_22p50,"(22.5, 23.0, 22.55, 27.0)",1,ACJ1,4,10.0,83,0,0,0,,,,RuntimeError: accessible area not connected
upper_x_22p50,"(22.5, 23.0, 22.55, 27.0)",2,ACJ2,0,10.0,82,0,0,0,,,,RuntimeError: accessible area not connected
upper_x_22p50,"(22.5, 23.0, 22.55, 27.0)",2,ACJ2,1,10.0,82,0,0,0,,,,RuntimeError: accessible area not connected
upper_x_22p50,"(22.5, 23.0, 22.55, 27.0)",2,ACJ2,2,10.0,81,0,0,0,,,,RuntimeError: accessible area not connected
upper_x_22p50,"(22.5, 23.0, 22.55, 27.0)",2,ACJ2,3,10.0,84,0,0,0,,,,RuntimeError: accessible area not connected
upper_x_22p50,"(22.5, 23.0, 22.55, 27.0)",2,ACJ2,4,10.0,83,0,0,0,,,,RuntimeError: accessible area not connected
upper_x_22p50,"(22.5, 23.0, 22.55, 27.0)",7,AJ1A,0,10.0,82,0,0,0,,,,RuntimeError: accessible area not connected
upper_x_22p50,"(22.5, 23.0, 22.55, 27.0)",7,AJ1A,1,10.0,82,0,0,0,,,,RuntimeError: accessible area not connected
upper_x_22p50,"(22.5, 23.0, 22.55, 27.0)",7,AJ1A,2,10.0,81,0,0,0,,,,RuntimeError: accessible area not connected
upper_x_22p50,"(22.5, 23.0, 22.55, 27.0)",7,AJ1A,3,10.0,84,0,0,0,,,,RuntimeError: accessible area not connected
upper_x_22p50,"(22.5, 23.0, 22.55, 27.0)",7,AJ1A,4,10.0,83,0,0,0,,,,RuntimeError: accessible area not connected
upper_x_22p50,"(22.5, 23.0, 22.55, 27.0)",4,AJ1B,0,10.0,82,0,0,0,,,,RuntimeError: accessible area not connected
upper_x_22p50,"(22.5, 23.0, 22.55, 27.0)",4,AJ1B,1,10.0,82,0,0,0,,,,RuntimeError: accessible area not connected
upper_x_22p50,"(22.5, 23.0, 22.55, 27.0)",4,AJ1B,2,10.0,81,0,0,0,,,,RuntimeError: accessible area not connected
upper_x_22p50,"(22.5, 23.0, 22.55, 27.0)",4,AJ1B,3,10.0,84,0,0,0,,,,RuntimeError: accessible area not connected
upper_x_22p50,"(22.5, 23.0, 22.55, 27.0)",4,AJ1B,4,10.0,83,0,0,0,,,,RuntimeError: accessible area not connected
upper_x_22p50,"(22.5, 23.0, 22.55, 27.0)",5,AJ1J1,0,10.0,82,0,0,0,,,,RuntimeError: accessible area not connected
upper_x_22p50,"(22.5, 23.0, 22.55, 27.0)",5,AJ1J1,1,10.0,82,0,0,0,,,,RuntimeError: accessible area not connected
upper_x_22p50,"(22.5, 23.0, 22.55, 27.0)",5,AJ1J1,2,10.0,81,0,0,0,,,,RuntimeError: accessible area not connected
upper_x_22p50,"(22.5, 23.0, 22.55, 27.0)",5,AJ1J1,3,10.0,84,0,0,0,,,,RuntimeError: accessible area not connected
upper_x_22p50,"(22.5, 23.0, 22.55, 27.0)",5,AJ1J1,4,10.0,83,0,0,0,,,,RuntimeError: accessible area not connected
upper_x_22p50,"(22.5, 23.0, 22.55, 27.0)",6,AJ1J2,0,10.0,82,0,0,0,,,,RuntimeError: accessible area not connected
upper_x_22p50,"(22.5, 23.0, 22.55, 27.0)",6,AJ1J2,1,10.0,82,0,0,0,,,,RuntimeError: accessible area not connected
upper_x_22p50,"(22.5, 23.0, 22.55, 27.0)",6,AJ1J2,2,10.0,81,0,0,0,,,,RuntimeError: accessible area not connected
upper_x_22p50,"(22.5, 23.0, 22.55, 27.0)",6,AJ1J2,3,10.0,84,0,0,0,,,,RuntimeError: accessible area not connected
upper_x_22p50,"(22.5, 23.0, 22.55, 27.0)",6,AJ1J2,4,10.0,83,0,0,0,,,,RuntimeError: accessible area not connected
upper_x_22p50,"(22.5, 23.0, 22.55, 27.0)",10,AJ3A,0,10.0,82,0,0,0,,,,RuntimeError: accessible area not connected
upper_x_22p50,"(22.5, 23.0, 22.55, 27.0)",10,AJ3A,1,10.0,82,0,0,0,,,,RuntimeError: accessible area not connected
upper_x_22p50,"(22.5, 23.0, 22.55, 27.0)",10,AJ3A,2,10.0,81,0,0,0,,,,RuntimeError: accessible area not connected
upper_x_22p50,"(22.5, 23.0, 22.55, 27.0)",10,AJ3A,3,10.0,84,0,0,0,,,,RuntimeError: accessible area not connected
upper_x_22p50,"(22.5, 23.0, 22.55, 27.0)",10,AJ3A,4,10.0,83,0,0,0,,,,RuntimeError: accessible area not connected
upper_x_22p50,"(22.5, 23.0, 22.55, 27.0)",8,AJ3B,0,10.0,82,0,0,0,,,,RuntimeError: accessible area not connected
upper_x_22p50,"(22.5, 23.0, 22.55, 27.0)",8,AJ3B,1,10.0,82,0,0,0,,,,RuntimeError: accessible area not connected
upper_x_22p50,"(22.5, 23.0, 22.55, 27.0)",8,AJ3B,2,10.0,81,0,0,0,,,,RuntimeError: accessible area not connected
upper_x_22p50,"(22.5, 23.0, 22.55, 27.0)",8,AJ3B,3,10.0,84,0,0,0,,,,RuntimeError: accessible area not connected
upper_x_22p50,"(22.5, 23.0, 22.55, 27.0)",8,AJ3B,4,10.0,83,0,0,0,,,,RuntimeError: accessible area not connected
upper_x_22p50,"(22.5, 23.0, 22.55, 27.0)",9,AJ3J1,0,10.0,82,0,0,0,,,,RuntimeError: accessible area not connected
upper_x_22p50,"(22.5, 23.0, 22.55, 27.0)",9,AJ3J1,1,10.0,82,0,0,0,,,,RuntimeError: accessible area not connected
upper_x_22p50,"(22.5, 23.0, 22.55, 27.0)",9,AJ3J1,2,10.0,81,0,0,0,,,,RuntimeError: accessible area not connected
upper_x_22p50,"(22.5, 23.0, 22.55, 27.0)",9,AJ3J1,3,10.0,84,0,0,0,,,,RuntimeError: accessible area not connected
upper_x_22p50,"(22.5, 23.0, 22.55, 27.0)",9,AJ3J1,4,10.0,83,0,0,0,,,,RuntimeError: accessible area not connected
upper_x_22p50,"(22.5, 23.0, 22.55, 27.0)",14,CCA,0,10.0,82,0,0,0,,,,RuntimeError: accessible area not connected
upper_x_22p50,"(22.5, 23.0, 22.55, 27.0)",14,CCA,1,10.0,82,0,0,0,,,,RuntimeError: accessible area not connected
upper_x_22p50,"(22.5, 23.0, 22.55, 27.0)",14,CCA,2,10.0,81,0,0,0,,,,RuntimeError: accessible area not connected
upper_x_22p50,"(22.5, 23.0, 22.55, 27.0)",14,CCA,3,10.0,84,0,0,0,,,,RuntimeError: accessible area not connected
upper_x_22p50,"(22.5, 23.0, 22.55, 27.0)",14,CCA,4,10.0,83,0,0,0,,,,RuntimeError: accessible area not connected
upper_x_22p50,"(22.5, 23.0, 22.55, 27.0)",11,CCB,0,10.0,82,0,0,0,,,,RuntimeError: accessible area not connected
upper_x_22p50,"(22.5, 23.0, 22.55, 27.0)",11,CCB,1,10.0,82,0,0,0,,,,RuntimeError: accessible area not connected
upper_x_22p50,"(22.5, 23.0, 22.55, 27.0)",11,CCB,2,10.0,81,0,0,0,,,,RuntimeError: accessible area not connected
upper_x_22p50,"(22.5, 23.0, 22.55, 27.0)",11,CCB,3,10.0,84,0,0,0,,,,RuntimeError: accessible area not connected
upper_x_22p50,"(22.5, 23.0, 22.55, 27.0)",11,CCB,4,10.0,83,0,0,0,,,,RuntimeError: accessible area not connected
upper_x_22p50,"(22.5, 23.0, 22.55, 27.0)",12,CCJ1,0,10.0,82,0,0,0,,,,RuntimeError: accessible area not connected
upper_x_22p50,"(22.5, 23.0, 22.55, 27.0)",12,CCJ1,1,10.0,82,0,0,0,,,,RuntimeError: accessible area not connected
upper_x_22p50,"(22.5, 23.0, 22.55, 27.0)",12,CCJ1,2,10.0,81,0,0,0,,,,RuntimeError: accessible area not connected
upper_x_22p50,"(22.5, 23.0, 22.55, 27.0)",12,CCJ1,3,10.0,84,0,0,0,,,,RuntimeError: accessible area not connected
upper_x_22p50,"(22.5, 23.0, 22.55, 27.0)",12,CCJ1,4,10.0,83,0,0,0,,,,RuntimeError: accessible area not connected
upper_x_22p50,"(22.5, 23.0, 22.55, 27.0)",13,CCJ2,0,10.0,82,0,0,0,,,,RuntimeError: accessible area not connected
upper_x_22p50,"(22.5, 23.0, 22.55, 27.0)",13,CCJ2,1,10.0,82,0,0,0,,,,RuntimeError: accessible area not connected
upper_x_22p50,"(22.5, 23.0, 22.55, 27.0)",13,CCJ2,2,10.0,81,0,0,0,,,,RuntimeError: accessible area not connected
upper_x_22p50,"(22.5, 23.0, 22.55, 27.0)",13,CCJ2,3,10.0,84,0,0,0,,,,RuntimeError: accessible area not connected
upper_x_22p50,"(22.5, 23.0, 22.55, 27.0)",13,CCJ2,4,10.0,83,0,0,0,,,,RuntimeError: accessible area not connected
upper_x_22p50,"(22.5, 23.0, 22.55, 27.0)",18,CJ1A,0,10.0,82,0,0,0,,,,RuntimeError: accessible area not connected
upper_x_22p50,"(22.5, 23.0, 22.55, 27.0)",18,CJ1A,1,10.0,82,0,0,0,,,,RuntimeError: accessible area not connected
upper_x_22p50,"(22.5, 23.0, 22.55, 27.0)",18,CJ1A,2,10.0,81,0,0,0,,,,RuntimeError: accessible area not connected
upper_x_22p50,"(22.5, 23.0, 22.55, 27.0)",18,CJ1A,3,10.0,84,0,0,0,,,,RuntimeError: accessible area not connected
upper_x_22p50,"(22.5, 23.0, 22.55, 27.0)",18,CJ1A,4,10.0,83,0,0,0,,,,RuntimeError: accessible area not connected
upper_x_22p50,"(22.5, 23.0, 22.55, 27.0)",15,CJ1B,0,10.0,82,0,0,0,,,,RuntimeError: accessible area not connected
upper_x_22p50,"(22.5, 23.0, 22.55, 27.0)",15,CJ1B,1,10.0,82,0,0,0,,,,RuntimeError: accessible area not connected
upper_x_22p50,"(22.5, 23.0, 22.55, 27.0)",15,CJ1B,2,10.0,81,0,0,0,,,,RuntimeError: accessible area not connected
upper_x_22p50,"(22.5, 23.0, 22.55, 27.0)",15,CJ1B,3,10.0,84,0,0,0,,,,RuntimeError: accessible area not connected
upper_x_22p50,"(22.5, 23.0, 22.55, 27.0)",15,CJ1B,4,10.0,83,0,0,0,,,,RuntimeError: accessible area not connected
upper_x_22p50,"(22.5, 23.0, 22.55, 27.0)",16,CJ1J1,0,10.0,82,0,0,0,,,,RuntimeError: accessible area not connected
upper_x_22p50,"(22.5, 23.0, 22.55, 27.0)",16,CJ1J1,1,10.0,82,0,0,0,,,,RuntimeError: accessible area not connected
upper_x_22p50,"(22.5, 23.0, 22.55, 27.0)",16,CJ1J1,2,10.0,81,0,0,0,,,,RuntimeError: accessible area not connected
upper_x_22p50,"(22.5, 23.0, 22.55, 27.0)",16,CJ1J1,3,10.0,84,0,0,0,,,,RuntimeError: accessible area not connected
upper_x_22p50,"(22.5, 23.0, 22.55, 27.0)",16,CJ1J1,4,10.0,83,0,0,0,,,,RuntimeError: accessible area not connected
upper_x_22p50,"(22.5, 23.0, 22.55, 27.0)",17,CJ1J2,0,10.0,82,0,0,0,,,,RuntimeError: accessible area not connected
upper_x_22p50,"(22.5, 23.0, 22.55, 27.0)",17,CJ1J2,1,10.0,82,0,0,0,,,,RuntimeError: accessible area not connected
upper_x_22p50,"(22.5, 23.0, 22.55, 27.0)",17,CJ1J2,2,10.0,81,0,0,0,,,,RuntimeError: accessible area not connected
upper_x_22p50,"(22.5, 23.0, 22.55, 27.0)",17,CJ1J2,3,10.0,84,0,0,0,,,,RuntimeError: accessible area not connected
upper_x_22p50,"(22.5, 23.0, 22.55, 27.0)",17,CJ1J2,4,10.0,83,0,0,0,,,,RuntimeError: accessible area not connected
upper_x_22p50,"(22.5, 23.0, 22.55, 27.0)",21,CJ3A,0,10.0,82,0,0,0,,,,RuntimeError: accessible area not connected
upper_x_22p50,"(22.5, 23.0, 22.55, 27.0)",21,CJ3A,1,10.0,82,0,0,0,,,,RuntimeError: accessible area not connected
upper_x_22p50,"(22.5, 23.0, 22.55, 27.0)",21,CJ3A,2,10.0,81,0,0,0,,,,RuntimeError: accessible area not connected
upper_x_22p50,"(22.5, 23.0, 22.55, 27.0)",21,CJ3A,3,10.0,84,0,0,0,,,,RuntimeError: accessible area not connected
upper_x_22p50,"(22.5, 23.0, 22.55, 27.0)",21,CJ3A,4,10.0,83,0,0,0,,,,RuntimeError: accessible area not connected
upper_x_22p50,"(22.5, 23.0, 22.55, 27.0)",19,CJ3B,0,10.0,82,0,0,0,,,,RuntimeError: accessible area not connected
upper_x_22p50,"(22.5, 23.0, 22.55, 27.0)",19,CJ3B,1,10.0,82,0,0,0,,,,RuntimeError: accessible area not connected
upper_x_22p50,"(22.5, 23.0, 22.55, 27.0)",19,CJ3B,2,10.0,81,0,0,0,,,,RuntimeError: accessible area not connected
upper_x_22p50,"(22.5, 23.0, 22.55, 27.0)",19,CJ3B,3,10.0,84,0,0,0,,,,RuntimeError: accessible area not connected
upper_x_22p50,"(22.5, 23.0, 22.55, 27.0)",19,CJ3B,4,10.0,83,0,0,0,,,,RuntimeError: accessible area not connected
upper_x_22p50,"(22.5, 23.0, 22.55, 27.0)",20,CJ3J1,0,10.0,82,0,0,0,,,,RuntimeError: accessible area not connected
upper_x_22p50,"(22.5, 23.0, 22.55, 27.0)",20,CJ3J1,1,10.0,82,0,0,0,,,,RuntimeError: accessible area not connected
upper_x_22p50,"(22.5, 23.0, 22.55, 27.0)",20,CJ3J1,2,10.0,81,0,0,0,,,,RuntimeError: accessible area not connected
upper_x_22p50,"(22.5, 23.0, 22.55, 27.0)",20,CJ3J1,3,10.0,84,0,0,0,,,,RuntimeError: accessible area not connected
upper_x_22p50,"(22.5, 23.0, 22.55, 27.0)",20,CJ3J1,4,10.0,83,0,0,0,,,,RuntimeError: accessible area not connected
upper_x_22p50,"(22.5, 23.0, 22.55, 27.0)",25,J2CA,0,10.0,82,0,0,0,,,,RuntimeError: accessible area not connected
upper_x_22p50,"(22.5, 23.0, 22.55, 27.0)",25,J2CA,1,10.0,82,0,0,0,,,,RuntimeError: accessible area not connected
upper_x_22p50,"(22.5, 23.0, 22.55, 27.0)",25,J2CA,2,10.0,81,0,0,0,,,,RuntimeError: accessible area not connected
upper_x_22p50,"(22.5, 23.0, 22.55, 27.0)",25,J2CA,3,10.0,84,0,0,0,,,,RuntimeError: accessible area not connected
upper_x_22p50,"(22.5, 23.0, 22.55, 27.0)",25,J2CA,4,10.0,83,0,0,0,,,,RuntimeError: accessible area not connected
upper_x_22p50,"(22.5, 23.0, 22.55, 27.0)",22,J2CB,0,10.0,82,0,0,0,,,,RuntimeError: accessible area not connected
upper_x_22p50,"(22.5, 23.0, 22.55, 27.0)",22,J2CB,1,10.0,82,0,0,0,,,,RuntimeError: accessible area not connected
upper_x_22p50,"(22.5, 23.0, 22.55, 27.0)",22,J2CB,2,10.0,81,0,0,0,,,,RuntimeError: accessible area not connected
upper_x_22p50,"(22.5, 23.0, 22.55, 27.0)",22,J2CB,3,10.0,84,0,0,0,,,,RuntimeError: accessible area not connected
upper_x_22p50,"(22.5, 23.0, 22.55, 27.0)",22,J2CB,4,10.0,83,0,0,0,,,,RuntimeError: accessible area not connected
upper_x_22p50,"(22.5, 23.0, 22.55, 27.0)",23,J2CJ1,0,10.0,82,0,0,0,,,,RuntimeError: accessible area not connected
upper_x_22p50,"(22.5, 23.0, 22.55, 27.0)",23,J2CJ1,1,10.0,82,0,0,0,,,,RuntimeError: accessible area not connected
upper_x_22p50,"(22.5, 23.0, 22.55, 27.0)",23,J2CJ1,2,10.0,81,0,0,0,,,,RuntimeError: accessible area not connected
upper_x_22p50,"(22.5, 23.0, 22.55, 27.0)",23,J2CJ1,3,10.0,84,0,0,0,,,,RuntimeError: accessible area not connected
upper_x_22p50,"(22.5, 23.0, 22.55, 27.0)",23,J2CJ1,4,10.0,83,0,0,0,,,,RuntimeError: accessible area not connected
upper_x_22p50,"(22.5, 23.0, 22.55, 27.0)",24,J2CJ2,0,10.0,82,0,0,0,,,,RuntimeError: accessible area not connected
upper_x_22p50,"(22.5, 23.0, 22.55, 27.0)",24,J2CJ2,1,10.0,82,0,0,0,,,,RuntimeError: accessible area not connected
upper_x_22p50,"(22.5, 23.0, 22.55, 27.0)",24,J2CJ2,2,10.0,81,0,0,0,,,,RuntimeError: accessible area not connected
upper_x_22p50,"(22.5, 23.0, 22.55, 27.0)",24,J2CJ2,3,10.0,84,0,0,0,,,,RuntimeError: accessible area not connected
upper_x_22p50,"(22.5, 23.0, 22.55, 27.0)",24,J2CJ2,4,10.0,83,0,0,0,,,,RuntimeError: accessible area not connected
upper_x_22p50,"(22.5, 23.0, 22.55, 27.0)",27,J2J3A,0,10.0,82,0,0,0,,,,RuntimeError: accessible area not connected
upper_x_22p50,"(22.5, 23.0, 22.55, 27.0)",27,J2J3A,1,10.0,82,0,0,0,,,,RuntimeError: accessible area not connected
upper_x_22p50,"(22.5, 23.0, 22.55, 27.0)",27,J2J3A,2,10.0,81,0,0,0,,,,RuntimeError: accessible area not connected
upper_x_22p50,"(22.5, 23.0, 22.55, 27.0)",27,J2J3A,3,10.0,84,0,0,0,,,,RuntimeError: accessible area not connected
upper_x_22p50,"(22.5, 23.0, 22.55, 27.0)",27,J2J3A,4,10.0,83,0,0,0,,,,RuntimeError: accessible area not connected
upper_x_22p50,"(22.5, 23.0, 22.55, 27.0)",26,J2J3B,0,10.0,82,0,0,0,,,,RuntimeError: accessible area not connected
upper_x_22p50,"(22.5, 23.0, 22.55, 27.0)",26,J2J3B,1,10.0,82,0,0,0,,,,RuntimeError: accessible area not connected
upper_x_22p50,"(22.5, 23.0, 22.55, 27.0)",26,J2J3B,2,10.0,81,0,0,0,,,,RuntimeError: accessible area not connected
upper_x_22p50,"(22.5, 23.0, 22.55, 27.0)",26,J2J3B,3,10.0,84,0,0,0,,,,RuntimeError: accessible area not connected
upper_x_22p50,"(22.5, 23.0, 22.55, 27.0)",26,J2J3B,4,10.0,83,0,0,0,,,,RuntimeError: accessible area not connected
upper_x_22p50,"(22.5, 23.0, 22.55, 27.0)",30,J3CA,0,10.0,82,0,0,0,,,,RuntimeError: accessible area not connected
upper_x_22p50,"(22.5, 23.0, 22.55, 27.0)",30,J3CA,1,10.0,82,0,0,0,,,,RuntimeError: accessible area not connected
upper_x_22p50,"(22.5, 23.0, 22.55, 27.0)",30,J3CA,2,10.0,81,0,0,0,,,,RuntimeError: accessible area not connected
upper_x_22p50,"(22.5, 23.0, 22.55, 27.0)",30,J3CA,3,10.0,84,0,0,0,,,,RuntimeError: accessible area not connected
upper_x_22p50,"(22.5, 23.0, 22.55, 27.0)",30,J3CA,4,10.0,83,0,0,0,,,,RuntimeError: accessible area not connected
upper_x_22p50,"(22.5, 23.0, 22.55, 27.0)",28,J3CB,0,10.0,82,0,0,0,,,,RuntimeError: accessible area not connected
upper_x_22p50,"(22.5, 23.0, 22.55, 27.0)",28,J3CB,1,10.0,82,0,0,0,,,,RuntimeError: accessible area not connected
upper_x_22p50,"(22.5, 23.0, 22.55, 27.0)",28,J3CB,2,10.0,81,0,0,0,,,,RuntimeError: accessible area not connected
upper_x_22p50,"(22.5, 23.0, 22.55, 27.0)",28,J3CB,3,10.0,84,0,0,0,,,,RuntimeError: accessible area not connected
upper_x_22p50,"(22.5, 23.0, 22.55, 27.0)",28,J3CB,4,10.0,83,0,0,0,,,,RuntimeError: accessible area not connected
upper_x_22p50,"(22.5, 23.0, 22.55, 27.0)",29,J3CJ2,0,10.0,82,0,0,0,,,,RuntimeError: accessible area not connected
upper_x_22p50,"(22.5, 23.0, 22.55, 27.0)",29,J3CJ2,1,10.0,82,0,0,0,,,,RuntimeError: accessible area not connected
upper_x_22p50,"(22.5, 23.0, 22.55, 27.0)",29,J3CJ2,2,10.0,81,0,0,0,,,,RuntimeError: accessible area not connected
upper_x_22p50,"(22.5, 23.0, 22.55, 27.0)",29,J3CJ2,3,10.0,84,0,0,0,,,,RuntimeError: accessible area not connected
upper_x_22p50,"(22.5, 23.0, 22.55, 27.0)",29,J3CJ2,4,10.0,83,0,0,0,,,,RuntimeError: accessible area not connected
upper_x_22p50,"(22.5, 23.0, 22.55, 27.0)",32,J3J1A,0,10.0,82,0,0,0,,,,RuntimeError: accessible area not connected
upper_x_22p50,"(22.5, 23.0, 22.55, 27.0)",32,J3J1A,1,10.0,82,0,0,0,,,,RuntimeError: accessible area not connected
upper_x_22p50,"(22.5, 23.0, 22.55, 27.0)",32,J3J1A,2,10.0,81,0,0,0,,,,RuntimeError: accessible area not connected
upper_x_22p50,"(22.5, 23.0, 22.55, 27.0)",32,J3J1A,3,10.0,84,0,0,0,,,,RuntimeError: accessible area not connected
upper_x_22p50,"(22.5, 23.0, 22.55, 27.0)",32,J3J1A,4,10.0,83,0,0,0,,,,RuntimeError: accessible area not connected
upper_x_22p50,"(22.5, 23.0, 22.55, 27.0)",31,J3J1B,0,10.0,82,0,0,0,,,,RuntimeError: accessible area not connected
upper_x_22p50,"(22.5, 23.0, 22.55, 27.0)",31,J3J1B,1,10.0,82,0,0,0,,,,RuntimeError: accessible area not connected
upper_x_22p50,"(22.5, 23.0, 22.55, 27.0)",31,J3J1B,2,10.0,81,0,0,0,,,,RuntimeError: accessible area not connected
upper_x_22p50,"(22.5, 23.0, 22.55, 27.0)",31,J3J1B,3,10.0,84,0,0,0,,,,RuntimeError: accessible area not connected
upper_x_22p50,"(22.5, 23.0, 22.55, 27.0)",31,J3J1B,4,10.0,83,0,0,0,,,,RuntimeError: accessible area not connected
upper_x_22p50,"(22.5, 23.0, 22.55, 27.0)",34,J3J3A,0,10.0,82,0,0,0,,,,RuntimeError: accessible area not connected
upper_x_22p50,"(22.5, 23.0, 22.55, 27.0)",34,J3J3A,1,10.0,82,0,0,0,,,,RuntimeError: accessible area not connected
upper_x_22p50,"(22.5, 23.0, 22.55, 27.0)",34,J3J3A,2,10.0,81,0,0,0,,,,RuntimeError: accessible area not connected
upper_x_22p50,"(22.5, 23.0, 22.55, 27.0)",34,J3J3A,3,10.0,84,0,0,0,,,,RuntimeError: accessible area not connected
upper_x_22p50,"(22.5, 23.0, 22.55, 27.0)",34,J3J3A,4,10.0,83,0,0,0,,,,RuntimeError: accessible area not connected
upper_x_22p50,"(22.5, 23.0, 22.55, 27.0)",33,J3J3B,0,10.0,82,0,0,0,,,,RuntimeError: accessible area not connected
upper_x_22p50,"(22.5, 23.0, 22.55, 27.0)",33,J3J3B,1,10.0,82,0,0,0,,,,RuntimeError: accessible area not connected
upper_x_22p50,"(22.5, 23.0, 22.55, 27.0)",33,J3J3B,2,10.0,81,0,0,0,,,,RuntimeError: accessible area not connected
upper_x_22p50,"(22.5, 23.0, 22.55, 27.0)",33,J3J3B,3,10.0,84,0,0,0,,,,RuntimeError: accessible area not connected
upper_x_22p50,"(22.5, 23.0, 22.55, 27.0)",33,J3J3B,4,10.0,83,0,0,0,,,,RuntimeError: accessible area not connected
upper_x_6p50,"(6.5, 23.0, 6.55, 27.0)",3,ACA,0,10.0,82,0,0,2,,,2801|2837,
upper_x_6p50,"(6.5, 23.0, 6.55, 27.0)",3,ACA,1,10.0,82,0,0,1,,,2805,
upper_x_6p50,"(6.5, 23.0, 6.55, 27.0)",3,ACA,2,10.0,81,0,0,0,,,,
upper_x_6p50,"(6.5, 23.0, 6.55, 27.0)",3,ACA,3,10.0,84,0,0,0,,,,
upper_x_6p50,"(6.5, 23.0, 6.55, 27.0)",3,ACA,4,10.0,83,0,0,1,,,2815,
upper_x_6p50,"(6.5, 23.0, 6.55, 27.0)",0,ACB,0,10.0,82,0,0,2,,,1|37,
upper_x_6p50,"(6.5, 23.0, 6.55, 27.0)",0,ACB,1,10.0,82,0,0,1,,,5,
upper_x_6p50,"(6.5, 23.0, 6.55, 27.0)",0,ACB,2,10.0,81,0,0,0,,,,
upper_x_6p50,"(6.5, 23.0, 6.55, 27.0)",0,ACB,3,10.0,84,0,0,0,,,,
upper_x_6p50,"(6.5, 23.0, 6.55, 27.0)",0,ACB,4,10.0,83,0,0,1,,,15,
upper_x_6p50,"(6.5, 23.0, 6.55, 27.0)",1,ACJ1,0,10.0,82,0,1,3,,46,1|37|46,
upper_x_6p50,"(6.5, 23.0, 6.55, 27.0)",1,ACJ1,1,10.0,82,0,0,1,,,5,
upper_x_6p50,"(6.5, 23.0, 6.55, 27.0)",1,ACJ1,2,10.0,81,0,0,1,,,51,
upper_x_6p50,"(6.5, 23.0, 6.55, 27.0)",1,ACJ1,3,10.0,84,0,0,1,,,56,
upper_x_6p50,"(6.5, 23.0, 6.55, 27.0)",1,ACJ1,4,10.0,83,0,0,1,,,15,
upper_x_6p50,"(6.5, 23.0, 6.55, 27.0)",2,ACJ2,0,10.0,82,0,0,2,,,1|37,
upper_x_6p50,"(6.5, 23.0, 6.55, 27.0)",2,ACJ2,1,10.0,82,0,0,1,,,2805,
upper_x_6p50,"(6.5, 23.0, 6.55, 27.0)",2,ACJ2,2,10.0,81,0,0,0,,,,
upper_x_6p50,"(6.5, 23.0, 6.55, 27.0)",2,ACJ2,3,10.0,84,0,0,0,,,,
upper_x_6p50,"(6.5, 23.0, 6.55, 27.0)",2,ACJ2,4,10.0,83,0,0,1,,,2815,
upper_x_6p50,"(6.5, 23.0, 6.55, 27.0)",7,AJ1A,0,10.0,82,0,0,2,,,8401|8437,
upper_x_6p50,"(6.5, 23.0, 6.55, 27.0)",7,AJ1A,1,10.0,82,0,0,1,,,8405,
upper_x_6p50,"(6.5, 23.0, 6.55, 27.0)",7,AJ1A,2,10.0,81,0,0,0,,,,
upper_x_6p50,"(6.5, 23.0, 6.55, 27.0)",7,AJ1A,3,10.0,84,0,0,0,,,,
upper_x_6p50,"(6.5, 23.0, 6.55, 27.0)",7,AJ1A,4,10.0,83,0,0,1,,,8415,
upper_x_6p50,"(6.5, 23.0, 6.55, 27.0)",4,AJ1B,0,10.0,82,0,0,2,,,2801|2837,
upper_x_6p50,"(6.5, 23.0, 6.55, 27.0)",4,AJ1B,1,10.0,82,0,0,1,,,2805,
upper_x_6p50,"(6.5, 23.0, 6.55, 27.0)",4,AJ1B,2,10.0,81,0,0,0,,,,
upper_x_6p50,"(6.5, 23.0, 6.55, 27.0)",4,AJ1B,3,10.0,84,0,0,0,,,,
upper_x_6p50,"(6.5, 23.0, 6.55, 27.0)",4,AJ1B,4,10.0,83,0,0,1,,,5615,
upper_x_6p50,"(6.5, 23.0, 6.55, 27.0)",5,AJ1J1,0,10.0,82,0,1,3,,5646,5601|5637|5646,
upper_x_6p50,"(6.5, 23.0, 6.55, 27.0)",5,AJ1J1,1,10.0,82,0,0,1,,,5605,
upper_x_6p50,"(6.5, 23.0, 6.55, 27.0)",5,AJ1J1,2,10.0,81,0,0,1,,,5651,
upper_x_6p50,"(6.5, 23.0, 6.55, 27.0)",5,AJ1J1,3,10.0,84,0,0,1,,,5656,
upper_x_6p50,"(6.5, 23.0, 6.55, 27.0)",5,AJ1J1,4,10.0,83,0,0,1,,,5615,
upper_x_6p50,"(6.5, 23.0, 6.55, 27.0)",6,AJ1J2,0,10.0,82,0,0,2,,,5601|5637,
upper_x_6p50,"(6.5, 23.0, 6.55, 27.0)",6,AJ1J2,1,10.0,82,0,0,1,,,5605,
upper_x_6p50,"(6.5, 23.0, 6.55, 27.0)",6,AJ1J2,2,10.0,81,0,0,0,,,,
upper_x_6p50,"(6.5, 23.0, 6.55, 27.0)",6,AJ1J2,3,10.0,84,0,0,0,,,,
upper_x_6p50,"(6.5, 23.0, 6.55, 27.0)",6,AJ1J2,4,10.0,83,0,0,1,,,8415,
upper_x_6p50,"(6.5, 23.0, 6.55, 27.0)",10,AJ3A,0,10.0,82,0,0,2,,,11201|11237,
upper_x_6p50,"(6.5, 23.0, 6.55, 27.0)",10,AJ3A,1,10.0,82,0,0,1,,,11205,
upper_x_6p50,"(6.5, 23.0, 6.55, 27.0)",10,AJ3A,2,10.0,81,0,0,0,,,,
upper_x_6p50,"(6.5, 23.0, 6.55, 27.0)",10,AJ3A,3,10.0,84,0,0,0,,,,
upper_x_6p50,"(6.5, 23.0, 6.55, 27.0)",10,AJ3A,4,10.0,83,0,0,1,,,11215,
upper_x_6p50,"(6.5, 23.0, 6.55, 27.0)",8,AJ3B,0,10.0,82,0,0,2,,,8401|8437,
upper_x_6p50,"(6.5, 23.0, 6.55, 27.0)",8,AJ3B,1,10.0,82,0,0,1,,,8405,
upper_x_6p50,"(6.5, 23.0, 6.55, 27.0)",8,AJ3B,2,10.0,81,0,0,0,,,,
upper_x_6p50,"(6.5, 23.0, 6.55, 27.0)",8,AJ3B,3,10.0,84,0,0,0,,,,
upper_x_6p50,"(6.5, 23.0, 6.55, 27.0)",8,AJ3B,4,10.0,83,0,0,1,,,11215,
upper_x_6p50,"(6.5, 23.0, 6.55, 27.0)",9,AJ3J1,0,10.0,82,0,1,3,,11246,11201|11237|11246,
upper_x_6p50,"(6.5, 23.0, 6.55, 27.0)",9,AJ3J1,1,10.0,82,0,0,1,,,11205,
upper_x_6p50,"(6.5, 23.0, 6.55, 27.0)",9,AJ3J1,2,10.0,81,0,0,1,,,11251,
upper_x_6p50,"(6.5, 23.0, 6.55, 27.0)",9,AJ3J1,3,10.0,84,0,0,1,,,11256,
upper_x_6p50,"(6.5, 23.0, 6.55, 27.0)",9,AJ3J1,4,10.0,83,0,0,1,,,11215,
upper_x_6p50,"(6.5, 23.0, 6.55, 27.0)",14,CCA,0,10.0,82,0,0,0,,,,
upper_x_6p50,"(6.5, 23.0, 6.55, 27.0)",14,CCA,1,10.0,82,0,0,0,,,,
upper_x_6p50,"(6.5, 23.0, 6.55, 27.0)",14,CCA,2,10.0,81,0,0,0,,,,
upper_x_6p50,"(6.5, 23.0, 6.55, 27.0)",14,CCA,3,10.0,84,0,0,0,,,,
upper_x_6p50,"(6.5, 23.0, 6.55, 27.0)",14,CCA,4,10.0,83,0,0,0,,,,
upper_x_6p50,"(6.5, 23.0, 6.55, 27.0)",11,CCB,0,10.0,82,0,0,0,,,,
upper_x_6p50,"(6.5, 23.0, 6.55, 27.0)",11,CCB,1,10.0,82,0,0,0,,,,
upper_x_6p50,"(6.5, 23.0, 6.55, 27.0)",11,CCB,2,10.0,81,0,0,0,,,,
upper_x_6p50,"(6.5, 23.0, 6.55, 27.0)",11,CCB,3,10.0,84,0,0,0,,,,
upper_x_6p50,"(6.5, 23.0, 6.55, 27.0)",11,CCB,4,10.0,83,0,0,0,,,,
upper_x_6p50,"(6.5, 23.0, 6.55, 27.0)",12,CCJ1,0,10.0,82,0,1,1,,14046,14046,
upper_x_6p50,"(6.5, 23.0, 6.55, 27.0)",12,CCJ1,1,10.0,82,0,0,0,,,,
upper_x_6p50,"(6.5, 23.0, 6.55, 27.0)",12,CCJ1,2,10.0,81,0,0,1,,,14051,
upper_x_6p50,"(6.5, 23.0, 6.55, 27.0)",12,CCJ1,3,10.0,84,0,0,1,,,14056,
upper_x_6p50,"(6.5, 23.0, 6.55, 27.0)",12,CCJ1,4,10.0,83,0,0,0,,,,
upper_x_6p50,"(6.5, 23.0, 6.55, 27.0)",13,CCJ2,0,10.0,82,0,0,0,,,,
upper_x_6p50,"(6.5, 23.0, 6.55, 27.0)",13,CCJ2,1,10.0,82,0,0,0,,,,
upper_x_6p50,"(6.5, 23.0, 6.55, 27.0)",13,CCJ2,2,10.0,81,0,0,0,,,,
upper_x_6p50,"(6.5, 23.0, 6.55, 27.0)",13,CCJ2,3,10.0,84,0,0,0,,,,
upper_x_6p50,"(6.5, 23.0, 6.55, 27.0)",13,CCJ2,4,10.0,83,0,0,0,,,,
upper_x_6p50,"(6.5, 23.0, 6.55, 27.0)",18,CJ1A,0,10.0,82,0,0,0,,,,
upper_x_6p50,"(6.5, 23.0, 6.55, 27.0)",18,CJ1A,1,10.0,82,0,0,0,,,,
upper_x_6p50,"(6.5, 23.0, 6.55, 27.0)",18,CJ1A,2,10.0,81,0,0,0,,,,
upper_x_6p50,"(6.5, 23.0, 6.55, 27.0)",18,CJ1A,3,10.0,84,0,0,0,,,,
upper_x_6p50,"(6.5, 23.0, 6.55, 27.0)",18,CJ1A,4,10.0,83,0,0,0,,,,
upper_x_6p50,"(6.5, 23.0, 6.55, 27.0)",15,CJ1B,0,10.0,82,0,0,0,,,,
upper_x_6p50,"(6.5, 23.0, 6.55, 27.0)",15,CJ1B,1,10.0,82,0,0,0,,,,
upper_x_6p50,"(6.5, 23.0, 6.55, 27.0)",15,CJ1B,2,10.0,81,0,0,0,,,,
upper_x_6p50,"(6.5, 23.0, 6.55, 27.0)",15,CJ1B,3,10.0,84,0,0,0,,,,
upper_x_6p50,"(6.5, 23.0, 6.55, 27.0)",15,CJ1B,4,10.0,83,0,0,0,,,,
upper_x_6p50,"(6.5, 23.0, 6.55, 27.0)",16,CJ1J1,0,10.0,82,0,1,1,,19646,19646,
upper_x_6p50,"(6.5, 23.0, 6.55, 27.0)",16,CJ1J1,1,10.0,82,0,0,0,,,,
upper_x_6p50,"(6.5, 23.0, 6.55, 27.0)",16,CJ1J1,2,10.0,81,0,0,1,,,19651,
upper_x_6p50,"(6.5, 23.0, 6.55, 27.0)",16,CJ1J1,3,10.0,84,0,0,1,,,19656,
upper_x_6p50,"(6.5, 23.0, 6.55, 27.0)",16,CJ1J1,4,10.0,83,0,0,0,,,,
upper_x_6p50,"(6.5, 23.0, 6.55, 27.0)",17,CJ1J2,0,10.0,82,0,0,0,,,,
upper_x_6p50,"(6.5, 23.0, 6.55, 27.0)",17,CJ1J2,1,10.0,82,0,0,0,,,,
upper_x_6p50,"(6.5, 23.0, 6.55, 27.0)",17,CJ1J2,2,10.0,81,0,0,0,,,,
upper_x_6p50,"(6.5, 23.0, 6.55, 27.0)",17,CJ1J2,3,10.0,84,0,0,0,,,,
upper_x_6p50,"(6.5, 23.0, 6.55, 27.0)",17,CJ1J2,4,10.0,83,0,0,0,,,,
upper_x_6p50,"(6.5, 23.0, 6.55, 27.0)",21,CJ3A,0,10.0,82,0,0,0,,,,
upper_x_6p50,"(6.5, 23.0, 6.55, 27.0)",21,CJ3A,1,10.0,82,0,0,0,,,,
upper_x_6p50,"(6.5, 23.0, 6.55, 27.0)",21,CJ3A,2,10.0,81,0,0,0,,,,
upper_x_6p50,"(6.5, 23.0, 6.55, 27.0)",21,CJ3A,3,10.0,84,0,0,0,,,,
upper_x_6p50,"(6.5, 23.0, 6.55, 27.0)",21,CJ3A,4,10.0,83,0,0,0,,,,
upper_x_6p50,"(6.5, 23.0, 6.55, 27.0)",19,CJ3B,0,10.0,82,0,0,0,,,,
upper_x_6p50,"(6.5, 23.0, 6.55, 27.0)",19,CJ3B,1,10.0,82,0,0,0,,,,
upper_x_6p50,"(6.5, 23.0, 6.55, 27.0)",19,CJ3B,2,10.0,81,0,0,0,,,,
upper_x_6p50,"(6.5, 23.0, 6.55, 27.0)",19,CJ3B,3,10.0,84,0,0,0,,,,
upper_x_6p50,"(6.5, 23.0, 6.55, 27.0)",19,CJ3B,4,10.0,83,0,0,0,,,,
upper_x_6p50,"(6.5, 23.0, 6.55, 27.0)",20,CJ3J1,0,10.0,82,0,1,1,,25246,25246,
upper_x_6p50,"(6.5, 23.0, 6.55, 27.0)",20,CJ3J1,1,10.0,82,0,0,0,,,,
upper_x_6p50,"(6.5, 23.0, 6.55, 27.0)",20,CJ3J1,2,10.0,81,0,0,1,,,25251,
upper_x_6p50,"(6.5, 23.0, 6.55, 27.0)",20,CJ3J1,3,10.0,84,0,0,1,,,25256,
upper_x_6p50,"(6.5, 23.0, 6.55, 27.0)",20,CJ3J1,4,10.0,83,0,0,0,,,,
upper_x_6p50,"(6.5, 23.0, 6.55, 27.0)",25,J2CA,0,10.0,82,0,0,0,,,,
upper_x_6p50,"(6.5, 23.0, 6.55, 27.0)",25,J2CA,1,10.0,82,0,0,0,,,,
upper_x_6p50,"(6.5, 23.0, 6.55, 27.0)",25,J2CA,2,10.0,81,0,0,0,,,,
upper_x_6p50,"(6.5, 23.0, 6.55, 27.0)",25,J2CA,3,10.0,84,0,0,0,,,,
upper_x_6p50,"(6.5, 23.0, 6.55, 27.0)",25,J2CA,4,10.0,83,0,0,0,,,,
upper_x_6p50,"(6.5, 23.0, 6.55, 27.0)",22,J2CB,0,10.0,82,0,0,0,,,,
upper_x_6p50,"(6.5, 23.0, 6.55, 27.0)",22,J2CB,1,10.0,82,0,0,0,,,,
upper_x_6p50,"(6.5, 23.0, 6.55, 27.0)",22,J2CB,2,10.0,81,0,0,0,,,,
upper_x_6p50,"(6.5, 23.0, 6.55, 27.0)",22,J2CB,3,10.0,84,0,0,0,,,,
upper_x_6p50,"(6.5, 23.0, 6.55, 27.0)",22,J2CB,4,10.0,83,0,0,0,,,,
upper_x_6p50,"(6.5, 23.0, 6.55, 27.0)",23,J2CJ1,0,10.0,82,0,1,1,,28046,28046,
upper_x_6p50,"(6.5, 23.0, 6.55, 27.0)",23,J2CJ1,1,10.0,82,0,0,0,,,,
upper_x_6p50,"(6.5, 23.0, 6.55, 27.0)",23,J2CJ1,2,10.0,81,0,0,1,,,28051,
upper_x_6p50,"(6.5, 23.0, 6.55, 27.0)",23,J2CJ1,3,10.0,84,0,0,1,,,28056,
upper_x_6p50,"(6.5, 23.0, 6.55, 27.0)",23,J2CJ1,4,10.0,83,0,0,0,,,,
upper_x_6p50,"(6.5, 23.0, 6.55, 27.0)",24,J2CJ2,0,10.0,82,0,0,0,,,,
upper_x_6p50,"(6.5, 23.0, 6.55, 27.0)",24,J2CJ2,1,10.0,82,0,0,0,,,,
upper_x_6p50,"(6.5, 23.0, 6.55, 27.0)",24,J2CJ2,2,10.0,81,0,0,0,,,,
upper_x_6p50,"(6.5, 23.0, 6.55, 27.0)",24,J2CJ2,3,10.0,84,0,0,0,,,,
upper_x_6p50,"(6.5, 23.0, 6.55, 27.0)",24,J2CJ2,4,10.0,83,0,0,0,,,,
upper_x_6p50,"(6.5, 23.0, 6.55, 27.0)",27,J2J3A,0,10.0,82,0,0,0,,,,
upper_x_6p50,"(6.5, 23.0, 6.55, 27.0)",27,J2J3A,1,10.0,82,0,0,0,,,,
upper_x_6p50,"(6.5, 23.0, 6.55, 27.0)",27,J2J3A,2,10.0,81,0,0,0,,,,
upper_x_6p50,"(6.5, 23.0, 6.55, 27.0)",27,J2J3A,3,10.0,84,0,0,0,,,,
upper_x_6p50,"(6.5, 23.0, 6.55, 27.0)",27,J2J3A,4,10.0,83,0,0,0,,,,
upper_x_6p50,"(6.5, 23.0, 6.55, 27.0)",26,J2J3B,0,10.0,82,0,0,0,,,,
upper_x_6p50,"(6.5, 23.0, 6.55, 27.0)",26,J2J3B,1,10.0,82,0,0,0,,,,
upper_x_6p50,"(6.5, 23.0, 6.55, 27.0)",26,J2J3B,2,10.0,81,0,0,0,,,,
upper_x_6p50,"(6.5, 23.0, 6.55, 27.0)",26,J2J3B,3,10.0,84,0,0,0,,,,
upper_x_6p50,"(6.5, 23.0, 6.55, 27.0)",26,J2J3B,4,10.0,83,0,0,0,,,,
upper_x_6p50,"(6.5, 23.0, 6.55, 27.0)",30,J3CA,0,10.0,82,0,0,2,,,36412|36437,
upper_x_6p50,"(6.5, 23.0, 6.55, 27.0)",30,J3CA,1,10.0,82,0,1,2,,36421,36402|36421,
upper_x_6p50,"(6.5, 23.0, 6.55, 27.0)",30,J3CA,2,10.0,81,0,1,2,,36415,36415|36419,
upper_x_6p50,"(6.5, 23.0, 6.55, 27.0)",30,J3CA,3,10.0,84,0,2,2,,36408|36410,36408|36410,
upper_x_6p50,"(6.5, 23.0, 6.55, 27.0)",30,J3CA,4,10.0,83,0,1,2,,39202,39202|39210,
upper_x_6p50,"(6.5, 23.0, 6.55, 27.0)",28,J3CB,0,10.0,82,0,1,1,,33637,33637,
upper_x_6p50,"(6.5, 23.0, 6.55, 27.0)",28,J3CB,1,10.0,82,0,0,2,,,33602|33621,
upper_x_6p50,"(6.5, 23.0, 6.55, 27.0)",28,J3CB,2,10.0,81,0,1,2,,33615,33615|33619,
upper_x_6p50,"(6.5, 23.0, 6.55, 27.0)",28,J3CB,3,10.0,84,0,2,2,,36408|36410,36408|36410,
upper_x_6p50,"(6.5, 23.0, 6.55, 27.0)",28,J3CB,4,10.0,83,0,0,2,,,36402|36410,
upper_x_6p50,"(6.5, 23.0, 6.55, 27.0)",29,J3CJ2,0,10.0,82,0,1,1,,36437,36437,
upper_x_6p50,"(6.5, 23.0, 6.55, 27.0)",29,J3CJ2,1,10.0,82,0,0,2,,,36402|36421,
upper_x_6p50,"(6.5, 23.0, 6.55, 27.0)",29,J3CJ2,2,10.0,81,0,1,2,,36415,36415|36419,
upper_x_6p50,"(6.5, 23.0, 6.55, 27.0)",29,J3CJ2,3,10.0,84,0,2,2,,36408|36410,36408|36410,
upper_x_6p50,"(6.5, 23.0, 6.55, 27.0)",29,J3CJ2,4,10.0,83,0,0,2,,,36402|36410,
upper_x_6p50,"(6.5, 23.0, 6.55, 27.0)",32,J3J1A,0,10.0,82,0,0,2,,,39212|39237,
upper_x_6p50,"(6.5, 23.0, 6.55, 27.0)",32,J3J1A,1,10.0,82,0,1,2,,39221,39202|39221,
upper_x_6p50,"(6.5, 23.0, 6.55, 27.0)",32,J3J1A,2,10.0,81,0,1,2,,39215,39215|39219,
upper_x_6p50,"(6.5, 23.0, 6.55, 27.0)",32,J3J1A,3,10.0,84,0,2,2,,39208|39210,39208|39210,
upper_x_6p50,"(6.5, 23.0, 6.55, 27.0)",32,J3J1A,4,10.0,83,0,1,2,,39202,39202|39210,
upper_x_6p50,"(6.5, 23.0, 6.55, 27.0)",31,J3J1B,0,10.0,82,0,1,1,,39237,39237,
upper_x_6p50,"(6.5, 23.0, 6.55, 27.0)",31,J3J1B,1,10.0,82,0,0,2,,,39202|39221,
upper_x_6p50,"(6.5, 23.0, 6.55, 27.0)",31,J3J1B,2,10.0,81,0,1,2,,39215,39215|39219,
upper_x_6p50,"(6.5, 23.0, 6.55, 27.0)",31,J3J1B,3,10.0,84,0,2,2,,39208|39210,39208|39210,
upper_x_6p50,"(6.5, 23.0, 6.55, 27.0)",31,J3J1B,4,10.0,83,0,0,2,,,39202|39210,
upper_x_6p50,"(6.5, 23.0, 6.55, 27.0)",34,J3J3A,0,10.0,82,0,0,2,,,42012|42037,
upper_x_6p50,"(6.5, 23.0, 6.55, 27.0)",34,J3J3A,1,10.0,82,0,1,2,,42021,42002|42021,
upper_x_6p50,"(6.5, 23.0, 6.55, 27.0)",34,J3J3A,2,10.0,81,0,1,2,,42015,42015|42019,
upper_x_6p50,"(6.5, 23.0, 6.55, 27.0)",34,J3J3A,3,10.0,84,0,2,2,,42008|42010,42008|42010,
upper_x_6p50,"(6.5, 23.0, 6.55, 27.0)",34,J3J3A,4,10.0,83,0,1,2,,42002,42002|42010,
upper_x_6p50,"(6.5, 23.0, 6.55, 27.0)",33,J3J3B,0,10.0,82,0,1,1,,42037,42037,
upper_x_6p50,"(6.5, 23.0, 6.55, 27.0)",33,J3J3B,1,10.0,82,0,0,2,,,42002|42021,
upper_x_6p50,"(6.5, 23.0, 6.55, 27.0)",33,J3J3B,2,10.0,81,0,1,2,,42015,42015|42019,
upper_x_6p50,"(6.5, 23.0, 6.55, 27.0)",33,J3J3B,3,10.0,84,0,2,2,,42008|42010,42008|42010,
upper_x_6p50,"(6.5, 23.0, 6.55, 27.0)",33,J3J3B,4,10.0,83,0,0,2,,,42002|42010,
upper_x_7p50,"(7.5, 23.0, 7.55, 27.0)",3,ACA,0,10.0,82,0,1,1,,2827,2827,
upper_x_7p50,"(7.5, 23.0, 7.55, 27.0)",3,ACA,1,10.0,82,0,1,1,,2834,2834,
upper_x_7p50,"(7.5, 23.0, 7.55, 27.0)",3,ACA,2,10.0,81,0,0,0,,,,
upper_x_7p50,"(7.5, 23.0, 7.55, 27.0)",3,ACA,3,10.0,84,1,1,1,2828,2828,2828,"RuntimeError: Could not switch the geometry.
The following agents would be outside of the new geometry: 5328
"
upper_x_7p50,"(7.5, 23.0, 7.55, 27.0)",3,ACA,4,10.0,83,0,1,1,,2817,2817,
upper_x_7p50,"(7.5, 23.0, 7.55, 27.0)",0,ACB,0,10.0,82,0,1,1,,27,27,
upper_x_7p50,"(7.5, 23.0, 7.55, 27.0)",0,ACB,1,10.0,82,0,1,1,,34,34,
upper_x_7p50,"(7.5, 23.0, 7.55, 27.0)",0,ACB,2,10.0,81,0,0,0,,,,
upper_x_7p50,"(7.5, 23.0, 7.55, 27.0)",0,ACB,3,10.0,84,1,1,1,28,28,28,"RuntimeError: Could not switch the geometry.
The following agents would be outside of the new geometry: 2528
"
upper_x_7p50,"(7.5, 23.0, 7.55, 27.0)",0,ACB,4,10.0,83,0,1,1,,17,17,
upper_x_7p50,"(7.5, 23.0, 7.55, 27.0)",1,ACJ1,0,10.0,82,0,1,2,,27,27|54,
upper_x_7p50,"(7.5, 23.0, 7.55, 27.0)",1,ACJ1,1,10.0,82,0,1,1,,34,34,
upper_x_7p50,"(7.5, 23.0, 7.55, 27.0)",1,ACJ1,2,10.0,81,0,0,0,,,,
upper_x_7p50,"(7.5, 23.0, 7.55, 27.0)",1,ACJ1,3,10.0,84,1,1,1,28,28,28,"RuntimeError: Could not switch the geometry.
The following agents would be outside of the new geometry: 2528
"
upper_x_7p50,"(7.5, 23.0, 7.55, 27.0)",1,ACJ1,4,10.0,83,1,2,3,60,17|60,17|58|60,"RuntimeError: Could not switch the geometry.
The following agents would be outside of the new geometry: 2560
"
upper_x_7p50,"(7.5, 23.0, 7.55, 27.0)",2,ACJ2,0,10.0,82,0,1,1,,27,27,
upper_x_7p50,"(7.5, 23.0, 7.55, 27.0)",2,ACJ2,1,10.0,82,0,1,1,,2834,2834,
upper_x_7p50,"(7.5, 23.0, 7.55, 27.0)",2,ACJ2,2,10.0,81,0,0,0,,,,
upper_x_7p50,"(7.5, 23.0, 7.55, 27.0)",2,ACJ2,3,10.0,84,1,1,1,2828,2828,2828,"RuntimeError: Could not switch the geometry.
The following agents would be outside of the new geometry: 5328
"
upper_x_7p50,"(7.5, 23.0, 7.55, 27.0)",2,ACJ2,4,10.0,83,0,1,1,,2817,2817,
upper_x_7p50,"(7.5, 23.0, 7.55, 27.0)",7,AJ1A,0,10.0,82,0,1,1,,8427,8427,
upper_x_7p50,"(7.5, 23.0, 7.55, 27.0)",7,AJ1A,1,10.0,82,0,1,1,,8434,8434,
upper_x_7p50,"(7.5, 23.0, 7.55, 27.0)",7,AJ1A,2,10.0,81,0,0,0,,,,
upper_x_7p50,"(7.5, 23.0, 7.55, 27.0)",7,AJ1A,3,10.0,84,1,1,1,8428,8428,8428,"RuntimeError: Could not switch the geometry.
The following agents would be outside of the new geometry: 10928
"
upper_x_7p50,"(7.5, 23.0, 7.55, 27.0)",7,AJ1A,4,10.0,83,0,1,1,,8417,8417,
upper_x_7p50,"(7.5, 23.0, 7.55, 27.0)",4,AJ1B,0,10.0,82,0,1,1,,2827,2827,
upper_x_7p50,"(7.5, 23.0, 7.55, 27.0)",4,AJ1B,1,10.0,82,0,1,1,,2834,2834,
upper_x_7p50,"(7.5, 23.0, 7.55, 27.0)",4,AJ1B,2,10.0,81,0,0,0,,,,
upper_x_7p50,"(7.5, 23.0, 7.55, 27.0)",4,AJ1B,3,10.0,84,1,1,1,5628,5628,5628,"RuntimeError: Could not switch the geometry.
The following agents would be outside of the new geometry: 8128
"
upper_x_7p50,"(7.5, 23.0, 7.55, 27.0)",4,AJ1B,4,10.0,83,0,1,1,,5617,5617,
upper_x_7p50,"(7.5, 23.0, 7.55, 27.0)",5,AJ1J1,0,10.0,82,0,1,2,,5627,5627|5654,
upper_x_7p50,"(7.5, 23.0, 7.55, 27.0)",5,AJ1J1,1,10.0,82,0,1,1,,5634,5634,
upper_x_7p50,"(7.5, 23.0, 7.55, 27.0)",5,AJ1J1,2,10.0,81,0,0,0,,,,
upper_x_7p50,"(7.5, 23.0, 7.55, 27.0)",5,AJ1J1,3,10.0,84,1,1,1,5628,5628,5628,"RuntimeError: Could not switch the geometry.
The following agents would be outside of the new geometry: 8128
"
upper_x_7p50,"(7.5, 23.0, 7.55, 27.0)",5,AJ1J1,4,10.0,83,1,2,3,5660,5617|5660,5617|5658|5660,"RuntimeError: Could not switch the geometry.
The following agents would be outside of the new geometry: 8160
"
upper_x_7p50,"(7.5, 23.0, 7.55, 27.0)",6,AJ1J2,0,10.0,82,0,1,1,,5627,5627,
upper_x_7p50,"(7.5, 23.0, 7.55, 27.0)",6,AJ1J2,1,10.0,82,0,1,1,,5634,5634,
upper_x_7p50,"(7.5, 23.0, 7.55, 27.0)",6,AJ1J2,2,10.0,81,0,0,0,,,,
upper_x_7p50,"(7.5, 23.0, 7.55, 27.0)",6,AJ1J2,3,10.0,84,1,1,1,8428,8428,8428,"RuntimeError: Could not switch the geometry.
The following agents would be outside of the new geometry: 10928
"
upper_x_7p50,"(7.5, 23.0, 7.55, 27.0)",6,AJ1J2,4,10.0,83,0,1,1,,8417,8417,
upper_x_7p50,"(7.5, 23.0, 7.55, 27.0)",10,AJ3A,0,10.0,82,0,1,1,,11227,11227,
upper_x_7p50,"(7.5, 23.0, 7.55, 27.0)",10,AJ3A,1,10.0,82,0,1,1,,11234,11234,
upper_x_7p50,"(7.5, 23.0, 7.55, 27.0)",10,AJ3A,2,10.0,81,0,0,0,,,,
upper_x_7p50,"(7.5, 23.0, 7.55, 27.0)",10,AJ3A,3,10.0,84,1,1,1,11228,11228,11228,"RuntimeError: Could not switch the geometry.
The following agents would be outside of the new geometry: 13728
"
upper_x_7p50,"(7.5, 23.0, 7.55, 27.0)",10,AJ3A,4,10.0,83,0,1,1,,11217,11217,
upper_x_7p50,"(7.5, 23.0, 7.55, 27.0)",8,AJ3B,0,10.0,82,0,1,1,,8427,8427,
upper_x_7p50,"(7.5, 23.0, 7.55, 27.0)",8,AJ3B,1,10.0,82,0,1,1,,8434,8434,
upper_x_7p50,"(7.5, 23.0, 7.55, 27.0)",8,AJ3B,2,10.0,81,0,0,0,,,,
upper_x_7p50,"(7.5, 23.0, 7.55, 27.0)",8,AJ3B,3,10.0,84,1,1,1,8428,8428,8428,"RuntimeError: Could not switch the geometry.
The following agents would be outside of the new geometry: 10928
"
upper_x_7p50,"(7.5, 23.0, 7.55, 27.0)",8,AJ3B,4,10.0,83,0,1,1,,11217,11217,
upper_x_7p50,"(7.5, 23.0, 7.55, 27.0)",9,AJ3J1,0,10.0,82,0,1,2,,11227,11227|11254,
upper_x_7p50,"(7.5, 23.0, 7.55, 27.0)",9,AJ3J1,1,10.0,82,0,1,1,,11234,11234,
upper_x_7p50,"(7.5, 23.0, 7.55, 27.0)",9,AJ3J1,2,10.0,81,0,0,0,,,,
upper_x_7p50,"(7.5, 23.0, 7.55, 27.0)",9,AJ3J1,3,10.0,84,1,1,1,11228,11228,11228,"RuntimeError: Could not switch the geometry.
The following agents would be outside of the new geometry: 13728
"
upper_x_7p50,"(7.5, 23.0, 7.55, 27.0)",9,AJ3J1,4,10.0,83,1,2,3,11260,11217|11260,11217|11258|11260,"RuntimeError: Could not switch the geometry.
The following agents would be outside of the new geometry: 13760
"
upper_x_7p50,"(7.5, 23.0, 7.55, 27.0)",14,CCA,0,10.0,82,0,0,0,,,,
upper_x_7p50,"(7.5, 23.0, 7.55, 27.0)",14,CCA,1,10.0,82,0,0,0,,,,
upper_x_7p50,"(7.5, 23.0, 7.55, 27.0)",14,CCA,2,10.0,81,0,0,0,,,,
upper_x_7p50,"(7.5, 23.0, 7.55, 27.0)",14,CCA,3,10.0,84,0,0,0,,,,
upper_x_7p50,"(7.5, 23.0, 7.55, 27.0)",14,CCA,4,10.0,83,0,0,0,,,,
upper_x_7p50,"(7.5, 23.0, 7.55, 27.0)",11,CCB,0,10.0,82,0,0,0,,,,
upper_x_7p50,"(7.5, 23.0, 7.55, 27.0)",11,CCB,1,10.0,82,0,0,0,,,,
upper_x_7p50,"(7.5, 23.0, 7.55, 27.0)",11,CCB,2,10.0,81,0,0,0,,,,
upper_x_7p50,"(7.5, 23.0, 7.55, 27.0)",11,CCB,3,10.0,84,0,0,0,,,,
upper_x_7p50,"(7.5, 23.0, 7.55, 27.0)",11,CCB,4,10.0,83,0,0,0,,,,
upper_x_7p50,"(7.5, 23.0, 7.55, 27.0)",12,CCJ1,0,10.0,82,0,0,1,,,14054,
upper_x_7p50,"(7.5, 23.0, 7.55, 27.0)",12,CCJ1,1,10.0,82,0,0,0,,,,
upper_x_7p50,"(7.5, 23.0, 7.55, 27.0)",12,CCJ1,2,10.0,81,0,0,0,,,,
upper_x_7p50,"(7.5, 23.0, 7.55, 27.0)",12,CCJ1,3,10.0,84,0,0,0,,,,
upper_x_7p50,"(7.5, 23.0, 7.55, 27.0)",12,CCJ1,4,10.0,83,1,1,2,14060,14060,14058|14060,"RuntimeError: Could not switch the geometry.
The following agents would be outside of the new geometry: 16560
"
upper_x_7p50,"(7.5, 23.0, 7.55, 27.0)",13,CCJ2,0,10.0,82,0,0,0,,,,
upper_x_7p50,"(7.5, 23.0, 7.55, 27.0)",13,CCJ2,1,10.0,82,0,0,0,,,,
upper_x_7p50,"(7.5, 23.0, 7.55, 27.0)",13,CCJ2,2,10.0,81,0,0,0,,,,
upper_x_7p50,"(7.5, 23.0, 7.55, 27.0)",13,CCJ2,3,10.0,84,0,0,0,,,,
upper_x_7p50,"(7.5, 23.0, 7.55, 27.0)",13,CCJ2,4,10.0,83,0,0,0,,,,
upper_x_7p50,"(7.5, 23.0, 7.55, 27.0)",18,CJ1A,0,10.0,82,0,0,0,,,,
upper_x_7p50,"(7.5, 23.0, 7.55, 27.0)",18,CJ1A,1,10.0,82,0,0,0,,,,
upper_x_7p50,"(7.5, 23.0, 7.55, 27.0)",18,CJ1A,2,10.0,81,0,0,0,,,,
upper_x_7p50,"(7.5, 23.0, 7.55, 27.0)",18,CJ1A,3,10.0,84,0,0,0,,,,
upper_x_7p50,"(7.5, 23.0, 7.55, 27.0)",18,CJ1A,4,10.0,83,0,0,0,,,,
upper_x_7p50,"(7.5, 23.0, 7.55, 27.0)",15,CJ1B,0,10.0,82,0,0,0,,,,
upper_x_7p50,"(7.5, 23.0, 7.55, 27.0)",15,CJ1B,1,10.0,82,0,0,0,,,,
upper_x_7p50,"(7.5, 23.0, 7.55, 27.0)",15,CJ1B,2,10.0,81,0,0,0,,,,
upper_x_7p50,"(7.5, 23.0, 7.55, 27.0)",15,CJ1B,3,10.0,84,0,0,0,,,,
upper_x_7p50,"(7.5, 23.0, 7.55, 27.0)",15,CJ1B,4,10.0,83,0,0,0,,,,
upper_x_7p50,"(7.5, 23.0, 7.55, 27.0)",16,CJ1J1,0,10.0,82,0,0,1,,,19654,
upper_x_7p50,"(7.5, 23.0, 7.55, 27.0)",16,CJ1J1,1,10.0,82,0,0,0,,,,
upper_x_7p50,"(7.5, 23.0, 7.55, 27.0)",16,CJ1J1,2,10.0,81,0,0,0,,,,
upper_x_7p50,"(7.5, 23.0, 7.55, 27.0)",16,CJ1J1,3,10.0,84,0,0,0,,,,
upper_x_7p50,"(7.5, 23.0, 7.55, 27.0)",16,CJ1J1,4,10.0,83,1,1,2,19660,19660,19658|19660,"RuntimeError: Could not switch the geometry.
The following agents would be outside of the new geometry: 22160
"
upper_x_7p50,"(7.5, 23.0, 7.55, 27.0)",17,CJ1J2,0,10.0,82,0,0,0,,,,
upper_x_7p50,"(7.5, 23.0, 7.55, 27.0)",17,CJ1J2,1,10.0,82,0,0,0,,,,
upper_x_7p50,"(7.5, 23.0, 7.55, 27.0)",17,CJ1J2,2,10.0,81,0,0,0,,,,
upper_x_7p50,"(7.5, 23.0, 7.55, 27.0)",17,CJ1J2,3,10.0,84,0,0,0,,,,
upper_x_7p50,"(7.5, 23.0, 7.55, 27.0)",17,CJ1J2,4,10.0,83,0,0,0,,,,
upper_x_7p50,"(7.5, 23.0, 7.55, 27.0)",21,CJ3A,0,10.0,82,0,0,0,,,,
upper_x_7p50,"(7.5, 23.0, 7.55, 27.0)",21,CJ3A,1,10.0,82,0,0,0,,,,
upper_x_7p50,"(7.5, 23.0, 7.55, 27.0)",21,CJ3A,2,10.0,81,0,0,0,,,,
upper_x_7p50,"(7.5, 23.0, 7.55, 27.0)",21,CJ3A,3,10.0,84,0,0,0,,,,
upper_x_7p50,"(7.5, 23.0, 7.55, 27.0)",21,CJ3A,4,10.0,83,0,0,0,,,,
upper_x_7p50,"(7.5, 23.0, 7.55, 27.0)",19,CJ3B,0,10.0,82,0,0,0,,,,
upper_x_7p50,"(7.5, 23.0, 7.55, 27.0)",19,CJ3B,1,10.0,82,0,0,0,,,,
upper_x_7p50,"(7.5, 23.0, 7.55, 27.0)",19,CJ3B,2,10.0,81,0,0,0,,,,
upper_x_7p50,"(7.5, 23.0, 7.55, 27.0)",19,CJ3B,3,10.0,84,0,0,0,,,,
upper_x_7p50,"(7.5, 23.0, 7.55, 27.0)",19,CJ3B,4,10.0,83,0,0,0,,,,
upper_x_7p50,"(7.5, 23.0, 7.55, 27.0)",20,CJ3J1,0,10.0,82,0,0,1,,,25254,
upper_x_7p50,"(7.5, 23.0, 7.55, 27.0)",20,CJ3J1,1,10.0,82,0,0,0,,,,
upper_x_7p50,"(7.5, 23.0, 7.55, 27.0)",20,CJ3J1,2,10.0,81,0,0,0,,,,
upper_x_7p50,"(7.5, 23.0, 7.55, 27.0)",20,CJ3J1,3,10.0,84,0,0,0,,,,
upper_x_7p50,"(7.5, 23.0, 7.55, 27.0)",20,CJ3J1,4,10.0,83,1,1,2,25260,25260,25258|25260,"RuntimeError: Could not switch the geometry.
The following agents would be outside of the new geometry: 27760
"
upper_x_7p50,"(7.5, 23.0, 7.55, 27.0)",25,J2CA,0,10.0,82,0,0,0,,,,
upper_x_7p50,"(7.5, 23.0, 7.55, 27.0)",25,J2CA,1,10.0,82,0,0,0,,,,
upper_x_7p50,"(7.5, 23.0, 7.55, 27.0)",25,J2CA,2,10.0,81,0,0,0,,,,
upper_x_7p50,"(7.5, 23.0, 7.55, 27.0)",25,J2CA,3,10.0,84,0,0,0,,,,
upper_x_7p50,"(7.5, 23.0, 7.55, 27.0)",25,J2CA,4,10.0,83,0,0,0,,,,
upper_x_7p50,"(7.5, 23.0, 7.55, 27.0)",22,J2CB,0,10.0,82,0,0,0,,,,
upper_x_7p50,"(7.5, 23.0, 7.55, 27.0)",22,J2CB,1,10.0,82,0,0,0,,,,
upper_x_7p50,"(7.5, 23.0, 7.55, 27.0)",22,J2CB,2,10.0,81,0,0,0,,,,
upper_x_7p50,"(7.5, 23.0, 7.55, 27.0)",22,J2CB,3,10.0,84,0,0,0,,,,
upper_x_7p50,"(7.5, 23.0, 7.55, 27.0)",22,J2CB,4,10.0,83,0,0,0,,,,
upper_x_7p50,"(7.5, 23.0, 7.55, 27.0)",23,J2CJ1,0,10.0,82,0,0,1,,,28054,
upper_x_7p50,"(7.5, 23.0, 7.55, 27.0)",23,J2CJ1,1,10.0,82,0,0,0,,,,
upper_x_7p50,"(7.5, 23.0, 7.55, 27.0)",23,J2CJ1,2,10.0,81,0,0,0,,,,
upper_x_7p50,"(7.5, 23.0, 7.55, 27.0)",23,J2CJ1,3,10.0,84,0,0,0,,,,
upper_x_7p50,"(7.5, 23.0, 7.55, 27.0)",23,J2CJ1,4,10.0,83,1,1,2,28060,28060,28058|28060,"RuntimeError: Could not switch the geometry.
The following agents would be outside of the new geometry: 30560
"
upper_x_7p50,"(7.5, 23.0, 7.55, 27.0)",24,J2CJ2,0,10.0,82,0,0,0,,,,
upper_x_7p50,"(7.5, 23.0, 7.55, 27.0)",24,J2CJ2,1,10.0,82,0,0,0,,,,
upper_x_7p50,"(7.5, 23.0, 7.55, 27.0)",24,J2CJ2,2,10.0,81,0,0,0,,,,
upper_x_7p50,"(7.5, 23.0, 7.55, 27.0)",24,J2CJ2,3,10.0,84,0,0,0,,,,
upper_x_7p50,"(7.5, 23.0, 7.55, 27.0)",24,J2CJ2,4,10.0,83,0,0,0,,,,
upper_x_7p50,"(7.5, 23.0, 7.55, 27.0)",27,J2J3A,0,10.0,82,0,0,0,,,,
upper_x_7p50,"(7.5, 23.0, 7.55, 27.0)",27,J2J3A,1,10.0,82,0,0,0,,,,
upper_x_7p50,"(7.5, 23.0, 7.55, 27.0)",27,J2J3A,2,10.0,81,0,0,0,,,,
upper_x_7p50,"(7.5, 23.0, 7.55, 27.0)",27,J2J3A,3,10.0,84,0,0,0,,,,
upper_x_7p50,"(7.5, 23.0, 7.55, 27.0)",27,J2J3A,4,10.0,83,0,0,0,,,,
upper_x_7p50,"(7.5, 23.0, 7.55, 27.0)",26,J2J3B,0,10.0,82,0,0,0,,,,
upper_x_7p50,"(7.5, 23.0, 7.55, 27.0)",26,J2J3B,1,10.0,82,0,0,0,,,,
upper_x_7p50,"(7.5, 23.0, 7.55, 27.0)",26,J2J3B,2,10.0,81,0,0,0,,,,
upper_x_7p50,"(7.5, 23.0, 7.55, 27.0)",26,J2J3B,3,10.0,84,0,0,0,,,,
upper_x_7p50,"(7.5, 23.0, 7.55, 27.0)",26,J2J3B,4,10.0,83,0,0,0,,,,
upper_x_7p50,"(7.5, 23.0, 7.55, 27.0)",30,J3CA,0,10.0,82,0,2,3,,36401|36428,36401|36427|36428,
upper_x_7p50,"(7.5, 23.0, 7.55, 27.0)",30,J3CA,1,10.0,82,0,2,3,,36412|36434,36405|36412|36434,
upper_x_7p50,"(7.5, 23.0, 7.55, 27.0)",30,J3CA,2,10.0,81,0,1,2,,36436,36408|36436,
upper_x_7p50,"(7.5, 23.0, 7.55, 27.0)",30,J3CA,3,10.0,84,0,1,1,,36428,36428,
upper_x_7p50,"(7.5, 23.0, 7.55, 27.0)",30,J3CA,4,10.0,83,0,2,3,,39217|39232,39215|39217|39232,
upper_x_7p50,"(7.5, 23.0, 7.55, 27.0)",28,J3CB,0,10.0,82,0,1,3,,33628,33601|33627|33628,
upper_x_7p50,"(7.5, 23.0, 7.55, 27.0)",28,J3CB,1,10.0,82,0,3,3,,33605|33612|33634,33605|33612|33634,
upper_x_7p50,"(7.5, 23.0, 7.55, 27.0)",28,J3CB,2,10.0,81,0,1,2,,33636,33608|33636,
upper_x_7p50,"(7.5, 23.0, 7.55, 27.0)",28,J3CB,3,10.0,84,0,0,1,,,36428,
upper_x_7p50,"(7.5, 23.0, 7.55, 27.0)",28,J3CB,4,10.0,83,0,3,3,,36415|36417|36432,36415|36417|36432,
upper_x_7p50,"(7.5, 23.0, 7.55, 27.0)",29,J3CJ2,0,10.0,82,0,1,3,,36428,36401|36427|36428,
upper_x_7p50,"(7.5, 23.0, 7.55, 27.0)",29,J3CJ2,1,10.0,82,0,3,3,,36405|36412|36434,36405|36412|36434,
upper_x_7p50,"(7.5, 23.0, 7.55, 27.0)",29,J3CJ2,2,10.0,81,0,1,2,,36436,36408|36436,
upper_x_7p50,"(7.5, 23.0, 7.55, 27.0)",29,J3CJ2,3,10.0,84,0,0,1,,,36428,
upper_x_7p50,"(7.5, 23.0, 7.55, 27.0)",29,J3CJ2,4,10.0,83,0,3,3,,36415|36417|36432,36415|36417|36432,
upper_x_7p50,"(7.5, 23.0, 7.55, 27.0)",32,J3J1A,0,10.0,82,0,2,3,,39201|39228,39201|39227|39228,
upper_x_7p50,"(7.5, 23.0, 7.55, 27.0)",32,J3J1A,1,10.0,82,0,2,3,,39212|39234,39205|39212|39234,
upper_x_7p50,"(7.5, 23.0, 7.55, 27.0)",32,J3J1A,2,10.0,81,0,1,2,,39236,39208|39236,
upper_x_7p50,"(7.5, 23.0, 7.55, 27.0)",32,J3J1A,3,10.0,84,0,1,1,,39228,39228,
upper_x_7p50,"(7.5, 23.0, 7.55, 27.0)",32,J3J1A,4,10.0,83,0,2,3,,39217|39232,39215|39217|39232,
upper_x_7p50,"(7.5, 23.0, 7.55, 27.0)",31,J3J1B,0,10.0,82,0,1,3,,39228,39201|39227|39228,
upper_x_7p50,"(7.5, 23.0, 7.55, 27.0)",31,J3J1B,1,10.0,82,0,3,3,,39205|39212|39234,39205|39212|39234,
upper_x_7p50,"(7.5, 23.0, 7.55, 27.0)",31,J3J1B,2,10.0,81,0,1,2,,39236,39208|39236,
upper_x_7p50,"(7.5, 23.0, 7.55, 27.0)",31,J3J1B,3,10.0,84,0,0,1,,,39228,
upper_x_7p50,"(7.5, 23.0, 7.55, 27.0)",31,J3J1B,4,10.0,83,0,3,3,,39215|39217|39232,39215|39217|39232,
upper_x_7p50,"(7.5, 23.0, 7.55, 27.0)",34,J3J3A,0,10.0,82,0,2,3,,42001|42028,42001|42027|42028,
upper_x_7p50,"(7.5, 23.0, 7.55, 27.0)",34,J3J3A,1,10.0,82,0,2,3,,42012|42034,42005|42012|42034,
upper_x_7p50,"(7.5, 23.0, 7.55, 27.0)",34,J3J3A,2,10.0,81,0,1,2,,42036,42008|42036,
upper_x_7p50,"(7.5, 23.0, 7.55, 27.0)",34,J3J3A,3,10.0,84,0,1,1,,42028,42028,
upper_x_7p50,"(7.5, 23.0, 7.55, 27.0)",34,J3J3A,4,10.0,83,0,2,3,,42017|42032,42015|42017|42032,
upper_x_7p50,"(7.5, 23.0, 7.55, 27.0)",33,J3J3B,0,10.0,82,0,1,3,,42028,42001|42027|42028,
upper_x_7p50,"(7.5, 23.0, 7.55, 27.0)",33,J3J3B,1,10.0,82,0,3,3,,42005|42012|42034,42005|42012|42034,
upper_x_7p50,"(7.5, 23.0, 7.55, 27.0)",33,J3J3B,2,10.0,81,0,1,2,,42036,42008|42036,
upper_x_7p50,"(7.5, 23.0, 7.55, 27.0)",33,J3J3B,3,10.0,84,0,0,1,,,42028,
upper_x_7p50,"(7.5, 23.0, 7.55, 27.0)",33,J3J3B,4,10.0,83,0,3,3,,42015|42017|42032,42015|42017|42032,
upper_x_8p50,"(8.5, 23.0, 8.55, 27.0)",3,ACA,0,10.0,82,0,1,1,,2814,2814,
upper_x_8p50,"(8.5, 23.0, 8.55, 27.0)",3,ACA,1,10.0,82,0,1,1,,2808,2808,
upper_x_8p50,"(8.5, 23.0, 8.55, 27.0)",3,ACA,2,10.0,81,0,1,1,,2817,2817,
upper_x_8p50,"(8.5, 23.0, 8.55, 27.0)",3,ACA,3,10.0,84,0,0,1,,,2804,
upper_x_8p50,"(8.5, 23.0, 8.55, 27.0)",3,ACA,4,10.0,83,0,1,1,,2809,2809,
upper_x_8p50,"(8.5, 23.0, 8.55, 27.0)",0,ACB,0,10.0,82,0,1,1,,14,14,
upper_x_8p50,"(8.5, 23.0, 8.55, 27.0)",0,ACB,1,10.0,82,0,1,1,,8,8,
upper_x_8p50,"(8.5, 23.0, 8.55, 27.0)",0,ACB,2,10.0,81,0,1,1,,17,17,
upper_x_8p50,"(8.5, 23.0, 8.55, 27.0)",0,ACB,3,10.0,84,0,0,1,,,4,
upper_x_8p50,"(8.5, 23.0, 8.55, 27.0)",0,ACB,4,10.0,83,0,1,1,,9,9,
upper_x_8p50,"(8.5, 23.0, 8.55, 27.0)",1,ACJ1,0,10.0,82,0,1,1,,14,14,
upper_x_8p50,"(8.5, 23.0, 8.55, 27.0)",1,ACJ1,1,10.0,82,0,2,2,,8|45,8|45,
upper_x_8p50,"(8.5, 23.0, 8.55, 27.0)",1,ACJ1,2,10.0,81,0,2,2,,17|56,17|56,
upper_x_8p50,"(8.5, 23.0, 8.55, 27.0)",1,ACJ1,3,10.0,84,0,1,2,,52,4|52,
upper_x_8p50,"(8.5, 23.0, 8.55, 27.0)",1,ACJ1,4,10.0,83,0,1,1,,9,9,
upper_x_8p50,"(8.5, 23.0, 8.55, 27.0)",2,ACJ2,0,10.0,82,0,1,1,,14,14,
upper_x_8p50,"(8.5, 23.0, 8.55, 27.0)",2,ACJ2,1,10.0,82,0,1,1,,2808,2808,
upper_x_8p50,"(8.5, 23.0, 8.55, 27.0)",2,ACJ2,2,10.0,81,0,1,1,,2817,2817,
upper_x_8p50,"(8.5, 23.0, 8.55, 27.0)",2,ACJ2,3,10.0,84,0,0,1,,,2804,
upper_x_8p50,"(8.5, 23.0, 8.55, 27.0)",2,ACJ2,4,10.0,83,0,1,1,,2809,2809,
upper_x_8p50,"(8.5, 23.0, 8.55, 27.0)",7,AJ1A,0,10.0,82,0,1,1,,8414,8414,
upper_x_8p50,"(8.5, 23.0, 8.55, 27.0)",7,AJ1A,1,10.0,82,0,1,1,,8408,8408,
upper_x_8p50,"(8.5, 23.0, 8.55, 27.0)",7,AJ1A,2,10.0,81,0,1,1,,8417,8417,
upper_x_8p50,"(8.5, 23.0, 8.55, 27.0)",7,AJ1A,3,10.0,84,0,0,1,,,8404,
upper_x_8p50,"(8.5, 23.0, 8.55, 27.0)",7,AJ1A,4,10.0,83,0,1,1,,8409,8409,
upper_x_8p50,"(8.5, 23.0, 8.55, 27.0)",4,AJ1B,0,10.0,82,0,1,1,,2814,2814,
upper_x_8p50,"(8.5, 23.0, 8.55, 27.0)",4,AJ1B,1,10.0,82,0,1,1,,2808,2808,
upper_x_8p50,"(8.5, 23.0, 8.55, 27.0)",4,AJ1B,2,10.0,81,0,1,1,,5617,5617,
upper_x_8p50,"(8.5, 23.0, 8.55, 27.0)",4,AJ1B,3,10.0,84,0,0,1,,,5604,
upper_x_8p50,"(8.5, 23.0, 8.55, 27.0)",4,AJ1B,4,10.0,83,0,1,1,,5609,5609,
upper_x_8p50,"(8.5, 23.0, 8.55, 27.0)",5,AJ1J1,0,10.0,82,0,1,1,,5614,5614,
upper_x_8p50,"(8.5, 23.0, 8.55, 27.0)",5,AJ1J1,1,10.0,82,0,2,2,,5608|5645,5608|5645,
upper_x_8p50,"(8.5, 23.0, 8.55, 27.0)",5,AJ1J1,2,10.0,81,0,2,2,,5617|5656,5617|5656,
upper_x_8p50,"(8.5, 23.0, 8.55, 27.0)",5,AJ1J1,3,10.0,84,0,1,2,,5652,5604|5652,
upper_x_8p50,"(8.5, 23.0, 8.55, 27.0)",5,AJ1J1,4,10.0,83,0,1,1,,5609,5609,
upper_x_8p50,"(8.5, 23.0, 8.55, 27.0)",6,AJ1J2,0,10.0,82,0,1,1,,5614,5614,
upper_x_8p50,"(8.5, 23.0, 8.55, 27.0)",6,AJ1J2,1,10.0,82,0,1,1,,5608,5608,
upper_x_8p50,"(8.5, 23.0, 8.55, 27.0)",6,AJ1J2,2,10.0,81,0,1,1,,5617,5617,
upper_x_8p50,"(8.5, 23.0, 8.55, 27.0)",6,AJ1J2,3,10.0,84,0,0,1,,,8404,
upper_x_8p50,"(8.5, 23.0, 8.55, 27.0)",6,AJ1J2,4,10.0,83,0,1,1,,8409,8409,
upper_x_8p50,"(8.5, 23.0, 8.55, 27.0)",10,AJ3A,0,10.0,82,0,1,1,,11214,11214,
upper_x_8p50,"(8.5, 23.0, 8.55, 27.0)",10,AJ3A,1,10.0,82,0,1,1,,11208,11208,
upper_x_8p50,"(8.5, 23.0, 8.55, 27.0)",10,AJ3A,2,10.0,81,0,1,1,,11217,11217,
upper_x_8p50,"(8.5, 23.0, 8.55, 27.0)",10,AJ3A,3,10.0,84,0,0,1,,,11204,
upper_x_8p50,"(8.5, 23.0, 8.55, 27.0)",10,AJ3A,4,10.0,83,0,1,1,,11209,11209,
upper_x_8p50,"(8.5, 23.0, 8.55, 27.0)",8,AJ3B,0,10.0,82,0,1,1,,8414,8414,
upper_x_8p50,"(8.5, 23.0, 8.55, 27.0)",8,AJ3B,1,10.0,82,0,1,1,,8408,8408,
upper_x_8p50,"(8.5, 23.0, 8.55, 27.0)",8,AJ3B,2,10.0,81,0,1,1,,8417,8417,
upper_x_8p50,"(8.5, 23.0, 8.55, 27.0)",8,AJ3B,3,10.0,84,0,0,1,,,8404,
upper_x_8p50,"(8.5, 23.0, 8.55, 27.0)",8,AJ3B,4,10.0,83,0,1,1,,11209,11209,
upper_x_8p50,"(8.5, 23.0, 8.55, 27.0)",9,AJ3J1,0,10.0,82,0,1,1,,11214,11214,
upper_x_8p50,"(8.5, 23.0, 8.55, 27.0)",9,AJ3J1,1,10.0,82,0,2,2,,11208|11245,11208|11245,
upper_x_8p50,"(8.5, 23.0, 8.55, 27.0)",9,AJ3J1,2,10.0,81,0,2,2,,11217|11256,11217|11256,
upper_x_8p50,"(8.5, 23.0, 8.55, 27.0)",9,AJ3J1,3,10.0,84,0,1,2,,11252,11204|11252,
upper_x_8p50,"(8.5, 23.0, 8.55, 27.0)",9,AJ3J1,4,10.0,83,0,1,1,,11209,11209,
upper_x_8p50,"(8.5, 23.0, 8.55, 27.0)",14,CCA,0,10.0,82,0,0,0,,,,
upper_x_8p50,"(8.5, 23.0, 8.55, 27.0)",14,CCA,1,10.0,82,0,0,0,,,,
upper_x_8p50,"(8.5, 23.0, 8.55, 27.0)",14,CCA,2,10.0,81,0,0,0,,,,
upper_x_8p50,"(8.5, 23.0, 8.55, 27.0)",14,CCA,3,10.0,84,0,0,0,,,,
upper_x_8p50,"(8.5, 23.0, 8.55, 27.0)",14,CCA,4,10.0,83,0,0,0,,,,
upper_x_8p50,"(8.5, 23.0, 8.55, 27.0)",11,CCB,0,10.0,82,0,0,0,,,,
upper_x_8p50,"(8.5, 23.0, 8.55, 27.0)",11,CCB,1,10.0,82,0,0,0,,,,
upper_x_8p50,"(8.5, 23.0, 8.55, 27.0)",11,CCB,2,10.0,81,0,0,0,,,,
upper_x_8p50,"(8.5, 23.0, 8.55, 27.0)",11,CCB,3,10.0,84,0,0,0,,,,
upper_x_8p50,"(8.5, 23.0, 8.55, 27.0)",11,CCB,4,10.0,83,0,0,0,,,,
upper_x_8p50,"(8.5, 23.0, 8.55, 27.0)",12,CCJ1,0,10.0,82,0,0,0,,,,
upper_x_8p50,"(8.5, 23.0, 8.55, 27.0)",12,CCJ1,1,10.0,82,0,1,1,,14045,14045,
upper_x_8p50,"(8.5, 23.0, 8.55, 27.0)",12,CCJ1,2,10.0,81,0,1,1,,14056,14056,
upper_x_8p50,"(8.5, 23.0, 8.55, 27.0)",12,CCJ1,3,10.0,84,0,1,1,,14052,14052,
upper_x_8p50,"(8.5, 23.0, 8.55, 27.0)",12,CCJ1,4,10.0,83,0,0,0,,,,
upper_x_8p50,"(8.5, 23.0, 8.55, 27.0)",13,CCJ2,0,10.0,82,0,0,0,,,,
upper_x_8p50,"(8.5, 23.0, 8.55, 27.0)",13,CCJ2,1,10.0,82,0,0,0,,,,
upper_x_8p50,"(8.5, 23.0, 8.55, 27.0)",13,CCJ2,2,10.0,81,0,0,0,,,,
upper_x_8p50,"(8.5, 23.0, 8.55, 27.0)",13,CCJ2,3,10.0,84,0,0,0,,,,
upper_x_8p50,"(8.5, 23.0, 8.55, 27.0)",13,CCJ2,4,10.0,83,0,0,0,,,,
upper_x_8p50,"(8.5, 23.0, 8.55, 27.0)",18,CJ1A,0,10.0,82,0,0,0,,,,
upper_x_8p50,"(8.5, 23.0, 8.55, 27.0)",18,CJ1A,1,10.0,82,0,0,0,,,,
upper_x_8p50,"(8.5, 23.0, 8.55, 27.0)",18,CJ1A,2,10.0,81,0,0,0,,,,
upper_x_8p50,"(8.5, 23.0, 8.55, 27.0)",18,CJ1A,3,10.0,84,0,0,0,,,,
upper_x_8p50,"(8.5, 23.0, 8.55, 27.0)",18,CJ1A,4,10.0,83,0,0,0,,,,
upper_x_8p50,"(8.5, 23.0, 8.55, 27.0)",15,CJ1B,0,10.0,82,0,0,0,,,,
upper_x_8p50,"(8.5, 23.0, 8.55, 27.0)",15,CJ1B,1,10.0,82,0,0,0,,,,
upper_x_8p50,"(8.5, 23.0, 8.55, 27.0)",15,CJ1B,2,10.0,81,0,0,0,,,,
upper_x_8p50,"(8.5, 23.0, 8.55, 27.0)",15,CJ1B,3,10.0,84,0,0,0,,,,
upper_x_8p50,"(8.5, 23.0, 8.55, 27.0)",15,CJ1B,4,10.0,83,0,0,0,,,,
upper_x_8p50,"(8.5, 23.0, 8.55, 27.0)",16,CJ1J1,0,10.0,82,0,0,0,,,,
upper_x_8p50,"(8.5, 23.0, 8.55, 27.0)",16,CJ1J1,1,10.0,82,0,1,1,,19645,19645,
upper_x_8p50,"(8.5, 23.0, 8.55, 27.0)",16,CJ1J1,2,10.0,81,0,1,1,,19656,19656,
upper_x_8p50,"(8.5, 23.0, 8.55, 27.0)",16,CJ1J1,3,10.0,84,0,1,1,,19652,19652,
upper_x_8p50,"(8.5, 23.0, 8.55, 27.0)",16,CJ1J1,4,10.0,83,0,0,0,,,,
upper_x_8p50,"(8.5, 23.0, 8.55, 27.0)",17,CJ1J2,0,10.0,82,0,0,0,,,,
upper_x_8p50,"(8.5, 23.0, 8.55, 27.0)",17,CJ1J2,1,10.0,82,0,0,0,,,,
upper_x_8p50,"(8.5, 23.0, 8.55, 27.0)",17,CJ1J2,2,10.0,81,0,0,0,,,,
upper_x_8p50,"(8.5, 23.0, 8.55, 27.0)",17,CJ1J2,3,10.0,84,0,0,0,,,,
upper_x_8p50,"(8.5, 23.0, 8.55, 27.0)",17,CJ1J2,4,10.0,83,0,0,0,,,,
upper_x_8p50,"(8.5, 23.0, 8.55, 27.0)",21,CJ3A,0,10.0,82,0,0,0,,,,
upper_x_8p50,"(8.5, 23.0, 8.55, 27.0)",21,CJ3A,1,10.0,82,0,0,0,,,,
upper_x_8p50,"(8.5, 23.0, 8.55, 27.0)",21,CJ3A,2,10.0,81,0,0,0,,,,
upper_x_8p50,"(8.5, 23.0, 8.55, 27.0)",21,CJ3A,3,10.0,84,0,0,0,,,,
upper_x_8p50,"(8.5, 23.0, 8.55, 27.0)",21,CJ3A,4,10.0,83,0,0,0,,,,
upper_x_8p50,"(8.5, 23.0, 8.55, 27.0)",19,CJ3B,0,10.0,82,0,0,0,,,,
upper_x_8p50,"(8.5, 23.0, 8.55, 27.0)",19,CJ3B,1,10.0,82,0,0,0,,,,
upper_x_8p50,"(8.5, 23.0, 8.55, 27.0)",19,CJ3B,2,10.0,81,0,0,0,,,,
upper_x_8p50,"(8.5, 23.0, 8.55, 27.0)",19,CJ3B,3,10.0,84,0,0,0,,,,
upper_x_8p50,"(8.5, 23.0, 8.55, 27.0)",19,CJ3B,4,10.0,83,0,0,0,,,,
upper_x_8p50,"(8.5, 23.0, 8.55, 27.0)",20,CJ3J1,0,10.0,82,0,0,0,,,,
upper_x_8p50,"(8.5, 23.0, 8.55, 27.0)",20,CJ3J1,1,10.0,82,0,1,1,,25245,25245,
upper_x_8p50,"(8.5, 23.0, 8.55, 27.0)",20,CJ3J1,2,10.0,81,0,1,1,,25256,25256,
upper_x_8p50,"(8.5, 23.0, 8.55, 27.0)",20,CJ3J1,3,10.0,84,0,1,1,,25252,25252,
upper_x_8p50,"(8.5, 23.0, 8.55, 27.0)",20,CJ3J1,4,10.0,83,0,0,0,,,,
upper_x_8p50,"(8.5, 23.0, 8.55, 27.0)",25,J2CA,0,10.0,82,0,0,0,,,,
upper_x_8p50,"(8.5, 23.0, 8.55, 27.0)",25,J2CA,1,10.0,82,0,0,0,,,,
upper_x_8p50,"(8.5, 23.0, 8.55, 27.0)",25,J2CA,2,10.0,81,0,0,0,,,,
upper_x_8p50,"(8.5, 23.0, 8.55, 27.0)",25,J2CA,3,10.0,84,0,0,0,,,,
upper_x_8p50,"(8.5, 23.0, 8.55, 27.0)",25,J2CA,4,10.0,83,0,0,0,,,,
upper_x_8p50,"(8.5, 23.0, 8.55, 27.0)",22,J2CB,0,10.0,82,0,0,0,,,,
upper_x_8p50,"(8.5, 23.0, 8.55, 27.0)",22,J2CB,1,10.0,82,0,0,0,,,,
upper_x_8p50,"(8.5, 23.0, 8.55, 27.0)",22,J2CB,2,10.0,81,0,0,0,,,,
upper_x_8p50,"(8.5, 23.0, 8.55, 27.0)",22,J2CB,3,10.0,84,0,0,0,,,,
upper_x_8p50,"(8.5, 23.0, 8.55, 27.0)",22,J2CB,4,10.0,83,0,0,0,,,,
upper_x_8p50,"(8.5, 23.0, 8.55, 27.0)",23,J2CJ1,0,10.0,82,0,0,0,,,,
upper_x_8p50,"(8.5, 23.0, 8.55, 27.0)",23,J2CJ1,1,10.0,82,0,1,1,,28045,28045,
upper_x_8p50,"(8.5, 23.0, 8.55, 27.0)",23,J2CJ1,2,10.0,81,0,1,1,,28056,28056,
upper_x_8p50,"(8.5, 23.0, 8.55, 27.0)",23,J2CJ1,3,10.0,84,0,1,1,,28052,28052,
upper_x_8p50,"(8.5, 23.0, 8.55, 27.0)",23,J2CJ1,4,10.0,83,0,0,0,,,,
upper_x_8p50,"(8.5, 23.0, 8.55, 27.0)",24,J2CJ2,0,10.0,82,0,0,0,,,,
upper_x_8p50,"(8.5, 23.0, 8.55, 27.0)",24,J2CJ2,1,10.0,82,0,0,0,,,,
upper_x_8p50,"(8.5, 23.0, 8.55, 27.0)",24,J2CJ2,2,10.0,81,0,0,0,,,,
upper_x_8p50,"(8.5, 23.0, 8.55, 27.0)",24,J2CJ2,3,10.0,84,0,0,0,,,,
upper_x_8p50,"(8.5, 23.0, 8.55, 27.0)",24,J2CJ2,4,10.0,83,0,0,0,,,,
upper_x_8p50,"(8.5, 23.0, 8.55, 27.0)",27,J2J3A,0,10.0,82,0,0,0,,,,
upper_x_8p50,"(8.5, 23.0, 8.55, 27.0)",27,J2J3A,1,10.0,82,0,0,0,,,,
upper_x_8p50,"(8.5, 23.0, 8.55, 27.0)",27,J2J3A,2,10.0,81,0,0,0,,,,
upper_x_8p50,"(8.5, 23.0, 8.55, 27.0)",27,J2J3A,3,10.0,84,0,0,0,,,,
upper_x_8p50,"(8.5, 23.0, 8.55, 27.0)",27,J2J3A,4,10.0,83,0,0,0,,,,
upper_x_8p50,"(8.5, 23.0, 8.55, 27.0)",26,J2J3B,0,10.0,82,0,0,0,,,,
upper_x_8p50,"(8.5, 23.0, 8.55, 27.0)",26,J2J3B,1,10.0,82,0,0,0,,,,
upper_x_8p50,"(8.5, 23.0, 8.55, 27.0)",26,J2J3B,2,10.0,81,0,0,0,,,,
upper_x_8p50,"(8.5, 23.0, 8.55, 27.0)",26,J2J3B,3,10.0,84,0,0,0,,,,
upper_x_8p50,"(8.5, 23.0, 8.55, 27.0)",26,J2J3B,4,10.0,83,0,0,0,,,,
upper_x_8p50,"(8.5, 23.0, 8.55, 27.0)",30,J3CA,0,10.0,82,0,1,3,,36414,36407|36414|36433,
upper_x_8p50,"(8.5, 23.0, 8.55, 27.0)",30,J3CA,1,10.0,82,0,0,1,,,36411,
upper_x_8p50,"(8.5, 23.0, 8.55, 27.0)",30,J3CA,2,10.0,81,0,1,1,,36417,36417,
upper_x_8p50,"(8.5, 23.0, 8.55, 27.0)",30,J3CA,3,10.0,84,0,0,1,,,36404,
upper_x_8p50,"(8.5, 23.0, 8.55, 27.0)",30,J3CA,4,10.0,83,0,0,1,,,39204,
upper_x_8p50,"(8.5, 23.0, 8.55, 27.0)",28,J3CB,0,10.0,82,0,1,3,,33614,33607|33614|33633,
upper_x_8p50,"(8.5, 23.0, 8.55, 27.0)",28,J3CB,1,10.0,82,0,0,1,,,33611,
upper_x_8p50,"(8.5, 23.0, 8.55, 27.0)",28,J3CB,2,10.0,81,0,1,1,,33617,33617,
upper_x_8p50,"(8.5, 23.0, 8.55, 27.0)",28,J3CB,3,10.0,84,0,0,1,,,36404,
upper_x_8p50,"(8.5, 23.0, 8.55, 27.0)",28,J3CB,4,10.0,83,0,0,1,,,36404,
upper_x_8p50,"(8.5, 23.0, 8.55, 27.0)",29,J3CJ2,0,10.0,82,0,1,3,,36414,36407|36414|36433,
upper_x_8p50,"(8.5, 23.0, 8.55, 27.0)",29,J3CJ2,1,10.0,82,0,0,1,,,36411,
upper_x_8p50,"(8.5, 23.0, 8.55, 27.0)",29,J3CJ2,2,10.0,81,0,1,1,,36417,36417,
upper_x_8p50,"(8.5, 23.0, 8.55, 27.0)",29,J3CJ2,3,10.0,84,0,0,1,,,36404,
upper_x_8p50,"(8.5, 23.0, 8.55, 27.0)",29,J3CJ2,4,10.0,83,0,0,1,,,36404,
upper_x_8p50,"(8.5, 23.0, 8.55, 27.0)",32,J3J1A,0,10.0,82,0,1,3,,39214,39207|39214|39233,
upper_x_8p50,"(8.5, 23.0, 8.55, 27.0)",32,J3J1A,1,10.0,82,0,0,1,,,39211,
upper_x_8p50,"(8.5, 23.0, 8.55, 27.0)",32,J3J1A,2,10.0,81,0,1,1,,39217,39217,
upper_x_8p50,"(8.5, 23.0, 8.55, 27.0)",32,J3J1A,3,10.0,84,0,0,1,,,39204,
upper_x_8p50,"(8.5, 23.0, 8.55, 27.0)",32,J3J1A,4,10.0,83,0,0,1,,,39204,
upper_x_8p50,"(8.5, 23.0, 8.55, 27.0)",31,J3J1B,0,10.0,82,0,1,3,,39214,39207|39214|39233,
upper_x_8p50,"(8.5, 23.0, 8.55, 27.0)",31,J3J1B,1,10.0,82,0,0,1,,,39211,
upper_x_8p50,"(8.5, 23.0, 8.55, 27.0)",31,J3J1B,2,10.0,81,0,1,1,,39217,39217,
upper_x_8p50,"(8.5, 23.0, 8.55, 27.0)",31,J3J1B,3,10.0,84,0,0,1,,,39204,
upper_x_8p50,"(8.5, 23.0, 8.55, 27.0)",31,J3J1B,4,10.0,83,0,0,1,,,39204,
upper_x_8p50,"(8.5, 23.0, 8.55, 27.0)",34,J3J3A,0,10.0,82,0,1,3,,42014,42007|42014|42033,
upper_x_8p50,"(8.5, 23.0, 8.55, 27.0)",34,J3J3A,1,10.0,82,0,0,1,,,42011,
upper_x_8p50,"(8.5, 23.0, 8.55, 27.0)",34,J3J3A,2,10.0,81,0,1,1,,42017,42017,
upper_x_8p50,"(8.5, 23.0, 8.55, 27.0)",34,J3J3A,3,10.0,84,0,0,1,,,42004,
upper_x_8p50,"(8.5, 23.0, 8.55, 27.0)",34,J3J3A,4,10.0,83,0,0,1,,,42004,
upper_x_8p50,"(8.5, 23.0, 8.55, 27.0)",33,J3J3B,0,10.0,82,0,1,3,,42014,42007|42014|42033,
upper_x_8p50,"(8.5, 23.0, 8.55, 27.0)",33,J3J3B,1,10.0,82,0,0,1,,,42011,
upper_x_8p50,"(8.5, 23.0, 8.55, 27.0)",33,J3J3B,2,10.0,81,0,1,1,,42017,42017,
upper_x_8p50,"(8.5, 23.0, 8.55, 27.0)",33,J3J3B,3,10.0,84,0,0,1,,,42004,
upper_x_8p50,"(8.5, 23.0, 8.55, 27.0)",33,J3J3B,4,10.0,83,0,0,1,,,42004,
upper_x_9p50,"(9.5, 23.0, 9.55, 27.0)",3,ACA,0,10.0,82,0,0,2,,,2828|2833,
upper_x_9p50,"(9.5, 23.0, 9.55, 27.0)",3,ACA,1,10.0,82,0,0,1,,,2812,
upper_x_9p50,"(9.5, 23.0, 9.55, 27.0)",3,ACA,2,10.0,81,0,1,1,,2838,2838,
upper_x_9p50,"(9.5, 23.0, 9.55, 27.0)",3,ACA,3,10.0,84,0,1,1,,2826,2826,
upper_x_9p50,"(9.5, 23.0, 9.55, 27.0)",3,ACA,4,10.0,83,0,0,2,,,2804|2832,
upper_x_9p50,"(9.5, 23.0, 9.55, 27.0)",0,ACB,0,10.0,82,0,0,2,,,28|33,
upper_x_9p50,"(9.5, 23.0, 9.55, 27.0)",0,ACB,1,10.0,82,0,0,1,,,12,
upper_x_9p50,"(9.5, 23.0, 9.55, 27.0)",0,ACB,2,10.0,81,0,1,1,,38,38,
upper_x_9p50,"(9.5, 23.0, 9.55, 27.0)",0,ACB,3,10.0,84,0,1,1,,26,26,
upper_x_9p50,"(9.5, 23.0, 9.55, 27.0)",0,ACB,4,10.0,83,0,0,2,,,4|32,
upper_x_9p50,"(9.5, 23.0, 9.55, 27.0)",1,ACJ1,0,10.0,82,0,0,2,,,28|33,
upper_x_9p50,"(9.5, 23.0, 9.55, 27.0)",1,ACJ1,1,10.0,82,0,0,1,,,12,
upper_x_9p50,"(9.5, 23.0, 9.55, 27.0)",1,ACJ1,2,10.0,81,0,1,1,,38,38,
upper_x_9p50,"(9.5, 23.0, 9.55, 27.0)",1,ACJ1,3,10.0,84,0,1,1,,26,26,
upper_x_9p50,"(9.5, 23.0, 9.55, 27.0)",1,ACJ1,4,10.0,83,0,0,2,,,4|32,
upper_x_9p50,"(9.5, 23.0, 9.55, 27.0)",2,ACJ2,0,10.0,82,0,0,2,,,28|33,
upper_x_9p50,"(9.5, 23.0, 9.55, 27.0)",2,ACJ2,1,10.0,82,0,0,1,,,2812,
upper_x_9p50,"(9.5, 23.0, 9.55, 27.0)",2,ACJ2,2,10.0,81,0,1,1,,2838,2838,
upper_x_9p50,"(9.5, 23.0, 9.55, 27.0)",2,ACJ2,3,10.0,84,0,1,1,,2826,2826,
upper_x_9p50,"(9.5, 23.0, 9.55, 27.0)",2,ACJ2,4,10.0,83,0,0,2,,,2804|2832,
upper_x_9p50,"(9.5, 23.0, 9.55, 27.0)",7,AJ1A,0,10.0,82,0,0,2,,,8428|8433,
upper_x_9p50,"(9.5, 23.0, 9.55, 27.0)",7,AJ1A,1,10.0,82,0,0,1,,,8412,
upper_x_9p50,"(9.5, 23.0, 9.55, 27.0)",7,AJ1A,2,10.0,81,0,1,1,,8438,8438,
upper_x_9p50,"(9.5, 23.0, 9.55, 27.0)",7,AJ1A,3,10.0,84,0,1,1,,8426,8426,
upper_x_9p50,"(9.5, 23.0, 9.55, 27.0)",7,AJ1A,4,10.0,83,0,0,2,,,8404|8432,
upper_x_9p50,"(9.5, 23.0, 9.55, 27.0)",4,AJ1B,0,10.0,82,0,0,2,,,2828|2833,
upper_x_9p50,"(9.5, 23.0, 9.55, 27.0)",4,AJ1B,1,10.0,82,0,0,1,,,2812,
upper_x_9p50,"(9.5, 23.0, 9.55, 27.0)",4,AJ1B,2,10.0,81,0,1,1,,5638,5638,
upper_x_9p50,"(9.5, 23.0, 9.55, 27.0)",4,AJ1B,3,10.0,84,0,1,1,,5626,5626,
upper_x_9p50,"(9.5, 23.0, 9.55, 27.0)",4,AJ1B,4,10.0,83,0,0,2,,,5604|5632,
upper_x_9p50,"(9.5, 23.0, 9.55, 27.0)",5,AJ1J1,0,10.0,82,0,0,2,,,5628|5633,
upper_x_9p50,"(9.5, 23.0, 9.55, 27.0)",5,AJ1J1,1,10.0,82,0,0,1,,,5612,
upper_x_9p50,"(9.5, 23.0, 9.55, 27.0)",5,AJ1J1,2,10.0,81,0,1,1,,5638,5638,
upper_x_9p50,"(9.5, 23.0, 9.55, 27.0)",5,AJ1J1,3,10.0,84,0,1,1,,5626,5626,
upper_x_9p50,"(9.5, 23.0, 9.55, 27.0)",5,AJ1J1,4,10.0,83,0,0,2,,,5604|5632,
upper_x_9p50,"(9.5, 23.0, 9.55, 27.0)",6,AJ1J2,0,10.0,82,0,0,2,,,5628|5633,
upper_x_9p50,"(9.5, 23.0, 9.55, 27.0)",6,AJ1J2,1,10.0,82,0,0,1,,,5612,
upper_x_9p50,"(9.5, 23.0, 9.55, 27.0)",6,AJ1J2,2,10.0,81,0,1,1,,5638,5638,
upper_x_9p50,"(9.5, 23.0, 9.55, 27.0)",6,AJ1J2,3,10.0,84,0,1,1,,8426,8426,
upper_x_9p50,"(9.5, 23.0, 9.55, 27.0)",6,AJ1J2,4,10.0,83,0,0,2,,,8404|8432,
upper_x_9p50,"(9.5, 23.0, 9.55, 27.0)",10,AJ3A,0,10.0,82,0,0,2,,,11228|11233,
upper_x_9p50,"(9.5, 23.0, 9.55, 27.0)",10,AJ3A,1,10.0,82,0,0,1,,,11212,
upper_x_9p50,"(9.5, 23.0, 9.55, 27.0)",10,AJ3A,2,10.0,81,0,1,1,,11238,11238,
upper_x_9p50,"(9.5, 23.0, 9.55, 27.0)",10,AJ3A,3,10.0,84,0,1,1,,11226,11226,
upper_x_9p50,"(9.5, 23.0, 9.55, 27.0)",10,AJ3A,4,10.0,83,0,0,2,,,11204|11232,
upper_x_9p50,"(9.5, 23.0, 9.55, 27.0)",8,AJ3B,0,10.0,82,0,0,2,,,8428|8433,
upper_x_9p50,"(9.5, 23.0, 9.55, 27.0)",8,AJ3B,1,10.0,82,0,0,1,,,8412,
upper_x_9p50,"(9.5, 23.0, 9.55, 27.0)",8,AJ3B,2,10.0,81,0,1,1,,8438,8438,
upper_x_9p50,"(9.5, 23.0, 9.55, 27.0)",8,AJ3B,3,10.0,84,0,1,1,,8426,8426,
upper_x_9p50,"(9.5, 23.0, 9.55, 27.0)",8,AJ3B,4,10.0,83,0,0,2,,,11204|11232,
upper_x_9p50,"(9.5, 23.0, 9.55, 27.0)",9,AJ3J1,0,10.0,82,0,0,2,,,11228|11233,
upper_x_9p50,"(9.5, 23.0, 9.55, 27.0)",9,AJ3J1,1,10.0,82,0,0,1,,,11212,
upper_x_9p50,"(9.5, 23.0, 9.55, 27.0)",9,AJ3J1,2,10.0,81,0,1,1,,11238,11238,
upper_x_9p50,"(9.5, 23.0, 9.55, 27.0)",9,AJ3J1,3,10.0,84,0,1,1,,11226,11226,
upper_x_9p50,"(9.5, 23.0, 9.55, 27.0)",9,AJ3J1,4,10.0,83,0,0,2,,,11204|11232,
upper_x_9p50,"(9.5, 23.0, 9.55, 27.0)",14,CCA,0,10.0,82,0,0,0,,,,
upper_x_9p50,"(9.5, 23.0, 9.55, 27.0)",14,CCA,1,10.0,82,0,0,0,,,,
upper_x_9p50,"(9.5, 23.0, 9.55, 27.0)",14,CCA,2,10.0,81,0,0,0,,,,
upper_x_9p50,"(9.5, 23.0, 9.55, 27.0)",14,CCA,3,10.0,84,0,0,0,,,,
upper_x_9p50,"(9.5, 23.0, 9.55, 27.0)",14,CCA,4,10.0,83,0,0,0,,,,
upper_x_9p50,"(9.5, 23.0, 9.55, 27.0)",11,CCB,0,10.0,82,0,0,0,,,,
upper_x_9p50,"(9.5, 23.0, 9.55, 27.0)",11,CCB,1,10.0,82,0,0,0,,,,
upper_x_9p50,"(9.5, 23.0, 9.55, 27.0)",11,CCB,2,10.0,81,0,0,0,,,,
upper_x_9p50,"(9.5, 23.0, 9.55, 27.0)",11,CCB,3,10.0,84,0,0,0,,,,
upper_x_9p50,"(9.5, 23.0, 9.55, 27.0)",11,CCB,4,10.0,83,0,0,0,,,,
upper_x_9p50,"(9.5, 23.0, 9.55, 27.0)",12,CCJ1,0,10.0,82,0,0,0,,,,
upper_x_9p50,"(9.5, 23.0, 9.55, 27.0)",12,CCJ1,1,10.0,82,0,0,0,,,,
upper_x_9p50,"(9.5, 23.0, 9.55, 27.0)",12,CCJ1,2,10.0,81,0,0,0,,,,
upper_x_9p50,"(9.5, 23.0, 9.55, 27.0)",12,CCJ1,3,10.0,84,0,0,0,,,,
upper_x_9p50,"(9.5, 23.0, 9.55, 27.0)",12,CCJ1,4,10.0,83,0,0,0,,,,
upper_x_9p50,"(9.5, 23.0, 9.55, 27.0)",13,CCJ2,0,10.0,82,0,0,0,,,,
upper_x_9p50,"(9.5, 23.0, 9.55, 27.0)",13,CCJ2,1,10.0,82,0,0,0,,,,
upper_x_9p50,"(9.5, 23.0, 9.55, 27.0)",13,CCJ2,2,10.0,81,0,0,0,,,,
upper_x_9p50,"(9.5, 23.0, 9.55, 27.0)",13,CCJ2,3,10.0,84,0,0,0,,,,
upper_x_9p50,"(9.5, 23.0, 9.55, 27.0)",13,CCJ2,4,10.0,83,0,0,0,,,,
upper_x_9p50,"(9.5, 23.0, 9.55, 27.0)",18,CJ1A,0,10.0,82,0,0,0,,,,
upper_x_9p50,"(9.5, 23.0, 9.55, 27.0)",18,CJ1A,1,10.0,82,0,0,0,,,,
upper_x_9p50,"(9.5, 23.0, 9.55, 27.0)",18,CJ1A,2,10.0,81,0,0,0,,,,
upper_x_9p50,"(9.5, 23.0, 9.55, 27.0)",18,CJ1A,3,10.0,84,0,0,0,,,,
upper_x_9p50,"(9.5, 23.0, 9.55, 27.0)",18,CJ1A,4,10.0,83,0,0,0,,,,
upper_x_9p50,"(9.5, 23.0, 9.55, 27.0)",15,CJ1B,0,10.0,82,0,0,0,,,,
upper_x_9p50,"(9.5, 23.0, 9.55, 27.0)",15,CJ1B,1,10.0,82,0,0,0,,,,
upper_x_9p50,"(9.5, 23.0, 9.55, 27.0)",15,CJ1B,2,10.0,81,0,0,0,,,,
upper_x_9p50,"(9.5, 23.0, 9.55, 27.0)",15,CJ1B,3,10.0,84,0,0,0,,,,
upper_x_9p50,"(9.5, 23.0, 9.55, 27.0)",15,CJ1B,4,10.0,83,0,0,0,,,,
upper_x_9p50,"(9.5, 23.0, 9.55, 27.0)",16,CJ1J1,0,10.0,82,0,0,0,,,,
upper_x_9p50,"(9.5, 23.0, 9.55, 27.0)",16,CJ1J1,1,10.0,82,0,0,0,,,,
upper_x_9p50,"(9.5, 23.0, 9.55, 27.0)",16,CJ1J1,2,10.0,81,0,0,0,,,,
upper_x_9p50,"(9.5, 23.0, 9.55, 27.0)",16,CJ1J1,3,10.0,84,0,0,0,,,,
upper_x_9p50,"(9.5, 23.0, 9.55, 27.0)",16,CJ1J1,4,10.0,83,0,0,0,,,,
upper_x_9p50,"(9.5, 23.0, 9.55, 27.0)",17,CJ1J2,0,10.0,82,0,0,0,,,,
upper_x_9p50,"(9.5, 23.0, 9.55, 27.0)",17,CJ1J2,1,10.0,82,0,0,0,,,,
upper_x_9p50,"(9.5, 23.0, 9.55, 27.0)",17,CJ1J2,2,10.0,81,0,0,0,,,,
upper_x_9p50,"(9.5, 23.0, 9.55, 27.0)",17,CJ1J2,3,10.0,84,0,0,0,,,,
upper_x_9p50,"(9.5, 23.0, 9.55, 27.0)",17,CJ1J2,4,10.0,83,0,0,0,,,,
upper_x_9p50,"(9.5, 23.0, 9.55, 27.0)",21,CJ3A,0,10.0,82,0,0,0,,,,
upper_x_9p50,"(9.5, 23.0, 9.55, 27.0)",21,CJ3A,1,10.0,82,0,0,0,,,,
upper_x_9p50,"(9.5, 23.0, 9.55, 27.0)",21,CJ3A,2,10.0,81,0,0,0,,,,
upper_x_9p50,"(9.5, 23.0, 9.55, 27.0)",21,CJ3A,3,10.0,84,0,0,0,,,,
upper_x_9p50,"(9.5, 23.0, 9.55, 27.0)",21,CJ3A,4,10.0,83,0,0,0,,,,
upper_x_9p50,"(9.5, 23.0, 9.55, 27.0)",19,CJ3B,0,10.0,82,0,0,0,,,,
upper_x_9p50,"(9.5, 23.0, 9.55, 27.0)",19,CJ3B,1,10.0,82,0,0,0,,,,
upper_x_9p50,"(9.5, 23.0, 9.55, 27.0)",19,CJ3B,2,10.0,81,0,0,0,,,,
upper_x_9p50,"(9.5, 23.0, 9.55, 27.0)",19,CJ3B,3,10.0,84,0,0,0,,,,
upper_x_9p50,"(9.5, 23.0, 9.55, 27.0)",19,CJ3B,4,10.0,83,0,0,0,,,,
upper_x_9p50,"(9.5, 23.0, 9.55, 27.0)",20,CJ3J1,0,10.0,82,0,0,0,,,,
upper_x_9p50,"(9.5, 23.0, 9.55, 27.0)",20,CJ3J1,1,10.0,82,0,0,0,,,,
upper_x_9p50,"(9.5, 23.0, 9.55, 27.0)",20,CJ3J1,2,10.0,81,0,0,0,,,,
upper_x_9p50,"(9.5, 23.0, 9.55, 27.0)",20,CJ3J1,3,10.0,84,0,0,0,,,,
upper_x_9p50,"(9.5, 23.0, 9.55, 27.0)",20,CJ3J1,4,10.0,83,0,0,0,,,,
upper_x_9p50,"(9.5, 23.0, 9.55, 27.0)",25,J2CA,0,10.0,82,0,0,0,,,,
upper_x_9p50,"(9.5, 23.0, 9.55, 27.0)",25,J2CA,1,10.0,82,0,0,0,,,,
upper_x_9p50,"(9.5, 23.0, 9.55, 27.0)",25,J2CA,2,10.0,81,0,0,0,,,,
upper_x_9p50,"(9.5, 23.0, 9.55, 27.0)",25,J2CA,3,10.0,84,0,0,0,,,,
upper_x_9p50,"(9.5, 23.0, 9.55, 27.0)",25,J2CA,4,10.0,83,0,0,0,,,,
upper_x_9p50,"(9.5, 23.0, 9.55, 27.0)",22,J2CB,0,10.0,82,0,0,0,,,,
upper_x_9p50,"(9.5, 23.0, 9.55, 27.0)",22,J2CB,1,10.0,82,0,0,0,,,,
upper_x_9p50,"(9.5, 23.0, 9.55, 27.0)",22,J2CB,2,10.0,81,0,0,0,,,,
upper_x_9p50,"(9.5, 23.0, 9.55, 27.0)",22,J2CB,3,10.0,84,0,0,0,,,,
upper_x_9p50,"(9.5, 23.0, 9.55, 27.0)",22,J2CB,4,10.0,83,0,0,0,,,,
upper_x_9p50,"(9.5, 23.0, 9.55, 27.0)",23,J2CJ1,0,10.0,82,0,0,0,,,,
upper_x_9p50,"(9.5, 23.0, 9.55, 27.0)",23,J2CJ1,1,10.0,82,0,0,0,,,,
upper_x_9p50,"(9.5, 23.0, 9.55, 27.0)",23,J2CJ1,2,10.0,81,0,0,0,,,,
upper_x_9p50,"(9.5, 23.0, 9.55, 27.0)",23,J2CJ1,3,10.0,84,0,0,0,,,,
upper_x_9p50,"(9.5, 23.0, 9.55, 27.0)",23,J2CJ1,4,10.0,83,0,0,0,,,,
upper_x_9p50,"(9.5, 23.0, 9.55, 27.0)",24,J2CJ2,0,10.0,82,0,0,0,,,,
upper_x_9p50,"(9.5, 23.0, 9.55, 27.0)",24,J2CJ2,1,10.0,82,0,0,0,,,,
upper_x_9p50,"(9.5, 23.0, 9.55, 27.0)",24,J2CJ2,2,10.0,81,0,0,0,,,,
upper_x_9p50,"(9.5, 23.0, 9.55, 27.0)",24,J2CJ2,3,10.0,84,0,0,0,,,,
upper_x_9p50,"(9.5, 23.0, 9.55, 27.0)",24,J2CJ2,4,10.0,83,0,0,0,,,,
upper_x_9p50,"(9.5, 23.0, 9.55, 27.0)",27,J2J3A,0,10.0,82,0,0,0,,,,
upper_x_9p50,"(9.5, 23.0, 9.55, 27.0)",27,J2J3A,1,10.0,82,0,0,0,,,,
upper_x_9p50,"(9.5, 23.0, 9.55, 27.0)",27,J2J3A,2,10.0,81,0,0,0,,,,
upper_x_9p50,"(9.5, 23.0, 9.55, 27.0)",27,J2J3A,3,10.0,84,0,0,0,,,,
upper_x_9p50,"(9.5, 23.0, 9.55, 27.0)",27,J2J3A,4,10.0,83,0,0,0,,,,
upper_x_9p50,"(9.5, 23.0, 9.55, 27.0)",26,J2J3B,0,10.0,82,0,0,0,,,,
upper_x_9p50,"(9.5, 23.0, 9.55, 27.0)",26,J2J3B,1,10.0,82,0,0,0,,,,
upper_x_9p50,"(9.5, 23.0, 9.55, 27.0)",26,J2J3B,2,10.0,81,0,0,0,,,,
upper_x_9p50,"(9.5, 23.0, 9.55, 27.0)",26,J2J3B,3,10.0,84,0,0,0,,,,
upper_x_9p50,"(9.5, 23.0, 9.55, 27.0)",26,J2J3B,4,10.0,83,0,0,0,,,,
upper_x_9p50,"(9.5, 23.0, 9.55, 27.0)",30,J3CA,0,10.0,82,1,1,1,36424,36424,36424,"RuntimeError: Could not switch the geometry.
The following agents would be outside of the new geometry: 39124
"
upper_x_9p50,"(9.5, 23.0, 9.55, 27.0)",30,J3CA,1,10.0,82,0,0,1,,,36438,
upper_x_9p50,"(9.5, 23.0, 9.55, 27.0)",30,J3CA,2,10.0,81,1,1,1,36438,36438,36438,"RuntimeError: Could not switch the geometry.
The following agents would be outside of the new geometry: 39138
"
upper_x_9p50,"(9.5, 23.0, 9.55, 27.0)",30,J3CA,3,10.0,84,0,2,2,,36420|36421,36420|36421,
upper_x_9p50,"(9.5, 23.0, 9.55, 27.0)",30,J3CA,4,10.0,83,0,0,0,,,,
upper_x_9p50,"(9.5, 23.0, 9.55, 27.0)",28,J3CB,0,10.0,82,1,1,1,33624,33624,33624,"RuntimeError: Could not switch the geometry.
The following agents would be outside of the new geometry: 36324
"
upper_x_9p50,"(9.5, 23.0, 9.55, 27.0)",28,J3CB,1,10.0,82,0,0,1,,,33638,
upper_x_9p50,"(9.5, 23.0, 9.55, 27.0)",28,J3CB,2,10.0,81,1,1,1,33638,33638,33638,"RuntimeError: Could not switch the geometry.
The following agents would be outside of the new geometry: 36338
"
upper_x_9p50,"(9.5, 23.0, 9.55, 27.0)",28,J3CB,3,10.0,84,0,2,2,,36420|36421,36420|36421,
upper_x_9p50,"(9.5, 23.0, 9.55, 27.0)",28,J3CB,4,10.0,83,0,0,0,,,,
upper_x_9p50,"(9.5, 23.0, 9.55, 27.0)",29,J3CJ2,0,10.0,82,1,1,1,36424,36424,36424,"RuntimeError: Could not switch the geometry.
The following agents would be outside of the new geometry: 39124
"
upper_x_9p50,"(9.5, 23.0, 9.55, 27.0)",29,J3CJ2,1,10.0,82,0,0,1,,,36438,
upper_x_9p50,"(9.5, 23.0, 9.55, 27.0)",29,J3CJ2,2,10.0,81,1,1,1,36438,36438,36438,"RuntimeError: Could not switch the geometry.
The following agents would be outside of the new geometry: 39138
"
upper_x_9p50,"(9.5, 23.0, 9.55, 27.0)",29,J3CJ2,3,10.0,84,0,2,2,,36420|36421,36420|36421,
upper_x_9p50,"(9.5, 23.0, 9.55, 27.0)",29,J3CJ2,4,10.0,83,0,0,0,,,,
upper_x_9p50,"(9.5, 23.0, 9.55, 27.0)",32,J3J1A,0,10.0,82,1,1,1,39224,39224,39224,"RuntimeError: Could not switch the geometry.
The following agents would be outside of the new geometry: 41924
"
upper_x_9p50,"(9.5, 23.0, 9.55, 27.0)",32,J3J1A,1,10.0,82,0,0,1,,,39238,
upper_x_9p50,"(9.5, 23.0, 9.55, 27.0)",32,J3J1A,2,10.0,81,1,1,1,39238,39238,39238,"RuntimeError: Could not switch the geometry.
The following agents would be outside of the new geometry: 41938
"
upper_x_9p50,"(9.5, 23.0, 9.55, 27.0)",32,J3J1A,3,10.0,84,0,2,2,,39220|39221,39220|39221,
upper_x_9p50,"(9.5, 23.0, 9.55, 27.0)",32,J3J1A,4,10.0,83,0,0,0,,,,
upper_x_9p50,"(9.5, 23.0, 9.55, 27.0)",31,J3J1B,0,10.0,82,1,1,1,39224,39224,39224,"RuntimeError: Could not switch the geometry.
The following agents would be outside of the new geometry: 41924
"
upper_x_9p50,"(9.5, 23.0, 9.55, 27.0)",31,J3J1B,1,10.0,82,0,0,1,,,39238,
upper_x_9p50,"(9.5, 23.0, 9.55, 27.0)",31,J3J1B,2,10.0,81,1,1,1,39238,39238,39238,"RuntimeError: Could not switch the geometry.
The following agents would be outside of the new geometry: 41938
"
upper_x_9p50,"(9.5, 23.0, 9.55, 27.0)",31,J3J1B,3,10.0,84,0,2,2,,39220|39221,39220|39221,
upper_x_9p50,"(9.5, 23.0, 9.55, 27.0)",31,J3J1B,4,10.0,83,0,0,0,,,,
upper_x_9p50,"(9.5, 23.0, 9.55, 27.0)",34,J3J3A,0,10.0,82,1,1,1,42024,42024,42024,"RuntimeError: Could not switch the geometry.
The following agents would be outside of the new geometry: 44724
"
upper_x_9p50,"(9.5, 23.0, 9.55, 27.0)",34,J3J3A,1,10.0,82,0,0,1,,,42038,
upper_x_9p50,"(9.5, 23.0, 9.55, 27.0)",34,J3J3A,2,10.0,81,1,1,1,42038,42038,42038,"RuntimeError: Could not switch the geometry.
The following agents would be outside of the new geometry: 44738
"
upper_x_9p50,"(9.5, 23.0, 9.55, 27.0)",34,J3J3A,3,10.0,84,0,2,2,,42020|42021,42020|42021,
upper_x_9p50,"(9.5, 23.0, 9.55, 27.0)",34,J3J3A,4,10.0,83,0,0,0,,,,
upper_x_9p50,"(9.5, 23.0, 9.55, 27.0)",33,J3J3B,0,10.0,82,1,1,1,42024,42024,42024,"RuntimeError: Could not switch the geometry.
The following agents would be outside of the new geometry: 44724
"
upper_x_9p50,"(9.5, 23.0, 9.55, 27.0)",33,J3J3B,1,10.0,82,0,0,1,,,42038,
upper_x_9p50,"(9.5, 23.0, 9.55, 27.0)",33,J3J3B,2,10.0,81,1,1,1,42038,42038,42038,"RuntimeError: Could not switch the geometry.
The following agents would be outside of the new geometry: 44738
"
upper_x_9p50,"(9.5, 23.0, 9.55, 27.0)",33,J3J3B,3,10.0,84,0,2,2,,42020|42021,42020|42021,
upper_x_9p50,"(9.5, 23.0, 9.55, 27.0)",33,J3J3B,4,10.0,83,0,0,0,,,,
