cut,bounds,policy_action,pre_policy,seed,snapshot_time,agents_present,center_hits,body_intersections_r0p2,nearby_within_0p4,center_hit_ids,body_hit_ids,nearby_ids,switch_error
lower_x_10p00,"(10.0, 17.0, 10.05, 19.0)",3,ACA,0,10.0,82,0,0,0,,,,
lower_x_10p00,"(10.0, 17.0, 10.05, 19.0)",3,ACA,1,10.0,82,0,0,0,,,,
lower_x_10p00,"(10.0, 17.0, 10.05, 19.0)",3,ACA,2,10.0,81,0,0,0,,,,
lower_x_10p00,"(10.0, 17.0, 10.05, 19.0)",3,ACA,3,10.0,84,0,0,0,,,,
lower_x_10p00,"(10.0, 17.0, 10.05, 19.0)",3,ACA,4,10.0,83,0,0,0,,,,
lower_x_10p00,"(10.0, 17.0, 10.05, 19.0)",0,ACB,0,10.0,82,0,0,0,,,,
lower_x_10p00,"(10.0, 17.0, 10.05, 19.0)",0,ACB,1,10.0,82,0,0,0,,,,
lower_x_10p00,"(10.0, 17.0, 10.05, 19.0)",0,ACB,2,10.0,81,0,0,0,,,,
lower_x_10p00,"(10.0, 17.0, 10.05, 19.0)",0,ACB,3,10.0,84,0,0,0,,,,
lower_x_10p00,"(10.0, 17.0, 10.05, 19.0)",0,ACB,4,10.0,83,0,0,0,,,,
lower_x_10p00,"(10.0, 17.0, 10.05, 19.0)",1,ACJ1,0,10.0,82,0,0,0,,,,
lower_x_10p00,"(10.0, 17.0, 10.05, 19.0)",1,ACJ1,1,10.0,82,0,0,0,,,,
lower_x_10p00,"(10.0, 17.0, 10.05, 19.0)",1,ACJ1,2,10.0,81,0,0,0,,,,
lower_x_10p00,"(10.0, 17.0, 10.05, 19.0)",1,ACJ1,3,10.0,84,0,0,0,,,,
lower_x_10p00,"(10.0, 17.0, 10.05, 19.0)",1,ACJ1,4,10.0,83,0,0,0,,,,
lower_x_10p00,"(10.0, 17.0, 10.05, 19.0)",2,ACJ2,0,10.0,82,0,0,2,,,41|60,
lower_x_10p00,"(10.0, 17.0, 10.05, 19.0)",2,ACJ2,1,10.0,82,0,1,1,,1159,1159,
lower_x_10p00,"(10.0, 17.0, 10.05, 19.0)",2,ACJ2,2,10.0,81,0,0,1,,,1145,
lower_x_10p00,"(10.0, 17.0, 10.05, 19.0)",2,ACJ2,3,10.0,84,0,0,0,,,,
lower_x_10p00,"(10.0, 17.0, 10.05, 19.0)",2,ACJ2,4,10.0,83,0,0,1,,,1154,
lower_x_10p00,"(10.0, 17.0, 10.05, 19.0)",7,AJ1A,0,10.0,82,0,0,0,,,,
lower_x_10p00,"(10.0, 17.0, 10.05, 19.0)",7,AJ1A,1,10.0,82,0,0,0,,,,
lower_x_10p00,"(10.0, 17.0, 10.05, 19.0)",7,AJ1A,2,10.0,81,0,0,0,,,,
lower_x_10p00,"(10.0, 17.0, 10.05, 19.0)",7,AJ1A,3,10.0,84,0,0,0,,,,
lower_x_10p00,"(10.0, 17.0, 10.05, 19.0)",7,AJ1A,4,10.0,83,0,0,0,,,,
lower_x_10p00,"(10.0, 17.0, 10.05, 19.0)",4,AJ1B,0,10.0,82,0,0,0,,,,
lower_x_10p00,"(10.0, 17.0, 10.05, 19.0)",4,AJ1B,1,10.0,82,0,0,0,,,,
lower_x_10p00,"(10.0, 17.0, 10.05, 19.0)",4,AJ1B,2,10.0,81,0,0,0,,,,
lower_x_10p00,"(10.0, 17.0, 10.05, 19.0)",4,AJ1B,3,10.0,84,0,0,0,,,,
lower_x_10p00,"(10.0, 17.0, 10.05, 19.0)",4,AJ1B,4,10.0,83,0,0,0,,,,
lower_x_10p00,"(10.0, 17.0, 10.05, 19.0)",5,AJ1J1,0,10.0,82,0,0,0,,,,
lower_x_10p00,"(10.0, 17.0, 10.05, 19.0)",5,AJ1J1,1,10.0,82,0,0,0,,,,
lower_x_10p00,"(10.0, 17.0, 10.05, 19.0)",5,AJ1J1,2,10.0,81,0,0,0,,,,
lower_x_10p00,"(10.0, 17.0, 10.05, 19.0)",5,AJ1J1,3,10.0,84,0,0,0,,,,
lower_x_10p00,"(10.0, 17.0, 10.05, 19.0)",5,AJ1J1,4,10.0,83,0,0,0,,,,
lower_x_10p00,"(10.0, 17.0, 10.05, 19.0)",6,AJ1J2,0,10.0,82,0,0,2,,,2241|2260,
lower_x_10p00,"(10.0, 17.0, 10.05, 19.0)",6,AJ1J2,1,10.0,82,0,1,1,,2259,2259,
lower_x_10p00,"(10.0, 17.0, 10.05, 19.0)",6,AJ1J2,2,10.0,81,0,0,1,,,2245,
lower_x_10p00,"(10.0, 17.0, 10.05, 19.0)",6,AJ1J2,3,10.0,84,0,0,0,,,,
lower_x_10p00,"(10.0, 17.0, 10.05, 19.0)",6,AJ1J2,4,10.0,83,0,0,1,,,3354,
lower_x_10p00,"(10.0, 17.0, 10.05, 19.0)",10,AJ3A,0,10.0,82,0,1,1,,4463,4463,
lower_x_10p00,"(10.0, 17.0, 10.05, 19.0)",10,AJ3A,1,10.0,82,0,0,0,,,,
lower_x_10p00,"(10.0, 17.0, 10.05, 19.0)",10,AJ3A,2,10.0,81,1,1,2,4480,4480,4475|4480,"RuntimeError: Could not switch the geometry.
The following agents would be outside of the new geometry: 5280
"
lower_x_10p00,"(10.0, 17.0, 10.05, 19.0)",10,AJ3A,3,10.0,84,0,1,2,,4461,4461|4478,
lower_x_10p00,"(10.0, 17.0, 10.05, 19.0)",10,AJ3A,4,10.0,83,0,0,0,,,,
lower_x_10p00,"(10.0, 17.0, 10.05, 19.0)",8,AJ3B,0,10.0,82,0,1,1,,3363,3363,
lower_x_10p00,"(10.0, 17.0, 10.05, 19.0)",8,AJ3B,1,10.0,82,0,0,0,,,,
lower_x_10p00,"(10.0, 17.0, 10.05, 19.0)",8,AJ3B,2,10.0,81,1,1,1,3380,3380,3380,"RuntimeError: Could not switch the geometry.
The following agents would be outside of the new geometry: 4180
"
lower_x_10p00,"(10.0, 17.0, 10.05, 19.0)",8,AJ3B,3,10.0,84,0,1,2,,3361,3361|3378,
lower_x_10p00,"(10.0, 17.0, 10.05, 19.0)",8,AJ3B,4,10.0,83,0,0,0,,,,
lower_x_10p00,"(10.0, 17.0, 10.05, 19.0)",9,AJ3J1,0,10.0,82,0,1,1,,4463,4463,
lower_x_10p00,"(10.0, 17.0, 10.05, 19.0)",9,AJ3J1,1,10.0,82,0,0,0,,,,
lower_x_10p00,"(10.0, 17.0, 10.05, 19.0)",9,AJ3J1,2,10.0,81,1,1,1,4480,4480,4480,"RuntimeError: Could not switch the geometry.
The following agents would be outside of the new geometry: 5280
"
lower_x_10p00,"(10.0, 17.0, 10.05, 19.0)",9,AJ3J1,3,10.0,84,0,1,1,,4461,4461,
lower_x_10p00,"(10.0, 17.0, 10.05, 19.0)",9,AJ3J1,4,10.0,83,0,0,0,,,,
lower_x_10p00,"(10.0, 17.0, 10.05, 19.0)",14,CCA,0,10.0,82,0,0,0,,,,
lower_x_10p00,"(10.0, 17.0, 10.05, 19.0)",14,CCA,1,10.0,82,0,0,0,,,,
lower_x_10p00,"(10.0, 17.0, 10.05, 19.0)",14,CCA,2,10.0,81,0,0,0,,,,
lower_x_10p00,"(10.0, 17.0, 10.05, 19.0)",14,CCA,3,10.0,84,0,0,0,,,,
lower_x_10p00,"(10.0, 17.0, 10.05, 19.0)",14,CCA,4,10.0,83,0,0,0,,,,
lower_x_10p00,"(10.0, 17.0, 10.05, 19.0)",11,CCB,0,10.0,82,0,0,0,,,,
lower_x_10p00,"(10.0, 17.0, 10.05, 19.0)",11,CCB,1,10.0,82,0,0,0,,,,
lower_x_10p00,"(10.0, 17.0, 10.05, 19.0)",11,CCB,2,10.0,81,0,0,0,,,,
lower_x_10p00,"(10.0, 17.0, 10.05, 19.0)",11,CCB,3,10.0,84,0,0,0,,,,
lower_x_10p00,"(10.0, 17.0, 10.05, 19.0)",11,CCB,4,10.0,83,0,0,0,,,,
lower_x_10p00,"(10.0, 17.0, 10.05, 19.0)",12,CCJ1,0,10.0,82,0,0,0,,,,
lower_x_10p00,"(10.0, 17.0, 10.05, 19.0)",12,CCJ1,1,10.0,82,0,0,0,,,,
lower_x_10p00,"(10.0, 17.0, 10.05, 19.0)",12,CCJ1,2,10.0,81,0,0,0,,,,
lower_x_10p00,"(10.0, 17.0, 10.05, 19.0)",12,CCJ1,3,10.0,84,0,0,0,,,,
lower_x_10p00,"(10.0, 17.0, 10.05, 19.0)",12,CCJ1,4,10.0,83,0,0,0,,,,
lower_x_10p00,"(10.0, 17.0, 10.05, 19.0)",13,CCJ2,0,10.0,82,0,0,2,,,5541|5560,
lower_x_10p00,"(10.0, 17.0, 10.05, 19.0)",13,CCJ2,1,10.0,82,0,1,1,,6659,6659,
lower_x_10p00,"(10.0, 17.0, 10.05, 19.0)",13,CCJ2,2,10.0,81,0,0,1,,,6645,
lower_x_10p00,"(10.0, 17.0, 10.05, 19.0)",13,CCJ2,3,10.0,84,0,0,0,,,,
lower_x_10p00,"(10.0, 17.0, 10.05, 19.0)",13,CCJ2,4,10.0,83,0,0,1,,,6654,
lower_x_10p00,"(10.0, 17.0, 10.05, 19.0)",18,CJ1A,0,10.0,82,0,0,0,,,,
lower_x_10p00,"(10.0, 17.0, 10.05, 19.0)",18,CJ1A,1,10.0,82,0,0,0,,,,
lower_x_10p00,"(10.0, 17.0, 10.05, 19.0)",18,CJ1A,2,10.0,81,0,0,0,,,,
lower_x_10p00,"(10.0, 17.0, 10.05, 19.0)",18,CJ1A,3,10.0,84,0,0,0,,,,
lower_x_10p00,"(10.0, 17.0, 10.05, 19.0)",18,CJ1A,4,10.0,83,0,0,0,,,,
lower_x_10p00,"(10.0, 17.0, 10.05, 19.0)",15,CJ1B,0,10.0,82,0,0,0,,,,
lower_x_10p00,"(10.0, 17.0, 10.05, 19.0)",15,CJ1B,1,10.0,82,0,0,0,,,,
lower_x_10p00,"(10.0, 17.0, 10.05, 19.0)",15,CJ1B,2,10.0,81,0,0,0,,,,
lower_x_10p00,"(10.0, 17.0, 10.05, 19.0)",15,CJ1B,3,10.0,84,0,0,0,,,,
lower_x_10p00,"(10.0, 17.0, 10.05, 19.0)",15,CJ1B,4,10.0,83,0,0,0,,,,
lower_x_10p00,"(10.0, 17.0, 10.05, 19.0)",16,CJ1J1,0,10.0,82,0,0,0,,,,
lower_x_10p00,"(10.0, 17.0, 10.05, 19.0)",16,CJ1J1,1,10.0,82,0,0,0,,,,
lower_x_10p00,"(10.0, 17.0, 10.05, 19.0)",16,CJ1J1,2,10.0,81,0,0,0,,,,
lower_x_10p00,"(10.0, 17.0, 10.05, 19.0)",16,CJ1J1,3,10.0,84,0,0,0,,,,
lower_x_10p00,"(10.0, 17.0, 10.05, 19.0)",16,CJ1J1,4,10.0,83,0,0,0,,,,
lower_x_10p00,"(10.0, 17.0, 10.05, 19.0)",17,CJ1J2,0,10.0,82,0,0,2,,,7741|7760,
lower_x_10p00,"(10.0, 17.0, 10.05, 19.0)",17,CJ1J2,1,10.0,82,0,1,1,,7759,7759,
lower_x_10p00,"(10.0, 17.0, 10.05, 19.0)",17,CJ1J2,2,10.0,81,0,0,1,,,7745,
lower_x_10p00,"(10.0, 17.0, 10.05, 19.0)",17,CJ1J2,3,10.0,84,0,0,0,,,,
lower_x_10p00,"(10.0, 17.0, 10.05, 19.0)",17,CJ1J2,4,10.0,83,0,0,1,,,8854,
lower_x_10p00,"(10.0, 17.0, 10.05, 19.0)",21,CJ3A,0,10.0,82,0,1,1,,9963,9963,
lower_x_10p00,"(10.0, 17.0, 10.05, 19.0)",21,CJ3A,1,10.0,82,0,0,0,,,,
lower_x_10p00,"(10.0, 17.0, 10.05, 19.0)",21,CJ3A,2,10.0,81,1,1,2,9980,9980,9975|9980,"RuntimeError: Could not switch the geometry.
The following agents would be outside of the new geometry: 10780
"
lower_x_10p00,"(10.0, 17.0, 10.05, 19.0)",21,CJ3A,3,10.0,84,0,1,2,,9961,9961|9978,
lower_x_10p00,"(10.0, 17.0, 10.05, 19.0)",21,CJ3A,4,10.0,83,0,0,0,,,,
lower_x_10p00,"(10.0, 17.0, 10.05, 19.0)",19,CJ3B,0,10.0,82,0,1,1,,8863,8863,
lower_x_10p00,"(10.0, 17.0, 10.05, 19.0)",19,CJ3B,1,10.0,82,0,0,0,,,,
lower_x_10p00,"(10.0, 17.0, 10.05, 19.0)",19,CJ3B,2,10.0,81,1,1,1,8880,8880,8880,"RuntimeError: Could not switch the geometry.
The following agents would be outside of the new geometry: 9680
"
lower_x_10p00,"(10.0, 17.0, 10.05, 19.0)",19,CJ3B,3,10.0,84,0,1,2,,8861,8861|8878,
lower_x_10p00,"(10.0, 17.0, 10.05, 19.0)",19,CJ3B,4,10.0,83,0,0,0,,,,
lower_x_10p00,"(10.0, 17.0, 10.05, 19.0)",20,CJ3J1,0,10.0,82,0,1,1,,9963,9963,
lower_x_10p00,"(10.0, 17.0, 10.05, 19.0)",20,CJ3J1,1,10.0,82,0,0,0,,,,
lower_x_10p00,"(10.0, 17.0, 10.05, 19.0)",20,CJ3J1,2,10.0,81,1,1,1,9980,9980,9980,"RuntimeError: Could not switch the geometry.
The following agents would be outside of the new geometry: 10780
"
lower_x_10p00,"(10.0, 17.0, 10.05, 19.0)",20,CJ3J1,3,10.0,84,0,1,1,,9961,9961,
lower_x_10p00,"(10.0, 17.0, 10.05, 19.0)",20,CJ3J1,4,10.0,83,0,0,0,,,,
lower_x_10p00,"(10.0, 17.0, 10.05, 19.0)",25,J2CA,0,10.0,82,0,0,0,,,,
lower_x_10p00,"(10.0, 17.0, 10.05, 19.0)",25,J2CA,1,10.0,82,0,0,0,,,,
lower_x_10p00,"(10.0, 17.0, 10.05, 19.0)",25,J2CA,2,10.0,81,0,0,0,,,,
lower_x_10p00,"(10.0, 17.0, 10.05, 19.0)",25,J2CA,3,10.0,84,0,0,0,,,,
lower_x_10p00,"(10.0, 17.0, 10.05, 19.0)",25,J2CA,4,10.0,83,0,0,0,,,,
lower_x_10p00,"(10.0, 17.0, 10.05, 19.0)",22,J2CB,0,10.0,82,0,0,0,,,,
lower_x_10p00,"(10.0, 17.0, 10.05, 19.0)",22,J2CB,1,10.0,82,0,0,0,,,,
lower_x_10p00,"(10.0, 17.0, 10.05, 19.0)",22,J2CB,2,10.0,81,0,0,0,,,,
lower_x_10p00,"(10.0, 17.0, 10.05, 19.0)",22,J2CB,3,10.0,84,0,0,0,,,,
lower_x_10p00,"(10.0, 17.0, 10.05, 19.0)",22,J2CB,4,10.0,83,0,0,0,,,,
lower_x_10p00,"(10.0, 17.0, 10.05, 19.0)",23,J2CJ1,0,10.0,82,0,0,0,,,,
lower_x_10p00,"(10.0, 17.0, 10.05, 19.0)",23,J2CJ1,1,10.0,82,0,0,0,,,,
lower_x_10p00,"(10.0, 17.0, 10.05, 19.0)",23,J2CJ1,2,10.0,81,0,0,0,,,,
lower_x_10p00,"(10.0, 17.0, 10.05, 19.0)",23,J2CJ1,3,10.0,84,0,0,0,,,,
lower_x_10p00,"(10.0, 17.0, 10.05, 19.0)",23,J2CJ1,4,10.0,83,0,0,0,,,,
lower_x_10p00,"(10.0, 17.0, 10.05, 19.0)",24,J2CJ2,0,10.0,82,0,0,2,,,11041|11060,
lower_x_10p00,"(10.0, 17.0, 10.05, 19.0)",24,J2CJ2,1,10.0,82,0,1,1,,12159,12159,
lower_x_10p00,"(10.0, 17.0, 10.05, 19.0)",24,J2CJ2,2,10.0,81,0,0,1,,,12145,
lower_x_10p00,"(10.0, 17.0, 10.05, 19.0)",24,J2CJ2,3,10.0,84,0,0,0,,,,
lower_x_10p00,"(10.0, 17.0, 10.05, 19.0)",24,J2CJ2,4,10.0,83,0,0,1,,,12154,
lower_x_10p00,"(10.0, 17.0, 10.05, 19.0)",27,J2J3A,0,10.0,82,0,1,1,,13263,13263,
lower_x_10p00,"(10.0, 17.0, 10.05, 19.0)",27,J2J3A,1,10.0,82,0,0,0,,,,
lower_x_10p00,"(10.0, 17.0, 10.05, 19.0)",27,J2J3A,2,10.0,81,1,1,2,13280,13280,13275|13280,"RuntimeError: Could not switch the geometry.
The following agents would be outside of the new geometry: 14080
"
lower_x_10p00,"(10.0, 17.0, 10.05, 19.0)",27,J2J3A,3,10.0,84,0,1,2,,13261,13261|13278,
lower_x_10p00,"(10.0, 17.0, 10.05, 19.0)",27,J2J3A,4,10.0,83,0,0,0,,,,
lower_x_10p00,"(10.0, 17.0, 10.05, 19.0)",26,J2J3B,0,10.0,82,0,1,1,,12163,12163,
lower_x_10p00,"(10.0, 17.0, 10.05, 19.0)",26,J2J3B,1,10.0,82,0,0,0,,,,
lower_x_10p00,"(10.0, 17.0, 10.05, 19.0)",26,J2J3B,2,10.0,81,1,1,1,13280,13280,13280,"RuntimeError: Could not switch the geometry.
The following agents would be outside of the new geometry: 14080
"
lower_x_10p00,"(10.0, 17.0, 10.05, 19.0)",26,J2J3B,3,10.0,84,0,1,2,,13261,13261|13278,
lower_x_10p00,"(10.0, 17.0, 10.05, 19.0)",26,J2J3B,4,10.0,83,0,0,0,,,,
lower_x_10p00,"(10.0, 17.0, 10.05, 19.0)",30,J3CA,0,10.0,82,0,0,0,,,,
lower_x_10p00,"(10.0, 17.0, 10.05, 19.0)",30,J3CA,1,10.0,82,0,0,0,,,,
lower_x_10p00,"(10.0, 17.0, 10.05, 19.0)",30,J3CA,2,10.0,81,0,0,0,,,,
lower_x_10p00,"(10.0, 17.0, 10.05, 19.0)",30,J3CA,3,10.0,84,0,0,0,,,,
lower_x_10p00,"(10.0, 17.0, 10.05, 19.0)",30,J3CA,4,10.0,83,0,0,0,,,,
lower_x_10p00,"(10.0, 17.0, 10.05, 19.0)",28,J3CB,0,10.0,82,0,0,0,,,,
lower_x_10p00,"(10.0, 17.0, 10.05, 19.0)",28,J3CB,1,10.0,82,0,0,0,,,,
lower_x_10p00,"(10.0, 17.0, 10.05, 19.0)",28,J3CB,2,10.0,81,0,0,0,,,,
lower_x_10p00,"(10.0, 17.0, 10.05, 19.0)",28,J3CB,3,10.0,84,0,0,0,,,,
lower_x_10p00,"(10.0, 17.0, 10.05, 19.0)",28,J3CB,4,10.0,83,0,0,0,,,,
lower_x_10p00,"(10.0, 17.0, 10.05, 19.0)",29,J3CJ2,0,10.0,82,0,0,2,,,14341|14360,
lower_x_10p00,"(10.0, 17.0, 10.05, 19.0)",29,J3CJ2,1,10.0,82,0,1,1,,14359,14359,
lower_x_10p00,"(10.0, 17.0, 10.05, 19.0)",29,J3CJ2,2,10.0,81,0,0,1,,,14345,
lower_x_10p00,"(10.0, 17.0, 10.05, 19.0)",29,J3CJ2,3,10.0,84,0,0,0,,,,
lower_x_10p00,"(10.0, 17.0, 10.05, 19.0)",29,J3CJ2,4,10.0,83,0,0,1,,,14354,
lower_x_10p00,"(10.0, 17.0, 10.05, 19.0)",32,J3J1A,0,10.0,82,0,0,0,,,,
lower_x_10p00,"(10.0, 17.0, 10.05, 19.0)",32,J3J1A,1,10.0,82,0,0,0,,,,
lower_x_10p00,"(10.0, 17.0, 10.05, 19.0)",32,J3J1A,2,10.0,81,0,0,0,,,,
lower_x_10p00,"(10.0, 17.0, 10.05, 19.0)",32,J3J1A,3,10.0,84,0,0,0,,,,
lower_x_10p00,"(10.0, 17.0, 10.05, 19.0)",32,J3J1A,4,10.0,83,0,0,0,,,,
lower_x_10p00,"(10.0, 17.0, 10.05, 19.0)",31,J3J1B,0,10.0,82,0,0,0,,,,
lower_x_10p00,"(10.0, 17.0, 10.05, 19.0)",31,J3J1B,1,10.0,82,0,0,0,,,,
lower_x_10p00,"(10.0, 17.0, 10.05, 19.0)",31,J3J1B,2,10.0,81,0,0,0,,,,
lower_x_10p00,"(10.0, 17.0, 10.05, 19.0)",31,J3J1B,3,10.0,84,0,0,0,,,,
lower_x_10p00,"(10.0, 17.0, 10.05, 19.0)",31,J3J1B,4,10.0,83,0,0,0,,,,
lower_x_10p00,"(10.0, 17.0, 10.05, 19.0)",34,J3J3A,0,10.0,82,0,1,1,,16563,16563,
lower_x_10p00,"(10.0, 17.0, 10.05, 19.0)",34,J3J3A,1,10.0,82,0,0,0,,,,
lower_x_10p00,"(10.0, 17.0, 10.05, 19.0)",34,J3J3A,2,10.0,81,1,1,2,16580,16580,16575|16580,"RuntimeError: Could not switch the geometry.
The following agents would be outside of the new geometry: 17380
"
lower_x_10p00,"(10.0, 17.0, 10.05, 19.0)",34,J3J3A,3,10.0,84,0,1,2,,16561,16561|16578,
lower_x_10p00,"(10.0, 17.0, 10.05, 19.0)",34,J3J3A,4,10.0,83,0,0,0,,,,
lower_x_10p00,"(10.0, 17.0, 10.05, 19.0)",33,J3J3B,0,10.0,82,0,1,1,,16563,16563,
lower_x_10p00,"(10.0, 17.0, 10.05, 19.0)",33,J3J3B,1,10.0,82,0,0,0,,,,
lower_x_10p00,"(10.0, 17.0, 10.05, 19.0)",33,J3J3B,2,10.0,81,1,1,1,16580,16580,16580,"RuntimeError: Could not switch the geometry.
The following agents would be outside of the new geometry: 17380
"
lower_x_10p00,"(10.0, 17.0, 10.05, 19.0)",33,J3J3B,3,10.0,84,0,1,2,,16561,16561|16578,
lower_x_10p00,"(10.0, 17.0, 10.05, 19.0)",33,J3J3B,4,10.0,83,0,0,0,,,,
lower_x_10p50,"(10.5, 17.0, 10.55, 19.0)",3,ACA,0,10.0,82,0,0,0,,,,
lower_x_10p50,"(10.5, 17.0, 10.55, 19.0)",3,ACA,1,10.0,82,0,0,0,,,,
lower_x_10p50,"(10.5, 17.0, 10.55, 19.0)",3,ACA,2,10.0,81,0,0,0,,,,
lower_x_10p50,"(10.5, 17.0, 10.55, 19.0)",3,ACA,3,10.0,84,0,0,0,,,,
lower_x_10p50,"(10.5, 17.0, 10.55, 19.0)",3,ACA,4,10.0,83,0,0,0,,,,
lower_x_10p50,"(10.5, 17.0, 10.55, 19.0)",0,ACB,0,10.0,82,0,0,0,,,,
lower_x_10p50,"(10.5, 17.0, 10.55, 19.0)",0,ACB,1,10.0,82,0,0,0,,,,
lower_x_10p50,"(10.5, 17.0, 10.55, 19.0)",0,ACB,2,10.0,81,0,0,0,,,,
lower_x_10p50,"(10.5, 17.0, 10.55, 19.0)",0,ACB,3,10.0,84,0,0,0,,,,
lower_x_10p50,"(10.5, 17.0, 10.55, 19.0)",0,ACB,4,10.0,83,0,0,0,,,,
lower_x_10p50,"(10.5, 17.0, 10.55, 19.0)",1,ACJ1,0,10.0,82,0,0,0,,,,
lower_x_10p50,"(10.5, 17.0, 10.55, 19.0)",1,ACJ1,1,10.0,82,0,0,0,,,,
lower_x_10p50,"(10.5, 17.0, 10.55, 19.0)",1,ACJ1,2,10.0,81,0,0,0,,,,
lower_x_10p50,"(10.5, 17.0, 10.55, 19.0)",1,ACJ1,3,10.0,84,0,0,0,,,,
lower_x_10p50,"(10.5, 17.0, 10.55, 19.0)",1,ACJ1,4,10.0,83,0,0,0,,,,
lower_x_10p50,"(10.5, 17.0, 10.55, 19.0)",2,ACJ2,0,10.0,82,0,1,2,,41,41|60,
lower_x_10p50,"(10.5, 17.0, 10.55, 19.0)",2,ACJ2,1,10.0,82,0,0,1,,,1155,
lower_x_10p50,"(10.5, 17.0, 10.55, 19.0)",2,ACJ2,2,10.0,81,0,0,0,,,,
lower_x_10p50,"(10.5, 17.0, 10.55, 19.0)",2,ACJ2,3,10.0,84,0,1,1,,1154,1154,
lower_x_10p50,"(10.5, 17.0, 10.55, 19.0)",2,ACJ2,4,10.0,83,1,1,2,1157,1157,1154|1157,"RuntimeError: Could not switch the geometry.
The following agents would be outside of the new geometry: 2057
"
lower_x_10p50,"(10.5, 17.0, 10.55, 19.0)",7,AJ1A,0,10.0,82,0,0,0,,,,
lower_x_10p50,"(10.5, 17.0, 10.55, 19.0)",7,AJ1A,1,10.0,82,0,0,0,,,,
lower_x_10p50,"(10.5, 17.0, 10.55, 19.0)",7,AJ1A,2,10.0,81,0,0,0,,,,
lower_x_10p50,"(10.5, 17.0, 10.55, 19.0)",7,AJ1A,3,10.0,84,0,0,0,,,,
lower_x_10p50,"(10.5, 17.0, 10.55, 19.0)",7,AJ1A,4,10.0,83,0,0,0,,,,
lower_x_10p50,"(10.5, 17.0, 10.55, 19.0)",4,AJ1B,0,10.0,82,0,0,0,,,,
lower_x_10p50,"(10.5, 17.0, 10.55, 19.0)",4,AJ1B,1,10.0,82,0,0,0,,,,
lower_x_10p50,"(10.5, 17.0, 10.55, 19.0)",4,AJ1B,2,10.0,81,0,0,0,,,,
lower_x_10p50,"(10.5, 17.0, 10.55, 19.0)",4,AJ1B,3,10.0,84,0,0,0,,,,
lower_x_10p50,"(10.5, 17.0, 10.55, 19.0)",4,AJ1B,4,10.0,83,0,0,0,,,,
lower_x_10p50,"(10.5, 17.0, 10.55, 19.0)",5,AJ1J1,0,10.0,82,0,0,0,,,,
lower_x_10p50,"(10.5, 17.0, 10.55, 19.0)",5,AJ1J1,1,10.0,82,0,0,0,,,,
lower_x_10p50,"(10.5, 17.0, 10.55, 19.0)",5,AJ1J1,2,10.0,81,0,0,0,,,,
lower_x_10p50,"(10.5, 17.0, 10.55, 19.0)",5,AJ1J1,3,10.0,84,0,0,0,,,,
lower_x_10p50,"(10.5, 17.0, 10.55, 19.0)",5,AJ1J1,4,10.0,83,0,0,0,,,,
lower_x_10p50,"(10.5, 17.0, 10.55, 19.0)",6,AJ1J2,0,10.0,82,0,1,2,,2241,2241|2260,
lower_x_10p50,"(10.5, 17.0, 10.55, 19.0)",6,AJ1J2,1,10.0,82,1,1,1,2255,2255,2255,"RuntimeError: Could not switch the geometry.
The following agents would be outside of the new geometry: 3155
"
lower_x_10p50,"(10.5, 17.0, 10.55, 19.0)",6,AJ1J2,2,10.0,81,0,0,0,,,,
lower_x_10p50,"(10.5, 17.0, 10.55, 19.0)",6,AJ1J2,3,10.0,84,0,1,1,,3354,3354,
lower_x_10p50,"(10.5, 17.0, 10.55, 19.0)",6,AJ1J2,4,10.0,83,1,1,2,3357,3357,3354|3357,"RuntimeError: Could not switch the geometry.
The following agents would be outside of the new geometry: 4257
"
lower_x_10p50,"(10.5, 17.0, 10.55, 19.0)",10,AJ3A,0,10.0,82,1,1,2,4474,4474,4463|4474,"RuntimeError: Could not switch the geometry.
The following agents would be outside of the new geometry: 5374
"
lower_x_10p50,"(10.5, 17.0, 10.55, 19.0)",10,AJ3A,1,10.0,82,0,1,1,,4461,4461,
lower_x_10p50,"(10.5, 17.0, 10.55, 19.0)",10,AJ3A,2,10.0,81,0,1,1,,4475,4475,
lower_x_10p50,"(10.5, 17.0, 10.55, 19.0)",10,AJ3A,3,10.0,84,0,1,2,,4478,4461|4478,
lower_x_10p50,"(10.5, 17.0, 10.55, 19.0)",10,AJ3A,4,10.0,83,0,2,2,,4469|4480,4469|4480,
lower_x_10p50,"(10.5, 17.0, 10.55, 19.0)",8,AJ3B,0,10.0,82,1,1,2,3374,3374,3363|3374,"RuntimeError: Could not switch the geometry.
The following agents would be outside of the new geometry: 4274
"
lower_x_10p50,"(10.5, 17.0, 10.55, 19.0)",8,AJ3B,1,10.0,82,0,1,1,,3361,3361,
lower_x_10p50,"(10.5, 17.0, 10.55, 19.0)",8,AJ3B,2,10.0,81,0,1,1,,3375,3375,
lower_x_10p50,"(10.5, 17.0, 10.55, 19.0)",8,AJ3B,3,10.0,84,0,1,2,,3378,3361|3378,
lower_x_10p50,"(10.5, 17.0, 10.55, 19.0)",8,AJ3B,4,10.0,83,0,2,2,,4469|4480,4469|4480,
lower_x_10p50,"(10.5, 17.0, 10.55, 19.0)",9,AJ3J1,0,10.0,82,1,1,2,4474,4474,4463|4474,"RuntimeError: Could not switch the geometry.
The following agents would be outside of the new geometry: 5374
"
lower_x_10p50,"(10.5, 17.0, 10.55, 19.0)",9,AJ3J1,1,10.0,82,0,1,1,,4461,4461,
lower_x_10p50,"(10.5, 17.0, 10.55, 19.0)",9,AJ3J1,2,10.0,81,0,1,1,,4475,4475,
lower_x_10p50,"(10.5, 17.0, 10.55, 19.0)",9,AJ3J1,3,10.0,84,0,1,2,,4478,4461|4478,
lower_x_10p50,"(10.5, 17.0, 10.55, 19.0)",9,AJ3J1,4,10.0,83,0,2,2,,4469|4480,4469|4480,
lower_x_10p50,"(10.5, 17.0, 10.55, 19.0)",14,CCA,0,10.0,82,0,0,0,,,,
lower_x_10p50,"(10.5, 17.0, 10.55, 19.0)",14,CCA,1,10.0,82,0,0,0,,,,
lower_x_10p50,"(10.5, 17.0, 10.55, 19.0)",14,CCA,2,10.0,81,0,0,0,,,,
lower_x_10p50,"(10.5, 17.0, 10.55, 19.0)",14,CCA,3,10.0,84,0,0,0,,,,
lower_x_10p50,"(10.5, 17.0, 10.55, 19.0)",14,CCA,4,10.0,83,0,0,0,,,,
lower_x_10p50,"(10.5, 17.0, 10.55, 19.0)",11,CCB,0,10.0,82,0,0,0,,,,
lower_x_10p50,"(10.5, 17.0, 10.55, 19.0)",11,CCB,1,10.0,82,0,0,0,,,,
lower_x_10p50,"(10.5, 17.0, 10.55, 19.0)",11,CCB,2,10.0,81,0,0,0,,,,
lower_x_10p50,"(10.5, 17.0, 10.55, 19.0)",11,CCB,3,10.0,84,0,0,0,,,,
lower_x_10p50,"(10.5, 17.0, 10.55, 19.0)",11,CCB,4,10.0,83,0,0,0,,,,
lower_x_10p50,"(10.5, 17.0, 10.55, 19.0)",12,CCJ1,0,10.0,82,0,0,0,,,,
lower_x_10p50,"(10.5, 17.0, 10.55, 19.0)",12,CCJ1,1,10.0,82,0,0,0,,,,
lower_x_10p50,"(10.5, 17.0, 10.55, 19.0)",12,CCJ1,2,10.0,81,0,0,0,,,,
lower_x_10p50,"(10.5, 17.0, 10.55, 19.0)",12,CCJ1,3,10.0,84,0,0,0,,,,
lower_x_10p50,"(10.5, 17.0, 10.55, 19.0)",12,CCJ1,4,10.0,83,0,0,0,,,,
lower_x_10p50,"(10.5, 17.0, 10.55, 19.0)",13,CCJ2,0,10.0,82,0,1,2,,5541,5541|5560,
lower_x_10p50,"(10.5, 17.0, 10.55, 19.0)",13,CCJ2,1,10.0,82,0,0,1,,,6655,
lower_x_10p50,"(10.5, 17.0, 10.55, 19.0)",13,CCJ2,2,10.0,81,0,0,0,,,,
lower_x_10p50,"(10.5, 17.0, 10.55, 19.0)",13,CCJ2,3,10.0,84,0,1,1,,6654,6654,
lower_x_10p50,"(10.5, 17.0, 10.55, 19.0)",13,CCJ2,4,10.0,83,1,1,2,6657,6657,6654|6657,"RuntimeError: Could not switch the geometry.
The following agents would be outside of the new geometry: 7557
"
lower_x_10p50,"(10.5, 17.0, 10.55, 19.0)",18,CJ1A,0,10.0,82,0,0,0,,,,
lower_x_10p50,"(10.5, 17.0, 10.55, 19.0)",18,CJ1A,1,10.0,82,0,0,0,,,,
lower_x_10p50,"(10.5, 17.0, 10.55, 19.0)",18,CJ1A,2,10.0,81,0,0,0,,,,
lower_x_10p50,"(10.5, 17.0, 10.55, 19.0)",18,CJ1A,3,10.0,84,0,0,0,,,,
lower_x_10p50,"(10.5, 17.0, 10.55, 19.0)",18,CJ1A,4,10.0,83,0,0,0,,,,
lower_x_10p50,"(10.5, 17.0, 10.55, 19.0)",15,CJ1B,0,10.0,82,0,0,0,,,,
lower_x_10p50,"(10.5, 17.0, 10.55, 19.0)",15,CJ1B,1,10.0,82,0,0,0,,,,
lower_x_10p50,"(10.5, 17.0, 10.55, 19.0)",15,CJ1B,2,10.0,81,0,0,0,,,,
lower_x_10p50,"(10.5, 17.0, 10.55, 19.0)",15,CJ1B,3,10.0,84,0,0,0,,,,
lower_x_10p50,"(10.5, 17.0, 10.55, 19.0)",15,CJ1B,4,10.0,83,0,0,0,,,,
lower_x_10p50,"(10.5, 17.0, 10.55, 19.0)",16,CJ1J1,0,10.0,82,0,0,0,,,,
lower_x_10p50,"(10.5, 17.0, 10.55, 19.0)",16,CJ1J1,1,10.0,82,0,0,0,,,,
lower_x_10p50,"(10.5, 17.0, 10.55, 19.0)",16,CJ1J1,2,10.0,81,0,0,0,,,,
lower_x_10p50,"(10.5, 17.0, 10.55, 19.0)",16,CJ1J1,3,10.0,84,0,0,0,,,,
lower_x_10p50,"(10.5, 17.0, 10.55, 19.0)",16,CJ1J1,4,10.0,83,0,0,0,,,,
lower_x_10p50,"(10.5, 17.0, 10.55, 19.0)",17,CJ1J2,0,10.0,82,0,1,2,,7741,7741|7760,
lower_x_10p50,"(10.5, 17.0, 10.55, 19.0)",17,CJ1J2,1,10.0,82,1,1,1,7755,7755,7755,"RuntimeError: Could not switch the geometry.
The following agents would be outside of the new geometry: 8655
"
lower_x_10p50,"(10.5, 17.0, 10.55, 19.0)",17,CJ1J2,2,10.0,81,0,0,0,,,,
lower_x_10p50,"(10.5, 17.0, 10.55, 19.0)",17,CJ1J2,3,10.0,84,0,1,1,,8854,8854,
lower_x_10p50,"(10.5, 17.0, 10.55, 19.0)",17,CJ1J2,4,10.0,83,1,1,2,8857,8857,8854|8857,"RuntimeError: Could not switch the geometry.
The following agents would be outside of the new geometry: 9757
"
lower_x_10p50,"(10.5, 17.0, 10.55, 19.0)",21,CJ3A,0,10.0,82,1,1,2,9974,9974,9963|9974,"RuntimeError: Could not switch the geometry.
The following agents would be outside of the new geometry: 10874
"
lower_x_10p50,"(10.5, 17.0, 10.55, 19.0)",21,CJ3A,1,10.0,82,0,1,1,,9961,9961,
lower_x_10p50,"(10.5, 17.0, 10.55, 19.0)",21,CJ3A,2,10.0,81,0,1,1,,9975,9975,
lower_x_10p50,"(10.5, 17.0, 10.55, 19.0)",21,CJ3A,3,10.0,84,0,1,2,,9978,9961|9978,
lower_x_10p50,"(10.5, 17.0, 10.55, 19.0)",21,CJ3A,4,10.0,83,0,2,2,,9969|9980,9969|9980,
lower_x_10p50,"(10.5, 17.0, 10.55, 19.0)",19,CJ3B,0,10.0,82,1,1,2,8874,8874,8863|8874,"RuntimeError: Could not switch the geometry.
The following agents would be outside of the new geometry: 9774
"
lower_x_10p50,"(10.5, 17.0, 10.55, 19.0)",19,CJ3B,1,10.0,82,0,1,1,,8861,8861,
lower_x_10p50,"(10.5, 17.0, 10.55, 19.0)",19,CJ3B,2,10.0,81,0,1,1,,8875,8875,
lower_x_10p50,"(10.5, 17.0, 10.55, 19.0)",19,CJ3B,3,10.0,84,0,1,2,,8878,8861|8878,
lower_x_10p50,"(10.5, 17.0, 10.55, 19.0)",19,CJ3B,4,10.0,83,0,2,2,,9969|9980,9969|9980,
lower_x_10p50,"(10.5, 17.0, 10.55, 19.0)",20,CJ3J1,0,10.0,82,1,1,2,9974,9974,9963|9974,"RuntimeError: Could not switch the geometry.
The following agents would be outside of the new geometry: 10874
"
lower_x_10p50,"(10.5, 17.0, 10.55, 19.0)",20,CJ3J1,1,10.0,82,0,1,1,,9961,9961,
lower_x_10p50,"(10.5, 17.0, 10.55, 19.0)",20,CJ3J1,2,10.0,81,0,1,1,,9975,9975,
lower_x_10p50,"(10.5, 17.0, 10.55, 19.0)",20,CJ3J1,3,10.0,84,0,1,2,,9978,9961|9978,
lower_x_10p50,"(10.5, 17.0, 10.55, 19.0)",20,CJ3J1,4,10.0,83,0,2,2,,9969|9980,9969|9980,
lower_x_10p50,"(10.5, 17.0, 10.55, 19.0)",25,J2CA,0,10.0,82,0,0,0,,,,
lower_x_10p50,"(10.5, 17.0, 10.55, 19.0)",25,J2CA,1,10.0,82,0,0,0,,,,
lower_x_10p50,"(10.5, 17.0, 10.55, 19.0)",25,J2CA,2,10.0,81,0,0,0,,,,
lower_x_10p50,"(10.5, 17.0, 10.55, 19.0)",25,J2CA,3,10.0,84,0,0,0,,,,
lower_x_10p50,"(10.5, 17.0, 10.55, 19.0)",25,J2CA,4,10.0,83,0,0,0,,,,
lower_x_10p50,"(10.5, 17.0, 10.55, 19.0)",22,J2CB,0,10.0,82,0,0,0,,,,
lower_x_10p50,"(10.5, 17.0, 10.55, 19.0)",22,J2CB,1,10.0,82,0,0,0,,,,
lower_x_10p50,"(10.5, 17.0, 10.55, 19.0)",22,J2CB,2,10.0,81,0,0,0,,,,
lower_x_10p50,"(10.5, 17.0, 10.55, 19.0)",22,J2CB,3,10.0,84,0,0,0,,,,
lower_x_10p50,"(10.5, 17.0, 10.55, 19.0)",22,J2CB,4,10.0,83,0,0,0,,,,
lower_x_10p50,"(10.5, 17.0, 10.55, 19.0)",23,J2CJ1,0,10.0,82,0,0,0,,,,
lower_x_10p50,"(10.5, 17.0, 10.55, 19.0)",23,J2CJ1,1,10.0,82,0,0,0,,,,
lower_x_10p50,"(10.5, 17.0, 10.55, 19.0)",23,J2CJ1,2,10.0,81,0,0,0,,,,
lower_x_10p50,"(10.5, 17.0, 10.55, 19.0)",23,J2CJ1,3,10.0,84,0,0,0,,,,
lower_x_10p50,"(10.5, 17.0, 10.55, 19.0)",23,J2CJ1,4,10.0,83,0,0,0,,,,
lower_x_10p50,"(10.5, 17.0, 10.55, 19.0)",24,J2CJ2,0,10.0,82,0,1,2,,11041,11041|11060,
lower_x_10p50,"(10.5, 17.0, 10.55, 19.0)",24,J2CJ2,1,10.0,82,0,0,1,,,12155,
lower_x_10p50,"(10.5, 17.0, 10.55, 19.0)",24,J2CJ2,2,10.0,81,0,0,0,,,,
lower_x_10p50,"(10.5, 17.0, 10.55, 19.0)",24,J2CJ2,3,10.0,84,0,1,1,,12154,12154,
lower_x_10p50,"(10.5, 17.0, 10.55, 19.0)",24,J2CJ2,4,10.0,83,1,1,2,12157,12157,12154|12157,"RuntimeError: Could not switch the geometry.
The following agents would be outside of the new geometry: 13057
"
lower_x_10p50,"(10.5, 17.0, 10.55, 19.0)",27,J2J3A,0,10.0,82,1,1,2,13274,13274,13263|13274,"RuntimeError: Could not switch the geometry.
The following agents would be outside of the new geometry: 14174
"
lower_x_10p50,"(10.5, 17.0, 10.55, 19.0)",27,J2J3A,1,10.0,82,0,1,1,,13261,13261,
lower_x_10p50,"(10.5, 17.0, 10.55, 19.0)",27,J2J3A,2,10.0,81,0,1,1,,13275,13275,
lower_x_10p50,"(10.5, 17.0, 10.55, 19.0)",27,J2J3A,3,10.0,84,0,1,2,,13278,13261|13278,
lower_x_10p50,"(10.5, 17.0, 10.55, 19.0)",27,J2J3A,4,10.0,83,0,2,2,,13269|13280,13269|13280,
lower_x_10p50,"(10.5, 17.0, 10.55, 19.0)",26,J2J3B,0,10.0,82,1,1,2,12174,12174,12163|12174,"RuntimeError: Could not switch the geometry.
The following agents would be outside of the new geometry: 13074
"
lower_x_10p50,"(10.5, 17.0, 10.55, 19.0)",26,J2J3B,1,10.0,82,0,1,1,,12161,12161,
lower_x_10p50,"(10.5, 17.0, 10.55, 19.0)",26,J2J3B,2,10.0,81,0,1,1,,13275,13275,
lower_x_10p50,"(10.5, 17.0, 10.55, 19.0)",26,J2J3B,3,10.0,84,0,1,2,,13278,13261|13278,
lower_x_10p50,"(10.5, 17.0, 10.55, 19.0)",26,J2J3B,4,10.0,83,0,2,2,,13269|13280,13269|13280,
lower_x_10p50,"(10.5, 17.0, 10.55, 19.0)",30,J3CA,0,10.0,82,0,0,0,,,,
lower_x_10p50,"(10.5, 17.0, 10.55, 19.0)",30,J3CA,1,10.0,82,0,0,0,,,,
lower_x_10p50,"(10.5, 17.0, 10.55, 19.0)",30,J3CA,2,10.0,81,0,0,0,,,,
lower_x_10p50,"(10.5, 17.0, 10.55, 19.0)",30,J3CA,3,10.0,84,0,0,0,,,,
lower_x_10p50,"(10.5, 17.0, 10.55, 19.0)",30,J3CA,4,10.0,83,0,0,0,,,,
lower_x_10p50,"(10.5, 17.0, 10.55, 19.0)",28,J3CB,0,10.0,82,0,0,0,,,,
lower_x_10p50,"(10.5, 17.0, 10.55, 19.0)",28,J3CB,1,10.0,82,0,0,0,,,,
lower_x_10p50,"(10.5, 17.0, 10.55, 19.0)",28,J3CB,2,10.0,81,0,0,0,,,,
lower_x_10p50,"(10.5, 17.0, 10.55, 19.0)",28,J3CB,3,10.0,84,0,0,0,,,,
lower_x_10p50,"(10.5, 17.0, 10.55, 19.0)",28,J3CB,4,10.0,83,0,0,0,,,,
lower_x_10p50,"(10.5, 17.0, 10.55, 19.0)",29,J3CJ2,0,10.0,82,0,1,2,,14341,14341|14360,
lower_x_10p50,"(10.5, 17.0, 10.55, 19.0)",29,J3CJ2,1,10.0,82,0,0,1,,,14355,
lower_x_10p50,"(10.5, 17.0, 10.55, 19.0)",29,J3CJ2,2,10.0,81,0,0,0,,,,
lower_x_10p50,"(10.5, 17.0, 10.55, 19.0)",29,J3CJ2,3,10.0,84,0,1,1,,14354,14354,
lower_x_10p50,"(10.5, 17.0, 10.55, 19.0)",29,J3CJ2,4,10.0,83,1,1,2,14357,14357,14354|14357,"RuntimeError: Could not switch the geometry.
The following agents would be outside of the new geometry: 15257
"
lower_x_10p50,"(10.5, 17.0, 10.55, 19.0)",32,J3J1A,0,10.0,82,0,0,0,,,,
lower_x_10p50,"(10.5, 17.0, 10.55, 19.0)",32,J3J1A,1,10.0,82,0,0,0,,,,
lower_x_10p50,"(10.5, 17.0, 10.55, 19.0)",32,J3J1A,2,10.0,81,0,0,0,,,,
lower_x_10p50,"(10.5, 17.0, 10.55, 19.0)",32,J3J1A,3,10.0,84,0,0,0,,,,
lower_x_10p50,"(10.5, 17.0, 10.55, 19.0)",32,J3J1A,4,10.0,83,0,0,0,,,,
lower_x_10p50,"(10.5, 17.0, 10.55, 19.0)",31,J3J1B,0,10.0,82,0,0,0,,,,
lower_x_10p50,"(10.5, 17.0, 10.55, 19.0)",31,J3J1B,1,10.0,82,0,0,0,,,,
lower_x_10p50,"(10.5, 17.0, 10.55, 19.0)",31,J3J1B,2,10.0,81,0,0,0,,,,
lower_x_10p50,"(10.5, 17.0, 10.55, 19.0)",31,J3J1B,3,10.0,84,0,0,0,,,,
lower_x_10p50,"(10.5, 17.0, 10.55, 19.0)",31,J3J1B,4,10.0,83,0,0,0,,,,
lower_x_10p50,"(10.5, 17.0, 10.55, 19.0)",34,J3J3A,0,10.0,82,1,1,2,16574,16574,16563|16574,"RuntimeError: Could not switch the geometry.
The following agents would be outside of the new geometry: 17474
"
lower_x_10p50,"(10.5, 17.0, 10.55, 19.0)",34,J3J3A,1,10.0,82,0,1,1,,16561,16561,
lower_x_10p50,"(10.5, 17.0, 10.55, 19.0)",34,J3J3A,2,10.0,81,0,1,1,,16575,16575,
lower_x_10p50,"(10.5, 17.0, 10.55, 19.0)",34,J3J3A,3,10.0,84,0,1,2,,16578,16561|16578,
lower_x_10p50,"(10.5, 17.0, 10.55, 19.0)",34,J3J3A,4,10.0,83,0,2,2,,16569|16580,16569|16580,
lower_x_10p50,"(10.5, 17.0, 10.55, 19.0)",33,J3J3B,0,10.0,82,1,1,2,16574,16574,16563|16574,"RuntimeError: Could not switch the geometry.
The following agents would be outside of the new geometry: 17474
"
lower_x_10p50,"(10.5, 17.0, 10.55, 19.0)",33,J3J3B,1,10.0,82,0,1,1,,16561,16561,
lower_x_10p50,"(10.5, 17.0, 10.55, 19.0)",33,J3J3B,2,10.0,81,0,1,1,,16575,16575,
lower_x_10p50,"(10.5, 17.0, 10.55, 19.0)",33,J3J3B,3,10.0,84,0,1,2,,16578,16561|16578,
lower_x_10p50,"(10.5, 17.0, 10.55, 19.0)",33,J3J3B,4,10.0,83,0,2,2,,16569|16580,16569|16580,
lower_x_11p00,"(11.0, 17.0, 11.05, 19.0)",3,ACA,0,10.0,82,0,0,0,,,,
lower_x_11p00,"(11.0, 17.0, 11.05, 19.0)",3,ACA,1,10.0,82,0,0,0,,,,
lower_x_11p00,"(11.0, 17.0, 11.05, 19.0)",3,ACA,2,10.0,81,0,0,0,,,,
lower_x_11p00,"(11.0, 17.0, 11.05, 19.0)",3,ACA,3,10.0,84,0,0,0,,,,
lower_x_11p00,"(11.0, 17.0, 11.05, 19.0)",3,ACA,4,10.0,83,0,0,0,,,,
lower_x_11p00,"(11.0, 17.0, 11.05, 19.0)",0,ACB,0,10.0,82,0,0,0,,,,
lower_x_11p00,"(11.0, 17.0, 11.05, 19.0)",0,ACB,1,10.0,82,0,0,0,,,,
lower_x_11p00,"(11.0, 17.0, 11.05, 19.0)",0,ACB,2,10.0,81,0,0,0,,,,
lower_x_11p00,"(11.0, 17.0, 11.05, 19.0)",0,ACB,3,10.0,84,0,0,0,,,,
lower_x_11p00,"(11.0, 17.0, 11.05, 19.0)",0,ACB,4,10.0,83,0,0,0,,,,
lower_x_11p00,"(11.0, 17.0, 11.05, 19.0)",1,ACJ1,0,10.0,82,0,0,0,,,,
lower_x_11p00,"(11.0, 17.0, 11.05, 19.0)",1,ACJ1,1,10.0,82,0,0,0,,,,
lower_x_11p00,"(11.0, 17.0, 11.05, 19.0)",1,ACJ1,2,10.0,81,0,0,0,,,,
lower_x_11p00,"(11.0, 17.0, 11.05, 19.0)",1,ACJ1,3,10.0,84,0,0,0,,,,
lower_x_11p00,"(11.0, 17.0, 11.05, 19.0)",1,ACJ1,4,10.0,83,0,0,0,,,,
lower_x_11p00,"(11.0, 17.0, 11.05, 19.0)",2,ACJ2,0,10.0,82,0,0,0,,,,
lower_x_11p00,"(11.0, 17.0, 11.05, 19.0)",2,ACJ2,1,10.0,82,0,1,1,,1155,1155,
lower_x_11p00,"(11.0, 17.0, 11.05, 19.0)",2,ACJ2,2,10.0,81,0,2,2,,1141|1149,1141|1149,
lower_x_11p00,"(11.0, 17.0, 11.05, 19.0)",2,ACJ2,3,10.0,84,0,1,2,,1148,1148|1154,
lower_x_11p00,"(11.0, 17.0, 11.05, 19.0)",2,ACJ2,4,10.0,83,0,0,0,,,,
lower_x_11p00,"(11.0, 17.0, 11.05, 19.0)",7,AJ1A,0,10.0,82,0,0,0,,,,
lower_x_11p00,"(11.0, 17.0, 11.05, 19.0)",7,AJ1A,1,10.0,82,0,0,0,,,,
lower_x_11p00,"(11.0, 17.0, 11.05, 19.0)",7,AJ1A,2,10.0,81,0,0,0,,,,
lower_x_11p00,"(11.0, 17.0, 11.05, 19.0)",7,AJ1A,3,10.0,84,0,0,0,,,,
lower_x_11p00,"(11.0, 17.0, 11.05, 19.0)",7,AJ1A,4,10.0,83,0,0,0,,,,
lower_x_11p00,"(11.0, 17.0, 11.05, 19.0)",4,AJ1B,0,10.0,82,0,0,0,,,,
lower_x_11p00,"(11.0, 17.0, 11.05, 19.0)",4,AJ1B,1,10.0,82,0,0,0,,,,
lower_x_11p00,"(11.0, 17.0, 11.05, 19.0)",4,AJ1B,2,10.0,81,0,0,0,,,,
lower_x_11p00,"(11.0, 17.0, 11.05, 19.0)",4,AJ1B,3,10.0,84,0,0,0,,,,
lower_x_11p00,"(11.0, 17.0, 11.05, 19.0)",4,AJ1B,4,10.0,83,0,0,0,,,,
lower_x_11p00,"(11.0, 17.0, 11.05, 19.0)",5,AJ1J1,0,10.0,82,0,0,0,,,,
lower_x_11p00,"(11.0, 17.0, 11.05, 19.0)",5,AJ1J1,1,10.0,82,0,0,0,,,,
lower_x_11p00,"(11.0, 17.0, 11.05, 19.0)",5,AJ1J1,2,10.0,81,0,0,0,,,,
lower_x_11p00,"(11.0, 17.0, 11.05, 19.0)",5,AJ1J1,3,10.0,84,0,0,0,,,,
lower_x_11p00,"(11.0, 17.0, 11.05, 19.0)",5,AJ1J1,4,10.0,83,0,0,0,,,,
lower_x_11p00,"(11.0, 17.0, 11.05, 19.0)",6,AJ1J2,0,10.0,82,0,0,0,,,,
lower_x_11p00,"(11.0, 17.0, 11.05, 19.0)",6,AJ1J2,1,10.0,82,0,1,1,,2245,2245,
lower_x_11p00,"(11.0, 17.0, 11.05, 19.0)",6,AJ1J2,2,10.0,81,0,2,2,,2241|2249,2241|2249,
lower_x_11p00,"(11.0, 17.0, 11.05, 19.0)",6,AJ1J2,3,10.0,84,0,1,2,,3348,3348|3354,
lower_x_11p00,"(11.0, 17.0, 11.05, 19.0)",6,AJ1J2,4,10.0,83,0,0,0,,,,
lower_x_11p00,"(11.0, 17.0, 11.05, 19.0)",10,AJ3A,0,10.0,82,0,0,0,,,,
lower_x_11p00,"(11.0, 17.0, 11.05, 19.0)",10,AJ3A,1,10.0,82,0,1,2,,4470,4461|4470,
lower_x_11p00,"(11.0, 17.0, 11.05, 19.0)",10,AJ3A,2,10.0,81,0,0,1,,,4474,
lower_x_11p00,"(11.0, 17.0, 11.05, 19.0)",10,AJ3A,3,10.0,84,0,0,0,,,,
lower_x_11p00,"(11.0, 17.0, 11.05, 19.0)",10,AJ3A,4,10.0,83,0,0,1,,,4469,
lower_x_11p00,"(11.0, 17.0, 11.05, 19.0)",8,AJ3B,0,10.0,82,0,0,0,,,,
lower_x_11p00,"(11.0, 17.0, 11.05, 19.0)",8,AJ3B,1,10.0,82,0,1,2,,3370,3361|3370,
lower_x_11p00,"(11.0, 17.0, 11.05, 19.0)",8,AJ3B,2,10.0,81,0,0,1,,,3374,
lower_x_11p00,"(11.0, 17.0, 11.05, 19.0)",8,AJ3B,3,10.0,84,0,0,0,,,,
lower_x_11p00,"(11.0, 17.0, 11.05, 19.0)",8,AJ3B,4,10.0,83,0,0,1,,,4469,
lower_x_11p00,"(11.0, 17.0, 11.05, 19.0)",9,AJ3J1,0,10.0,82,0,0,0,,,,
lower_x_11p00,"(11.0, 17.0, 11.05, 19.0)",9,AJ3J1,1,10.0,82,0,1,2,,4470,4461|4470,
lower_x_11p00,"(11.0, 17.0, 11.05, 19.0)",9,AJ3J1,2,10.0,81,0,0,1,,,4474,
lower_x_11p00,"(11.0, 17.0, 11.05, 19.0)",9,AJ3J1,3,10.0,84,0,0,0,,,,
lower_x_11p00,"(11.0, 17.0, 11.05, 19.0)",9,AJ3J1,4,10.0,83,0,0,1,,,4469,
lower_x_11p00,"(11.0, 17.0, 11.05, 19.0)",14,CCA,0,10.0,82,0,0,0,,,,
lower_x_11p00,"(11.0, 17.0, 11.05, 19.0)",14,CCA,1,10.0,82,0,0,0,,,,
lower_x_11p00,"(11.0, 17.0, 11.05, 19.0)",14,CCA,2,10.0,81,0,0,0,,,,
lower_x_11p00,"(11.0, 17.0, 11.05, 19.0)",14,CCA,3,10.0,84,0,0,0,,,,
lower_x_11p00,"(11.0, 17.0, 11.05, 19.0)",14,CCA,4,10.0,83,0,0,0,,,,
lower_x_11p00,"(11.0, 17.0, 11.05, 19.0)",11,CCB,0,10.0,82,0,0,0,,,,
lower_x_11p00,"(11.0, 17.0, 11.05, 19.0)",11,CCB,1,10.0,82,0,0,0,,,,
lower_x_11p00,"(11.0, 17.0, 11.05, 19.0)",11,CCB,2,10.0,81,0,0,0,,,,
lower_x_11p00,"(11.0, 17.0, 11.05, 19.0)",11,CCB,3,10.0,84,0,0,0,,,,
lower_x_11p00,"(11.0, 17.0, 11.05, 19.0)",11,CCB,4,10.0,83,0,0,0,,,,
lower_x_11p00,"(11.0, 17.0, 11.05, 19.0)",12,CCJ1,0,10.0,82,0,0,0,,,,
lower_x_11p00,"(11.0, 17.0, 11.05, 19.0)",12,CCJ1,1,10.0,82,0,0,0,,,,
lower_x_11p00,"(11.0, 17.0, 11.05, 19.0)",12,CCJ1,2,10.0,81,0,0,0,,,,
lower_x_11p00,"(11.0, 17.0, 11.05, 19.0)",12,CCJ1,3,10.0,84,0,0,0,,,,
lower_x_11p00,"(11.0, 17.0, 11.05, 19.0)",12,CCJ1,4,10.0,83,0,0,0,,,,
lower_x_11p00,"(11.0, 17.0, 11.05, 19.0)",13,CCJ2,0,10.0,82,0,0,0,,,,
lower_x_11p00,"(11.0, 17.0, 11.05, 19.0)",13,CCJ2,1,10.0,82,0,1,1,,6655,6655,
lower_x_11p00,"(11.0, 17.0, 11.05, 19.0)",13,CCJ2,2,10.0,81,0,2,2,,6641|6649,6641|6649,
lower_x_11p00,"(11.0, 17.0, 11.05, 19.0)",13,CCJ2,3,10.0,84,0,1,2,,6648,6648|6654,
lower_x_11p00,"(11.0, 17.0, 11.05, 19.0)",13,CCJ2,4,10.0,83,0,0,0,,,,
lower_x_11p00,"(11.0, 17.0, 11.05, 19.0)",18,CJ1A,0,10.0,82,0,0,0,,,,
lower_x_11p00,"(11.0, 17.0, 11.05, 19.0)",18,CJ1A,1,10.0,82,0,0,0,,,,
lower_x_11p00,"(11.0, 17.0, 11.05, 19.0)",18,CJ1A,2,10.0,81,0,0,0,,,,
lower_x_11p00,"(11.0, 17.0, 11.05, 19.0)",18,CJ1A,3,10.0,84,0,0,0,,,,
lower_x_11p00,"(11.0, 17.0, 11.05, 19.0)",18,CJ1A,4,10.0,83,0,0,0,,,,
lower_x_11p00,"(11.0, 17.0, 11.05, 19.0)",15,CJ1B,0,10.0,82,0,0,0,,,,
lower_x_11p00,"(11.0, 17.0, 11.05, 19.0)",15,CJ1B,1,10.0,82,0,0,0,,,,
lower_x_11p00,"(11.0, 17.0, 11.05, 19.0)",15,CJ1B,2,10.0,81,0,0,0,,,,
lower_x_11p00,"(11.0, 17.0, 11.05, 19.0)",15,CJ1B,3,10.0,84,0,0,0,,,,
lower_x_11p00,"(11.0, 17.0, 11.05, 19.0)",15,CJ1B,4,10.0,83,0,0,0,,,,
lower_x_11p00,"(11.0, 17.0, 11.05, 19.0)",16,CJ1J1,0,10.0,82,0,0,0,,,,
lower_x_11p00,"(11.0, 17.0, 11.05, 19.0)",16,CJ1J1,1,10.0,82,0,0,0,,,,
lower_x_11p00,"(11.0, 17.0, 11.05, 19.0)",16,CJ1J1,2,10.0,81,0,0,0,,,,
lower_x_11p00,"(11.0, 17.0, 11.05, 19.0)",16,CJ1J1,3,10.0,84,0,0,0,,,,
lower_x_11p00,"(11.0, 17.0, 11.05, 19.0)",16,CJ1J1,4,10.0,83,0,0,0,,,,
lower_x_11p00,"(11.0, 17.0, 11.05, 19.0)",17,CJ1J2,0,10.0,82,0,0,0,,,,
lower_x_11p00,"(11.0, 17.0, 11.05, 19.0)",17,CJ1J2,1,10.0,82,0,1,1,,7745,7745,
lower_x_11p00,"(11.0, 17.0, 11.05, 19.0)",17,CJ1J2,2,10.0,81,0,2,2,,7741|7749,7741|7749,
lower_x_11p00,"(11.0, 17.0, 11.05, 19.0)",17,CJ1J2,3,10.0,84,0,1,2,,8848,8848|8854,
lower_x_11p00,"(11.0, 17.0, 11.05, 19.0)",17,CJ1J2,4,10.0,83,0,0,0,,,,
lower_x_11p00,"(11.0, 17.0, 11.05, 19.0)",21,CJ3A,0,10.0,82,0,0,0,,,,
lower_x_11p00,"(11.0, 17.0, 11.05, 19.0)",21,CJ3A,1,10.0,82,0,1,2,,9970,9961|9970,
lower_x_11p00,"(11.0, 17.0, 11.05, 19.0)",21,CJ3A,2,10.0,81,0,0,1,,,9974,
lower_x_11p00,"(11.0, 17.0, 11.05, 19.0)",21,CJ3A,3,10.0,84,0,0,0,,,,
lower_x_11p00,"(11.0, 17.0, 11.05, 19.0)",21,CJ3A,4,10.0,83,0,0,1,,,9969,
lower_x_11p00,"(11.0, 17.0, 11.05, 19.0)",19,CJ3B,0,10.0,82,0,0,0,,,,
lower_x_11p00,"(11.0, 17.0, 11.05, 19.0)",19,CJ3B,1,10.0,82,0,1,2,,8870,8861|8870,
lower_x_11p00,"(11.0, 17.0, 11.05, 19.0)",19,CJ3B,2,10.0,81,0,0,1,,,8874,
lower_x_11p00,"(11.0, 17.0, 11.05, 19.0)",19,CJ3B,3,10.0,84,0,0,0,,,,
lower_x_11p00,"(11.0, 17.0, 11.05, 19.0)",19,CJ3B,4,10.0,83,0,0,1,,,9969,
lower_x_11p00,"(11.0, 17.0, 11.05, 19.0)",20,CJ3J1,0,10.0,82,0,0,0,,,,
lower_x_11p00,"(11.0, 17.0, 11.05, 19.0)",20,CJ3J1,1,10.0,82,0,1,2,,9970,9961|9970,
lower_x_11p00,"(11.0, 17.0, 11.05, 19.0)",20,CJ3J1,2,10.0,81,0,0,1,,,9974,
lower_x_11p00,"(11.0, 17.0, 11.05, 19.0)",20,CJ3J1,3,10.0,84,0,0,0,,,,
lower_x_11p00,"(11.0, 17.0, 11.05, 19.0)",20,CJ3J1,4,10.0,83,0,0,1,,,9969,
lower_x_11p00,"(11.0, 17.0, 11.05, 19.0)",25,J2CA,0,10.0,82,0,0,0,,,,
lower_x_11p00,"(11.0, 17.0, 11.05, 19.0)",25,J2CA,1,10.0,82,0,0,0,,,,
lower_x_11p00,"(11.0, 17.0, 11.05, 19.0)",25,J2CA,2,10.0,81,0,0,0,,,,
lower_x_11p00,"(11.0, 17.0, 11.05, 19.0)",25,J2CA,3,10.0,84,0,0,0,,,,
lower_x_11p00,"(11.0, 17.0, 11.05, 19.0)",25,J2CA,4,10.0,83,0,0,0,,,,
lower_x_11p00,"(11.0, 17.0, 11.05, 19.0)",22,J2CB,0,10.0,82,0,0,0,,,,
lower_x_11p00,"(11.0, 17.0, 11.05, 19.0)",22,J2CB,1,10.0,82,0,0,0,,,,
lower_x_11p00,"(11.0, 17.0, 11.05, 19.0)",22,J2CB,2,10.0,81,0,0,0,,,,
lower_x_11p00,"(11.0, 17.0, 11.05, 19.0)",22,J2CB,3,10.0,84,0,0,0,,,,
lower_x_11p00,"(11.0, 17.0, 11.05, 19.0)",22,J2CB,4,10.0,83,0,0,0,,,,
lower_x_11p00,"(11.0, 17.0, 11.05, 19.0)",23,J2CJ1,0,10.0,82,0,0,0,,,,
lower_x_11p00,"(11.0, 17.0, 11.05, 19.0)",23,J2CJ1,1,10.0,82,0,0,0,,,,
lower_x_11p00,"(11.0, 17.0, 11.05, 19.0)",23,J2CJ1,2,10.0,81,0,0,0,,,,
lower_x_11p00,"(11.0, 17.0, 11.05, 19.0)",23,J2CJ1,3,10.0,84,0,0,0,,,,
lower_x_11p00,"(11.0, 17.0, 11.05, 19.0)",23,J2CJ1,4,10.0,83,0,0,0,,,,
lower_x_11p00,"(11.0, 17.0, 11.05, 19.0)",24,J2CJ2,0,10.0,82,0,0,0,,,,
lower_x_11p00,"(11.0, 17.0, 11.05, 19.0)",24,J2CJ2,1,10.0,82,0,1,1,,12155,12155,
lower_x_11p00,"(11.0, 17.0, 11.05, 19.0)",24,J2CJ2,2,10.0,81,0,2,2,,12141|12149,12141|12149,
lower_x_11p00,"(11.0, 17.0, 11.05, 19.0)",24,J2CJ2,3,10.0,84,0,1,2,,12148,12148|12154,
lower_x_11p00,"(11.0, 17.0, 11.05, 19.0)",24,J2CJ2,4,10.0,83,0,0,0,,,,
lower_x_11p00,"(11.0, 17.0, 11.05, 19.0)",27,J2J3A,0,10.0,82,0,0,0,,,,
lower_x_11p00,"(11.0, 17.0, 11.05, 19.0)",27,J2J3A,1,10.0,82,0,1,2,,13270,13261|13270,
lower_x_11p00,"(11.0, 17.0, 11.05, 19.0)",27,J2J3A,2,10.0,81,0,0,1,,,13274,
lower_x_11p00,"(11.0, 17.0, 11.05, 19.0)",27,J2J3A,3,10.0,84,0,0,0,,,,
lower_x_11p00,"(11.0, 17.0, 11.05, 19.0)",27,J2J3A,4,10.0,83,0,0,1,,,13269,
lower_x_11p00,"(11.0, 17.0, 11.05, 19.0)",26,J2J3B,0,10.0,82,0,0,0,,,,
lower_x_11p00,"(11.0, 17.0, 11.05, 19.0)",26,J2J3B,1,10.0,82,0,1,2,,12170,12161|12170,
lower_x_11p00,"(11.0, 17.0, 11.05, 19.0)",26,J2J3B,2,10.0,81,0,0,1,,,13274,
lower_x_11p00,"(11.0, 17.0, 11.05, 19.0)",26,J2J3B,3,10.0,84,0,0,0,,,,
lower_x_11p00,"(11.0, 17.0, 11.05, 19.0)",26,J2J3B,4,10.0,83,0,0,1,,,13269,
lower_x_11p00,"(11.0, 17.0, 11.05, 19.0)",30,J3CA,0,10.0,82,0,0,0,,,,
lower_x_11p00,"(11.0, 17.0, 11.05, 19.0)",30,J3CA,1,10.0,82,0,0,0,,,,
lower_x_11p00,"(11.0, 17.0, 11.05, 19.0)",30,J3CA,2,10.0,81,0,0,0,,,,
lower_x_11p00,"(11.0, 17.0, 11.05, 19.0)",30,J3CA,3,10.0,84,0,0,0,,,,
lower_x_11p00,"(11.0, 17.0, 11.05, 19.0)",30,J3CA,4,10.0,83,0,0,0,,,,
lower_x_11p00,"(11.0, 17.0, 11.05, 19.0)",28,J3CB,0,10.0,82,0,0,0,,,,
lower_x_11p00,"(11.0, 17.0, 11.05, 19.0)",28,J3CB,1,10.0,82,0,0,0,,,,
lower_x_11p00,"(11.0, 17.0, 11.05, 19.0)",28,J3CB,2,10.0,81,0,0,0,,,,
lower_x_11p00,"(11.0, 17.0, 11.05, 19.0)",28,J3CB,3,10.0,84,0,0,0,,,,
lower_x_11p00,"(11.0, 17.0, 11.05, 19.0)",28,J3CB,4,10.0,83,0,0,0,,,,
lower_x_11p00,"(11.0, 17.0, 11.05, 19.0)",29,J3CJ2,0,10.0,82,0,0,0,,,,
lower_x_11p00,"(11.0, 17.0, 11.05, 19.0)",29,J3CJ2,1,10.0,82,0,1,1,,14355,14355,
lower_x_11p00,"(11.0, 17.0, 11.05, 19.0)",29,J3CJ2,2,10.0,81,0,2,2,,14341|14349,14341|14349,
lower_x_11p00,"(11.0, 17.0, 11.05, 19.0)",29,J3CJ2,3,10.0,84,0,1,2,,14348,14348|14354,
lower_x_11p00,"(11.0, 17.0, 11.05, 19.0)",29,J3CJ2,4,10.0,83,0,0,0,,,,
lower_x_11p00,"(11.0, 17.0, 11.05, 19.0)",32,J3J1A,0,10.0,82,0,0,0,,,,
lower_x_11p00,"(11.0, 17.0, 11.05, 19.0)",32,J3J1A,1,10.0,82,0,0,0,,,,
lower_x_11p00,"(11.0, 17.0, 11.05, 19.0)",32,J3J1A,2,10.0,81,0,0,0,,,,
lower_x_11p00,"(11.0, 17.0, 11.05, 19.0)",32,J3J1A,3,10.0,84,0,0,0,,,,
lower_x_11p00,"(11.0, 17.0, 11.05, 19.0)",32,J3J1A,4,10.0,83,0,0,0,,,,
lower_x_11p00,"(11.0, 17.0, 11.05, 19.0)",31,J3J1B,0,10.0,82,0,0,0,,,,
lower_x_11p00,"(11.0, 17.0, 11.05, 19.0)",31,J3J1B,1,10.0,82,0,0,0,,,,
lower_x_11p00,"(11.0, 17.0, 11.05, 19.0)",31,J3J1B,2,10.0,81,0,0,0,,,,
lower_x_11p00,"(11.0, 17.0, 11.05, 19.0)",31,J3J1B,3,10.0,84,0,0,0,,,,
lower_x_11p00,"(11.0, 17.0, 11.05, 19.0)",31,J3J1B,4,10.0,83,0,0,0,,,,
lower_x_11p00,"(11.0, 17.0, 11.05, 19.0)",34,J3J3A,0,10.0,82,0,0,0,,,,
lower_x_11p00,"(11.0, 17.0, 11.05, 19.0)",34,J3J3A,1,10.0,82,0,1,2,,16570,16561|16570,
lower_x_11p00,"(11.0, 17.0, 11.05, 19.0)",34,J3J3A,2,10.0,81,0,0,1,,,16574,
lower_x_11p00,"(11.0, 17.0, 11.05, 19.0)",34,J3J3A,3,10.0,84,0,0,0,,,,
lower_x_11p00,"(11.0, 17.0, 11.05, 19.0)",34,J3J3A,4,10.0,83,0,0,1,,,16569,
lower_x_11p00,"(11.0, 17.0, 11.05, 19.0)",33,J3J3B,0,10.0,82,0,0,0,,,,
lower_x_11p00,"(11.0, 17.0, 11.05, 19.0)",33,J3J3B,1,10.0,82,0,1,2,,16570,16561|16570,
lower_x_11p00,"(11.0, 17.0, 11.05, 19.0)",33,J3J3B,2,10.0,81,0,0,1,,,16574,
lower_x_11p00,"(11.0, 17.0, 11.05, 19.0)",33,J3J3B,3,10.0,84,0,0,0,,,,
lower_x_11p00,"(11.0, 17.0, 11.05, 19.0)",33,J3J3B,4,10.0,83,0,0,1,,,16569,
lower_x_6p50,"(6.5, 17.0, 6.55, 19.0)",3,ACA,0,10.0,82,0,0,0,,,,
lower_x_6p50,"(6.5, 17.0, 6.55, 19.0)",3,ACA,1,10.0,82,0,0,0,,,,
lower_x_6p50,"(6.5, 17.0, 6.55, 19.0)",3,ACA,2,10.0,81,0,0,0,,,,
lower_x_6p50,"(6.5, 17.0, 6.55, 19.0)",3,ACA,3,10.0,84,0,0,0,,,,
lower_x_6p50,"(6.5, 17.0, 6.55, 19.0)",3,ACA,4,10.0,83,0,0,0,,,,
lower_x_6p50,"(6.5, 17.0, 6.55, 19.0)",0,ACB,0,10.0,82,0,0,0,,,,
lower_x_6p50,"(6.5, 17.0, 6.55, 19.0)",0,ACB,1,10.0,82,0,0,0,,,,
lower_x_6p50,"(6.5, 17.0, 6.55, 19.0)",0,ACB,2,10.0,81,0,0,0,,,,
lower_x_6p50,"(6.5, 17.0, 6.55, 19.0)",0,ACB,3,10.0,84,0,0,0,,,,
lower_x_6p50,"(6.5, 17.0, 6.55, 19.0)",0,ACB,4,10.0,83,0,0,1,,,58,
lower_x_6p50,"(6.5, 17.0, 6.55, 19.0)",1,ACJ1,0,10.0,82,0,0,0,,,,
lower_x_6p50,"(6.5, 17.0, 6.55, 19.0)",1,ACJ1,1,10.0,82,0,0,0,,,,
lower_x_6p50,"(6.5, 17.0, 6.55, 19.0)",1,ACJ1,2,10.0,81,0,0,0,,,,
lower_x_6p50,"(6.5, 17.0, 6.55, 19.0)",1,ACJ1,3,10.0,84,0,0,0,,,,
lower_x_6p50,"(6.5, 17.0, 6.55, 19.0)",1,ACJ1,4,10.0,83,0,0,0,,,,
lower_x_6p50,"(6.5, 17.0, 6.55, 19.0)",2,ACJ2,0,10.0,82,0,1,1,,59,59,
lower_x_6p50,"(6.5, 17.0, 6.55, 19.0)",2,ACJ2,1,10.0,82,0,2,2,,1152|1160,1152|1160,
lower_x_6p50,"(6.5, 17.0, 6.55, 19.0)",2,ACJ2,2,10.0,81,0,2,2,,1143|1144,1143|1144,
lower_x_6p50,"(6.5, 17.0, 6.55, 19.0)",2,ACJ2,3,10.0,84,0,1,1,,1158,1158,
lower_x_6p50,"(6.5, 17.0, 6.55, 19.0)",2,ACJ2,4,10.0,83,0,0,1,,,1141,
lower_x_6p50,"(6.5, 17.0, 6.55, 19.0)",7,AJ1A,0,10.0,82,0,0,0,,,,
lower_x_6p50,"(6.5, 17.0, 6.55, 19.0)",7,AJ1A,1,10.0,82,0,0,0,,,,
lower_x_6p50,"(6.5, 17.0, 6.55, 19.0)",7,AJ1A,2,10.0,81,0,0,0,,,,
lower_x_6p50,"(6.5, 17.0, 6.55, 19.0)",7,AJ1A,3,10.0,84,0,0,0,,,,
lower_x_6p50,"(6.5, 17.0, 6.55, 19.0)",7,AJ1A,4,10.0,83,0,0,0,,,,
lower_x_6p50,"(6.5, 17.0, 6.55, 19.0)",4,AJ1B,0,10.0,82,0,0,0,,,,
lower_x_6p50,"(6.5, 17.0, 6.55, 19.0)",4,AJ1B,1,10.0,82,0,0,0,,,,
lower_x_6p50,"(6.5, 17.0, 6.55, 19.0)",4,AJ1B,2,10.0,81,0,0,0,,,,
lower_x_6p50,"(6.5, 17.0, 6.55, 19.0)",4,AJ1B,3,10.0,84,0,0,0,,,,
lower_x_6p50,"(6.5, 17.0, 6.55, 19.0)",4,AJ1B,4,10.0,83,0,0,1,,,2258,
lower_x_6p50,"(6.5, 17.0, 6.55, 19.0)",5,AJ1J1,0,10.0,82,0,0,0,,,,
lower_x_6p50,"(6.5, 17.0, 6.55, 19.0)",5,AJ1J1,1,10.0,82,0,0,0,,,,
lower_x_6p50,"(6.5, 17.0, 6.55, 19.0)",5,AJ1J1,2,10.0,81,0,0,0,,,,
lower_x_6p50,"(6.5, 17.0, 6.55, 19.0)",5,AJ1J1,3,10.0,84,0,0,0,,,,
lower_x_6p50,"(6.5, 17.0, 6.55, 19.0)",5,AJ1J1,4,10.0,83,0,0,0,,,,
lower_x_6p50,"(6.5, 17.0, 6.55, 19.0)",6,AJ1J2,0,10.0,82,0,1,1,,2259,2259,
lower_x_6p50,"(6.5, 17.0, 6.55, 19.0)",6,AJ1J2,1,10.0,82,0,2,2,,2252|2260,2252|2260,
lower_x_6p50,"(6.5, 17.0, 6.55, 19.0)",6,AJ1J2,2,10.0,81,0,2,2,,2243|2244,2243|2244,
lower_x_6p50,"(6.5, 17.0, 6.55, 19.0)",6,AJ1J2,3,10.0,84,0,1,1,,3358,3358,
lower_x_6p50,"(6.5, 17.0, 6.55, 19.0)",6,AJ1J2,4,10.0,83,0,0,1,,,3341,
lower_x_6p50,"(6.5, 17.0, 6.55, 19.0)",10,AJ3A,0,10.0,82,0,1,2,,4478,4472|4478,
lower_x_6p50,"(6.5, 17.0, 6.55, 19.0)",10,AJ3A,1,10.0,82,0,2,2,,4471|4474,4471|4474,
lower_x_6p50,"(6.5, 17.0, 6.55, 19.0)",10,AJ3A,2,10.0,81,0,0,0,,,,
lower_x_6p50,"(6.5, 17.0, 6.55, 19.0)",10,AJ3A,3,10.0,84,0,0,1,,,4470,
lower_x_6p50,"(6.5, 17.0, 6.55, 19.0)",10,AJ3A,4,10.0,83,0,0,1,,,4479,
lower_x_6p50,"(6.5, 17.0, 6.55, 19.0)",8,AJ3B,0,10.0,82,0,0,1,,,3372,
lower_x_6p50,"(6.5, 17.0, 6.55, 19.0)",8,AJ3B,1,10.0,82,0,2,2,,3371|3374,3371|3374,
lower_x_6p50,"(6.5, 17.0, 6.55, 19.0)",8,AJ3B,2,10.0,81,0,0,1,,,3365,
lower_x_6p50,"(6.5, 17.0, 6.55, 19.0)",8,AJ3B,3,10.0,84,0,0,2,,,3370|3376,
lower_x_6p50,"(6.5, 17.0, 6.55, 19.0)",8,AJ3B,4,10.0,83,0,1,1,,4479,4479,
lower_x_6p50,"(6.5, 17.0, 6.55, 19.0)",9,AJ3J1,0,10.0,82,0,1,2,,4478,4472|4478,
lower_x_6p50,"(6.5, 17.0, 6.55, 19.0)",9,AJ3J1,1,10.0,82,0,1,3,,4471,4471|4472|4474,
lower_x_6p50,"(6.5, 17.0, 6.55, 19.0)",9,AJ3J1,2,10.0,81,0,0,1,,,4465,
lower_x_6p50,"(6.5, 17.0, 6.55, 19.0)",9,AJ3J1,3,10.0,84,0,1,1,,4470,4470,
lower_x_6p50,"(6.5, 17.0, 6.55, 19.0)",9,AJ3J1,4,10.0,83,0,1,1,,4479,4479,
lower_x_6p50,"(6.5, 17.0, 6.55, 19.0)",14,CCA,0,10.0,82,0,0,0,,,,
lower_x_6p50,"(6.5, 17.0, 6.55, 19.0)",14,CCA,1,10.0,82,0,0,0,,,,
lower_x_6p50,"(6.5, 17.0, 6.55, 19.0)",14,CCA,2,10.0,81,0,0,0,,,,
lower_x_6p50,"(6.5, 17.0, 6.55, 19.0)",14,CCA,3,10.0,84,0,0,0,,,,
lower_x_6p50,"(6.5, 17.0, 6.55, 19.0)",14,CCA,4,10.0,83,0,0,0,,,,
lower_x_6p50,"(6.5, 17.0, 6.55, 19.0)",11,CCB,0,10.0,82,0,0,0,,,,
lower_x_6p50,"(6.5, 17.0, 6.55, 19.0)",11,CCB,1,10.0,82,0,0,0,,,,
lower_x_6p50,"(6.5, 17.0, 6.55, 19.0)",11,CCB,2,10.0,81,0,0,0,,,,
lower_x_6p50,"(6.5, 17.0, 6.55, 19.0)",11,CCB,3,10.0,84,0,0,0,,,,
lower_x_6p50,"(6.5, 17.0, 6.55, 19.0)",11,CCB,4,10.0,83,0,0,1,,,5558,
lower_x_6p50,"(6.5, 17.0, 6.55, 19.0)",12,CCJ1,0,10.0,82,0,0,0,,,,
lower_x_6p50,"(6.5, 17.0, 6.55, 19.0)",12,CCJ1,1,10.0,82,0,0,0,,,,
lower_x_6p50,"(6.5, 17.0, 6.55, 19.0)",12,CCJ1,2,10.0,81,0,0,0,,,,
lower_x_6p50,"(6.5, 17.0, 6.55, 19.0)",12,CCJ1,3,10.0,84,0,0,0,,,,
lower_x_6p50,"(6.5, 17.0, 6.55, 19.0)",12,CCJ1,4,10.0,83,0,0,0,,,,
lower_x_6p50,"(6.5, 17.0, 6.55, 19.0)",13,CCJ2,0,10.0,82,0,1,1,,5559,5559,
lower_x_6p50,"(6.5, 17.0, 6.55, 19.0)",13,CCJ2,1,10.0,82,0,2,2,,6652|6660,6652|6660,
lower_x_6p50,"(6.5, 17.0, 6.55, 19.0)",13,CCJ2,2,10.0,81,0,2,2,,6643|6644,6643|6644,
lower_x_6p50,"(6.5, 17.0, 6.55, 19.0)",13,CCJ2,3,10.0,84,0,1,1,,6658,6658,
lower_x_6p50,"(6.5, 17.0, 6.55, 19.0)",13,CCJ2,4,10.0,83,0,0,1,,,6641,
lower_x_6p50,"(6.5, 17.0, 6.55, 19.0)",18,CJ1A,0,10.0,82,0,0,0,,,,
lower_x_6p50,"(6.5, 17.0, 6.55, 19.0)",18,CJ1A,1,10.0,82,0,0,0,,,,
lower_x_6p50,"(6.5, 17.0, 6.55, 19.0)",18,CJ1A,2,10.0,81,0,0,0,,,,
lower_x_6p50,"(6.5, 17.0, 6.55, 19.0)",18,CJ1A,3,10.0,84,0,0,0,,,,
lower_x_6p50,"(6.5, 17.0, 6.55, 19.0)",18,CJ1A,4,10.0,83,0,0,0,,,,
lower_x_6p50,"(6.5, 17.0, 6.55, 19.0)",15,CJ1B,0,10.0,82,0,0,0,,,,
lower_x_6p50,"(6.5, 17.0, 6.55, 19.0)",15,CJ1B,1,10.0,82,0,0,0,,,,
lower_x_6p50,"(6.5, 17.0, 6.55, 19.0)",15,CJ1B,2,10.0,81,0,0,0,,,,
lower_x_6p50,"(6.5, 17.0, 6.55, 19.0)",15,CJ1B,3,10.0,84,0,0,0,,,,
lower_x_6p50,"(6.5, 17.0, 6.55, 19.0)",15,CJ1B,4,10.0,83,0,0,1,,,7758,
lower_x_6p50,"(6.5, 17.0, 6.55, 19.0)",16,CJ1J1,0,10.0,82,0,0,0,,,,
lower_x_6p50,"(6.5, 17.0, 6.55, 19.0)",16,CJ1J1,1,10.0,82,0,0,0,,,,
lower_x_6p50,"(6.5, 17.0, 6.55, 19.0)",16,CJ1J1,2,10.0,81,0,0,0,,,,
lower_x_6p50,"(6.5, 17.0, 6.55, 19.0)",16,CJ1J1,3,10.0,84,0,0,0,,,,
lower_x_6p50,"(6.5, 17.0, 6.55, 19.0)",16,CJ1J1,4,10.0,83,0,0,0,,,,
lower_x_6p50,"(6.5, 17.0, 6.55, 19.0)",17,CJ1J2,0,10.0,82,0,1,1,,7759,7759,
lower_x_6p50,"(6.5, 17.0, 6.55, 19.0)",17,CJ1J2,1,10.0,82,0,2,2,,7752|7760,7752|7760,
lower_x_6p50,"(6.5, 17.0, 6.55, 19.0)",17,CJ1J2,2,10.0,81,0,2,2,,7743|7744,7743|7744,
lower_x_6p50,"(6.5, 17.0, 6.55, 19.0)",17,CJ1J2,3,10.0,84,0,1,1,,8858,8858,
lower_x_6p50,"(6.5, 17.0, 6.55, 19.0)",17,CJ1J2,4,10.0,83,0,0,1,,,8841,
lower_x_6p50,"(6.5, 17.0, 6.55, 19.0)",21,CJ3A,0,10.0,82,0,1,2,,9978,9972|9978,
lower_x_6p50,"(6.5, 17.0, 6.55, 19.0)",21,CJ3A,1,10.0,82,0,2,2,,9971|9974,9971|9974,
lower_x_6p50,"(6.5, 17.0, 6.55, 19.0)",21,CJ3A,2,10.0,81,0,0,0,,,,
lower_x_6p50,"(6.5, 17.0, 6.55, 19.0)",21,CJ3A,3,10.0,84,0,0,1,,,9970,
lower_x_6p50,"(6.5, 17.0, 6.55, 19.0)",21,CJ3A,4,10.0,83,0,0,1,,,9979,
lower_x_6p50,"(6.5, 17.0, 6.55, 19.0)",19,CJ3B,0,10.0,82,0,0,1,,,8872,
lower_x_6p50,"(6.5, 17.0, 6.55, 19.0)",19,CJ3B,1,10.0,82,0,2,2,,8871|8874,8871|8874,
lower_x_6p50,"(6.5, 17.0, 6.55, 19.0)",19,CJ3B,2,10.0,81,0,0,1,,,8865,
lower_x_6p50,"(6.5, 17.0, 6.55, 19.0)",19,CJ3B,3,10.0,84,0,0,2,,,8870|8876,
lower_x_6p50,"(6.5, 17.0, 6.55, 19.0)",19,CJ3B,4,10.0,83,0,1,1,,9979,9979,
lower_x_6p50,"(6.5, 17.0, 6.55, 19.0)",20,CJ3J1,0,10.0,82,0,1,2,,9978,9972|9978,
lower_x_6p50,"(6.5, 17.0, 6.55, 19.0)",20,CJ3J1,1,10.0,82,0,1,3,,9971,9971|9972|9974,
lower_x_6p50,"(6.5, 17.0, 6.55, 19.0)",20,CJ3J1,2,10.0,81,0,0,1,,,9965,
lower_x_6p50,"(6.5, 17.0, 6.55, 19.0)",20,CJ3J1,3,10.0,84,0,1,1,,9970,9970,
lower_x_6p50,"(6.5, 17.0, 6.55, 19.0)",20,CJ3J1,4,10.0,83,0,1,1,,9979,9979,
lower_x_6p50,"(6.5, 17.0, 6.55, 19.0)",25,J2CA,0,10.0,82,0,0,0,,,,
lower_x_6p50,"(6.5, 17.0, 6.55, 19.0)",25,J2CA,1,10.0,82,0,0,0,,,,
lower_x_6p50,"(6.5, 17.0, 6.55, 19.0)",25,J2CA,2,10.0,81,0,0,0,,,,
lower_x_6p50,"(6.5, 17.0, 6.55, 19.0)",25,J2CA,3,10.0,84,0,0,0,,,,
lower_x_6p50,"(6.5, 17.0, 6.55, 19.0)",25,J2CA,4,10.0,83,0,0,0,,,,
lower_x_6p50,"(6.5, 17.0, 6.55, 19.0)",22,J2CB,0,10.0,82,0,0,0,,,,
lower_x_6p50,"(6.5, 17.0, 6.55, 19.0)",22,J2CB,1,10.0,82,0,0,0,,,,
lower_x_6p50,"(6.5, 17.0, 6.55, 19.0)",22,J2CB,2,10.0,81,0,0,0,,,,
lower_x_6p50,"(6.5, 17.0, 6.55, 19.0)",22,J2CB,3,10.0,84,0,0,0,,,,
lower_x_6p50,"(6.5, 17.0, 6.55, 19.0)",22,J2CB,4,10.0,83,0,0,1,,,11058,
lower_x_6p50,"(6.5, 17.0, 6.55, 19.0)",23,J2CJ1,0,10.0,82,0,0,0,,,,
lower_x_6p50,"(6.5, 17.0, 6.55, 19.0)",23,J2CJ1,1,10.0,82,0,0,0,,,,
lower_x_6p50,"(6.5, 17.0, 6.55, 19.0)",23,J2CJ1,2,10.0,81,0,0,0,,,,
lower_x_6p50,"(6.5, 17.0, 6.55, 19.0)",23,J2CJ1,3,10.0,84,0,0,0,,,,
lower_x_6p50,"(6.5, 17.0, 6.55, 19.0)",23,J2CJ1,4,10.0,83,0,0,0,,,,
lower_x_6p50,"(6.5, 17.0, 6.55, 19.0)",24,J2CJ2,0,10.0,82,0,1,1,,11059,11059,
lower_x_6p50,"(6.5, 17.0, 6.55, 19.0)",24,J2CJ2,1,10.0,82,0,2,2,,12152|12160,12152|12160,
lower_x_6p50,"(6.5, 17.0, 6.55, 19.0)",24,J2CJ2,2,10.0,81,0,2,2,,12143|12144,12143|12144,
lower_x_6p50,"(6.5, 17.0, 6.55, 19.0)",24,J2CJ2,3,10.0,84,0,1,1,,12158,12158,
lower_x_6p50,"(6.5, 17.0, 6.55, 19.0)",24,J2CJ2,4,10.0,83,0,0,1,,,12141,
lower_x_6p50,"(6.5, 17.0, 6.55, 19.0)",27,J2J3A,0,10.0,82,0,1,2,,13278,13272|13278,
lower_x_6p50,"(6.5, 17.0, 6.55, 19.0)",27,J2J3A,1,10.0,82,0,2,2,,13271|13274,13271|13274,
lower_x_6p50,"(6.5, 17.0, 6.55, 19.0)",27,J2J3A,2,10.0,81,0,0,0,,,,
lower_x_6p50,"(6.5, 17.0, 6.55, 19.0)",27,J2J3A,3,10.0,84,0,0,1,,,13270,
lower_x_6p50,"(6.5, 17.0, 6.55, 19.0)",27,J2J3A,4,10.0,83,0,0,1,,,13279,
lower_x_6p50,"(6.5, 17.0, 6.55, 19.0)",26,J2J3B,0,10.0,82,0,0,1,,,12172,
lower_x_6p50,"(6.5, 17.0, 6.55, 19.0)",26,J2J3B,1,10.0,82,0,2,2,,12171|12174,12171|12174,
lower_x_6p50,"(6.5, 17.0, 6.55, 19.0)",26,J2J3B,2,10.0,81,0,0,1,,,13265,
lower_x_6p50,"(6.5, 17.0, 6.55, 19.0)",26,J2J3B,3,10.0,84,0,0,2,,,13270|13276,
lower_x_6p50,"(6.5, 17.0, 6.55, 19.0)",26,J2J3B,4,10.0,83,0,1,1,,13279,13279,
lower_x_6p50,"(6.5, 17.0, 6.55, 19.0)",30,J3CA,0,10.0,82,0,0,0,,,,
lower_x_6p50,"(6.5, 17.0, 6.55, 19.0)",30,J3CA,1,10.0,82,0,0,0,,,,
lower_x_6p50,"(6.5, 17.0, 6.55, 19.0)",30,J3CA,2,10.0,81,0,0,0,,,,
lower_x_6p50,"(6.5, 17.0, 6.55, 19.0)",30,J3CA,3,10.0,84,0,0,0,,,,
lower_x_6p50,"(6.5, 17.0, 6.55, 19.0)",30,J3CA,4,10.0,83,0,0,0,,,,
lower_x_6p50,"(6.5, 17.0, 6.55, 19.0)",28,J3CB,0,10.0,82,0,0,0,,,,
lower_x_6p50,"(6.5, 17.0, 6.55, 19.0)",28,J3CB,1,10.0,82,0,0,0,,,,
lower_x_6p50,"(6.5, 17.0, 6.55, 19.0)",28,J3CB,2,10.0,81,0,0,0,,,,
lower_x_6p50,"(6.5, 17.0, 6.55, 19.0)",28,J3CB,3,10.0,84,0,0,0,,,,
lower_x_6p50,"(6.5, 17.0, 6.55, 19.0)",28,J3CB,4,10.0,83,0,0,1,,,14358,
lower_x_6p50,"(6.5, 17.0, 6.55, 19.0)",29,J3CJ2,0,10.0,82,0,1,1,,14359,14359,
lower_x_6p50,"(6.5, 17.0, 6.55, 19.0)",29,J3CJ2,1,10.0,82,0,2,2,,14352|14360,14352|14360,
lower_x_6p50,"(6.5, 17.0, 6.55, 19.0)",29,J3CJ2,2,10.0,81,0,2,2,,14343|14344,14343|14344,
lower_x_6p50,"(6.5, 17.0, 6.55, 19.0)",29,J3CJ2,3,10.0,84,0,1,1,,14358,14358,
lower_x_6p50,"(6.5, 17.0, 6.55, 19.0)",29,J3CJ2,4,10.0,83,0,0,1,,,14341,
lower_x_6p50,"(6.5, 17.0, 6.55, 19.0)",32,J3J1A,0,10.0,82,0,0,0,,,,
lower_x_6p50,"(6.5, 17.0, 6.55, 19.0)",32,J3J1A,1,10.0,82,0,0,0,,,,
lower_x_6p50,"(6.5, 17.0, 6.55, 19.0)",32,J3J1A,2,10.0,81,0,0,0,,,,
lower_x_6p50,"(6.5, 17.0, 6.55, 19.0)",32,J3J1A,3,10.0,84,0,0,0,,,,
lower_x_6p50,"(6.5, 17.0, 6.55, 19.0)",32,J3J1A,4,10.0,83,0,0,0,,,,
lower_x_6p50,"(6.5, 17.0, 6.55, 19.0)",31,J3J1B,0,10.0,82,0,0,0,,,,
lower_x_6p50,"(6.5, 17.0, 6.55, 19.0)",31,J3J1B,1,10.0,82,0,0,0,,,,
lower_x_6p50,"(6.5, 17.0, 6.55, 19.0)",31,J3J1B,2,10.0,81,0,0,0,,,,
lower_x_6p50,"(6.5, 17.0, 6.55, 19.0)",31,J3J1B,3,10.0,84,0,0,0,,,,
lower_x_6p50,"(6.5, 17.0, 6.55, 19.0)",31,J3J1B,4,10.0,83,0,0,1,,,15458,
lower_x_6p50,"(6.5, 17.0, 6.55, 19.0)",34,J3J3A,0,10.0,82,0,1,2,,16578,16572|16578,
lower_x_6p50,"(6.5, 17.0, 6.55, 19.0)",34,J3J3A,1,10.0,82,0,2,2,,16571|16574,16571|16574,
lower_x_6p50,"(6.5, 17.0, 6.55, 19.0)",34,J3J3A,2,10.0,81,0,0,0,,,,
lower_x_6p50,"(6.5, 17.0, 6.55, 19.0)",34,J3J3A,3,10.0,84,0,0,1,,,16570,
lower_x_6p50,"(6.5, 17.0, 6.55, 19.0)",34,J3J3A,4,10.0,83,0,0,1,,,16579,
lower_x_6p50,"(6.5, 17.0, 6.55, 19.0)",33,J3J3B,0,10.0,82,0,0,1,,,16572,
lower_x_6p50,"(6.5, 17.0, 6.55, 19.0)",33,J3J3B,1,10.0,82,0,2,2,,16571|16574,16571|16574,
lower_x_6p50,"(6.5, 17.0, 6.55, 19.0)",33,J3J3B,2,10.0,81,0,0,1,,,16565,
lower_x_6p50,"(6.5, 17.0, 6.55, 19.0)",33,J3J3B,3,10.0,84,0,0,2,,,16570|16576,
lower_x_6p50,"(6.5, 17.0, 6.55, 19.0)",33,J3J3B,4,10.0,83,0,1,1,,16579,16579,
lower_x_7p00,"(7.0, 17.0, 7.05, 19.0)",3,ACA,0,10.0,82,0,0,0,,,,
lower_x_7p00,"(7.0, 17.0, 7.05, 19.0)",3,ACA,1,10.0,82,0,0,0,,,,
lower_x_7p00,"(7.0, 17.0, 7.05, 19.0)",3,ACA,2,10.0,81,0,0,0,,,,
lower_x_7p00,"(7.0, 17.0, 7.05, 19.0)",3,ACA,3,10.0,84,0,0,0,,,,
lower_x_7p00,"(7.0, 17.0, 7.05, 19.0)",3,ACA,4,10.0,83,0,0,0,,,,
lower_x_7p00,"(7.0, 17.0, 7.05, 19.0)",0,ACB,0,10.0,82,0,0,0,,,,
lower_x_7p00,"(7.0, 17.0, 7.05, 19.0)",0,ACB,1,10.0,82,0,0,0,,,,
lower_x_7p00,"(7.0, 17.0, 7.05, 19.0)",0,ACB,2,10.0,81,0,0,0,,,,
lower_x_7p00,"(7.0, 17.0, 7.05, 19.0)",0,ACB,3,10.0,84,0,0,0,,,,
lower_x_7p00,"(7.0, 17.0, 7.05, 19.0)",0,ACB,4,10.0,83,0,0,0,,,,
lower_x_7p00,"(7.0, 17.0, 7.05, 19.0)",1,ACJ1,0,10.0,82,0,0,0,,,,
lower_x_7p00,"(7.0, 17.0, 7.05, 19.0)",1,ACJ1,1,10.0,82,0,0,0,,,,
lower_x_7p00,"(7.0, 17.0, 7.05, 19.0)",1,ACJ1,2,10.0,81,0,0,0,,,,
lower_x_7p00,"(7.0, 17.0, 7.05, 19.0)",1,ACJ1,3,10.0,84,0,0,0,,,,
lower_x_7p00,"(7.0, 17.0, 7.05, 19.0)",1,ACJ1,4,10.0,83,0,0,0,,,,
lower_x_7p00,"(7.0, 17.0, 7.05, 19.0)",2,ACJ2,0,10.0,82,0,0,2,,,50|59,
lower_x_7p00,"(7.0, 17.0, 7.05, 19.0)",2,ACJ2,1,10.0,82,0,0,2,,,1152|1160,
lower_x_7p00,"(7.0, 17.0, 7.05, 19.0)",2,ACJ2,2,10.0,81,0,0,2,,,1143|1144,
lower_x_7p00,"(7.0, 17.0, 7.05, 19.0)",2,ACJ2,3,10.0,84,0,0,1,,,1158,
lower_x_7p00,"(7.0, 17.0, 7.05, 19.0)",2,ACJ2,4,10.0,83,0,0,1,,,1144,
lower_x_7p00,"(7.0, 17.0, 7.05, 19.0)",7,AJ1A,0,10.0,82,0,0,0,,,,
lower_x_7p00,"(7.0, 17.0, 7.05, 19.0)",7,AJ1A,1,10.0,82,0,0,0,,,,
lower_x_7p00,"(7.0, 17.0, 7.05, 19.0)",7,AJ1A,2,10.0,81,0,0,0,,,,
lower_x_7p00,"(7.0, 17.0, 7.05, 19.0)",7,AJ1A,3,10.0,84,0,0,0,,,,
lower_x_7p00,"(7.0, 17.0, 7.05, 19.0)",7,AJ1A,4,10.0,83,0,0,0,,,,
lower_x_7p00,"(7.0, 17.0, 7.05, 19.0)",4,AJ1B,0,10.0,82,0,0,0,,,,
lower_x_7p00,"(7.0, 17.0, 7.05, 19.0)",4,AJ1B,1,10.0,82,0,0,0,,,,
lower_x_7p00,"(7.0, 17.0, 7.05, 19.0)",4,AJ1B,2,10.0,81,0,0,0,,,,
lower_x_7p00,"(7.0, 17.0, 7.05, 19.0)",4,AJ1B,3,10.0,84,0,0,0,,,,
lower_x_7p00,"(7.0, 17.0, 7.05, 19.0)",4,AJ1B,4,10.0,83,0,0,0,,,,
lower_x_7p00,"(7.0, 17.0, 7.05, 19.0)",5,AJ1J1,0,10.0,82,0,0,0,,,,
lower_x_7p00,"(7.0, 17.0, 7.05, 19.0)",5,AJ1J1,1,10.0,82,0,0,0,,,,
lower_x_7p00,"(7.0, 17.0, 7.05, 19.0)",5,AJ1J1,2,10.0,81,0,0,0,,,,
lower_x_7p00,"(7.0, 17.0, 7.05, 19.0)",5,AJ1J1,3,10.0,84,0,0,0,,,,
lower_x_7p00,"(7.0, 17.0, 7.05, 19.0)",5,AJ1J1,4,10.0,83,0,0,0,,,,
lower_x_7p00,"(7.0, 17.0, 7.05, 19.0)",6,AJ1J2,0,10.0,82,0,0,2,,,2250|2259,
lower_x_7p00,"(7.0, 17.0, 7.05, 19.0)",6,AJ1J2,1,10.0,82,0,0,2,,,2252|2260,
lower_x_7p00,"(7.0, 17.0, 7.05, 19.0)",6,AJ1J2,2,10.0,81,0,0,2,,,2243|2244,
lower_x_7p00,"(7.0, 17.0, 7.05, 19.0)",6,AJ1J2,3,10.0,84,0,0,1,,,3358,
lower_x_7p00,"(7.0, 17.0, 7.05, 19.0)",6,AJ1J2,4,10.0,83,0,0,1,,,3344,
lower_x_7p00,"(7.0, 17.0, 7.05, 19.0)",10,AJ3A,0,10.0,82,0,1,1,,4472,4472,
lower_x_7p00,"(7.0, 17.0, 7.05, 19.0)",10,AJ3A,1,10.0,82,0,0,1,,,4474,
lower_x_7p00,"(7.0, 17.0, 7.05, 19.0)",10,AJ3A,2,10.0,81,0,0,0,,,,
lower_x_7p00,"(7.0, 17.0, 7.05, 19.0)",10,AJ3A,3,10.0,84,0,0,1,,,4467,
lower_x_7p00,"(7.0, 17.0, 7.05, 19.0)",10,AJ3A,4,10.0,83,0,0,0,,,,
lower_x_7p00,"(7.0, 17.0, 7.05, 19.0)",8,AJ3B,0,10.0,82,0,2,2,,3372|3380,3372|3380,
lower_x_7p00,"(7.0, 17.0, 7.05, 19.0)",8,AJ3B,1,10.0,82,0,0,1,,,3371,
lower_x_7p00,"(7.0, 17.0, 7.05, 19.0)",8,AJ3B,2,10.0,81,0,0,0,,,,
lower_x_7p00,"(7.0, 17.0, 7.05, 19.0)",8,AJ3B,3,10.0,84,0,0,1,,,3367,
lower_x_7p00,"(7.0, 17.0, 7.05, 19.0)",8,AJ3B,4,10.0,83,0,0,1,,,4479,
lower_x_7p00,"(7.0, 17.0, 7.05, 19.0)",9,AJ3J1,0,10.0,82,0,1,1,,4472,4472,
lower_x_7p00,"(7.0, 17.0, 7.05, 19.0)",9,AJ3J1,1,10.0,82,0,0,1,,,4474,
lower_x_7p00,"(7.0, 17.0, 7.05, 19.0)",9,AJ3J1,2,10.0,81,0,0,0,,,,
lower_x_7p00,"(7.0, 17.0, 7.05, 19.0)",9,AJ3J1,3,10.0,84,0,0,1,,,4467,
lower_x_7p00,"(7.0, 17.0, 7.05, 19.0)",9,AJ3J1,4,10.0,83,0,0,1,,,4479,
lower_x_7p00,"(7.0, 17.0, 7.05, 19.0)",14,CCA,0,10.0,82,0,0,0,,,,
lower_x_7p00,"(7.0, 17.0, 7.05, 19.0)",14,CCA,1,10.0,82,0,0,0,,,,
lower_x_7p00,"(7.0, 17.0, 7.05, 19.0)",14,CCA,2,10.0,81,0,0,0,,,,
lower_x_7p00,"(7.0, 17.0, 7.05, 19.0)",14,CCA,3,10.0,84,0,0,0,,,,
lower_x_7p00,"(7.0, 17.0, 7.05, 19.0)",14,CCA,4,10.0,83,0,0,0,,,,
lower_x_7p00,"(7.0, 17.0, 7.05, 19.0)",11,CCB,0,10.0,82,0,0,0,,,,
lower_x_7p00,"(7.0, 17.0, 7.05, 19.0)",11,CCB,1,10.0,82,0,0,0,,,,
lower_x_7p00,"(7.0, 17.0, 7.05, 19.0)",11,CCB,2,10.0,81,0,0,0,,,,
lower_x_7p00,"(7.0, 17.0, 7.05, 19.0)",11,CCB,3,10.0,84,0,0,0,,,,
lower_x_7p00,"(7.0, 17.0, 7.05, 19.0)",11,CCB,4,10.0,83,0,0,0,,,,
lower_x_7p00,"(7.0, 17.0, 7.05, 19.0)",12,CCJ1,0,10.0,82,0,0,0,,,,
lower_x_7p00,"(7.0, 17.0, 7.05, 19.0)",12,CCJ1,1,10.0,82,0,0,0,,,,
lower_x_7p00,"(7.0, 17.0, 7.05, 19.0)",12,CCJ1,2,10.0,81,0,0,0,,,,
lower_x_7p00,"(7.0, 17.0, 7.05, 19.0)",12,CCJ1,3,10.0,84,0,0,0,,,,
lower_x_7p00,"(7.0, 17.0, 7.05, 19.0)",12,CCJ1,4,10.0,83,0,0,0,,,,
lower_x_7p00,"(7.0, 17.0, 7.05, 19.0)",13,CCJ2,0,10.0,82,0,0,2,,,5550|5559,
lower_x_7p00,"(7.0, 17.0, 7.05, 19.0)",13,CCJ2,1,10.0,82,0,0,2,,,6652|6660,
lower_x_7p00,"(7.0, 17.0, 7.05, 19.0)",13,CCJ2,2,10.0,81,0,0,2,,,6643|6644,
lower_x_7p00,"(7.0, 17.0, 7.05, 19.0)",13,CCJ2,3,10.0,84,0,0,1,,,6658,
lower_x_7p00,"(7.0, 17.0, 7.05, 19.0)",13,CCJ2,4,10.0,83,0,0,1,,,6644,
lower_x_7p00,"(7.0, 17.0, 7.05, 19.0)",18,CJ1A,0,10.0,82,0,0,0,,,,
lower_x_7p00,"(7.0, 17.0, 7.05, 19.0)",18,CJ1A,1,10.0,82,0,0,0,,,,
lower_x_7p00,"(7.0, 17.0, 7.05, 19.0)",18,CJ1A,2,10.0,81,0,0,0,,,,
lower_x_7p00,"(7.0, 17.0, 7.05, 19.0)",18,CJ1A,3,10.0,84,0,0,0,,,,
lower_x_7p00,"(7.0, 17.0, 7.05, 19.0)",18,CJ1A,4,10.0,83,0,0,0,,,,
lower_x_7p00,"(7.0, 17.0, 7.05, 19.0)",15,CJ1B,0,10.0,82,0,0,0,,,,
lower_x_7p00,"(7.0, 17.0, 7.05, 19.0)",15,CJ1B,1,10.0,82,0,0,0,,,,
lower_x_7p00,"(7.0, 17.0, 7.05, 19.0)",15,CJ1B,2,10.0,81,0,0,0,,,,
lower_x_7p00,"(7.0, 17.0, 7.05, 19.0)",15,CJ1B,3,10.0,84,0,0,0,,,,
lower_x_7p00,"(7.0, 17.0, 7.05, 19.0)",15,CJ1B,4,10.0,83,0,0,0,,,,
lower_x_7p00,"(7.0, 17.0, 7.05, 19.0)",16,CJ1J1,0,10.0,82,0,0,0,,,,
lower_x_7p00,"(7.0, 17.0, 7.05, 19.0)",16,CJ1J1,1,10.0,82,0,0,0,,,,
lower_x_7p00,"(7.0, 17.0, 7.05, 19.0)",16,CJ1J1,2,10.0,81,0,0,0,,,,
lower_x_7p00,"(7.0, 17.0, 7.05, 19.0)",16,CJ1J1,3,10.0,84,0,0,0,,,,
lower_x_7p00,"(7.0, 17.0, 7.05, 19.0)",16,CJ1J1,4,10.0,83,0,0,0,,,,
lower_x_7p00,"(7.0, 17.0, 7.05, 19.0)",17,CJ1J2,0,10.0,82,0,0,2,,,7750|7759,
lower_x_7p00,"(7.0, 17.0, 7.05, 19.0)",17,CJ1J2,1,10.0,82,0,0,2,,,7752|7760,
lower_x_7p00,"(7.0, 17.0, 7.05, 19.0)",17,CJ1J2,2,10.0,81,0,0,2,,,7743|7744,
lower_x_7p00,"(7.0, 17.0, 7.05, 19.0)",17,CJ1J2,3,10.0,84,0,0,1,,,8858,
lower_x_7p00,"(7.0, 17.0, 7.05, 19.0)",17,CJ1J2,4,10.0,83,0,0,1,,,8844,
lower_x_7p00,"(7.0, 17.0, 7.05, 19.0)",21,CJ3A,0,10.0,82,0,1,1,,9972,9972,
lower_x_7p00,"(7.0, 17.0, 7.05, 19.0)",21,CJ3A,1,10.0,82,0,0,1,,,9974,
lower_x_7p00,"(7.0, 17.0, 7.05, 19.0)",21,CJ3A,2,10.0,81,0,0,0,,,,
lower_x_7p00,"(7.0, 17.0, 7.05, 19.0)",21,CJ3A,3,10.0,84,0,0,1,,,9967,
lower_x_7p00,"(7.0, 17.0, 7.05, 19.0)",21,CJ3A,4,10.0,83,0,0,0,,,,
lower_x_7p00,"(7.0, 17.0, 7.05, 19.0)",19,CJ3B,0,10.0,82,0,2,2,,8872|8880,8872|8880,
lower_x_7p00,"(7.0, 17.0, 7.05, 19.0)",19,CJ3B,1,10.0,82,0,0,1,,,8871,
lower_x_7p00,"(7.0, 17.0, 7.05, 19.0)",19,CJ3B,2,10.0,81,0,0,0,,,,
lower_x_7p00,"(7.0, 17.0, 7.05, 19.0)",19,CJ3B,3,10.0,84,0,0,1,,,8867,
lower_x_7p00,"(7.0, 17.0, 7.05, 19.0)",19,CJ3B,4,10.0,83,0,0,1,,,9979,
lower_x_7p00,"(7.0, 17.0, 7.05, 19.0)",20,CJ3J1,0,10.0,82,0,1,1,,9972,9972,
lower_x_7p00,"(7.0, 17.0, 7.05, 19.0)",20,CJ3J1,1,10.0,82,0,0,1,,,9974,
lower_x_7p00,"(7.0, 17.0, 7.05, 19.0)",20,CJ3J1,2,10.0,81,0,0,0,,,,
lower_x_7p00,"(7.0, 17.0, 7.05, 19.0)",20,CJ3J1,3,10.0,84,0,0,1,,,9967,
lower_x_7p00,"(7.0, 17.0, 7.05, 19.0)",20,CJ3J1,4,10.0,83,0,0,1,,,9979,
lower_x_7p00,"(7.0, 17.0, 7.05, 19.0)",25,J2CA,0,10.0,82,0,0,0,,,,
lower_x_7p00,"(7.0, 17.0, 7.05, 19.0)",25,J2CA,1,10.0,82,0,0,0,,,,
lower_x_7p00,"(7.0, 17.0, 7.05, 19.0)",25,J2CA,2,10.0,81,0,0,0,,,,
lower_x_7p00,"(7.0, 17.0, 7.05, 19.0)",25,J2CA,3,10.0,84,0,0,0,,,,
lower_x_7p00,"(7.0, 17.0, 7.05, 19.0)",25,J2CA,4,10.0,83,0,0,0,,,,
lower_x_7p00,"(7.0, 17.0, 7.05, 19.0)",22,J2CB,0,10.0,82,0,0,0,,,,
lower_x_7p00,"(7.0, 17.0, 7.05, 19.0)",22,J2CB,1,10.0,82,0,0,0,,,,
lower_x_7p00,"(7.0, 17.0, 7.05, 19.0)",22,J2CB,2,10.0,81,0,0,0,,,,
lower_x_7p00,"(7.0, 17.0, 7.05, 19.0)",22,J2CB,3,10.0,84,0,0,0,,,,
lower_x_7p00,"(7.0, 17.0, 7.05, 19.0)",22,J2CB,4,10.0,83,0,0,0,,,,
lower_x_7p00,"(7.0, 17.0, 7.05, 19.0)",23,J2CJ1,0,10.0,82,0,0,0,,,,
lower_x_7p00,"(7.0, 17.0, 7.05, 19.0)",23,J2CJ1,1,10.0,82,0,0,0,,,,
lower_x_7p00,"(7.0, 17.0, 7.05, 19.0)",23,J2CJ1,2,10.0,81,0,0,0,,,,
lower_x_7p00,"(7.0, 17.0, 7.05, 19.0)",23,J2CJ1,3,10.0,84,0,0,0,,,,
lower_x_7p00,"(7.0, 17.0, 7.05, 19.0)",23,J2CJ1,4,10.0,83,0,0,0,,,,
lower_x_7p00,"(7.0, 17.0, 7.05, 19.0)",24,J2CJ2,0,10.0,82,0,0,2,,,11050|11059,
lower_x_7p00,"(7.0, 17.0, 7.05, 19.0)",24,J2CJ2,1,10.0,82,0,0,2,,,12152|12160,
lower_x_7p00,"(7.0, 17.0, 7.05, 19.0)",24,J2CJ2,2,10.0,81,0,0,2,,,12143|12144,
lower_x_7p00,"(7.0, 17.0, 7.05, 19.0)",24,J2CJ2,3,10.0,84,0,0,1,,,12158,
lower_x_7p00,"(7.0, 17.0, 7.05, 19.0)",24,J2CJ2,4,10.0,83,0,0,1,,,12144,
lower_x_7p00,"(7.0, 17.0, 7.05, 19.0)",27,J2J3A,0,10.0,82,0,1,1,,13272,13272,
lower_x_7p00,"(7.0, 17.0, 7.05, 19.0)",27,J2J3A,1,10.0,82,0,0,1,,,13274,
lower_x_7p00,"(7.0, 17.0, 7.05, 19.0)",27,J2J3A,2,10.0,81,0,0,0,,,,
lower_x_7p00,"(7.0, 17.0, 7.05, 19.0)",27,J2J3A,3,10.0,84,0,0,1,,,13267,
lower_x_7p00,"(7.0, 17.0, 7.05, 19.0)",27,J2J3A,4,10.0,83,0,0,0,,,,
lower_x_7p00,"(7.0, 17.0, 7.05, 19.0)",26,J2J3B,0,10.0,82,0,2,2,,12172|12180,12172|12180,
lower_x_7p00,"(7.0, 17.0, 7.05, 19.0)",26,J2J3B,1,10.0,82,0,0,1,,,12171,
lower_x_7p00,"(7.0, 17.0, 7.05, 19.0)",26,J2J3B,2,10.0,81,0,0,0,,,,
lower_x_7p00,"(7.0, 17.0, 7.05, 19.0)",26,J2J3B,3,10.0,84,0,0,1,,,13267,
lower_x_7p00,"(7.0, 17.0, 7.05, 19.0)",26,J2J3B,4,10.0,83,0,0,1,,,13279,
lower_x_7p00,"(7.0, 17.0, 7.05, 19.0)",30,J3CA,0,10.0,82,0,0,0,,,,
lower_x_7p00,"(7.0, 17.0, 7.05, 19.0)",30,J3CA,1,10.0,82,0,0,0,,,,
lower_x_7p00,"(7.0, 17.0, 7.05, 19.0)",30,J3CA,2,10.0,81,0,0,0,,,,
lower_x_7p00,"(7.0, 17.0, 7.05, 19.0)",30,J3CA,3,10.0,84,0,0,0,,,,
lower_x_7p00,"(7.0, 17.0, 7.05, 19.0)",30,J3CA,4,10.0,83,0,0,0,,,,
lower_x_7p00,"(7.0, 17.0, 7.05, 19.0)",28,J3CB,0,10.0,82,0,0,0,,,,
lower_x_7p00,"(7.0, 17.0, 7.05, 19.0)",28,J3CB,1,10.0,82,0,0,0,,,,
lower_x_7p00,"(7.0, 17.0, 7.05, 19.0)",28,J3CB,2,10.0,81,0,0,0,,,,
lower_x_7p00,"(7.0, 17.0, 7.05, 19.0)",28,J3CB,3,10.0,84,0,0,0,,,,
lower_x_7p00,"(7.0, 17.0, 7.05, 19.0)",28,J3CB,4,10.0,83,0,0,0,,,,
lower_x_7p00,"(7.0, 17.0, 7.05, 19.0)",29,J3CJ2,0,10.0,82,0,0,2,,,14350|14359,
lower_x_7p00,"(7.0, 17.0, 7.05, 19.0)",29,J3CJ2,1,10.0,82,0,0,2,,,14352|14360,
lower_x_7p00,"(7.0, 17.0, 7.05, 19.0)",29,J3CJ2,2,10.0,81,0,0,2,,,14343|14344,
lower_x_7p00,"(7.0, 17.0, 7.05, 19.0)",29,J3CJ2,3,10.0,84,0,0,1,,,14358,
lower_x_7p00,"(7.0, 17.0, 7.05, 19.0)",29,J3CJ2,4,10.0,83,0,0,1,,,14344,
lower_x_7p00,"(7.0, 17.0, 7.05, 19.0)",32,J3J1A,0,10.0,82,0,0,0,,,,
lower_x_7p00,"(7.0, 17.0, 7.05, 19.0)",32,J3J1A,1,10.0,82,0,0,0,,,,
lower_x_7p00,"(7.0, 17.0, 7.05, 19.0)",32,J3J1A,2,10.0,81,0,0,0,,,,
lower_x_7p00,"(7.0, 17.0, 7.05, 19.0)",32,J3J1A,3,10.0,84,0,0,0,,,,
lower_x_7p00,"(7.0, 17.0, 7.05, 19.0)",32,J3J1A,4,10.0,83,0,0,0,,,,
lower_x_7p00,"(7.0, 17.0, 7.05, 19.0)",31,J3J1B,0,10.0,82,0,0,0,,,,
lower_x_7p00,"(7.0, 17.0, 7.05, 19.0)",31,J3J1B,1,10.0,82,0,0,0,,,,
lower_x_7p00,"(7.0, 17.0, 7.05, 19.0)",31,J3J1B,2,10.0,81,0,0,0,,,,
lower_x_7p00,"(7.0, 17.0, 7.05, 19.0)",31,J3J1B,3,10.0,84,0,0,0,,,,
lower_x_7p00,"(7.0, 17.0, 7.05, 19.0)",31,J3J1B,4,10.0,83,0,0,0,,,,
lower_x_7p00,"(7.0, 17.0, 7.05, 19.0)",34,J3J3A,0,10.0,82,0,1,1,,16572,16572,
lower_x_7p00,"(7.0, 17.0, 7.05, 19.0)",34,J3J3A,1,10.0,82,0,0,1,,,16574,
lower_x_7p00,"(7.0, 17.0, 7.05, 19.0)",34,J3J3A,2,10.0,81,0,0,0,,,,
lower_x_7p00,"(7.0, 17.0, 7.05, 19.0)",34,J3J3A,3,10.0,84,0,0,1,,,16567,
lower_x_7p00,"(7.0, 17.0, 7.05, 19.0)",34,J3J3A,4,10.0,83,0,0,0,,,,
lower_x_7p00,"(7.0, 17.0, 7.05, 19.0)",33,J3J3B,0,10.0,82,0,2,2,,16572|16580,16572|16580,
lower_x_7p00,"(7.0, 17.0, 7.05, 19.0)",33,J3J3B,1,10.0,82,0,0,1,,,16571,
lower_x_7p00,"(7.0, 17.0, 7.05, 19.0)",33,J3J3B,2,10.0,81,0,0,0,,,,
lower_x_7p00,"(7.0, 17.0, 7.05, 19.0)",33,J3J3B,3,10.0,84,0,0,1,,,16567,
lower_x_7p00,"(7.0, 17.0, 7.05, 19.0)",33,J3J3B,4,10.0,83,0,0,1,,,16579,
lower_x_7p50,"(7.5, 17.0, 7.55, 19.0)",3,ACA,0,10.0,82,0,0,0,,,,
lower_x_7p50,"(7.5, 17.0, 7.55, 19.0)",3,ACA,1,10.0,82,0,0,0,,,,
lower_x_7p50,"(7.5, 17.0, 7.55, 19.0)",3,ACA,2,10.0,81,0,0,0,,,,
lower_x_7p50,"(7.5, 17.0, 7.55, 19.0)",3,ACA,3,10.0,84,0,0,0,,,,
lower_x_7p50,"(7.5, 17.0, 7.55, 19.0)",3,ACA,4,10.0,83,0,0,0,,,,
lower_x_7p50,"(7.5, 17.0, 7.55, 19.0)",0,ACB,0,10.0,82,0,0,0,,,,
lower_x_7p50,"(7.5, 17.0, 7.55, 19.0)",0,ACB,1,10.0,82,0,0,0,,,,
lower_x_7p50,"(7.5, 17.0, 7.55, 19.0)",0,ACB,2,10.0,81,0,0,0,,,,
lower_x_7p50,"(7.5, 17.0, 7.55, 19.0)",0,ACB,3,10.0,84,0,0,0,,,,
lower_x_7p50,"(7.5, 17.0, 7.55, 19.0)",0,ACB,4,10.0,83,0,0,0,,,,
lower_x_7p50,"(7.5, 17.0, 7.55, 19.0)",1,ACJ1,0,10.0,82,0,0,0,,,,
lower_x_7p50,"(7.5, 17.0, 7.55, 19.0)",1,ACJ1,1,10.0,82,0,0,0,,,,
lower_x_7p50,"(7.5, 17.0, 7.55, 19.0)",1,ACJ1,2,10.0,81,0,0,0,,,,
lower_x_7p50,"(7.5, 17.0, 7.55, 19.0)",1,ACJ1,3,10.0,84,0,0,0,,,,
lower_x_7p50,"(7.5, 17.0, 7.55, 19.0)",1,ACJ1,4,10.0,83,0,0,0,,,,
lower_x_7p50,"(7.5, 17.0, 7.55, 19.0)",2,ACJ2,0,10.0,82,0,1,1,,50,50,
lower_x_7p50,"(7.5, 17.0, 7.55, 19.0)",2,ACJ2,1,10.0,82,0,0,1,,,1147,
lower_x_7p50,"(7.5, 17.0, 7.55, 19.0)",2,ACJ2,2,10.0,81,0,0,1,,,1152,
lower_x_7p50,"(7.5, 17.0, 7.55, 19.0)",2,ACJ2,3,10.0,84,0,1,1,,1147,1147,
lower_x_7p50,"(7.5, 17.0, 7.55, 19.0)",2,ACJ2,4,10.0,83,0,2,2,,1144|1145,1144|1145,
lower_x_7p50,"(7.5, 17.0, 7.55, 19.0)",7,AJ1A,0,10.0,82,0,0,0,,,,
lower_x_7p50,"(7.5, 17.0, 7.55, 19.0)",7,AJ1A,1,10.0,82,0,0,0,,,,
lower_x_7p50,"(7.5, 17.0, 7.55, 19.0)",7,AJ1A,2,10.0,81,0,0,0,,,,
lower_x_7p50,"(7.5, 17.0, 7.55, 19.0)",7,AJ1A,3,10.0,84,0,0,0,,,,
lower_x_7p50,"(7.5, 17.0, 7.55, 19.0)",7,AJ1A,4,10.0,83,0,0,0,,,,
lower_x_7p50,"(7.5, 17.0, 7.55, 19.0)",4,AJ1B,0,10.0,82,0,0,0,,,,
lower_x_7p50,"(7.5, 17.0, 7.55, 19.0)",4,AJ1B,1,10.0,82,0,0,0,,,,
lower_x_7p50,"(7.5, 17.0, 7.55, 19.0)",4,AJ1B,2,10.0,81,0,0,0,,,,
lower_x_7p50,"(7.5, 17.0, 7.55, 19.0)",4,AJ1B,3,10.0,84,0,0,0,,,,
lower_x_7p50,"(7.5, 17.0, 7.55, 19.0)",4,AJ1B,4,10.0,83,0,0,0,,,,
lower_x_7p50,"(7.5, 17.0, 7.55, 19.0)",5,AJ1J1,0,10.0,82,0,0,0,,,,
lower_x_7p50,"(7.5, 17.0, 7.55, 19.0)",5,AJ1J1,1,10.0,82,0,0,0,,,,
lower_x_7p50,"(7.5, 17.0, 7.55, 19.0)",5,AJ1J1,2,10.0,81,0,0,0,,,,
lower_x_7p50,"(7.5, 17.0, 7.55, 19.0)",5,AJ1J1,3,10.0,84,0,0,0,,,,
lower_x_7p50,"(7.5, 17.0, 7.55, 19.0)",5,AJ1J1,4,10.0,83,0,0,0,,,,
lower_x_7p50,"(7.5, 17.0, 7.55, 19.0)",6,AJ1J2,0,10.0,82,0,1,1,,2250,2250,
lower_x_7p50,"(7.5, 17.0, 7.55, 19.0)",6,AJ1J2,1,10.0,82,0,0,1,,,2247,
lower_x_7p50,"(7.5, 17.0, 7.55, 19.0)",6,AJ1J2,2,10.0,81,0,0,1,,,2252,
lower_x_7p50,"(7.5, 17.0, 7.55, 19.0)",6,AJ1J2,3,10.0,84,0,1,1,,3347,3347,
lower_x_7p50,"(7.5, 17.0, 7.55, 19.0)",6,AJ1J2,4,10.0,83,0,2,2,,3344|3345,3344|3345,
lower_x_7p50,"(7.5, 17.0, 7.55, 19.0)",10,AJ3A,0,10.0,82,0,1,1,,4480,4480,
lower_x_7p50,"(7.5, 17.0, 7.55, 19.0)",10,AJ3A,1,10.0,82,0,0,1,,,4462,
lower_x_7p50,"(7.5, 17.0, 7.55, 19.0)",10,AJ3A,2,10.0,81,0,1,1,,4476,4476,
lower_x_7p50,"(7.5, 17.0, 7.55, 19.0)",10,AJ3A,3,10.0,84,1,1,2,4471,4471,4467|4471,"RuntimeError: Could not switch the geometry.
The following agents would be outside of the new geometry: 4771
"
lower_x_7p50,"(7.5, 17.0, 7.55, 19.0)",10,AJ3A,4,10.0,83,0,2,2,,4462|4471,4462|4471,
lower_x_7p50,"(7.5, 17.0, 7.55, 19.0)",8,AJ3B,0,10.0,82,0,0,1,,,3380,
lower_x_7p50,"(7.5, 17.0, 7.55, 19.0)",8,AJ3B,1,10.0,82,0,0,1,,,3362,
lower_x_7p50,"(7.5, 17.0, 7.55, 19.0)",8,AJ3B,2,10.0,81,0,1,1,,3376,3376,
lower_x_7p50,"(7.5, 17.0, 7.55, 19.0)",8,AJ3B,3,10.0,84,0,2,2,,3367|3371,3367|3371,
lower_x_7p50,"(7.5, 17.0, 7.55, 19.0)",8,AJ3B,4,10.0,83,1,1,2,4471,4471,4462|4471,"RuntimeError: Could not switch the geometry.
The following agents would be outside of the new geometry: 4771
"
lower_x_7p50,"(7.5, 17.0, 7.55, 19.0)",9,AJ3J1,0,10.0,82,0,1,1,,4480,4480,
lower_x_7p50,"(7.5, 17.0, 7.55, 19.0)",9,AJ3J1,1,10.0,82,0,0,1,,,4462,
lower_x_7p50,"(7.5, 17.0, 7.55, 19.0)",9,AJ3J1,2,10.0,81,0,1,1,,4476,4476,
lower_x_7p50,"(7.5, 17.0, 7.55, 19.0)",9,AJ3J1,3,10.0,84,0,2,2,,4467|4471,4467|4471,
lower_x_7p50,"(7.5, 17.0, 7.55, 19.0)",9,AJ3J1,4,10.0,83,0,1,2,,4471,4462|4471,
lower_x_7p50,"(7.5, 17.0, 7.55, 19.0)",14,CCA,0,10.0,82,0,0,0,,,,
lower_x_7p50,"(7.5, 17.0, 7.55, 19.0)",14,CCA,1,10.0,82,0,0,0,,,,
lower_x_7p50,"(7.5, 17.0, 7.55, 19.0)",14,CCA,2,10.0,81,0,0,0,,,,
lower_x_7p50,"(7.5, 17.0, 7.55, 19.0)",14,CCA,3,10.0,84,0,0,0,,,,
lower_x_7p50,"(7.5, 17.0, 7.55, 19.0)",14,CCA,4,10.0,83,0,0,0,,,,
lower_x_7p50,"(7.5, 17.0, 7.55, 19.0)",11,CCB,0,10.0,82,0,0,0,,,,
lower_x_7p50,"(7.5, 17.0, 7.55, 19.0)",11,CCB,1,10.0,82,0,0,0,,,,
lower_x_7p50,"(7.5, 17.0, 7.55, 19.0)",11,CCB,2,10.0,81,0,0,0,,,,
lower_x_7p50,"(7.5, 17.0, 7.55, 19.0)",11,CCB,3,10.0,84,0,0,0,,,,
lower_x_7p50,"(7.5, 17.0, 7.55, 19.0)",11,CCB,4,10.0,83,0,0,0,,,,
lower_x_7p50,"(7.5, 17.0, 7.55, 19.0)",12,CCJ1,0,10.0,82,0,0,0,,,,
lower_x_7p50,"(7.5, 17.0, 7.55, 19.0)",12,CCJ1,1,10.0,82,0,0,0,,,,
lower_x_7p50,"(7.5, 17.0, 7.55, 19.0)",12,CCJ1,2,10.0,81,0,0,0,,,,
lower_x_7p50,"(7.5, 17.0, 7.55, 19.0)",12,CCJ1,3,10.0,84,0,0,0,,,,
lower_x_7p50,"(7.5, 17.0, 7.55, 19.0)",12,CCJ1,4,10.0,83,0,0,0,,,,
lower_x_7p50,"(7.5, 17.0, 7.55, 19.0)",13,CCJ2,0,10.0,82,0,1,1,,5550,5550,
lower_x_7p50,"(7.5, 17.0, 7.55, 19.0)",13,CCJ2,1,10.0,82,0,0,1,,,6647,
lower_x_7p50,"(7.5, 17.0, 7.55, 19.0)",13,CCJ2,2,10.0,81,0,0,1,,,6652,
lower_x_7p50,"(7.5, 17.0, 7.55, 19.0)",13,CCJ2,3,10.0,84,0,1,1,,6647,6647,
lower_x_7p50,"(7.5, 17.0, 7.55, 19.0)",13,CCJ2,4,10.0,83,0,2,2,,6644|6645,6644|6645,
lower_x_7p50,"(7.5, 17.0, 7.55, 19.0)",18,CJ1A,0,10.0,82,0,0,0,,,,
lower_x_7p50,"(7.5, 17.0, 7.55, 19.0)",18,CJ1A,1,10.0,82,0,0,0,,,,
lower_x_7p50,"(7.5, 17.0, 7.55, 19.0)",18,CJ1A,2,10.0,81,0,0,0,,,,
lower_x_7p50,"(7.5, 17.0, 7.55, 19.0)",18,CJ1A,3,10.0,84,0,0,0,,,,
lower_x_7p50,"(7.5, 17.0, 7.55, 19.0)",18,CJ1A,4,10.0,83,0,0,0,,,,
lower_x_7p50,"(7.5, 17.0, 7.55, 19.0)",15,CJ1B,0,10.0,82,0,0,0,,,,
lower_x_7p50,"(7.5, 17.0, 7.55, 19.0)",15,CJ1B,1,10.0,82,0,0,0,,,,
lower_x_7p50,"(7.5, 17.0, 7.55, 19.0)",15,CJ1B,2,10.0,81,0,0,0,,,,
lower_x_7p50,"(7.5, 17.0, 7.55, 19.0)",15,CJ1B,3,10.0,84,0,0,0,,,,
lower_x_7p50,"(7.5, 17.0, 7.55, 19.0)",15,CJ1B,4,10.0,83,0,0,0,,,,
lower_x_7p50,"(7.5, 17.0, 7.55, 19.0)",16,CJ1J1,0,10.0,82,0,0,0,,,,
lower_x_7p50,"(7.5, 17.0, 7.55, 19.0)",16,CJ1J1,1,10.0,82,0,0,0,,,,
lower_x_7p50,"(7.5, 17.0, 7.55, 19.0)",16,CJ1J1,2,10.0,81,0,0,0,,,,
lower_x_7p50,"(7.5, 17.0, 7.55, 19.0)",16,CJ1J1,3,10.0,84,0,0,0,,,,
lower_x_7p50,"(7.5, 17.0, 7.55, 19.0)",16,CJ1J1,4,10.0,83,0,0,0,,,,
lower_x_7p50,"(7.5, 17.0, 7.55, 19.0)",17,CJ1J2,0,10.0,82,0,1,1,,7750,7750,
lower_x_7p50,"(7.5, 17.0, 7.55, 19.0)",17,CJ1J2,1,10.0,82,0,0,1,,,7747,
lower_x_7p50,"(7.5, 17.0, 7.55, 19.0)",17,CJ1J2,2,10.0,81,0,0,1,,,7752,
lower_x_7p50,"(7.5, 17.0, 7.55, 19.0)",17,CJ1J2,3,10.0,84,0,1,1,,8847,8847,
lower_x_7p50,"(7.5, 17.0, 7.55, 19.0)",17,CJ1J2,4,10.0,83,0,2,2,,8844|8845,8844|8845,
lower_x_7p50,"(7.5, 17.0, 7.55, 19.0)",21,CJ3A,0,10.0,82,0,1,1,,9980,9980,
lower_x_7p50,"(7.5, 17.0, 7.55, 19.0)",21,CJ3A,1,10.0,82,0,0,1,,,9962,
lower_x_7p50,"(7.5, 17.0, 7.55, 19.0)",21,CJ3A,2,10.0,81,0,1,1,,9976,9976,
lower_x_7p50,"(7.5, 17.0, 7.55, 19.0)",21,CJ3A,3,10.0,84,1,1,2,9971,9971,9967|9971,"RuntimeError: Could not switch the geometry.
The following agents would be outside of the new geometry: 10271
"
lower_x_7p50,"(7.5, 17.0, 7.55, 19.0)",21,CJ3A,4,10.0,83,0,2,2,,9962|9971,9962|9971,
lower_x_7p50,"(7.5, 17.0, 7.55, 19.0)",19,CJ3B,0,10.0,82,0,0,1,,,8880,
lower_x_7p50,"(7.5, 17.0, 7.55, 19.0)",19,CJ3B,1,10.0,82,0,0,1,,,8862,
lower_x_7p50,"(7.5, 17.0, 7.55, 19.0)",19,CJ3B,2,10.0,81,0,1,1,,8876,8876,
lower_x_7p50,"(7.5, 17.0, 7.55, 19.0)",19,CJ3B,3,10.0,84,0,2,2,,8867|8871,8867|8871,
lower_x_7p50,"(7.5, 17.0, 7.55, 19.0)",19,CJ3B,4,10.0,83,1,1,2,9971,9971,9962|9971,"RuntimeError: Could not switch the geometry.
The following agents would be outside of the new geometry: 10271
"
lower_x_7p50,"(7.5, 17.0, 7.55, 19.0)",20,CJ3J1,0,10.0,82,0,1,1,,9980,9980,
lower_x_7p50,"(7.5, 17.0, 7.55, 19.0)",20,CJ3J1,1,10.0,82,0,0,1,,,9962,
lower_x_7p50,"(7.5, 17.0, 7.55, 19.0)",20,CJ3J1,2,10.0,81,0,1,1,,9976,9976,
lower_x_7p50,"(7.5, 17.0, 7.55, 19.0)",20,CJ3J1,3,10.0,84,0,2,2,,9967|9971,9967|9971,
lower_x_7p50,"(7.5, 17.0, 7.55, 19.0)",20,CJ3J1,4,10.0,83,0,1,2,,9971,9962|9971,
lower_x_7p50,"(7.5, 17.0, 7.55, 19.0)",25,J2CA,0,10.0,82,0,0,0,,,,
lower_x_7p50,"(7.5, 17.0, 7.55, 19.0)",25,J2CA,1,10.0,82,0,0,0,,,,
lower_x_7p50,"(7.5, 17.0, 7.55, 19.0)",25,J2CA,2,10.0,81,0,0,0,,,,
lower_x_7p50,"(7.5, 17.0, 7.55, 19.0)",25,J2CA,3,10.0,84,0,0,0,,,,
lower_x_7p50,"(7.5, 17.0, 7.55, 19.0)",25,J2CA,4,10.0,83,0,0,0,,,,
lower_x_7p50,"(7.5, 17.0, 7.55, 19.0)",22,J2CB,0,10.0,82,0,0,0,,,,
lower_x_7p50,"(7.5, 17.0, 7.55, 19.0)",22,J2CB,1,10.0,82,0,0,0,,,,
lower_x_7p50,"(7.5, 17.0, 7.55, 19.0)",22,J2CB,2,10.0,81,0,0,0,,,,
lower_x_7p50,"(7.5, 17.0, 7.55, 19.0)",22,J2CB,3,10.0,84,0,0,0,,,,
lower_x_7p50,"(7.5, 17.0, 7.55, 19.0)",22,J2CB,4,10.0,83,0,0,0,,,,
lower_x_7p50,"(7.5, 17.0, 7.55, 19.0)",23,J2CJ1,0,10.0,82,0,0,0,,,,
lower_x_7p50,"(7.5, 17.0, 7.55, 19.0)",23,J2CJ1,1,10.0,82,0,0,0,,,,
lower_x_7p50,"(7.5, 17.0, 7.55, 19.0)",23,J2CJ1,2,10.0,81,0,0,0,,,,
lower_x_7p50,"(7.5, 17.0, 7.55, 19.0)",23,J2CJ1,3,10.0,84,0,0,0,,,,
lower_x_7p50,"(7.5, 17.0, 7.55, 19.0)",23,J2CJ1,4,10.0,83,0,0,0,,,,
lower_x_7p50,"(7.5, 17.0, 7.55, 19.0)",24,J2CJ2,0,10.0,82,0,1,1,,11050,11050,
lower_x_7p50,"(7.5, 17.0, 7.55, 19.0)",24,J2CJ2,1,10.0,82,0,0,1,,,12147,
lower_x_7p50,"(7.5, 17.0, 7.55, 19.0)",24,J2CJ2,2,10.0,81,0,0,1,,,12152,
lower_x_7p50,"(7.5, 17.0, 7.55, 19.0)",24,J2CJ2,3,10.0,84,0,1,1,,12147,12147,
lower_x_7p50,"(7.5, 17.0, 7.55, 19.0)",24,J2CJ2,4,10.0,83,0,2,2,,12144|12145,12144|12145,
lower_x_7p50,"(7.5, 17.0, 7.55, 19.0)",27,J2J3A,0,10.0,82,0,1,1,,13280,13280,
lower_x_7p50,"(7.5, 17.0, 7.55, 19.0)",27,J2J3A,1,10.0,82,0,0,1,,,13262,
lower_x_7p50,"(7.5, 17.0, 7.55, 19.0)",27,J2J3A,2,10.0,81,0,1,1,,13276,13276,
lower_x_7p50,"(7.5, 17.0, 7.55, 19.0)",27,J2J3A,3,10.0,84,1,1,2,13271,13271,13267|13271,"RuntimeError: Could not switch the geometry.
The following agents would be outside of the new geometry: 13571
"
lower_x_7p50,"(7.5, 17.0, 7.55, 19.0)",27,J2J3A,4,10.0,83,0,2,2,,13262|13271,13262|13271,
lower_x_7p50,"(7.5, 17.0, 7.55, 19.0)",26,J2J3B,0,10.0,82,0,0,1,,,12180,
lower_x_7p50,"(7.5, 17.0, 7.55, 19.0)",26,J2J3B,1,10.0,82,0,0,1,,,12162,
lower_x_7p50,"(7.5, 17.0, 7.55, 19.0)",26,J2J3B,2,10.0,81,0,1,1,,13276,13276,
lower_x_7p50,"(7.5, 17.0, 7.55, 19.0)",26,J2J3B,3,10.0,84,0,2,2,,13267|13271,13267|13271,
lower_x_7p50,"(7.5, 17.0, 7.55, 19.0)",26,J2J3B,4,10.0,83,1,1,2,13271,13271,13262|13271,"RuntimeError: Could not switch the geometry.
The following agents would be outside of the new geometry: 13571
"
lower_x_7p50,"(7.5, 17.0, 7.55, 19.0)",30,J3CA,0,10.0,82,0,0,0,,,,
lower_x_7p50,"(7.5, 17.0, 7.55, 19.0)",30,J3CA,1,10.0,82,0,0,0,,,,
lower_x_7p50,"(7.5, 17.0, 7.55, 19.0)",30,J3CA,2,10.0,81,0,0,0,,,,
lower_x_7p50,"(7.5, 17.0, 7.55, 19.0)",30,J3CA,3,10.0,84,0,0,0,,,,
lower_x_7p50,"(7.5, 17.0, 7.55, 19.0)",30,J3CA,4,10.0,83,0,0,0,,,,
lower_x_7p50,"(7.5, 17.0, 7.55, 19.0)",28,J3CB,0,10.0,82,0,0,0,,,,
lower_x_7p50,"(7.5, 17.0, 7.55, 19.0)",28,J3CB,1,10.0,82,0,0,0,,,,
lower_x_7p50,"(7.5, 17.0, 7.55, 19.0)",28,J3CB,2,10.0,81,0,0,0,,,,
lower_x_7p50,"(7.5, 17.0, 7.55, 19.0)",28,J3CB,3,10.0,84,0,0,0,,,,
lower_x_7p50,"(7.5, 17.0, 7.55, 19.0)",28,J3CB,4,10.0,83,0,0,0,,,,
lower_x_7p50,"(7.5, 17.0, 7.55, 19.0)",29,J3CJ2,0,10.0,82,0,1,1,,14350,14350,
lower_x_7p50,"(7.5, 17.0, 7.55, 19.0)",29,J3CJ2,1,10.0,82,0,0,1,,,14347,
lower_x_7p50,"(7.5, 17.0, 7.55, 19.0)",29,J3CJ2,2,10.0,81,0,0,1,,,14352,
lower_x_7p50,"(7.5, 17.0, 7.55, 19.0)",29,J3CJ2,3,10.0,84,0,1,1,,14347,14347,
lower_x_7p50,"(7.5, 17.0, 7.55, 19.0)",29,J3CJ2,4,10.0,83,0,2,2,,14344|14345,14344|14345,
lower_x_7p50,"(7.5, 17.0, 7.55, 19.0)",32,J3J1A,0,10.0,82,0,0,0,,,,
lower_x_7p50,"(7.5, 17.0, 7.55, 19.0)",32,J3J1A,1,10.0,82,0,0,0,,,,
lower_x_7p50,"(7.5, 17.0, 7.55, 19.0)",32,J3J1A,2,10.0,81,0,0,0,,,,
lower_x_7p50,"(7.5, 17.0, 7.55, 19.0)",32,J3J1A,3,10.0,84,0,0,0,,,,
lower_x_7p50,"(7.5, 17.0, 7.55, 19.0)",32,J3J1A,4,10.0,83,0,0,0,,,,
lower_x_7p50,"(7.5, 17.0, 7.55, 19.0)",31,J3J1B,0,10.0,82,0,0,0,,,,
lower_x_7p50,"(7.5, 17.0, 7.55, 19.0)",31,J3J1B,1,10.0,82,0,0,0,,,,
lower_x_7p50,"(7.5, 17.0, 7.55, 19.0)",31,J3J1B,2,10.0,81,0,0,0,,,,
lower_x_7p50,"(7.5, 17.0, 7.55, 19.0)",31,J3J1B,3,10.0,84,0,0,0,,,,
lower_x_7p50,"(7.5, 17.0, 7.55, 19.0)",31,J3J1B,4,10.0,83,0,0,0,,,,
lower_x_7p50,"(7.5, 17.0, 7.55, 19.0)",34,J3J3A,0,10.0,82,0,1,1,,16580,16580,
lower_x_7p50,"(7.5, 17.0, 7.55, 19.0)",34,J3J3A,1,10.0,82,0,0,1,,,16562,
lower_x_7p50,"(7.5, 17.0, 7.55, 19.0)",34,J3J3A,2,10.0,81,0,1,1,,16576,16576,
lower_x_7p50,"(7.5, 17.0, 7.55, 19.0)",34,J3J3A,3,10.0,84,1,1,2,16571,16571,16567|16571,"RuntimeError: Could not switch the geometry.
The following agents would be outside of the new geometry: 16871
"
lower_x_7p50,"(7.5, 17.0, 7.55, 19.0)",34,J3J3A,4,10.0,83,0,2,2,,16562|16571,16562|16571,
lower_x_7p50,"(7.5, 17.0, 7.55, 19.0)",33,J3J3B,0,10.0,82,0,0,1,,,16580,
lower_x_7p50,"(7.5, 17.0, 7.55, 19.0)",33,J3J3B,1,10.0,82,0,0,1,,,16562,
lower_x_7p50,"(7.5, 17.0, 7.55, 19.0)",33,J3J3B,2,10.0,81,0,1,1,,16576,16576,
lower_x_7p50,"(7.5, 17.0, 7.55, 19.0)",33,J3J3B,3,10.0,84,0,2,2,,16567|16571,16567|16571,
lower_x_7p50,"(7.5, 17.0, 7.55, 19.0)",33,J3J3B,4,10.0,83,1,1,2,16571,16571,16562|16571,"RuntimeError: Could not switch the geometry.
The following agents would be outside of the new geometry: 16871
"
lower_x_8p00,"(8.0, 17.0, 8.05, 19.0)",3,ACA,0,10.0,82,0,0,0,,,,
lower_x_8p00,"(8.0, 17.0, 8.05, 19.0)",3,ACA,1,10.0,82,0,0,0,,,,
lower_x_8p00,"(8.0, 17.0, 8.05, 19.0)",3,ACA,2,10.0,81,0,0,0,,,,
lower_x_8p00,"(8.0, 17.0, 8.05, 19.0)",3,ACA,3,10.0,84,0,0,0,,,,
lower_x_8p00,"(8.0, 17.0, 8.05, 19.0)",3,ACA,4,10.0,83,0,0,0,,,,
lower_x_8p00,"(8.0, 17.0, 8.05, 19.0)",0,ACB,0,10.0,82,0,0,0,,,,
lower_x_8p00,"(8.0, 17.0, 8.05, 19.0)",0,ACB,1,10.0,82,0,0,0,,,,
lower_x_8p00,"(8.0, 17.0, 8.05, 19.0)",0,ACB,2,10.0,81,0,0,0,,,,
lower_x_8p00,"(8.0, 17.0, 8.05, 19.0)",0,ACB,3,10.0,84,0,0,0,,,,
lower_x_8p00,"(8.0, 17.0, 8.05, 19.0)",0,ACB,4,10.0,83,0,0,0,,,,
lower_x_8p00,"(8.0, 17.0, 8.05, 19.0)",1,ACJ1,0,10.0,82,0,0,0,,,,
lower_x_8p00,"(8.0, 17.0, 8.05, 19.0)",1,ACJ1,1,10.0,82,0,0,0,,,,
lower_x_8p00,"(8.0, 17.0, 8.05, 19.0)",1,ACJ1,2,10.0,81,0,0,0,,,,
lower_x_8p00,"(8.0, 17.0, 8.05, 19.0)",1,ACJ1,3,10.0,84,0,0,0,,,,
lower_x_8p00,"(8.0, 17.0, 8.05, 19.0)",1,ACJ1,4,10.0,83,0,0,0,,,,
lower_x_8p00,"(8.0, 17.0, 8.05, 19.0)",2,ACJ2,0,10.0,82,0,0,0,,,,
lower_x_8p00,"(8.0, 17.0, 8.05, 19.0)",2,ACJ2,1,10.0,82,0,1,2,,1147,1146|1147,
lower_x_8p00,"(8.0, 17.0, 8.05, 19.0)",2,ACJ2,2,10.0,81,0,2,2,,1152|1154,1152|1154,
lower_x_8p00,"(8.0, 17.0, 8.05, 19.0)",2,ACJ2,3,10.0,84,0,1,2,,1143,1143|1147,
lower_x_8p00,"(8.0, 17.0, 8.05, 19.0)",2,ACJ2,4,10.0,83,0,0,0,,,,
lower_x_8p00,"(8.0, 17.0, 8.05, 19.0)",7,AJ1A,0,10.0,82,0,0,0,,,,
lower_x_8p00,"(8.0, 17.0, 8.05, 19.0)",7,AJ1A,1,10.0,82,0,0,0,,,,
lower_x_8p00,"(8.0, 17.0, 8.05, 19.0)",7,AJ1A,2,10.0,81,0,0,0,,,,
lower_x_8p00,"(8.0, 17.0, 8.05, 19.0)",7,AJ1A,3,10.0,84,0,0,0,,,,
lower_x_8p00,"(8.0, 17.0, 8.05, 19.0)",7,AJ1A,4,10.0,83,0,0,0,,,,
lower_x_8p00,"(8.0, 17.0, 8.05, 19.0)",4,AJ1B,0,10.0,82,0,0,0,,,,
lower_x_8p00,"(8.0, 17.0, 8.05, 19.0)",4,AJ1B,1,10.0,82,0,0,0,,,,
lower_x_8p00,"(8.0, 17.0, 8.05, 19.0)",4,AJ1B,2,10.0,81,0,0,0,,,,
lower_x_8p00,"(8.0, 17.0, 8.05, 19.0)",4,AJ1B,3,10.0,84,0,0,0,,,,
lower_x_8p00,"(8.0, 17.0, 8.05, 19.0)",4,AJ1B,4,10.0,83,0,0,0,,,,
lower_x_8p00,"(8.0, 17.0, 8.05, 19.0)",5,AJ1J1,0,10.0,82,0,0,0,,,,
lower_x_8p00,"(8.0, 17.0, 8.05, 19.0)",5,AJ1J1,1,10.0,82,0,0,0,,,,
lower_x_8p00,"(8.0, 17.0, 8.05, 19.0)",5,AJ1J1,2,10.0,81,0,0,0,,,,
lower_x_8p00,"(8.0, 17.0, 8.05, 19.0)",5,AJ1J1,3,10.0,84,0,0,0,,,,
lower_x_8p00,"(8.0, 17.0, 8.05, 19.0)",5,AJ1J1,4,10.0,83,0,0,0,,,,
lower_x_8p00,"(8.0, 17.0, 8.05, 19.0)",6,AJ1J2,0,10.0,82,0,0,0,,,,
lower_x_8p00,"(8.0, 17.0, 8.05, 19.0)",6,AJ1J2,1,10.0,82,0,1,2,,2247,2246|2247,
lower_x_8p00,"(8.0, 17.0, 8.05, 19.0)",6,AJ1J2,2,10.0,81,0,2,2,,2252|2254,2252|2254,
lower_x_8p00,"(8.0, 17.0, 8.05, 19.0)",6,AJ1J2,3,10.0,84,0,1,2,,3343,3343|3347,
lower_x_8p00,"(8.0, 17.0, 8.05, 19.0)",6,AJ1J2,4,10.0,83,0,0,0,,,,
lower_x_8p00,"(8.0, 17.0, 8.05, 19.0)",10,AJ3A,0,10.0,82,0,0,0,,,,
lower_x_8p00,"(8.0, 17.0, 8.05, 19.0)",10,AJ3A,1,10.0,82,0,1,2,,4477,4462|4477,
lower_x_8p00,"(8.0, 17.0, 8.05, 19.0)",10,AJ3A,2,10.0,81,0,0,0,,,,
lower_x_8p00,"(8.0, 17.0, 8.05, 19.0)",10,AJ3A,3,10.0,84,0,0,0,,,,
lower_x_8p00,"(8.0, 17.0, 8.05, 19.0)",10,AJ3A,4,10.0,83,0,0,1,,,4462,
lower_x_8p00,"(8.0, 17.0, 8.05, 19.0)",8,AJ3B,0,10.0,82,0,0,0,,,,
lower_x_8p00,"(8.0, 17.0, 8.05, 19.0)",8,AJ3B,1,10.0,82,0,1,2,,3377,3362|3377,
lower_x_8p00,"(8.0, 17.0, 8.05, 19.0)",8,AJ3B,2,10.0,81,0,0,1,,,3376,
lower_x_8p00,"(8.0, 17.0, 8.05, 19.0)",8,AJ3B,3,10.0,84,0,0,1,,,3371,
lower_x_8p00,"(8.0, 17.0, 8.05, 19.0)",8,AJ3B,4,10.0,83,0,1,1,,4462,4462,
lower_x_8p00,"(8.0, 17.0, 8.05, 19.0)",9,AJ3J1,0,10.0,82,0,0,0,,,,
lower_x_8p00,"(8.0, 17.0, 8.05, 19.0)",9,AJ3J1,1,10.0,82,0,1,2,,4477,4462|4477,
lower_x_8p00,"(8.0, 17.0, 8.05, 19.0)",9,AJ3J1,2,10.0,81,0,0,0,,,,
lower_x_8p00,"(8.0, 17.0, 8.05, 19.0)",9,AJ3J1,3,10.0,84,0,0,1,,,4471,
lower_x_8p00,"(8.0, 17.0, 8.05, 19.0)",9,AJ3J1,4,10.0,83,0,1,1,,4462,4462,
lower_x_8p00,"(8.0, 17.0, 8.05, 19.0)",14,CCA,0,10.0,82,0,0,0,,,,
lower_x_8p00,"(8.0, 17.0, 8.05, 19.0)",14,CCA,1,10.0,82,0,0,0,,,,
lower_x_8p00,"(8.0, 17.0, 8.05, 19.0)",14,CCA,2,10.0,81,0,0,0,,,,
lower_x_8p00,"(8.0, 17.0, 8.05, 19.0)",14,CCA,3,10.0,84,0,0,0,,,,
lower_x_8p00,"(8.0, 17.0, 8.05, 19.0)",14,CCA,4,10.0,83,0,0,0,,,,
lower_x_8p00,"(8.0, 17.0, 8.05, 19.0)",11,CCB,0,10.0,82,0,0,0,,,,
lower_x_8p00,"(8.0, 17.0, 8.05, 19.0)",11,CCB,1,10.0,82,0,0,0,,,,
lower_x_8p00,"(8.0, 17.0, 8.05, 19.0)",11,CCB,2,10.0,81,0,0,0,,,,
lower_x_8p00,"(8.0, 17.0, 8.05, 19.0)",11,CCB,3,10.0,84,0,0,0,,,,
lower_x_8p00,"(8.0, 17.0, 8.05, 19.0)",11,CCB,4,10.0,83,0,0,0,,,,
lower_x_8p00,"(8.0, 17.0, 8.05, 19.0)",12,CCJ1,0,10.0,82,0,0,0,,,,
lower_x_8p00,"(8.0, 17.0, 8.05, 19.0)",12,CCJ1,1,10.0,82,0,0,0,,,,
lower_x_8p00,"(8.0, 17.0, 8.05, 19.0)",12,CCJ1,2,10.0,81,0,0,0,,,,
lower_x_8p00,"(8.0, 17.0, 8.05, 19.0)",12,CCJ1,3,10.0,84,0,0,0,,,,
lower_x_8p00,"(8.0, 17.0, 8.05, 19.0)",12,CCJ1,4,10.0,83,0,0,0,,,,
lower_x_8p00,"(8.0, 17.0, 8.05, 19.0)",13,CCJ2,0,10.0,82,0,0,0,,,,
lower_x_8p00,"(8.0, 17.0, 8.05, 19.0)",13,CCJ2,1,10.0,82,0,1,2,,6647,6646|6647,
lower_x_8p00,"(8.0, 17.0, 8.05, 19.0)",13,CCJ2,2,10.0,81,0,2,2,,6652|6654,6652|6654,
lower_x_8p00,"(8.0, 17.0, 8.05, 19.0)",13,CCJ2,3,10.0,84,0,1,2,,6643,6643|6647,
lower_x_8p00,"(8.0, 17.0, 8.05, 19.0)",13,CCJ2,4,10.0,83,0,0,0,,,,
lower_x_8p00,"(8.0, 17.0, 8.05, 19.0)",18,CJ1A,0,10.0,82,0,0,0,,,,
lower_x_8p00,"(8.0, 17.0, 8.05, 19.0)",18,CJ1A,1,10.0,82,0,0,0,,,,
lower_x_8p00,"(8.0, 17.0, 8.05, 19.0)",18,CJ1A,2,10.0,81,0,0,0,,,,
lower_x_8p00,"(8.0, 17.0, 8.05, 19.0)",18,CJ1A,3,10.0,84,0,0,0,,,,
lower_x_8p00,"(8.0, 17.0, 8.05, 19.0)",18,CJ1A,4,10.0,83,0,0,0,,,,
lower_x_8p00,"(8.0, 17.0, 8.05, 19.0)",15,CJ1B,0,10.0,82,0,0,0,,,,
lower_x_8p00,"(8.0, 17.0, 8.05, 19.0)",15,CJ1B,1,10.0,82,0,0,0,,,,
lower_x_8p00,"(8.0, 17.0, 8.05, 19.0)",15,CJ1B,2,10.0,81,0,0,0,,,,
lower_x_8p00,"(8.0, 17.0, 8.05, 19.0)",15,CJ1B,3,10.0,84,0,0,0,,,,
lower_x_8p00,"(8.0, 17.0, 8.05, 19.0)",15,CJ1B,4,10.0,83,0,0,0,,,,
lower_x_8p00,"(8.0, 17.0, 8.05, 19.0)",16,CJ1J1,0,10.0,82,0,0,0,,,,
lower_x_8p00,"(8.0, 17.0, 8.05, 19.0)",16,CJ1J1,1,10.0,82,0,0,0,,,,
lower_x_8p00,"(8.0, 17.0, 8.05, 19.0)",16,CJ1J1,2,10.0,81,0,0,0,,,,
lower_x_8p00,"(8.0, 17.0, 8.05, 19.0)",16,CJ1J1,3,10.0,84,0,0,0,,,,
lower_x_8p00,"(8.0, 17.0, 8.05, 19.0)",16,CJ1J1,4,10.0,83,0,0,0,,,,
lower_x_8p00,"(8.0, 17.0, 8.05, 19.0)",17,CJ1J2,0,10.0,82,0,0,0,,,,
lower_x_8p00,"(8.0, 17.0, 8.05, 19.0)",17,CJ1J2,1,10.0,82,0,1,2,,7747,7746|7747,
lower_x_8p00,"(8.0, 17.0, 8.05, 19.0)",17,CJ1J2,2,10.0,81,0,2,2,,7752|7754,7752|7754,
lower_x_8p00,"(8.0, 17.0, 8.05, 19.0)",17,CJ1J2,3,10.0,84,0,1,2,,8843,8843|8847,
lower_x_8p00,"(8.0, 17.0, 8.05, 19.0)",17,CJ1J2,4,10.0,83,0,0,0,,,,
lower_x_8p00,"(8.0, 17.0, 8.05, 19.0)",21,CJ3A,0,10.0,82,0,0,0,,,,
lower_x_8p00,"(8.0, 17.0, 8.05, 19.0)",21,CJ3A,1,10.0,82,0,1,2,,9977,9962|9977,
lower_x_8p00,"(8.0, 17.0, 8.05, 19.0)",21,CJ3A,2,10.0,81,0,0,0,,,,
lower_x_8p00,"(8.0, 17.0, 8.05, 19.0)",21,CJ3A,3,10.0,84,0,0,0,,,,
lower_x_8p00,"(8.0, 17.0, 8.05, 19.0)",21,CJ3A,4,10.0,83,0,0,1,,,9962,
lower_x_8p00,"(8.0, 17.0, 8.05, 19.0)",19,CJ3B,0,10.0,82,0,0,0,,,,
lower_x_8p00,"(8.0, 17.0, 8.05, 19.0)",19,CJ3B,1,10.0,82,0,1,2,,8877,8862|8877,
lower_x_8p00,"(8.0, 17.0, 8.05, 19.0)",19,CJ3B,2,10.0,81,0,0,1,,,8876,
lower_x_8p00,"(8.0, 17.0, 8.05, 19.0)",19,CJ3B,3,10.0,84,0,0,1,,,8871,
lower_x_8p00,"(8.0, 17.0, 8.05, 19.0)",19,CJ3B,4,10.0,83,0,1,1,,9962,9962,
lower_x_8p00,"(8.0, 17.0, 8.05, 19.0)",20,CJ3J1,0,10.0,82,0,0,0,,,,
lower_x_8p00,"(8.0, 17.0, 8.05, 19.0)",20,CJ3J1,1,10.0,82,0,1,2,,9977,9962|9977,
lower_x_8p00,"(8.0, 17.0, 8.05, 19.0)",20,CJ3J1,2,10.0,81,0,0,0,,,,
lower_x_8p00,"(8.0, 17.0, 8.05, 19.0)",20,CJ3J1,3,10.0,84,0,0,1,,,9971,
lower_x_8p00,"(8.0, 17.0, 8.05, 19.0)",20,CJ3J1,4,10.0,83,0,1,1,,9962,9962,
lower_x_8p00,"(8.0, 17.0, 8.05, 19.0)",25,J2CA,0,10.0,82,0,0,0,,,,
lower_x_8p00,"(8.0, 17.0, 8.05, 19.0)",25,J2CA,1,10.0,82,0,0,0,,,,
lower_x_8p00,"(8.0, 17.0, 8.05, 19.0)",25,J2CA,2,10.0,81,0,0,0,,,,
lower_x_8p00,"(8.0, 17.0, 8.05, 19.0)",25,J2CA,3,10.0,84,0,0,0,,,,
lower_x_8p00,"(8.0, 17.0, 8.05, 19.0)",25,J2CA,4,10.0,83,0,0,0,,,,
lower_x_8p00,"(8.0, 17.0, 8.05, 19.0)",22,J2CB,0,10.0,82,0,0,0,,,,
lower_x_8p00,"(8.0, 17.0, 8.05, 19.0)",22,J2CB,1,10.0,82,0,0,0,,,,
lower_x_8p00,"(8.0, 17.0, 8.05, 19.0)",22,J2CB,2,10.0,81,0,0,0,,,,
lower_x_8p00,"(8.0, 17.0, 8.05, 19.0)",22,J2CB,3,10.0,84,0,0,0,,,,
lower_x_8p00,"(8.0, 17.0, 8.05, 19.0)",22,J2CB,4,10.0,83,0,0,0,,,,
lower_x_8p00,"(8.0, 17.0, 8.05, 19.0)",23,J2CJ1,0,10.0,82,0,0,0,,,,
lower_x_8p00,"(8.0, 17.0, 8.05, 19.0)",23,J2CJ1,1,10.0,82,0,0,0,,,,
lower_x_8p00,"(8.0, 17.0, 8.05, 19.0)",23,J2CJ1,2,10.0,81,0,0,0,,,,
lower_x_8p00,"(8.0, 17.0, 8.05, 19.0)",23,J2CJ1,3,10.0,84,0,0,0,,,,
lower_x_8p00,"(8.0, 17.0, 8.05, 19.0)",23,J2CJ1,4,10.0,83,0,0,0,,,,
lower_x_8p00,"(8.0, 17.0, 8.05, 19.0)",24,J2CJ2,0,10.0,82,0,0,0,,,,
lower_x_8p00,"(8.0, 17.0, 8.05, 19.0)",24,J2CJ2,1,10.0,82,0,1,2,,12147,12146|12147,
lower_x_8p00,"(8.0, 17.0, 8.05, 19.0)",24,J2CJ2,2,10.0,81,0,2,2,,12152|12154,12152|12154,
lower_x_8p00,"(8.0, 17.0, 8.05, 19.0)",24,J2CJ2,3,10.0,84,0,1,2,,12143,12143|12147,
lower_x_8p00,"(8.0, 17.0, 8.05, 19.0)",24,J2CJ2,4,10.0,83,0,0,0,,,,
lower_x_8p00,"(8.0, 17.0, 8.05, 19.0)",27,J2J3A,0,10.0,82,0,0,0,,,,
lower_x_8p00,"(8.0, 17.0, 8.05, 19.0)",27,J2J3A,1,10.0,82,0,1,2,,13277,13262|13277,
lower_x_8p00,"(8.0, 17.0, 8.05, 19.0)",27,J2J3A,2,10.0,81,0,0,0,,,,
lower_x_8p00,"(8.0, 17.0, 8.05, 19.0)",27,J2J3A,3,10.0,84,0,0,0,,,,
lower_x_8p00,"(8.0, 17.0, 8.05, 19.0)",27,J2J3A,4,10.0,83,0,0,1,,,13262,
lower_x_8p00,"(8.0, 17.0, 8.05, 19.0)",26,J2J3B,0,10.0,82,0,0,0,,,,
lower_x_8p00,"(8.0, 17.0, 8.05, 19.0)",26,J2J3B,1,10.0,82,0,1,2,,12177,12162|12177,
lower_x_8p00,"(8.0, 17.0, 8.05, 19.0)",26,J2J3B,2,10.0,81,0,0,1,,,13276,
lower_x_8p00,"(8.0, 17.0, 8.05, 19.0)",26,J2J3B,3,10.0,84,0,0,1,,,13271,
lower_x_8p00,"(8.0, 17.0, 8.05, 19.0)",26,J2J3B,4,10.0,83,0,1,1,,13262,13262,
lower_x_8p00,"(8.0, 17.0, 8.05, 19.0)",30,J3CA,0,10.0,82,0,0,0,,,,
lower_x_8p00,"(8.0, 17.0, 8.05, 19.0)",30,J3CA,1,10.0,82,0,0,0,,,,
lower_x_8p00,"(8.0, 17.0, 8.05, 19.0)",30,J3CA,2,10.0,81,0,0,0,,,,
lower_x_8p00,"(8.0, 17.0, 8.05, 19.0)",30,J3CA,3,10.0,84,0,0,0,,,,
lower_x_8p00,"(8.0, 17.0, 8.05, 19.0)",30,J3CA,4,10.0,83,0,0,0,,,,
lower_x_8p00,"(8.0, 17.0, 8.05, 19.0)",28,J3CB,0,10.0,82,0,0,0,,,,
lower_x_8p00,"(8.0, 17.0, 8.05, 19.0)",28,J3CB,1,10.0,82,0,0,0,,,,
lower_x_8p00,"(8.0, 17.0, 8.05, 19.0)",28,J3CB,2,10.0,81,0,0,0,,,,
lower_x_8p00,"(8.0, 17.0, 8.05, 19.0)",28,J3CB,3,10.0,84,0,0,0,,,,
lower_x_8p00,"(8.0, 17.0, 8.05, 19.0)",28,J3CB,4,10.0,83,0,0,0,,,,
lower_x_8p00,"(8.0, 17.0, 8.05, 19.0)",29,J3CJ2,0,10.0,82,0,0,0,,,,
lower_x_8p00,"(8.0, 17.0, 8.05, 19.0)",29,J3CJ2,1,10.0,82,0,1,2,,14347,14346|14347,
lower_x_8p00,"(8.0, 17.0, 8.05, 19.0)",29,J3CJ2,2,10.0,81,0,2,2,,14352|14354,14352|14354,
lower_x_8p00,"(8.0, 17.0, 8.05, 19.0)",29,J3CJ2,3,10.0,84,0,1,2,,14343,14343|14347,
lower_x_8p00,"(8.0, 17.0, 8.05, 19.0)",29,J3CJ2,4,10.0,83,0,0,0,,,,
lower_x_8p00,"(8.0, 17.0, 8.05, 19.0)",32,J3J1A,0,10.0,82,0,0,0,,,,
lower_x_8p00,"(8.0, 17.0, 8.05, 19.0)",32,J3J1A,1,10.0,82,0,0,0,,,,
lower_x_8p00,"(8.0, 17.0, 8.05, 19.0)",32,J3J1A,2,10.0,81,0,0,0,,,,
lower_x_8p00,"(8.0, 17.0, 8.05, 19.0)",32,J3J1A,3,10.0,84,0,0,0,,,,
lower_x_8p00,"(8.0, 17.0, 8.05, 19.0)",32,J3J1A,4,10.0,83,0,0,0,,,,
lower_x_8p00,"(8.0, 17.0, 8.05, 19.0)",31,J3J1B,0,10.0,82,0,0,0,,,,
lower_x_8p00,"(8.0, 17.0, 8.05, 19.0)",31,J3J1B,1,10.0,82,0,0,0,,,,
lower_x_8p00,"(8.0, 17.0, 8.05, 19.0)",31,J3J1B,2,10.0,81,0,0,0,,,,
lower_x_8p00,"(8.0, 17.0, 8.05, 19.0)",31,J3J1B,3,10.0,84,0,0,0,,,,
lower_x_8p00,"(8.0, 17.0, 8.05, 19.0)",31,J3J1B,4,10.0,83,0,0,0,,,,
lower_x_8p00,"(8.0, 17.0, 8.05, 19.0)",34,J3J3A,0,10.0,82,0,0,0,,,,
lower_x_8p00,"(8.0, 17.0, 8.05, 19.0)",34,J3J3A,1,10.0,82,0,1,2,,16577,16562|16577,
lower_x_8p00,"(8.0, 17.0, 8.05, 19.0)",34,J3J3A,2,10.0,81,0,0,0,,,,
lower_x_8p00,"(8.0, 17.0, 8.05, 19.0)",34,J3J3A,3,10.0,84,0,0,0,,,,
lower_x_8p00,"(8.0, 17.0, 8.05, 19.0)",34,J3J3A,4,10.0,83,0,0,1,,,16562,
lower_x_8p00,"(8.0, 17.0, 8.05, 19.0)",33,J3J3B,0,10.0,82,0,0,0,,,,
lower_x_8p00,"(8.0, 17.0, 8.05, 19.0)",33,J3J3B,1,10.0,82,0,1,2,,16577,16562|16577,
lower_x_8p00,"(8.0, 17.0, 8.05, 19.0)",33,J3J3B,2,10.0,81,0,0,1,,,16576,
lower_x_8p00,"(8.0, 17.0, 8.05, 19.0)",33,J3J3B,3,10.0,84,0,0,1,,,16571,
lower_x_8p00,"(8.0, 17.0, 8.05, 19.0)",33,J3J3B,4,10.0,83,0,1,1,,16562,16562,
lower_x_8p50,"(8.5, 17.0, 8.55, 19.0)",3,ACA,0,10.0,82,0,0,0,,,,
lower_x_8p50,"(8.5, 17.0, 8.55, 19.0)",3,ACA,1,10.0,82,0,0,0,,,,
lower_x_8p50,"(8.5, 17.0, 8.55, 19.0)",3,ACA,2,10.0,81,0,0,0,,,,
lower_x_8p50,"(8.5, 17.0, 8.55, 19.0)",3,ACA,3,10.0,84,0,0,0,,,,
lower_x_8p50,"(8.5, 17.0, 8.55, 19.0)",3,ACA,4,10.0,83,0,0,0,,,,
lower_x_8p50,"(8.5, 17.0, 8.55, 19.0)",0,ACB,0,10.0,82,0,0,0,,,,
lower_x_8p50,"(8.5, 17.0, 8.55, 19.0)",0,ACB,1,10.0,82,0,0,0,,,,
lower_x_8p50,"(8.5, 17.0, 8.55, 19.0)",0,ACB,2,10.0,81,0,0,0,,,,
lower_x_8p50,"(8.5, 17.0, 8.55, 19.0)",0,ACB,3,10.0,84,0,0,0,,,,
lower_x_8p50,"(8.5, 17.0, 8.55, 19.0)",0,ACB,4,10.0,83,0,0,0,,,,
lower_x_8p50,"(8.5, 17.0, 8.55, 19.0)",1,ACJ1,0,10.0,82,0,0,0,,,,
lower_x_8p50,"(8.5, 17.0, 8.55, 19.0)",1,ACJ1,1,10.0,82,0,0,0,,,,
lower_x_8p50,"(8.5, 17.0, 8.55, 19.0)",1,ACJ1,2,10.0,81,0,0,0,,,,
lower_x_8p50,"(8.5, 17.0, 8.55, 19.0)",1,ACJ1,3,10.0,84,0,0,0,,,,
lower_x_8p50,"(8.5, 17.0, 8.55, 19.0)",1,ACJ1,4,10.0,83,0,0,0,,,,
lower_x_8p50,"(8.5, 17.0, 8.55, 19.0)",2,ACJ2,0,10.0,82,0,0,2,,,45|53,
lower_x_8p50,"(8.5, 17.0, 8.55, 19.0)",2,ACJ2,1,10.0,82,0,0,1,,,1146,
lower_x_8p50,"(8.5, 17.0, 8.55, 19.0)",2,ACJ2,2,10.0,81,0,0,1,,,1154,
lower_x_8p50,"(8.5, 17.0, 8.55, 19.0)",2,ACJ2,3,10.0,84,0,0,0,,,,
lower_x_8p50,"(8.5, 17.0, 8.55, 19.0)",2,ACJ2,4,10.0,83,0,1,1,,1155,1155,
lower_x_8p50,"(8.5, 17.0, 8.55, 19.0)",7,AJ1A,0,10.0,82,0,0,0,,,,
lower_x_8p50,"(8.5, 17.0, 8.55, 19.0)",7,AJ1A,1,10.0,82,0,0,0,,,,
lower_x_8p50,"(8.5, 17.0, 8.55, 19.0)",7,AJ1A,2,10.0,81,0,0,0,,,,
lower_x_8p50,"(8.5, 17.0, 8.55, 19.0)",7,AJ1A,3,10.0,84,0,0,0,,,,
lower_x_8p50,"(8.5, 17.0, 8.55, 19.0)",7,AJ1A,4,10.0,83,0,0,0,,,,
lower_x_8p50,"(8.5, 17.0, 8.55, 19.0)",4,AJ1B,0,10.0,82,0,0,0,,,,
lower_x_8p50,"(8.5, 17.0, 8.55, 19.0)",4,AJ1B,1,10.0,82,0,0,0,,,,
lower_x_8p50,"(8.5, 17.0, 8.55, 19.0)",4,AJ1B,2,10.0,81,0,0,0,,,,
lower_x_8p50,"(8.5, 17.0, 8.55, 19.0)",4,AJ1B,3,10.0,84,0,0,0,,,,
lower_x_8p50,"(8.5, 17.0, 8.55, 19.0)",4,AJ1B,4,10.0,83,0,0,0,,,,
lower_x_8p50,"(8.5, 17.0, 8.55, 19.0)",5,AJ1J1,0,10.0,82,0,0,0,,,,
lower_x_8p50,"(8.5, 17.0, 8.55, 19.0)",5,AJ1J1,1,10.0,82,0,0,0,,,,
lower_x_8p50,"(8.5, 17.0, 8.55, 19.0)",5,AJ1J1,2,10.0,81,0,0,0,,,,
lower_x_8p50,"(8.5, 17.0, 8.55, 19.0)",5,AJ1J1,3,10.0,84,0,0,0,,,,
lower_x_8p50,"(8.5, 17.0, 8.55, 19.0)",5,AJ1J1,4,10.0,83,0,0,0,,,,
lower_x_8p50,"(8.5, 17.0, 8.55, 19.0)",6,AJ1J2,0,10.0,82,0,0,2,,,2245|2253,
lower_x_8p50,"(8.5, 17.0, 8.55, 19.0)",6,AJ1J2,1,10.0,82,0,0,1,,,2246,
lower_x_8p50,"(8.5, 17.0, 8.55, 19.0)",6,AJ1J2,2,10.0,81,0,0,1,,,2254,
lower_x_8p50,"(8.5, 17.0, 8.55, 19.0)",6,AJ1J2,3,10.0,84,0,0,0,,,,
lower_x_8p50,"(8.5, 17.0, 8.55, 19.0)",6,AJ1J2,4,10.0,83,0,1,1,,3355,3355,
lower_x_8p50,"(8.5, 17.0, 8.55, 19.0)",10,AJ3A,0,10.0,82,0,1,2,,4466,4466|4476,
lower_x_8p50,"(8.5, 17.0, 8.55, 19.0)",10,AJ3A,1,10.0,82,0,0,1,,,4477,
lower_x_8p50,"(8.5, 17.0, 8.55, 19.0)",10,AJ3A,2,10.0,81,0,1,1,,4469,4469,
lower_x_8p50,"(8.5, 17.0, 8.55, 19.0)",10,AJ3A,3,10.0,84,0,1,1,,4477,4477,
lower_x_8p50,"(8.5, 17.0, 8.55, 19.0)",10,AJ3A,4,10.0,83,0,0,0,,,,
lower_x_8p50,"(8.5, 17.0, 8.55, 19.0)",8,AJ3B,0,10.0,82,0,2,2,,3366|3376,3366|3376,
lower_x_8p50,"(8.5, 17.0, 8.55, 19.0)",8,AJ3B,1,10.0,82,0,0,1,,,3377,
lower_x_8p50,"(8.5, 17.0, 8.55, 19.0)",8,AJ3B,2,10.0,81,0,1,1,,3369,3369,
lower_x_8p50,"(8.5, 17.0, 8.55, 19.0)",8,AJ3B,3,10.0,84,0,1,1,,3377,3377,
lower_x_8p50,"(8.5, 17.0, 8.55, 19.0)",8,AJ3B,4,10.0,83,0,0,0,,,,
lower_x_8p50,"(8.5, 17.0, 8.55, 19.0)",9,AJ3J1,0,10.0,82,0,1,2,,4466,4466|4476,
lower_x_8p50,"(8.5, 17.0, 8.55, 19.0)",9,AJ3J1,1,10.0,82,0,0,1,,,4477,
lower_x_8p50,"(8.5, 17.0, 8.55, 19.0)",9,AJ3J1,2,10.0,81,0,1,1,,4469,4469,
lower_x_8p50,"(8.5, 17.0, 8.55, 19.0)",9,AJ3J1,3,10.0,84,0,1,1,,4477,4477,
lower_x_8p50,"(8.5, 17.0, 8.55, 19.0)",9,AJ3J1,4,10.0,83,0,0,0,,,,
lower_x_8p50,"(8.5, 17.0, 8.55, 19.0)",14,CCA,0,10.0,82,0,0,0,,,,
lower_x_8p50,"(8.5, 17.0, 8.55, 19.0)",14,CCA,1,10.0,82,0,0,0,,,,
lower_x_8p50,"(8.5, 17.0, 8.55, 19.0)",14,CCA,2,10.0,81,0,0,0,,,,
lower_x_8p50,"(8.5, 17.0, 8.55, 19.0)",14,CCA,3,10.0,84,0,0,0,,,,
lower_x_8p50,"(8.5, 17.0, 8.55, 19.0)",14,CCA,4,10.0,83,0,0,0,,,,
lower_x_8p50,"(8.5, 17.0, 8.55, 19.0)",11,CCB,0,10.0,82,0,0,0,,,,
lower_x_8p50,"(8.5, 17.0, 8.55, 19.0)",11,CCB,1,10.0,82,0,0,0,,,,
lower_x_8p50,"(8.5, 17.0, 8.55, 19.0)",11,CCB,2,10.0,81,0,0,0,,,,
lower_x_8p50,"(8.5, 17.0, 8.55, 19.0)",11,CCB,3,10.0,84,0,0,0,,,,
lower_x_8p50,"(8.5, 17.0, 8.55, 19.0)",11,CCB,4,10.0,83,0,0,0,,,,
lower_x_8p50,"(8.5, 17.0, 8.55, 19.0)",12,CCJ1,0,10.0,82,0,0,0,,,,
lower_x_8p50,"(8.5, 17.0, 8.55, 19.0)",12,CCJ1,1,10.0,82,0,0,0,,,,
lower_x_8p50,"(8.5, 17.0, 8.55, 19.0)",12,CCJ1,2,10.0,81,0,0,0,,,,
lower_x_8p50,"(8.5, 17.0, 8.55, 19.0)",12,CCJ1,3,10.0,84,0,0,0,,,,
lower_x_8p50,"(8.5, 17.0, 8.55, 19.0)",12,CCJ1,4,10.0,83,0,0,0,,,,
lower_x_8p50,"(8.5, 17.0, 8.55, 19.0)",13,CCJ2,0,10.0,82,0,0,2,,,5545|5553,
lower_x_8p50,"(8.5, 17.0, 8.55, 19.0)",13,CCJ2,1,10.0,82,0,0,1,,,6646,
lower_x_8p50,"(8.5, 17.0, 8.55, 19.0)",13,CCJ2,2,10.0,81,0,0,1,,,6654,
lower_x_8p50,"(8.5, 17.0, 8.55, 19.0)",13,CCJ2,3,10.0,84,0,0,0,,,,
lower_x_8p50,"(8.5, 17.0, 8.55, 19.0)",13,CCJ2,4,10.0,83,0,1,1,,6655,6655,
lower_x_8p50,"(8.5, 17.0, 8.55, 19.0)",18,CJ1A,0,10.0,82,0,0,0,,,,
lower_x_8p50,"(8.5, 17.0, 8.55, 19.0)",18,CJ1A,1,10.0,82,0,0,0,,,,
lower_x_8p50,"(8.5, 17.0, 8.55, 19.0)",18,CJ1A,2,10.0,81,0,0,0,,,,
lower_x_8p50,"(8.5, 17.0, 8.55, 19.0)",18,CJ1A,3,10.0,84,0,0,0,,,,
lower_x_8p50,"(8.5, 17.0, 8.55, 19.0)",18,CJ1A,4,10.0,83,0,0,0,,,,
lower_x_8p50,"(8.5, 17.0, 8.55, 19.0)",15,CJ1B,0,10.0,82,0,0,0,,,,
lower_x_8p50,"(8.5, 17.0, 8.55, 19.0)",15,CJ1B,1,10.0,82,0,0,0,,,,
lower_x_8p50,"(8.5, 17.0, 8.55, 19.0)",15,CJ1B,2,10.0,81,0,0,0,,,,
lower_x_8p50,"(8.5, 17.0, 8.55, 19.0)",15,CJ1B,3,10.0,84,0,0,0,,,,
lower_x_8p50,"(8.5, 17.0, 8.55, 19.0)",15,CJ1B,4,10.0,83,0,0,0,,,,
lower_x_8p50,"(8.5, 17.0, 8.55, 19.0)",16,CJ1J1,0,10.0,82,0,0,0,,,,
lower_x_8p50,"(8.5, 17.0, 8.55, 19.0)",16,CJ1J1,1,10.0,82,0,0,0,,,,
lower_x_8p50,"(8.5, 17.0, 8.55, 19.0)",16,CJ1J1,2,10.0,81,0,0,0,,,,
lower_x_8p50,"(8.5, 17.0, 8.55, 19.0)",16,CJ1J1,3,10.0,84,0,0,0,,,,
lower_x_8p50,"(8.5, 17.0, 8.55, 19.0)",16,CJ1J1,4,10.0,83,0,0,0,,,,
lower_x_8p50,"(8.5, 17.0, 8.55, 19.0)",17,CJ1J2,0,10.0,82,0,0,2,,,7745|7753,
lower_x_8p50,"(8.5, 17.0, 8.55, 19.0)",17,CJ1J2,1,10.0,82,0,0,1,,,7746,
lower_x_8p50,"(8.5, 17.0, 8.55, 19.0)",17,CJ1J2,2,10.0,81,0,0,1,,,7754,
lower_x_8p50,"(8.5, 17.0, 8.55, 19.0)",17,CJ1J2,3,10.0,84,0,0,0,,,,
lower_x_8p50,"(8.5, 17.0, 8.55, 19.0)",17,CJ1J2,4,10.0,83,0,1,1,,8855,8855,
lower_x_8p50,"(8.5, 17.0, 8.55, 19.0)",21,CJ3A,0,10.0,82,0,1,2,,9966,9966|9976,
lower_x_8p50,"(8.5, 17.0, 8.55, 19.0)",21,CJ3A,1,10.0,82,0,0,1,,,9977,
lower_x_8p50,"(8.5, 17.0, 8.55, 19.0)",21,CJ3A,2,10.0,81,0,1,1,,9969,9969,
lower_x_8p50,"(8.5, 17.0, 8.55, 19.0)",21,CJ3A,3,10.0,84,0,1,1,,9977,9977,
lower_x_8p50,"(8.5, 17.0, 8.55, 19.0)",21,CJ3A,4,10.0,83,0,0,0,,,,
lower_x_8p50,"(8.5, 17.0, 8.55, 19.0)",19,CJ3B,0,10.0,82,0,2,2,,8866|8876,8866|8876,
lower_x_8p50,"(8.5, 17.0, 8.55, 19.0)",19,CJ3B,1,10.0,82,0,0,1,,,8877,
lower_x_8p50,"(8.5, 17.0, 8.55, 19.0)",19,CJ3B,2,10.0,81,0,1,1,,8869,8869,
lower_x_8p50,"(8.5, 17.0, 8.55, 19.0)",19,CJ3B,3,10.0,84,0,1,1,,8877,8877,
lower_x_8p50,"(8.5, 17.0, 8.55, 19.0)",19,CJ3B,4,10.0,83,0,0,0,,,,
lower_x_8p50,"(8.5, 17.0, 8.55, 19.0)",20,CJ3J1,0,10.0,82,0,1,2,,9966,9966|9976,
lower_x_8p50,"(8.5, 17.0, 8.55, 19.0)",20,CJ3J1,1,10.0,82,0,0,1,,,9977,
lower_x_8p50,"(8.5, 17.0, 8.55, 19.0)",20,CJ3J1,2,10.0,81,0,1,1,,9969,9969,
lower_x_8p50,"(8.5, 17.0, 8.55, 19.0)",20,CJ3J1,3,10.0,84,0,1,1,,9977,9977,
lower_x_8p50,"(8.5, 17.0, 8.55, 19.0)",20,CJ3J1,4,10.0,83,0,0,0,,,,
lower_x_8p50,"(8.5, 17.0, 8.55, 19.0)",25,J2CA,0,10.0,82,0,0,0,,,,
lower_x_8p50,"(8.5, 17.0, 8.55, 19.0)",25,J2CA,1,10.0,82,0,0,0,,,,
lower_x_8p50,"(8.5, 17.0, 8.55, 19.0)",25,J2CA,2,10.0,81,0,0,0,,,,
lower_x_8p50,"(8.5, 17.0, 8.55, 19.0)",25,J2CA,3,10.0,84,0,0,0,,,,
lower_x_8p50,"(8.5, 17.0, 8.55, 19.0)",25,J2CA,4,10.0,83,0,0,0,,,,
lower_x_8p50,"(8.5, 17.0, 8.55, 19.0)",22,J2CB,0,10.0,82,0,0,0,,,,
lower_x_8p50,"(8.5, 17.0, 8.55, 19.0)",22,J2CB,1,10.0,82,0,0,0,,,,
lower_x_8p50,"(8.5, 17.0, 8.55, 19.0)",22,J2CB,2,10.0,81,0,0,0,,,,
lower_x_8p50,"(8.5, 17.0, 8.55, 19.0)",22,J2CB,3,10.0,84,0,0,0,,,,
lower_x_8p50,"(8.5, 17.0, 8.55, 19.0)",22,J2CB,4,10.0,83,0,0,0,,,,
lower_x_8p50,"(8.5, 17.0, 8.55, 19.0)",23,J2CJ1,0,10.0,82,0,0,0,,,,
lower_x_8p50,"(8.5, 17.0, 8.55, 19.0)",23,J2CJ1,1,10.0,82,0,0,0,,,,
lower_x_8p50,"(8.5, 17.0, 8.55, 19.0)",23,J2CJ1,2,10.0,81,0,0,0,,,,
lower_x_8p50,"(8.5, 17.0, 8.55, 19.0)",23,J2CJ1,3,10.0,84,0,0,0,,,,
lower_x_8p50,"(8.5, 17.0, 8.55, 19.0)",23,J2CJ1,4,10.0,83,0,0,0,,,,
lower_x_8p50,"(8.5, 17.0, 8.55, 19.0)",24,J2CJ2,0,10.0,82,0,0,2,,,11045|11053,
lower_x_8p50,"(8.5, 17.0, 8.55, 19.0)",24,J2CJ2,1,10.0,82,0,0,1,,,12146,
lower_x_8p50,"(8.5, 17.0, 8.55, 19.0)",24,J2CJ2,2,10.0,81,0,0,1,,,12154,
lower_x_8p50,"(8.5, 17.0, 8.55, 19.0)",24,J2CJ2,3,10.0,84,0,0,0,,,,
lower_x_8p50,"(8.5, 17.0, 8.55, 19.0)",24,J2CJ2,4,10.0,83,0,1,1,,12155,12155,
lower_x_8p50,"(8.5, 17.0, 8.55, 19.0)",27,J2J3A,0,10.0,82,0,1,2,,13266,13266|13276,
lower_x_8p50,"(8.5, 17.0, 8.55, 19.0)",27,J2J3A,1,10.0,82,0,0,1,,,13277,
lower_x_8p50,"(8.5, 17.0, 8.55, 19.0)",27,J2J3A,2,10.0,81,0,1,1,,13269,13269,
lower_x_8p50,"(8.5, 17.0, 8.55, 19.0)",27,J2J3A,3,10.0,84,0,1,1,,13277,13277,
lower_x_8p50,"(8.5, 17.0, 8.55, 19.0)",27,J2J3A,4,10.0,83,0,0,0,,,,
lower_x_8p50,"(8.5, 17.0, 8.55, 19.0)",26,J2J3B,0,10.0,82,0,2,2,,12166|12176,12166|12176,
lower_x_8p50,"(8.5, 17.0, 8.55, 19.0)",26,J2J3B,1,10.0,82,0,0,1,,,12177,
lower_x_8p50,"(8.5, 17.0, 8.55, 19.0)",26,J2J3B,2,10.0,81,0,1,1,,13269,13269,
lower_x_8p50,"(8.5, 17.0, 8.55, 19.0)",26,J2J3B,3,10.0,84,0,1,1,,13277,13277,
lower_x_8p50,"(8.5, 17.0, 8.55, 19.0)",26,J2J3B,4,10.0,83,0,0,0,,,,
lower_x_8p50,"(8.5, 17.0, 8.55, 19.0)",30,J3CA,0,10.0,82,0,0,0,,,,
lower_x_8p50,"(8.5, 17.0, 8.55, 19.0)",30,J3CA,1,10.0,82,0,0,0,,,,
lower_x_8p50,"(8.5, 17.0, 8.55, 19.0)",30,J3CA,2,10.0,81,0,0,0,,,,
lower_x_8p50,"(8.5, 17.0, 8.55, 19.0)",30,J3CA,3,10.0,84,0,0,0,,,,
lower_x_8p50,"(8.5, 17.0, 8.55, 19.0)",30,J3CA,4,10.0,83,0,0,0,,,,
lower_x_8p50,"(8.5, 17.0, 8.55, 19.0)",28,J3CB,0,10.0,82,0,0,0,,,,
lower_x_8p50,"(8.5, 17.0, 8.55, 19.0)",28,J3CB,1,10.0,82,0,0,0,,,,
lower_x_8p50,"(8.5, 17.0, 8.55, 19.0)",28,J3CB,2,10.0,81,0,0,0,,,,
lower_x_8p50,"(8.5, 17.0, 8.55, 19.0)",28,J3CB,3,10.0,84,0,0,0,,,,
lower_x_8p50,"(8.5, 17.0, 8.55, 19.0)",28,J3CB,4,10.0,83,0,0,0,,,,
lower_x_8p50,"(8.5, 17.0, 8.55, 19.0)",29,J3CJ2,0,10.0,82,0,0,2,,,14345|14353,
lower_x_8p50,"(8.5, 17.0, 8.55, 19.0)",29,J3CJ2,1,10.0,82,0,0,1,,,14346,
lower_x_8p50,"(8.5, 17.0, 8.55, 19.0)",29,J3CJ2,2,10.0,81,0,0,1,,,14354,
lower_x_8p50,"(8.5, 17.0, 8.55, 19.0)",29,J3CJ2,3,10.0,84,0,0,0,,,,
lower_x_8p50,"(8.5, 17.0, 8.55, 19.0)",29,J3CJ2,4,10.0,83,0,1,1,,14355,14355,
lower_x_8p50,"(8.5, 17.0, 8.55, 19.0)",32,J3J1A,0,10.0,82,0,0,0,,,,
lower_x_8p50,"(8.5, 17.0, 8.55, 19.0)",32,J3J1A,1,10.0,82,0,0,0,,,,
lower_x_8p50,"(8.5, 17.0, 8.55, 19.0)",32,J3J1A,2,10.0,81,0,0,0,,,,
lower_x_8p50,"(8.5, 17.0, 8.55, 19.0)",32,J3J1A,3,10.0,84,0,0,0,,,,
lower_x_8p50,"(8.5, 17.0, 8.55, 19.0)",32,J3J1A,4,10.0,83,0,0,0,,,,
lower_x_8p50,"(8.5, 17.0, 8.55, 19.0)",31,J3J1B,0,10.0,82,0,0,0,,,,
lower_x_8p50,"(8.5, 17.0, 8.55, 19.0)",31,J3J1B,1,10.0,82,0,0,0,,,,
lower_x_8p50,"(8.5, 17.0, 8.55, 19.0)",31,J3J1B,2,10.0,81,0,0,0,,,,
lower_x_8p50,"(8.5, 17.0, 8.55, 19.0)",31,J3J1B,3,10.0,84,0,0,0,,,,
lower_x_8p50,"(8.5, 17.0, 8.55, 19.0)",31,J3J1B,4,10.0,83,0,0,0,,,,
lower_x_8p50,"(8.5, 17.0, 8.55, 19.0)",34,J3J3A,0,10.0,82,0,1,2,,16566,16566|16576,
lower_x_8p50,"(8.5, 17.0, 8.55, 19.0)",34,J3J3A,1,10.0,82,0,0,1,,,16577,
lower_x_8p50,"(8.5, 17.0, 8.55, 19.0)",34,J3J3A,2,10.0,81,0,1,1,,16569,16569,
lower_x_8p50,"(8.5, 17.0, 8.55, 19.0)",34,J3J3A,3,10.0,84,0,1,1,,16577,16577,
lower_x_8p50,"(8.5, 17.0, 8.55, 19.0)",34,J3J3A,4,10.0,83,0,0,0,,,,
lower_x_8p50,"(8.5, 17.0, 8.55, 19.0)",33,J3J3B,0,10.0,82,0,2,2,,16566|16576,16566|16576,
lower_x_8p50,"(8.5, 17.0, 8.55, 19.0)",33,J3J3B,1,10.0,82,0,0,1,,,16577,
lower_x_8p50,"(8.5, 17.0, 8.55, 19.0)",33,J3J3B,2,10.0,81,0,1,1,,16569,16569,
lower_x_8p50,"(8.5, 17.0, 8.55, 19.0)",33,J3J3B,3,10.0,84,0,1,1,,16577,16577,
lower_x_8p50,"(8.5, 17.0, 8.55, 19.0)",33,J3J3B,4,10.0,83,0,0,0,,,,
lower_x_9p00,"(9.0, 17.0, 9.05, 19.0)",3,ACA,0,10.0,82,0,0,0,,,,
lower_x_9p00,"(9.0, 17.0, 9.05, 19.0)",3,ACA,1,10.0,82,0,0,0,,,,
lower_x_9p00,"(9.0, 17.0, 9.05, 19.0)",3,ACA,2,10.0,81,0,0,0,,,,
lower_x_9p00,"(9.0, 17.0, 9.05, 19.0)",3,ACA,3,10.0,84,0,0,0,,,,
lower_x_9p00,"(9.0, 17.0, 9.05, 19.0)",3,ACA,4,10.0,83,0,0,0,,,,
lower_x_9p00,"(9.0, 17.0, 9.05, 19.0)",0,ACB,0,10.0,82,0,0,0,,,,
lower_x_9p00,"(9.0, 17.0, 9.05, 19.0)",0,ACB,1,10.0,82,0,0,0,,,,
lower_x_9p00,"(9.0, 17.0, 9.05, 19.0)",0,ACB,2,10.0,81,0,0,0,,,,
lower_x_9p00,"(9.0, 17.0, 9.05, 19.0)",0,ACB,3,10.0,84,0,0,0,,,,
lower_x_9p00,"(9.0, 17.0, 9.05, 19.0)",0,ACB,4,10.0,83,0,0,0,,,,
lower_x_9p00,"(9.0, 17.0, 9.05, 19.0)",1,ACJ1,0,10.0,82,0,0,0,,,,
lower_x_9p00,"(9.0, 17.0, 9.05, 19.0)",1,ACJ1,1,10.0,82,0,0,0,,,,
lower_x_9p00,"(9.0, 17.0, 9.05, 19.0)",1,ACJ1,2,10.0,81,0,0,0,,,,
lower_x_9p00,"(9.0, 17.0, 9.05, 19.0)",1,ACJ1,3,10.0,84,0,0,0,,,,
lower_x_9p00,"(9.0, 17.0, 9.05, 19.0)",1,ACJ1,4,10.0,83,0,0,0,,,,
lower_x_9p00,"(9.0, 17.0, 9.05, 19.0)",2,ACJ2,0,10.0,82,0,1,2,,53,45|53,
lower_x_9p00,"(9.0, 17.0, 9.05, 19.0)",2,ACJ2,1,10.0,82,0,0,1,,,1142,
lower_x_9p00,"(9.0, 17.0, 9.05, 19.0)",2,ACJ2,2,10.0,81,0,0,1,,,1158,
lower_x_9p00,"(9.0, 17.0, 9.05, 19.0)",2,ACJ2,3,10.0,84,0,0,1,,,1150,
lower_x_9p00,"(9.0, 17.0, 9.05, 19.0)",2,ACJ2,4,10.0,83,1,1,2,1147,1147,1147|1155,"RuntimeError: Could not switch the geometry.
The following agents would be outside of the new geometry: 1747
"
lower_x_9p00,"(9.0, 17.0, 9.05, 19.0)",7,AJ1A,0,10.0,82,0,0,0,,,,
lower_x_9p00,"(9.0, 17.0, 9.05, 19.0)",7,AJ1A,1,10.0,82,0,0,0,,,,
lower_x_9p00,"(9.0, 17.0, 9.05, 19.0)",7,AJ1A,2,10.0,81,0,0,0,,,,
lower_x_9p00,"(9.0, 17.0, 9.05, 19.0)",7,AJ1A,3,10.0,84,0,0,0,,,,
lower_x_9p00,"(9.0, 17.0, 9.05, 19.0)",7,AJ1A,4,10.0,83,0,0,0,,,,
lower_x_9p00,"(9.0, 17.0, 9.05, 19.0)",4,AJ1B,0,10.0,82,0,0,0,,,,
lower_x_9p00,"(9.0, 17.0, 9.05, 19.0)",4,AJ1B,1,10.0,82,0,0,0,,,,
lower_x_9p00,"(9.0, 17.0, 9.05, 19.0)",4,AJ1B,2,10.0,81,0,0,0,,,,
lower_x_9p00,"(9.0, 17.0, 9.05, 19.0)",4,AJ1B,3,10.0,84,0,0,0,,,,
lower_x_9p00,"(9.0, 17.0, 9.05, 19.0)",4,AJ1B,4,10.0,83,0,0,0,,,,
lower_x_9p00,"(9.0, 17.0, 9.05, 19.0)",5,AJ1J1,0,10.0,82,0,0,0,,,,
lower_x_9p00,"(9.0, 17.0, 9.05, 19.0)",5,AJ1J1,1,10.0,82,0,0,0,,,,
lower_x_9p00,"(9.0, 17.0, 9.05, 19.0)",5,AJ1J1,2,10.0,81,0,0,0,,,,
lower_x_9p00,"(9.0, 17.0, 9.05, 19.0)",5,AJ1J1,3,10.0,84,0,0,0,,,,
lower_x_9p00,"(9.0, 17.0, 9.05, 19.0)",5,AJ1J1,4,10.0,83,0,0,0,,,,
lower_x_9p00,"(9.0, 17.0, 9.05, 19.0)",6,AJ1J2,0,10.0,82,0,1,2,,2253,2245|2253,
lower_x_9p00,"(9.0, 17.0, 9.05, 19.0)",6,AJ1J2,1,10.0,82,0,1,1,,2242,2242,
lower_x_9p00,"(9.0, 17.0, 9.05, 19.0)",6,AJ1J2,2,10.0,81,0,0,1,,,2258,
lower_x_9p00,"(9.0, 17.0, 9.05, 19.0)",6,AJ1J2,3,10.0,84,0,0,1,,,3350,
lower_x_9p00,"(9.0, 17.0, 9.05, 19.0)",6,AJ1J2,4,10.0,83,1,1,2,3347,3347,3347|3355,"RuntimeError: Could not switch the geometry.
The following agents would be outside of the new geometry: 3947
"
lower_x_9p00,"(9.0, 17.0, 9.05, 19.0)",10,AJ3A,0,10.0,82,0,1,2,,4476,4466|4476,
lower_x_9p00,"(9.0, 17.0, 9.05, 19.0)",10,AJ3A,1,10.0,82,0,0,1,,,4476,
lower_x_9p00,"(9.0, 17.0, 9.05, 19.0)",10,AJ3A,2,10.0,81,0,1,1,,4473,4473,
lower_x_9p00,"(9.0, 17.0, 9.05, 19.0)",10,AJ3A,3,10.0,84,1,1,2,4473,4473,4473|4477,"RuntimeError: Could not switch the geometry.
The following agents would be outside of the new geometry: 5073
"
lower_x_9p00,"(9.0, 17.0, 9.05, 19.0)",10,AJ3A,4,10.0,83,0,1,2,,4467,4467|4477,
lower_x_9p00,"(9.0, 17.0, 9.05, 19.0)",8,AJ3B,0,10.0,82,0,0,2,,,3366|3376,
lower_x_9p00,"(9.0, 17.0, 9.05, 19.0)",8,AJ3B,1,10.0,82,0,0,1,,,3376,
lower_x_9p00,"(9.0, 17.0, 9.05, 19.0)",8,AJ3B,2,10.0,81,1,1,1,3373,3373,3373,"RuntimeError: Could not switch the geometry.
The following agents would be outside of the new geometry: 3973
"
lower_x_9p00,"(9.0, 17.0, 9.05, 19.0)",8,AJ3B,3,10.0,84,0,1,2,,3373,3373|3377,
lower_x_9p00,"(9.0, 17.0, 9.05, 19.0)",8,AJ3B,4,10.0,83,0,1,2,,4467,4467|4477,
lower_x_9p00,"(9.0, 17.0, 9.05, 19.0)",9,AJ3J1,0,10.0,82,0,1,2,,4476,4466|4476,
lower_x_9p00,"(9.0, 17.0, 9.05, 19.0)",9,AJ3J1,1,10.0,82,0,0,1,,,4476,
lower_x_9p00,"(9.0, 17.0, 9.05, 19.0)",9,AJ3J1,2,10.0,81,1,1,1,4473,4473,4473,"RuntimeError: Could not switch the geometry.
The following agents would be outside of the new geometry: 5073
"
lower_x_9p00,"(9.0, 17.0, 9.05, 19.0)",9,AJ3J1,3,10.0,84,0,1,2,,4473,4473|4477,
lower_x_9p00,"(9.0, 17.0, 9.05, 19.0)",9,AJ3J1,4,10.0,83,0,1,2,,4467,4467|4477,
lower_x_9p00,"(9.0, 17.0, 9.05, 19.0)",14,CCA,0,10.0,82,0,0,0,,,,
lower_x_9p00,"(9.0, 17.0, 9.05, 19.0)",14,CCA,1,10.0,82,0,0,0,,,,
lower_x_9p00,"(9.0, 17.0, 9.05, 19.0)",14,CCA,2,10.0,81,0,0,0,,,,
lower_x_9p00,"(9.0, 17.0, 9.05, 19.0)",14,CCA,3,10.0,84,0,0,0,,,,
lower_x_9p00,"(9.0, 17.0, 9.05, 19.0)",14,CCA,4,10.0,83,0,0,0,,,,
lower_x_9p00,"(9.0, 17.0, 9.05, 19.0)",11,CCB,0,10.0,82,0,0,0,,,,
lower_x_9p00,"(9.0, 17.0, 9.05, 19.0)",11,CCB,1,10.0,82,0,0,0,,,,
lower_x_9p00,"(9.0, 17.0, 9.05, 19.0)",11,CCB,2,10.0,81,0,0,0,,,,
lower_x_9p00,"(9.0, 17.0, 9.05, 19.0)",11,CCB,3,10.0,84,0,0,0,,,,
lower_x_9p00,"(9.0, 17.0, 9.05, 19.0)",11,CCB,4,10.0,83,0,0,0,,,,
lower_x_9p00,"(9.0, 17.0, 9.05, 19.0)",12,CCJ1,0,10.0,82,0,0,0,,,,
lower_x_9p00,"(9.0, 17.0, 9.05, 19.0)",12,CCJ1,1,10.0,82,0,0,0,,,,
lower_x_9p00,"(9.0, 17.0, 9.05, 19.0)",12,CCJ1,2,10.0,81,0,0,0,,,,
lower_x_9p00,"(9.0, 17.0, 9.05, 19.0)",12,CCJ1,3,10.0,84,0,0,0,,,,
lower_x_9p00,"(9.0, 17.0, 9.05, 19.0)",12,CCJ1,4,10.0,83,0,0,0,,,,
lower_x_9p00,"(9.0, 17.0, 9.05, 19.0)",13,CCJ2,0,10.0,82,0,1,2,,5553,5545|5553,
lower_x_9p00,"(9.0, 17.0, 9.05, 19.0)",13,CCJ2,1,10.0,82,0,0,1,,,6642,
lower_x_9p00,"(9.0, 17.0, 9.05, 19.0)",13,CCJ2,2,10.0,81,0,0,1,,,6658,
lower_x_9p00,"(9.0, 17.0, 9.05, 19.0)",13,CCJ2,3,10.0,84,0,0,1,,,6650,
lower_x_9p00,"(9.0, 17.0, 9.05, 19.0)",13,CCJ2,4,10.0,83,1,1,2,6647,6647,6647|6655,"RuntimeError: Could not switch the geometry.
The following agents would be outside of the new geometry: 7247
"
lower_x_9p00,"(9.0, 17.0, 9.05, 19.0)",18,CJ1A,0,10.0,82,0,0,0,,,,
lower_x_9p00,"(9.0, 17.0, 9.05, 19.0)",18,CJ1A,1,10.0,82,0,0,0,,,,
lower_x_9p00,"(9.0, 17.0, 9.05, 19.0)",18,CJ1A,2,10.0,81,0,0,0,,,,
lower_x_9p00,"(9.0, 17.0, 9.05, 19.0)",18,CJ1A,3,10.0,84,0,0,0,,,,
lower_x_9p00,"(9.0, 17.0, 9.05, 19.0)",18,CJ1A,4,10.0,83,0,0,0,,,,
lower_x_9p00,"(9.0, 17.0, 9.05, 19.0)",15,CJ1B,0,10.0,82,0,0,0,,,,
lower_x_9p00,"(9.0, 17.0, 9.05, 19.0)",15,CJ1B,1,10.0,82,0,0,0,,,,
lower_x_9p00,"(9.0, 17.0, 9.05, 19.0)",15,CJ1B,2,10.0,81,0,0,0,,,,
lower_x_9p00,"(9.0, 17.0, 9.05, 19.0)",15,CJ1B,3,10.0,84,0,0,0,,,,
lower_x_9p00,"(9.0, 17.0, 9.05, 19.0)",15,CJ1B,4,10.0,83,0,0,0,,,,
lower_x_9p00,"(9.0, 17.0, 9.05, 19.0)",16,CJ1J1,0,10.0,82,0,0,0,,,,
lower_x_9p00,"(9.0, 17.0, 9.05, 19.0)",16,CJ1J1,1,10.0,82,0,0,0,,,,
lower_x_9p00,"(9.0, 17.0, 9.05, 19.0)",16,CJ1J1,2,10.0,81,0,0,0,,,,
lower_x_9p00,"(9.0, 17.0, 9.05, 19.0)",16,CJ1J1,3,10.0,84,0,0,0,,,,
lower_x_9p00,"(9.0, 17.0, 9.05, 19.0)",16,CJ1J1,4,10.0,83,0,0,0,,,,
lower_x_9p00,"(9.0, 17.0, 9.05, 19.0)",17,CJ1J2,0,10.0,82,0,1,2,,7753,7745|7753,
lower_x_9p00,"(9.0, 17.0, 9.05, 19.0)",17,CJ1J2,1,10.0,82,0,1,1,,7742,7742,
lower_x_9p00,"(9.0, 17.0, 9.05, 19.0)",17,CJ1J2,2,10.0,81,0,0,1,,,7758,
lower_x_9p00,"(9.0, 17.0, 9.05, 19.0)",17,CJ1J2,3,10.0,84,0,0,1,,,8850,
lower_x_9p00,"(9.0, 17.0, 9.05, 19.0)",17,CJ1J2,4,10.0,83,1,1,2,8847,8847,8847|8855,"RuntimeError: Could not switch the geometry.
The following agents would be outside of the new geometry: 9447
"
lower_x_9p00,"(9.0, 17.0, 9.05, 19.0)",21,CJ3A,0,10.0,82,0,1,2,,9976,9966|9976,
lower_x_9p00,"(9.0, 17.0, 9.05, 19.0)",21,CJ3A,1,10.0,82,0,0,1,,,9976,
lower_x_9p00,"(9.0, 17.0, 9.05, 19.0)",21,CJ3A,2,10.0,81,0,1,1,,9973,9973,
lower_x_9p00,"(9.0, 17.0, 9.05, 19.0)",21,CJ3A,3,10.0,84,1,1,2,9973,9973,9973|9977,"RuntimeError: Could not switch the geometry.
The following agents would be outside of the new geometry: 10573
"
lower_x_9p00,"(9.0, 17.0, 9.05, 19.0)",21,CJ3A,4,10.0,83,0,1,2,,9967,9967|9977,
lower_x_9p00,"(9.0, 17.0, 9.05, 19.0)",19,CJ3B,0,10.0,82,0,0,2,,,8866|8876,
lower_x_9p00,"(9.0, 17.0, 9.05, 19.0)",19,CJ3B,1,10.0,82,0,0,1,,,8876,
lower_x_9p00,"(9.0, 17.0, 9.05, 19.0)",19,CJ3B,2,10.0,81,1,1,1,8873,8873,8873,"RuntimeError: Could not switch the geometry.
The following agents would be outside of the new geometry: 9473
"
lower_x_9p00,"(9.0, 17.0, 9.05, 19.0)",19,CJ3B,3,10.0,84,0,1,2,,8873,8873|8877,
lower_x_9p00,"(9.0, 17.0, 9.05, 19.0)",19,CJ3B,4,10.0,83,0,1,2,,9967,9967|9977,
lower_x_9p00,"(9.0, 17.0, 9.05, 19.0)",20,CJ3J1,0,10.0,82,0,1,2,,9976,9966|9976,
lower_x_9p00,"(9.0, 17.0, 9.05, 19.0)",20,CJ3J1,1,10.0,82,0,0,1,,,9976,
lower_x_9p00,"(9.0, 17.0, 9.05, 19.0)",20,CJ3J1,2,10.0,81,1,1,1,9973,9973,9973,"RuntimeError: Could not switch the geometry.
The following agents would be outside of the new geometry: 10573
"
lower_x_9p00,"(9.0, 17.0, 9.05, 19.0)",20,CJ3J1,3,10.0,84,0,1,2,,9973,9973|9977,
lower_x_9p00,"(9.0, 17.0, 9.05, 19.0)",20,CJ3J1,4,10.0,83,0,1,2,,9967,9967|9977,
lower_x_9p00,"(9.0, 17.0, 9.05, 19.0)",25,J2CA,0,10.0,82,0,0,0,,,,
lower_x_9p00,"(9.0, 17.0, 9.05, 19.0)",25,J2CA,1,10.0,82,0,0,0,,,,
lower_x_9p00,"(9.0, 17.0, 9.05, 19.0)",25,J2CA,2,10.0,81,0,0,0,,,,
lower_x_9p00,"(9.0, 17.0, 9.05, 19.0)",25,J2CA,3,10.0,84,0,0,0,,,,
lower_x_9p00,"(9.0, 17.0, 9.05, 19.0)",25,J2CA,4,10.0,83,0,0,0,,,,
lower_x_9p00,"(9.0, 17.0, 9.05, 19.0)",22,J2CB,0,10.0,82,0,0,0,,,,
lower_x_9p00,"(9.0, 17.0, 9.05, 19.0)",22,J2CB,1,10.0,82,0,0,0,,,,
lower_x_9p00,"(9.0, 17.0, 9.05, 19.0)",22,J2CB,2,10.0,81,0,0,0,,,,
lower_x_9p00,"(9.0, 17.0, 9.05, 19.0)",22,J2CB,3,10.0,84,0,0,0,,,,
lower_x_9p00,"(9.0, 17.0, 9.05, 19.0)",22,J2CB,4,10.0,83,0,0,0,,,,
lower_x_9p00,"(9.0, 17.0, 9.05, 19.0)",23,J2CJ1,0,10.0,82,0,0,0,,,,
lower_x_9p00,"(9.0, 17.0, 9.05, 19.0)",23,J2CJ1,1,10.0,82,0,0,0,,,,
lower_x_9p00,"(9.0, 17.0, 9.05, 19.0)",23,J2CJ1,2,10.0,81,0,0,0,,,,
lower_x_9p00,"(9.0, 17.0, 9.05, 19.0)",23,J2CJ1,3,10.0,84,0,0,0,,,,
lower_x_9p00,"(9.0, 17.0, 9.05, 19.0)",23,J2CJ1,4,10.0,83,0,0,0,,,,
lower_x_9p00,"(9.0, 17.0, 9.05, 19.0)",24,J2CJ2,0,10.0,82,0,1,2,,11053,11045|11053,
lower_x_9p00,"(9.0, 17.0, 9.05, 19.0)",24,J2CJ2,1,10.0,82,0,0,1,,,12142,
lower_x_9p00,"(9.0, 17.0, 9.05, 19.0)",24,J2CJ2,2,10.0,81,0,0,1,,,12158,
lower_x_9p00,"(9.0, 17.0, 9.05, 19.0)",24,J2CJ2,3,10.0,84,0,0,1,,,12150,
lower_x_9p00,"(9.0, 17.0, 9.05, 19.0)",24,J2CJ2,4,10.0,83,1,1,2,12147,12147,12147|12155,"RuntimeError: Could not switch the geometry.
The following agents would be outside of the new geometry: 12747
"
lower_x_9p00,"(9.0, 17.0, 9.05, 19.0)",27,J2J3A,0,10.0,82,0,1,2,,13276,13266|13276,
lower_x_9p00,"(9.0, 17.0, 9.05, 19.0)",27,J2J3A,1,10.0,82,0,0,1,,,13276,
lower_x_9p00,"(9.0, 17.0, 9.05, 19.0)",27,J2J3A,2,10.0,81,0,1,1,,13273,13273,
lower_x_9p00,"(9.0, 17.0, 9.05, 19.0)",27,J2J3A,3,10.0,84,1,1,2,13273,13273,13273|13277,"RuntimeError: Could not switch the geometry.
The following agents would be outside of the new geometry: 13873
"
lower_x_9p00,"(9.0, 17.0, 9.05, 19.0)",27,J2J3A,4,10.0,83,0,1,2,,13267,13267|13277,
lower_x_9p00,"(9.0, 17.0, 9.05, 19.0)",26,J2J3B,0,10.0,82,0,0,2,,,12166|12176,
lower_x_9p00,"(9.0, 17.0, 9.05, 19.0)",26,J2J3B,1,10.0,82,0,0,1,,,12176,
lower_x_9p00,"(9.0, 17.0, 9.05, 19.0)",26,J2J3B,2,10.0,81,1,1,1,13273,13273,13273,"RuntimeError: Could not switch the geometry.
The following agents would be outside of the new geometry: 13873
"
lower_x_9p00,"(9.0, 17.0, 9.05, 19.0)",26,J2J3B,3,10.0,84,0,1,2,,13273,13273|13277,
lower_x_9p00,"(9.0, 17.0, 9.05, 19.0)",26,J2J3B,4,10.0,83,0,1,2,,13267,13267|13277,
lower_x_9p00,"(9.0, 17.0, 9.05, 19.0)",30,J3CA,0,10.0,82,0,0,0,,,,
lower_x_9p00,"(9.0, 17.0, 9.05, 19.0)",30,J3CA,1,10.0,82,0,0,0,,,,
lower_x_9p00,"(9.0, 17.0, 9.05, 19.0)",30,J3CA,2,10.0,81,0,0,0,,,,
lower_x_9p00,"(9.0, 17.0, 9.05, 19.0)",30,J3CA,3,10.0,84,0,0,0,,,,
lower_x_9p00,"(9.0, 17.0, 9.05, 19.0)",30,J3CA,4,10.0,83,0,0,0,,,,
lower_x_9p00,"(9.0, 17.0, 9.05, 19.0)",28,J3CB,0,10.0,82,0,0,0,,,,
lower_x_9p00,"(9.0, 17.0, 9.05, 19.0)",28,J3CB,1,10.0,82,0,0,0,,,,
lower_x_9p00,"(9.0, 17.0, 9.05, 19.0)",28,J3CB,2,10.0,81,0,0,0,,,,
lower_x_9p00,"(9.0, 17.0, 9.05, 19.0)",28,J3CB,3,10.0,84,0,0,0,,,,
lower_x_9p00,"(9.0, 17.0, 9.05, 19.0)",28,J3CB,4,10.0,83,0,0,0,,,,
lower_x_9p00,"(9.0, 17.0, 9.05, 19.0)",29,J3CJ2,0,10.0,82,0,1,2,,14353,14345|14353,
lower_x_9p00,"(9.0, 17.0, 9.05, 19.0)",29,J3CJ2,1,10.0,82,0,0,1,,,14342,
lower_x_9p00,"(9.0, 17.0, 9.05, 19.0)",29,J3CJ2,2,10.0,81,0,0,1,,,14358,
lower_x_9p00,"(9.0, 17.0, 9.05, 19.0)",29,J3CJ2,3,10.0,84,0,0,1,,,14350,
lower_x_9p00,"(9.0, 17.0, 9.05, 19.0)",29,J3CJ2,4,10.0,83,1,1,2,14347,14347,14347|14355,"RuntimeError: Could not switch the geometry.
The following agents would be outside of the new geometry: 14947
"
lower_x_9p00,"(9.0, 17.0, 9.05, 19.0)",32,J3J1A,0,10.0,82,0,0,0,,,,
lower_x_9p00,"(9.0, 17.0, 9.05, 19.0)",32,J3J1A,1,10.0,82,0,0,0,,,,
lower_x_9p00,"(9.0, 17.0, 9.05, 19.0)",32,J3J1A,2,10.0,81,0,0,0,,,,
lower_x_9p00,"(9.0, 17.0, 9.05, 19.0)",32,J3J1A,3,10.0,84,0,0,0,,,,
lower_x_9p00,"(9.0, 17.0, 9.05, 19.0)",32,J3J1A,4,10.0,83,0,0,0,,,,
lower_x_9p00,"(9.0, 17.0, 9.05, 19.0)",31,J3J1B,0,10.0,82,0,0,0,,,,
lower_x_9p00,"(9.0, 17.0, 9.05, 19.0)",31,J3J1B,1,10.0,82,0,0,0,,,,
lower_x_9p00,"(9.0, 17.0, 9.05, 19.0)",31,J3J1B,2,10.0,81,0,0,0,,,,
lower_x_9p00,"(9.0, 17.0, 9.05, 19.0)",31,J3J1B,3,10.0,84,0,0,0,,,,
lower_x_9p00,"(9.0, 17.0, 9.05, 19.0)",31,J3J1B,4,10.0,83,0,0,0,,,,
lower_x_9p00,"(9.0, 17.0, 9.05, 19.0)",34,J3J3A,0,10.0,82,0,1,2,,16576,16566|16576,
lower_x_9p00,"(9.0, 17.0, 9.05, 19.0)",34,J3J3A,1,10.0,82,0,0,1,,,16576,
lower_x_9p00,"(9.0, 17.0, 9.05, 19.0)",34,J3J3A,2,10.0,81,0,1,1,,16573,16573,
lower_x_9p00,"(9.0, 17.0, 9.05, 19.0)",34,J3J3A,3,10.0,84,1,1,2,16573,16573,16573|16577,"RuntimeError: Could not switch the geometry.
The following agents would be outside of the new geometry: 17173
"
lower_x_9p00,"(9.0, 17.0, 9.05, 19.0)",34,J3J3A,4,10.0,83,0,1,2,,16567,16567|16577,
lower_x_9p00,"(9.0, 17.0, 9.05, 19.0)",33,J3J3B,0,10.0,82,0,0,2,,,16566|16576,
lower_x_9p00,"(9.0, 17.0, 9.05, 19.0)",33,J3J3B,1,10.0,82,0,0,1,,,16576,
lower_x_9p00,"(9.0, 17.0, 9.05, 19.0)",33,J3J3B,2,10.0,81,1,1,1,16573,16573,16573,"RuntimeError: Could not switch the geometry.
The following agents would be outside of the new geometry: 17173
"
lower_x_9p00,"(9.0, 17.0, 9.05, 19.0)",33,J3J3B,3,10.0,84,0,1,2,,16573,16573|16577,
lower_x_9p00,"(9.0, 17.0, 9.05, 19.0)",33,J3J3B,4,10.0,83,0,1,2,,16567,16567|16577,
lower_x_9p50,"(9.5, 17.0, 9.55, 19.0)",3,ACA,0,10.0,82,0,0,0,,,,
lower_x_9p50,"(9.5, 17.0, 9.55, 19.0)",3,ACA,1,10.0,82,0,0,0,,,,
lower_x_9p50,"(9.5, 17.0, 9.55, 19.0)",3,ACA,2,10.0,81,0,0,0,,,,
lower_x_9p50,"(9.5, 17.0, 9.55, 19.0)",3,ACA,3,10.0,84,0,0,0,,,,
lower_x_9p50,"(9.5, 17.0, 9.55, 19.0)",3,ACA,4,10.0,83,0,0,0,,,,
lower_x_9p50,"(9.5, 17.0, 9.55, 19.0)",0,ACB,0,10.0,82,0,0,0,,,,
lower_x_9p50,"(9.5, 17.0, 9.55, 19.0)",0,ACB,1,10.0,82,0,0,0,,,,
lower_x_9p50,"(9.5, 17.0, 9.55, 19.0)",0,ACB,2,10.0,81,0,0,0,,,,
lower_x_9p50,"(9.5, 17.0, 9.55, 19.0)",0,ACB,3,10.0,84,0,0,0,,,,
lower_x_9p50,"(9.5, 17.0, 9.55, 19.0)",0,ACB,4,10.0,83,0,0,0,,,,
lower_x_9p50,"(9.5, 17.0, 9.55, 19.0)",1,ACJ1,0,10.0,82,0,0,0,,,,
lower_x_9p50,"(9.5, 17.0, 9.55, 19.0)",1,ACJ1,1,10.0,82,0,0,0,,,,
lower_x_9p50,"(9.5, 17.0, 9.55, 19.0)",1,ACJ1,2,10.0,81,0,0,0,,,,
lower_x_9p50,"(9.5, 17.0, 9.55, 19.0)",1,ACJ1,3,10.0,84,0,0,0,,,,
lower_x_9p50,"(9.5, 17.0, 9.55, 19.0)",1,ACJ1,4,10.0,83,0,0,0,,,,
lower_x_9p50,"(9.5, 17.0, 9.55, 19.0)",2,ACJ2,0,10.0,82,0,0,0,,,,
lower_x_9p50,"(9.5, 17.0, 9.55, 19.0)",2,ACJ2,1,10.0,82,0,1,2,,1142,1142|1159,
lower_x_9p50,"(9.5, 17.0, 9.55, 19.0)",2,ACJ2,2,10.0,81,0,2,2,,1145|1158,1145|1158,
lower_x_9p50,"(9.5, 17.0, 9.55, 19.0)",2,ACJ2,3,10.0,84,0,1,2,,1144,1144|1150,
lower_x_9p50,"(9.5, 17.0, 9.55, 19.0)",2,ACJ2,4,10.0,83,0,0,0,,,,
lower_x_9p50,"(9.5, 17.0, 9.55, 19.0)",7,AJ1A,0,10.0,82,0,0,0,,,,
lower_x_9p50,"(9.5, 17.0, 9.55, 19.0)",7,AJ1A,1,10.0,82,0,0,0,,,,
lower_x_9p50,"(9.5, 17.0, 9.55, 19.0)",7,AJ1A,2,10.0,81,0,0,0,,,,
lower_x_9p50,"(9.5, 17.0, 9.55, 19.0)",7,AJ1A,3,10.0,84,0,0,0,,,,
lower_x_9p50,"(9.5, 17.0, 9.55, 19.0)",7,AJ1A,4,10.0,83,0,0,0,,,,
lower_x_9p50,"(9.5, 17.0, 9.55, 19.0)",4,AJ1B,0,10.0,82,0,0,0,,,,
lower_x_9p50,"(9.5, 17.0, 9.55, 19.0)",4,AJ1B,1,10.0,82,0,0,0,,,,
lower_x_9p50,"(9.5, 17.0, 9.55, 19.0)",4,AJ1B,2,10.0,81,0,0,0,,,,
lower_x_9p50,"(9.5, 17.0, 9.55, 19.0)",4,AJ1B,3,10.0,84,0,0,0,,,,
lower_x_9p50,"(9.5, 17.0, 9.55, 19.0)",4,AJ1B,4,10.0,83,0,0,0,,,,
lower_x_9p50,"(9.5, 17.0, 9.55, 19.0)",5,AJ1J1,0,10.0,82,0,0,0,,,,
lower_x_9p50,"(9.5, 17.0, 9.55, 19.0)",5,AJ1J1,1,10.0,82,0,0,0,,,,
lower_x_9p50,"(9.5, 17.0, 9.55, 19.0)",5,AJ1J1,2,10.0,81,0,0,0,,,,
lower_x_9p50,"(9.5, 17.0, 9.55, 19.0)",5,AJ1J1,3,10.0,84,0,0,0,,,,
lower_x_9p50,"(9.5, 17.0, 9.55, 19.0)",5,AJ1J1,4,10.0,83,0,0,0,,,,
lower_x_9p50,"(9.5, 17.0, 9.55, 19.0)",6,AJ1J2,0,10.0,82,0,0,0,,,,
lower_x_9p50,"(9.5, 17.0, 9.55, 19.0)",6,AJ1J2,1,10.0,82,0,0,2,,,2242|2259,
lower_x_9p50,"(9.5, 17.0, 9.55, 19.0)",6,AJ1J2,2,10.0,81,0,2,2,,2245|2258,2245|2258,
lower_x_9p50,"(9.5, 17.0, 9.55, 19.0)",6,AJ1J2,3,10.0,84,0,1,2,,3344,3344|3350,
lower_x_9p50,"(9.5, 17.0, 9.55, 19.0)",6,AJ1J2,4,10.0,83,0,0,0,,,,
lower_x_9p50,"(9.5, 17.0, 9.55, 19.0)",10,AJ3A,0,10.0,82,0,0,0,,,,
lower_x_9p50,"(9.5, 17.0, 9.55, 19.0)",10,AJ3A,1,10.0,82,0,1,1,,4476,4476,
lower_x_9p50,"(9.5, 17.0, 9.55, 19.0)",10,AJ3A,2,10.0,81,0,0,0,,,,
lower_x_9p50,"(9.5, 17.0, 9.55, 19.0)",10,AJ3A,3,10.0,84,0,0,0,,,,
lower_x_9p50,"(9.5, 17.0, 9.55, 19.0)",10,AJ3A,4,10.0,83,0,0,1,,,4477,
lower_x_9p50,"(9.5, 17.0, 9.55, 19.0)",8,AJ3B,0,10.0,82,0,0,0,,,,
lower_x_9p50,"(9.5, 17.0, 9.55, 19.0)",8,AJ3B,1,10.0,82,0,1,1,,3376,3376,
lower_x_9p50,"(9.5, 17.0, 9.55, 19.0)",8,AJ3B,2,10.0,81,0,0,0,,,,
lower_x_9p50,"(9.5, 17.0, 9.55, 19.0)",8,AJ3B,3,10.0,84,0,0,0,,,,
lower_x_9p50,"(9.5, 17.0, 9.55, 19.0)",8,AJ3B,4,10.0,83,0,1,1,,4477,4477,
lower_x_9p50,"(9.5, 17.0, 9.55, 19.0)",9,AJ3J1,0,10.0,82,0,0,0,,,,
lower_x_9p50,"(9.5, 17.0, 9.55, 19.0)",9,AJ3J1,1,10.0,82,0,1,1,,4476,4476,
lower_x_9p50,"(9.5, 17.0, 9.55, 19.0)",9,AJ3J1,2,10.0,81,0,0,0,,,,
lower_x_9p50,"(9.5, 17.0, 9.55, 19.0)",9,AJ3J1,3,10.0,84,0,0,1,,,4473,
lower_x_9p50,"(9.5, 17.0, 9.55, 19.0)",9,AJ3J1,4,10.0,83,0,1,1,,4477,4477,
lower_x_9p50,"(9.5, 17.0, 9.55, 19.0)",14,CCA,0,10.0,82,0,0,0,,,,
lower_x_9p50,"(9.5, 17.0, 9.55, 19.0)",14,CCA,1,10.0,82,0,0,0,,,,
lower_x_9p50,"(9.5, 17.0, 9.55, 19.0)",14,CCA,2,10.0,81,0,0,0,,,,
lower_x_9p50,"(9.5, 17.0, 9.55, 19.0)",14,CCA,3,10.0,84,0,0,0,,,,
lower_x_9p50,"(9.5, 17.0, 9.55, 19.0)",14,CCA,4,10.0,83,0,0,0,,,,
lower_x_9p50,"(9.5, 17.0, 9.55, 19.0)",11,CCB,0,10.0,82,0,0,0,,,,
lower_x_9p50,"(9.5, 17.0, 9.55, 19.0)",11,CCB,1,10.0,82,0,0,0,,,,
lower_x_9p50,"(9.5, 17.0, 9.55, 19.0)",11,CCB,2,10.0,81,0,0,0,,,,
lower_x_9p50,"(9.5, 17.0, 9.55, 19.0)",11,CCB,3,10.0,84,0,0,0,,,,
lower_x_9p50,"(9.5, 17.0, 9.55, 19.0)",11,CCB,4,10.0,83,0,0,0,,,,
lower_x_9p50,"(9.5, 17.0, 9.55, 19.0)",12,CCJ1,0,10.0,82,0,0,0,,,,
lower_x_9p50,"(9.5, 17.0, 9.55, 19.0)",12,CCJ1,1,10.0,82,0,0,0,,,,
lower_x_9p50,"(9.5, 17.0, 9.55, 19.0)",12,CCJ1,2,10.0,81,0,0,0,,,,
lower_x_9p50,"(9.5, 17.0, 9.55, 19.0)",12,CCJ1,3,10.0,84,0,0,0,,,,
lower_x_9p50,"(9.5, 17.0, 9.55, 19.0)",12,CCJ1,4,10.0,83,0,0,0,,,,
lower_x_9p50,"(9.5, 17.0, 9.55, 19.0)",13,CCJ2,0,10.0,82,0,0,0,,,,
lower_x_9p50,"(9.5, 17.0, 9.55, 19.0)",13,CCJ2,1,10.0,82,0,1,2,,6642,6642|6659,
lower_x_9p50,"(9.5, 17.0, 9.55, 19.0)",13,CCJ2,2,10.0,81,0,2,2,,6645|6658,6645|6658,
lower_x_9p50,"(9.5, 17.0, 9.55, 19.0)",13,CCJ2,3,10.0,84,0,1,2,,6644,6644|6650,
lower_x_9p50,"(9.5, 17.0, 9.55, 19.0)",13,CCJ2,4,10.0,83,0,0,0,,,,
lower_x_9p50,"(9.5, 17.0, 9.55, 19.0)",18,CJ1A,0,10.0,82,0,0,0,,,,
lower_x_9p50,"(9.5, 17.0, 9.55, 19.0)",18,CJ1A,1,10.0,82,0,0,0,,,,
lower_x_9p50,"(9.5, 17.0, 9.55, 19.0)",18,CJ1A,2,10.0,81,0,0,0,,,,
lower_x_9p50,"(9.5, 17.0, 9.55, 19.0)",18,CJ1A,3,10.0,84,0,0,0,,,,
lower_x_9p50,"(9.5, 17.0, 9.55, 19.0)",18,CJ1A,4,10.0,83,0,0,0,,,,
lower_x_9p50,"(9.5, 17.0, 9.55, 19.0)",15,CJ1B,0,10.0,82,0,0,0,,,,
lower_x_9p50,"(9.5, 17.0, 9.55, 19.0)",15,CJ1B,1,10.0,82,0,0,0,,,,
lower_x_9p50,"(9.5, 17.0, 9.55, 19.0)",15,CJ1B,2,10.0,81,0,0,0,,,,
lower_x_9p50,"(9.5, 17.0, 9.55, 19.0)",15,CJ1B,3,10.0,84,0,0,0,,,,
lower_x_9p50,"(9.5, 17.0, 9.55, 19.0)",15,CJ1B,4,10.0,83,0,0,0,,,,
lower_x_9p50,"(9.5, 17.0, 9.55, 19.0)",16,CJ1J1,0,10.0,82,0,0,0,,,,
lower_x_9p50,"(9.5, 17.0, 9.55, 19.0)",16,CJ1J1,1,10.0,82,0,0,0,,,,
lower_x_9p50,"(9.5, 17.0, 9.55, 19.0)",16,CJ1J1,2,10.0,81,0,0,0,,,,
lower_x_9p50,"(9.5, 17.0, 9.55, 19.0)",16,CJ1J1,3,10.0,84,0,0,0,,,,
lower_x_9p50,"(9.5, 17.0, 9.55, 19.0)",16,CJ1J1,4,10.0,83,0,0,0,,,,
lower_x_9p50,"(9.5, 17.0, 9.55, 19.0)",17,CJ1J2,0,10.0,82,0,0,0,,,,
lower_x_9p50,"(9.5, 17.0, 9.55, 19.0)",17,CJ1J2,1,10.0,82,0,0,2,,,7742|7759,
lower_x_9p50,"(9.5, 17.0, 9.55, 19.0)",17,CJ1J2,2,10.0,81,0,2,2,,7745|7758,7745|7758,
lower_x_9p50,"(9.5, 17.0, 9.55, 19.0)",17,CJ1J2,3,10.0,84,0,1,2,,8844,8844|8850,
lower_x_9p50,"(9.5, 17.0, 9.55, 19.0)",17,CJ1J2,4,10.0,83,0,0,0,,,,
lower_x_9p50,"(9.5, 17.0, 9.55, 19.0)",21,CJ3A,0,10.0,82,0,0,0,,,,
lower_x_9p50,"(9.5, 17.0, 9.55, 19.0)",21,CJ3A,1,10.0,82,0,1,1,,9976,9976,
lower_x_9p50,"(9.5, 17.0, 9.55, 19.0)",21,CJ3A,2,10.0,81,0,0,0,,,,
lower_x_9p50,"(9.5, 17.0, 9.55, 19.0)",21,CJ3A,3,10.0,84,0,0,0,,,,
lower_x_9p50,"(9.5, 17.0, 9.55, 19.0)",21,CJ3A,4,10.0,83,0,0,1,,,9977,
lower_x_9p50,"(9.5, 17.0, 9.55, 19.0)",19,CJ3B,0,10.0,82,0,0,0,,,,
lower_x_9p50,"(9.5, 17.0, 9.55, 19.0)",19,CJ3B,1,10.0,82,0,1,1,,8876,8876,
lower_x_9p50,"(9.5, 17.0, 9.55, 19.0)",19,CJ3B,2,10.0,81,0,0,0,,,,
lower_x_9p50,"(9.5, 17.0, 9.55, 19.0)",19,CJ3B,3,10.0,84,0,0,0,,,,
lower_x_9p50,"(9.5, 17.0, 9.55, 19.0)",19,CJ3B,4,10.0,83,0,1,1,,9977,9977,
lower_x_9p50,"(9.5, 17.0, 9.55, 19.0)",20,CJ3J1,0,10.0,82,0,0,0,,,,
lower_x_9p50,"(9.5, 17.0, 9.55, 19.0)",20,CJ3J1,1,10.0,82,0,1,1,,9976,9976,
lower_x_9p50,"(9.5, 17.0, 9.55, 19.0)",20,CJ3J1,2,10.0,81,0,0,0,,,,
lower_x_9p50,"(9.5, 17.0, 9.55, 19.0)",20,CJ3J1,3,10.0,84,0,0,1,,,9973,
lower_x_9p50,"(9.5, 17.0, 9.55, 19.0)",20,CJ3J1,4,10.0,83,0,1,1,,9977,9977,
lower_x_9p50,"(9.5, 17.0, 9.55, 19.0)",25,J2CA,0,10.0,82,0,0,0,,,,
lower_x_9p50,"(9.5, 17.0, 9.55, 19.0)",25,J2CA,1,10.0,82,0,0,0,,,,
lower_x_9p50,"(9.5, 17.0, 9.55, 19.0)",25,J2CA,2,10.0,81,0,0,0,,,,
lower_x_9p50,"(9.5, 17.0, 9.55, 19.0)",25,J2CA,3,10.0,84,0,0,0,,,,
lower_x_9p50,"(9.5, 17.0, 9.55, 19.0)",25,J2CA,4,10.0,83,0,0,0,,,,
lower_x_9p50,"(9.5, 17.0, 9.55, 19.0)",22,J2CB,0,10.0,82,0,0,0,,,,
lower_x_9p50,"(9.5, 17.0, 9.55, 19.0)",22,J2CB,1,10.0,82,0,0,0,,,,
lower_x_9p50,"(9.5, 17.0, 9.55, 19.0)",22,J2CB,2,10.0,81,0,0,0,,,,
lower_x_9p50,"(9.5, 17.0, 9.55, 19.0)",22,J2CB,3,10.0,84,0,0,0,,,,
lower_x_9p50,"(9.5, 17.0, 9.55, 19.0)",22,J2CB,4,10.0,83,0,0,0,,,,
lower_x_9p50,"(9.5, 17.0, 9.55, 19.0)",23,J2CJ1,0,10.0,82,0,0,0,,,,
lower_x_9p50,"(9.5, 17.0, 9.55, 19.0)",23,J2CJ1,1,10.0,82,0,0,0,,,,
lower_x_9p50,"(9.5, 17.0, 9.55, 19.0)",23,J2CJ1,2,10.0,81,0,0,0,,,,
lower_x_9p50,"(9.5, 17.0, 9.55, 19.0)",23,J2CJ1,3,10.0,84,0,0,0,,,,
lower_x_9p50,"(9.5, 17.0, 9.55, 19.0)",23,J2CJ1,4,10.0,83,0,0,0,,,,
lower_x_9p50,"(9.5, 17.0, 9.55, 19.0)",24,J2CJ2,0,10.0,82,0,0,0,,,,
lower_x_9p50,"(9.5, 17.0, 9.55, 19.0)",24,J2CJ2,1,10.0,82,0,1,2,,12142,12142|12159,
lower_x_9p50,"(9.5, 17.0, 9.55, 19.0)",24,J2CJ2,2,10.0,81,0,2,2,,12145|12158,12145|12158,
lower_x_9p50,"(9.5, 17.0, 9.55, 19.0)",24,J2CJ2,3,10.0,84,0,1,2,,12144,12144|12150,
lower_x_9p50,"(9.5, 17.0, 9.55, 19.0)",24,J2CJ2,4,10.0,83,0,0,0,,,,
lower_x_9p50,"(9.5, 17.0, 9.55, 19.0)",27,J2J3A,0,10.0,82,0,0,0,,,,
lower_x_9p50,"(9.5, 17.0, 9.55, 19.0)",27,J2J3A,1,10.0,82,0,1,1,,13276,13276,
lower_x_9p50,"(9.5, 17.0, 9.55, 19.0)",27,J2J3A,2,10.0,81,0,0,0,,,,
lower_x_9p50,"(9.5, 17.0, 9.55, 19.0)",27,J2J3A,3,10.0,84,0,0,0,,,,
lower_x_9p50,"(9.5, 17.0, 9.55, 19.0)",27,J2J3A,4,10.0,83,0,0,1,,,13277,
lower_x_9p50,"(9.5, 17.0, 9.55, 19.0)",26,J2J3B,0,10.0,82,0,0,0,,,,
lower_x_9p50,"(9.5, 17.0, 9.55, 19.0)",26,J2J3B,1,10.0,82,0,1,1,,12176,12176,
lower_x_9p50,"(9.5, 17.0, 9.55, 19.0)",26,J2J3B,2,10.0,81,0,0,0,,,,
lower_x_9p50,"(9.5, 17.0, 9.55, 19.0)",26,J2J3B,3,10.0,84,0,0,0,,,,
lower_x_9p50,"(9.5, 17.0, 9.55, 19.0)",26,J2J3B,4,10.0,83,0,1,1,,13277,13277,
lower_x_9p50,"(9.5, 17.0, 9.55, 19.0)",30,J3CA,0,10.0,82,0,0,0,,,,
lower_x_9p50,"(9.5, 17.0, 9.55, 19.0)",30,J3CA,1,10.0,82,0,0,0,,,,
lower_x_9p50,"(9.5, 17.0, 9.55, 19.0)",30,J3CA,2,10.0,81,0,0,0,,,,
lower_x_9p50,"(9.5, 17.0, 9.55, 19.0)",30,J3CA,3,10.0,84,0,0,0,,,,
lower_x_9p50,"(9.5, 17.0, 9.55, 19.0)",30,J3CA,4,10.0,83,0,0,0,,,,
lower_x_9p50,"(9.5, 17.0, 9.55, 19.0)",28,J3CB,0,10.0,82,0,0,0,,,,
lower_x_9p50,"(9.5, 17.0, 9.55, 19.0)",28,J3CB,1,10.0,82,0,0,0,,,,
lower_x_9p50,"(9.5, 17.0, 9.55, 19.0)",28,J3CB,2,10.0,81,0,0,0,,,,
lower_x_9p50,"(9.5, 17.0, 9.55, 19.0)",28,J3CB,3,10.0,84,0,0,0,,,,
lower_x_9p50,"(9.5, 17.0, 9.55, 19.0)",28,J3CB,4,10.0,83,0,0,0,,,,
lower_x_9p50,"(9.5, 17.0, 9.55, 19.0)",29,J3CJ2,0,10.0,82,0,0,0,,,,
lower_x_9p50,"(9.5, 17.0, 9.55, 19.0)",29,J3CJ2,1,10.0,82,0,1,2,,14342,14342|14359,
lower_x_9p50,"(9.5, 17.0, 9.55, 19.0)",29,J3CJ2,2,10.0,81,0,2,2,,14345|14358,14345|14358,
lower_x_9p50,"(9.5, 17.0, 9.55, 19.0)",29,J3CJ2,3,10.0,84,0,1,2,,14344,14344|14350,
lower_x_9p50,"(9.5, 17.0, 9.55, 19.0)",29,J3CJ2,4,10.0,83,0,0,0,,,,
lower_x_9p50,"(9.5, 17.0, 9.55, 19.0)",32,J3J1A,0,10.0,82,0,0,0,,,,
lower_x_9p50,"(9.5, 17.0, 9.55, 19.0)",32,J3J1A,1,10.0,82,0,0,0,,,,
lower_x_9p50,"(9.5, 17.0, 9.55, 19.0)",32,J3J1A,2,10.0,81,0,0,0,,,,
lower_x_9p50,"(9.5, 17.0, 9.55, 19.0)",32,J3J1A,3,10.0,84,0,0,0,,,,
lower_x_9p50,"(9.5, 17.0, 9.55, 19.0)",32,J3J1A,4,10.0,83,0,0,0,,,,
lower_x_9p50,"(9.5, 17.0, 9.55, 19.0)",31,J3J1B,0,10.0,82,0,0,0,,,,
lower_x_9p50,"(9.5, 17.0, 9.55, 19.0)",31,J3J1B,1,10.0,82,0,0,0,,,,
lower_x_9p50,"(9.5, 17.0, 9.55, 19.0)",31,J3J1B,2,10.0,81,0,0,0,,,,
lower_x_9p50,"(9.5, 17.0, 9.55, 19.0)",31,J3J1B,3,10.0,84,0,0,0,,,,
lower_x_9p50,"(9.5, 17.0, 9.55, 19.0)",31,J3J1B,4,10.0,83,0,0,0,,,,
lower_x_9p50,"(9.5, 17.0, 9.55, 19.0)",34,J3J3A,0,10.0,82,0,0,0,,,,
lower_x_9p50,"(9.5, 17.0, 9.55, 19.0)",34,J3J3A,1,10.0,82,0,1,1,,16576,16576,
lower_x_9p50,"(9.5, 17.0, 9.55, 19.0)",34,J3J3A,2,10.0,81,0,0,0,,,,
lower_x_9p50,"(9.5, 17.0, 9.55, 19.0)",34,J3J3A,3,10.0,84,0,0,0,,,,
lower_x_9p50,"(9.5, 17.0, 9.55, 19.0)",34,J3J3A,4,10.0,83,0,0,1,,,16577,
lower_x_9p50,"(9.5, 17.0, 9.55, 19.0)",33,J3J3B,0,10.0,82,0,0,0,,,,
lower_x_9p50,"(9.5, 17.0, 9.55, 19.0)",33,J3J3B,1,10.0,82,0,1,1,,16576,16576,
lower_x_9p50,"(9.5, 17.0, 9.55, 19.0)",33,J3J3B,2,10.0,81,0,0,0,,,,
lower_x_9p50,"(9.5, 17.0, 9.55, 19.0)",33,J3J3B,3,10.0,84,0,0,0,,,,
lower_x_9p50,"(9.5, 17.0, 9.55, 19.0)",33,J3J3B,4,10.0,83,0,1,1,,16577,16577,
