cut,bounds,policy_action,pre_policy,seed,snapshot_time,agents_present,center_hits,body_intersections_r0p2,nearby_within_0p4,center_hit_ids,body_hit_ids,nearby_ids,switch_error
upper_left_narrow_0p8,"((6.25, 23.15, 10.75, 24.6), (6.25, 25.4, 10.75, 26.85))",1,ACJ1,1,10.0,82,8,8,10,5|8|11|12|33|34|45|56,5|8|11|12|33|34|45|56,2|5|8|11|12|33|34|45|55|56,"RuntimeError: Could not switch the geometry.
The following agents would be outside of the new geometry: 105, 108, 111, 112, 133, 134, 145, 156
"
upper_left_narrow_1p2,"((6.25, 23.15, 10.75, 24.4), (6.25, 25.6, 10.75, 26.85))",1,ACJ1,1,10.0,82,8,8,10,5|8|11|12|33|34|45|56,5|8|11|12|33|34|45|56,2|5|8|11|12|33|34|45|55|56,"RuntimeError: Could not switch the geometry.
The following agents would be outside of the new geometry: 205, 208, 211, 212, 233, 234, 245, 256
"
upper_right_narrow_0p8,"((13.25, 23.15, 17.75, 24.6), (13.25, 25.4, 17.75, 26.85))",1,ACJ1,1,10.0,82,0,0,0,,,,
upper_right_narrow_1p2,"((13.25, 23.15, 17.75, 24.4), (13.25, 25.6, 17.75, 26.85))",1,ACJ1,1,10.0,82,0,0,0,,,,
left_connector_narrow_0p8,"((4.15, 19.15, 4.6, 22.85), (5.4, 19.15, 5.85, 22.85))",1,ACJ1,1,10.0,82,4,6,9,42|51|52|60,42|47|51|52|53|60,42|46|47|49|51|52|53|59|60,"RuntimeError: Could not switch the geometry.
The following agents would be outside of the new geometry: 542, 551, 552, 560
"
right_connector_narrow_0p8,"((18.15, 19.15, 18.6, 22.85), (19.4, 19.15, 19.85, 22.85))",1,ACJ1,1,10.0,82,2,2,3,71|72,71|72,71|72|74,"RuntimeError: Could not switch the geometry.
The following agents would be outside of the new geometry: 671, 672
"
upper_left_narrow_0p8,"((6.25, 23.15, 10.75, 24.6), (6.25, 25.4, 10.75, 26.85))",1,ACJ1,2,10.0,81,7,7,8,8|17|20|36|38|51|56,8|17|20|36|38|51|56,8|17|20|35|36|38|51|56,"RuntimeError: Could not switch the geometry.
The following agents would be outside of the new geometry: 108, 117, 120, 136, 138, 151, 156
"
upper_left_narrow_1p2,"((6.25, 23.15, 10.75, 24.4), (6.25, 25.6, 10.75, 26.85))",1,ACJ1,2,10.0,81,7,7,8,8|17|20|36|38|51|56,8|17|20|36|38|51|56,8|17|20|35|36|38|51|56,"RuntimeError: Could not switch the geometry.
The following agents would be outside of the new geometry: 208, 217, 220, 236, 238, 251, 256
"
upper_right_narrow_0p8,"((13.25, 23.15, 17.75, 24.6), (13.25, 25.4, 17.75, 26.85))",1,ACJ1,2,10.0,81,0,0,0,,,,
upper_right_narrow_1p2,"((13.25, 23.15, 17.75, 24.4), (13.25, 25.6, 17.75, 26.85))",1,ACJ1,2,10.0,81,0,0,0,,,,
left_connector_narrow_0p8,"((4.15, 19.15, 4.6, 22.85), (5.4, 19.15, 5.85, 22.85))",1,ACJ1,2,10.0,81,3,3,6,49|52|58,49|52|58,44|45|49|52|54|58,"RuntimeError: Could not switch the geometry.
The following agents would be outside of the new geometry: 549, 552, 558
"
right_connector_narrow_0p8,"((18.15, 19.15, 18.6, 22.85), (19.4, 19.15, 19.85, 22.85))",1,ACJ1,2,10.0,81,2,2,3,62|73,62|73,62|65|73,"RuntimeError: Could not switch the geometry.
The following agents would be outside of the new geometry: 662, 673
"
upper_left_narrow_0p8,"((6.25, 23.15, 10.75, 24.6), (6.25, 25.4, 10.75, 26.85))",1,ACJ1,3,10.0,84,6,7,9,4|20|26|28|52|56,4|6|20|26|28|52|56,4|6|8|20|21|26|28|52|56,"RuntimeError: Could not switch the geometry.
The following agents would be outside of the new geometry: 104, 120, 126, 128, 152, 156
"
upper_left_narrow_1p2,"((6.25, 23.15, 10.75, 24.4), (6.25, 25.6, 10.75, 26.85))",1,ACJ1,3,10.0,84,6,7,9,4|20|26|28|52|56,4|6|20|26|28|52|56,4|6|8|20|21|26|28|52|56,"RuntimeError: Could not switch the geometry.
The following agents would be outside of the new geometry: 204, 220, 226, 228, 252, 256
"
upper_right_narrow_0p8,"((13.25, 23.15, 17.75, 24.6), (13.25, 25.4, 17.75, 26.85))",1,ACJ1,3,10.0,84,0,0,0,,,,
upper_right_narrow_1p2,"((13.25, 23.15, 17.75, 24.4), (13.25, 25.6, 17.75, 26.85))",1,ACJ1,3,10.0,84,0,0,0,,,,
left_connector_narrow_0p8,"((4.15, 19.15, 4.6, 22.85), (5.4, 19.15, 5.85, 22.85))",1,ACJ1,3,10.0,84,3,7,11,47|50|54,43|45|47|50|54|58|59,41|43|44|45|46|47|48|50|54|58|59,"RuntimeError: Could not switch the geometry.
The following agents would be outside of the new geometry: 547, 550, 554
"
right_connector_narrow_0p8,"((18.15, 19.15, 18.6, 22.85), (19.4, 19.15, 19.85, 22.85))",1,ACJ1,3,10.0,84,1,2,3,67,67|76,67|70|76,"RuntimeError: Could not switch the geometry.
The following agents would be outside of the new geometry: 667
"
upper_left_narrow_0p8,"((6.25, 23.15, 10.75, 24.6), (6.25, 25.4, 10.75, 26.85))",1,ACJ1,0,10.0,82,8,9,10,1|7|14|27|28|33|46|54,1|7|14|27|28|33|37|46|54,1|7|14|27|28|33|35|37|46|54,"RuntimeError: Could not switch the geometry.
The following agents would be outside of the new geometry: 101, 107, 114, 127, 128, 133, 146, 154
"
upper_left_narrow_1p2,"((6.25, 23.15, 10.75, 24.4), (6.25, 25.6, 10.75, 26.85))",1,ACJ1,0,10.0,82,7,9,10,7|14|27|28|33|46|54,1|7|14|27|28|33|37|46|54,1|7|14|27|28|33|35|37|46|54,"RuntimeError: Could not switch the geometry.
The following agents would be outside of the new geometry: 207, 214, 227, 228, 233, 246, 254
"
upper_right_narrow_0p8,"((13.25, 23.15, 17.75, 24.6), (13.25, 25.4, 17.75, 26.85))",1,ACJ1,0,10.0,82,0,0,0,,,,
upper_right_narrow_1p2,"((13.25, 23.15, 17.75, 24.4), (13.25, 25.6, 17.75, 26.85))",1,ACJ1,0,10.0,82,0,0,0,,,,
left_connector_narrow_0p8,"((4.15, 19.15, 4.6, 22.85), (5.4, 19.15, 5.85, 22.85))",1,ACJ1,0,10.0,82,4,6,8,44|45|50|57,44|45|50|57|59|60,44|45|50|52|53|57|59|60,"RuntimeError: Could not switch the geometry.
The following agents would be outside of the new geometry: 544, 545, 550, 557
"
right_connector_narrow_0p8,"((18.15, 19.15, 18.6, 22.85), (19.4, 19.15, 19.85, 22.85))",1,ACJ1,0,10.0,82,1,1,4,78,78,65|72|78|80,"RuntimeError: Could not switch the geometry.
The following agents would be outside of the new geometry: 678
"
upper_left_narrow_0p8,"((6.25, 23.15, 10.75, 24.6), (6.25, 25.4, 10.75, 26.85))",2,ACJ2,0,10.0,82,6,7,8,1|7|14|27|28|33,1|7|14|27|28|33|37,1|7|14|27|28|33|35|37,"RuntimeError: Could not switch the geometry.
The following agents would be outside of the new geometry: 101, 107, 114, 127, 128, 133
"
upper_left_narrow_1p2,"((6.25, 23.15, 10.75, 24.4), (6.25, 25.6, 10.75, 26.85))",2,ACJ2,0,10.0,82,5,7,8,7|14|27|28|33,1|7|14|27|28|33|37,1|7|14|27|28|33|35|37,"RuntimeError: Could not switch the geometry.
The following agents would be outside of the new geometry: 207, 214, 227, 228, 233
"
upper_right_narrow_0p8,"((13.25, 23.15, 17.75, 24.6), (13.25, 25.4, 17.75, 26.85))",2,ACJ2,0,10.0,82,0,0,0,,,,
upper_right_narrow_1p2,"((13.25, 23.15, 17.75, 24.4), (13.25, 25.6, 17.75, 26.85))",2,ACJ2,0,10.0,82,0,0,0,,,,
left_connector_narrow_0p8,"((4.15, 19.15, 4.6, 22.85), (5.4, 19.15, 5.85, 22.85))",2,ACJ2,0,10.0,82,0,0,0,,,,
right_connector_narrow_0p8,"((18.15, 19.15, 18.6, 22.85), (19.4, 19.15, 19.85, 22.85))",2,ACJ2,0,10.0,82,1,1,4,78,78,65|72|78|80,"RuntimeError: Could not switch the geometry.
The following agents would be outside of the new geometry: 678
"
upper_left_narrow_0p8,"((6.25, 23.15, 10.75, 24.6), (6.25, 25.4, 10.75, 26.85))",1,ACJ1,4,10.0,83,8,8,11,4|9|12|15|17|32|58|60,4|9|12|15|17|32|58|60,4|6|9|10|12|15|17|32|57|58|60,"RuntimeError: Could not switch the geometry.
The following agents would be outside of the new geometry: 104, 109, 112, 115, 117, 132, 158, 160
"
upper_left_narrow_1p2,"((6.25, 23.15, 10.75, 24.4), (6.25, 25.6, 10.75, 26.85))",1,ACJ1,4,10.0,83,8,8,11,4|9|12|15|17|32|58|60,4|9|12|15|17|32|58|60,4|6|9|10|12|15|17|32|57|58|60,"RuntimeError: Could not switch the geometry.
The following agents would be outside of the new geometry: 204, 209, 212, 215, 217, 232, 258, 260
"
upper_right_narrow_0p8,"((13.25, 23.15, 17.75, 24.6), (13.25, 25.4, 17.75, 26.85))",1,ACJ1,4,10.0,83,0,0,0,,,,
upper_right_narrow_1p2,"((13.25, 23.15, 17.75, 24.4), (13.25, 25.6, 17.75, 26.85))",1,ACJ1,4,10.0,83,0,0,0,,,,
left_connector_narrow_0p8,"((4.15, 19.15, 4.6, 22.85), (5.4, 19.15, 5.85, 22.85))",1,ACJ1,4,10.0,83,4,5,8,44|52|54|55,44|47|52|54|55,44|45|47|49|52|54|55|56,"RuntimeError: Could not switch the geometry.
The following agents would be outside of the new geometry: 544, 552, 554, 555
"
right_connector_narrow_0p8,"((18.15, 19.15, 18.6, 22.85), (19.4, 19.15, 19.85, 22.85))",1,ACJ1,4,10.0,83,1,2,3,70,70|79,70|71|79,"RuntimeError: Could not switch the geometry.
The following agents would be outside of the new geometry: 670
"
upper_left_narrow_0p8,"((6.25, 23.15, 10.75, 24.6), (6.25, 25.4, 10.75, 26.85))",0,ACB,1,10.0,82,6,6,7,5|8|11|12|33|34,5|8|11|12|33|34,2|5|8|11|12|33|34,"RuntimeError: Could not switch the geometry.
The following agents would be outside of the new geometry: 105, 108, 111, 112, 133, 134
"
upper_left_narrow_1p2,"((6.25, 23.15, 10.75, 24.4), (6.25, 25.6, 10.75, 26.85))",0,ACB,1,10.0,82,6,6,7,5|8|11|12|33|34,5|8|11|12|33|34,2|5|8|11|12|33|34,"RuntimeError: Could not switch the geometry.
The following agents would be outside of the new geometry: 205, 208, 211, 212, 233, 234
"
upper_right_narrow_0p8,"((13.25, 23.15, 17.75, 24.6), (13.25, 25.4, 17.75, 26.85))",0,ACB,1,10.0,82,0,0,0,,,,
upper_right_narrow_1p2,"((13.25, 23.15, 17.75, 24.4), (13.25, 25.6, 17.75, 26.85))",0,ACB,1,10.0,82,0,0,0,,,,
left_connector_narrow_0p8,"((4.15, 19.15, 4.6, 22.85), (5.4, 19.15, 5.85, 22.85))",0,ACB,1,10.0,82,0,0,0,,,,
right_connector_narrow_0p8,"((18.15, 19.15, 18.6, 22.85), (19.4, 19.15, 19.85, 22.85))",0,ACB,1,10.0,82,2,2,3,71|72,71|72,71|72|74,"RuntimeError: Could not switch the geometry.
The following agents would be outside of the new geometry: 671, 672
"
upper_left_narrow_0p8,"((6.25, 23.15, 10.75, 24.6), (6.25, 25.4, 10.75, 26.85))",0,ACB,2,10.0,81,5,5,6,8|17|20|36|38,8|17|20|36|38,8|17|20|35|36|38,"RuntimeError: Could not switch the geometry.
The following agents would be outside of the new geometry: 108, 117, 120, 136, 138
"
upper_left_narrow_1p2,"((6.25, 23.15, 10.75, 24.4), (6.25, 25.6, 10.75, 26.85))",0,ACB,2,10.0,81,5,5,6,8|17|20|36|38,8|17|20|36|38,8|17|20|35|36|38,"RuntimeError: Could not switch the geometry.
The following agents would be outside of the new geometry: 208, 217, 220, 236, 238
"
upper_right_narrow_0p8,"((13.25, 23.15, 17.75, 24.6), (13.25, 25.4, 17.75, 26.85))",0,ACB,2,10.0,81,0,0,0,,,,
upper_right_narrow_1p2,"((13.25, 23.15, 17.75, 24.4), (13.25, 25.6, 17.75, 26.85))",0,ACB,2,10.0,81,0,0,0,,,,
left_connector_narrow_0p8,"((4.15, 19.15, 4.6, 22.85), (5.4, 19.15, 5.85, 22.85))",0,ACB,2,10.0,81,0,0,0,,,,
right_connector_narrow_0p8,"((18.15, 19.15, 18.6, 22.85), (19.4, 19.15, 19.85, 22.85))",0,ACB,2,10.0,81,2,2,3,62|73,62|73,62|65|73,"RuntimeError: Could not switch the geometry.
The following agents would be outside of the new geometry: 662, 673
"
upper_left_narrow_0p8,"((6.25, 23.15, 10.75, 24.6), (6.25, 25.4, 10.75, 26.85))",0,ACB,0,10.0,82,6,7,8,1|7|14|27|28|33,1|7|14|27|28|33|37,1|7|14|27|28|33|35|37,"RuntimeError: Could not switch the geometry.
The following agents would be outside of the new geometry: 101, 107, 114, 127, 128, 133
"
upper_left_narrow_1p2,"((6.25, 23.15, 10.75, 24.4), (6.25, 25.6, 10.75, 26.85))",0,ACB,0,10.0,82,5,7,8,7|14|27|28|33,1|7|14|27|28|33|37,1|7|14|27|28|33|35|37,"RuntimeError: Could not switch the geometry.
The following agents would be outside of the new geometry: 207, 214, 227, 228, 233
"
upper_right_narrow_0p8,"((13.25, 23.15, 17.75, 24.6), (13.25, 25.4, 17.75, 26.85))",0,ACB,0,10.0,82,0,0,0,,,,
upper_right_narrow_1p2,"((13.25, 23.15, 17.75, 24.4), (13.25, 25.6, 17.75, 26.85))",0,ACB,0,10.0,82,0,0,0,,,,
left_connector_narrow_0p8,"((4.15, 19.15, 4.6, 22.85), (5.4, 19.15, 5.85, 22.85))",0,ACB,0,10.0,82,0,0,0,,,,
right_connector_narrow_0p8,"((18.15, 19.15, 18.6, 22.85), (19.4, 19.15, 19.85, 22.85))",0,ACB,0,10.0,82,1,1,4,78,78,65|72|78|80,"RuntimeError: Could not switch the geometry.
The following agents would be outside of the new geometry: 678
"
upper_left_narrow_0p8,"((6.25, 23.15, 10.75, 24.6), (6.25, 25.4, 10.75, 26.85))",0,ACB,3,10.0,84,4,5,7,4|20|26|28,4|6|20|26|28,4|6|8|20|21|26|28,"RuntimeError: Could not switch the geometry.
The following agents would be outside of the new geometry: 104, 120, 126, 128
"
upper_left_narrow_1p2,"((6.25, 23.15, 10.75, 24.4), (6.25, 25.6, 10.75, 26.85))",0,ACB,3,10.0,84,4,5,7,4|20|26|28,4|6|20|26|28,4|6|8|20|21|26|28,"RuntimeError: Could not switch the geometry.
The following agents would be outside of the new geometry: 204, 220, 226, 228
"
upper_right_narrow_0p8,"((13.25, 23.15, 17.75, 24.6), (13.25, 25.4, 17.75, 26.85))",0,ACB,3,10.0,84,0,0,0,,,,
upper_right_narrow_1p2,"((13.25, 23.15, 17.75, 24.4), (13.25, 25.6, 17.75, 26.85))",0,ACB,3,10.0,84,0,0,0,,,,
left_connector_narrow_0p8,"((4.15, 19.15, 4.6, 22.85), (5.4, 19.15, 5.85, 22.85))",0,ACB,3,10.0,84,0,0,0,,,,
right_connector_narrow_0p8,"((18.15, 19.15, 18.6, 22.85), (19.4, 19.15, 19.85, 22.85))",0,ACB,3,10.0,84,1,2,3,67,67|76,67|70|76,"RuntimeError: Could not switch the geometry.
The following agents would be outside of the new geometry: 667
"
upper_left_narrow_0p8,"((6.25, 23.15, 10.75, 24.6), (6.25, 25.4, 10.75, 26.85))",0,ACB,4,10.0,83,6,6,8,4|9|12|15|17|32,4|9|12|15|17|32,4|6|9|10|12|15|17|32,"RuntimeError: Could not switch the geometry.
The following agents would be outside of the new geometry: 104, 109, 112, 115, 117, 132
"
upper_left_narrow_1p2,"((6.25, 23.15, 10.75, 24.4), (6.25, 25.6, 10.75, 26.85))",0,ACB,4,10.0,83,6,6,8,4|9|12|15|17|32,4|9|12|15|17|32,4|6|9|10|12|15|17|32,"RuntimeError: Could not switch the geometry.
The following agents would be outside of the new geometry: 204, 209, 212, 215, 217, 232
"
upper_right_narrow_0p8,"((13.25, 23.15, 17.75, 24.6), (13.25, 25.4, 17.75, 26.85))",0,ACB,4,10.0,83,0,0,0,,,,
upper_right_narrow_1p2,"((13.25, 23.15, 17.75, 24.4), (13.25, 25.6, 17.75, 26.85))",0,ACB,4,10.0,83,0,0,0,,,,
left_connector_narrow_0p8,"((4.15, 19.15, 4.6, 22.85), (5.4, 19.15, 5.85, 22.85))",0,ACB,4,10.0,83,0,0,0,,,,
right_connector_narrow_0p8,"((18.15, 19.15, 18.6, 22.85), (19.4, 19.15, 19.85, 22.85))",0,ACB,4,10.0,83,1,2,3,70,70|79,70|71|79,"RuntimeError: Could not switch the geometry.
The following agents would be outside of the new geometry: 670
"
upper_left_narrow_0p8,"((6.25, 23.15, 10.75, 24.6), (6.25, 25.4, 10.75, 26.85))",2,ACJ2,1,10.0,82,6,6,7,705|708|711|712|733|734,705|708|711|712|733|734,702|705|708|711|712|733|734,"RuntimeError: Could not switch the geometry.
The following agents would be outside of the new geometry: 805, 808, 811, 812, 833, 834
"
upper_left_narrow_1p2,"((6.25, 23.15, 10.75, 24.4), (6.25, 25.6, 10.75, 26.85))",2,ACJ2,1,10.0,82,6,6,7,705|708|711|712|733|734,705|708|711|712|733|734,702|705|708|711|712|733|734,"RuntimeError: Could not switch the geometry.
The following agents would be outside of the new geometry: 905, 908, 911, 912, 933, 934
"
upper_right_narrow_0p8,"((13.25, 23.15, 17.75, 24.6), (13.25, 25.4, 17.75, 26.85))",2,ACJ2,1,10.0,82,0,0,0,,,,
upper_right_narrow_1p2,"((13.25, 23.15, 17.75, 24.4), (13.25, 25.6, 17.75, 26.85))",2,ACJ2,1,10.0,82,0,0,0,,,,
left_connector_narrow_0p8,"((4.15, 19.15, 4.6, 22.85), (5.4, 19.15, 5.85, 22.85))",2,ACJ2,1,10.0,82,0,0,0,,,,
right_connector_narrow_0p8,"((18.15, 19.15, 18.6, 22.85), (19.4, 19.15, 19.85, 22.85))",2,ACJ2,1,10.0,82,2,2,3,771|772,771|772,771|772|774,"RuntimeError: Could not switch the geometry.
The following agents would be outside of the new geometry: 1371, 1372
"
upper_left_narrow_0p8,"((6.25, 23.15, 10.75, 24.6), (6.25, 25.4, 10.75, 26.85))",2,ACJ2,2,10.0,81,5,5,6,708|717|720|736|738,708|717|720|736|738,708|717|720|735|736|738,"RuntimeError: Could not switch the geometry.
The following agents would be outside of the new geometry: 808, 817, 820, 836, 838
"
upper_left_narrow_1p2,"((6.25, 23.15, 10.75, 24.4), (6.25, 25.6, 10.75, 26.85))",2,ACJ2,2,10.0,81,5,5,6,708|717|720|736|738,708|717|720|736|738,708|717|720|735|736|738,"RuntimeError: Could not switch the geometry.
The following agents would be outside of the new geometry: 908, 917, 920, 936, 938
"
upper_right_narrow_0p8,"((13.25, 23.15, 17.75, 24.6), (13.25, 25.4, 17.75, 26.85))",2,ACJ2,2,10.0,81,0,0,0,,,,
upper_right_narrow_1p2,"((13.25, 23.15, 17.75, 24.4), (13.25, 25.6, 17.75, 26.85))",2,ACJ2,2,10.0,81,0,0,0,,,,
left_connector_narrow_0p8,"((4.15, 19.15, 4.6, 22.85), (5.4, 19.15, 5.85, 22.85))",2,ACJ2,2,10.0,81,0,0,0,,,,
right_connector_narrow_0p8,"((18.15, 19.15, 18.6, 22.85), (19.4, 19.15, 19.85, 22.85))",2,ACJ2,2,10.0,81,2,2,3,762|773,762|773,762|765|773,"RuntimeError: Could not switch the geometry.
The following agents would be outside of the new geometry: 1362, 1373
"
upper_left_narrow_0p8,"((6.25, 23.15, 10.75, 24.6), (6.25, 25.4, 10.75, 26.85))",3,ACA,1,10.0,82,6,6,7,705|708|711|712|733|734,705|708|711|712|733|734,702|705|708|711|712|733|734,"RuntimeError: Could not switch the geometry.
The following agents would be outside of the new geometry: 805, 808, 811, 812, 833, 834
"
upper_left_narrow_1p2,"((6.25, 23.15, 10.75, 24.4), (6.25, 25.6, 10.75, 26.85))",3,ACA,1,10.0,82,6,6,7,705|708|711|712|733|734,705|708|711|712|733|734,702|705|708|711|712|733|734,"RuntimeError: Could not switch the geometry.
The following agents would be outside of the new geometry: 905, 908, 911, 912, 933, 934
"
upper_right_narrow_0p8,"((13.25, 23.15, 17.75, 24.6), (13.25, 25.4, 17.75, 26.85))",3,ACA,1,10.0,82,0,0,0,,,,
upper_right_narrow_1p2,"((13.25, 23.15, 17.75, 24.4), (13.25, 25.6, 17.75, 26.85))",3,ACA,1,10.0,82,0,0,0,,,,
left_connector_narrow_0p8,"((4.15, 19.15, 4.6, 22.85), (5.4, 19.15, 5.85, 22.85))",3,ACA,1,10.0,82,5,7,10,741|746|752|759|760,741|742|746|747|752|759|760,741|742|746|747|749|751|752|755|759|760,"RuntimeError: Could not switch the geometry.
The following agents would be outside of the new geometry: 1241, 1246, 1252, 1259, 1260
"
right_connector_narrow_0p8,"((18.15, 19.15, 18.6, 22.85), (19.4, 19.15, 19.85, 22.85))",3,ACA,1,10.0,82,2,2,3,771|772,771|772,771|772|774,"RuntimeError: Could not switch the geometry.
The following agents would be outside of the new geometry: 1371, 1372
"
upper_left_narrow_0p8,"((6.25, 23.15, 10.75, 24.6), (6.25, 25.4, 10.75, 26.85))",3,ACA,0,10.0,82,6,7,8,701|707|714|727|728|733,701|707|714|727|728|733|737,701|707|714|727|728|733|735|737,"RuntimeError: Could not switch the geometry.
The following agents would be outside of the new geometry: 801, 807, 814, 827, 828, 833
"
upper_left_narrow_1p2,"((6.25, 23.15, 10.75, 24.4), (6.25, 25.6, 10.75, 26.85))",3,ACA,0,10.0,82,5,7,8,707|714|727|728|733,701|707|714|727|728|733|737,701|707|714|727|728|733|735|737,"RuntimeError: Could not switch the geometry.
The following agents would be outside of the new geometry: 907, 914, 927, 928, 933
"
upper_right_narrow_0p8,"((13.25, 23.15, 17.75, 24.6), (13.25, 25.4, 17.75, 26.85))",3,ACA,0,10.0,82,0,0,0,,,,
upper_right_narrow_1p2,"((13.25, 23.15, 17.75, 24.4), (13.25, 25.6, 17.75, 26.85))",3,ACA,0,10.0,82,0,0,0,,,,
left_connector_narrow_0p8,"((4.15, 19.15, 4.6, 22.85), (5.4, 19.15, 5.85, 22.85))",3,ACA,0,10.0,82,5,5,8,741|744|753|759|760,741|744|753|759|760,741|744|747|750|753|757|759|760,"RuntimeError: Could not switch the geometry.
The following agents would be outside of the new geometry: 1241, 1244, 1253, 1259, 1260
"
right_connector_narrow_0p8,"((18.15, 19.15, 18.6, 22.85), (19.4, 19.15, 19.85, 22.85))",3,ACA,0,10.0,82,1,1,4,778,778,765|772|778|780,"RuntimeError: Could not switch the geometry.
The following agents would be outside of the new geometry: 1378
"
upper_left_narrow_0p8,"((6.25, 23.15, 10.75, 24.6), (6.25, 25.4, 10.75, 26.85))",2,ACJ2,3,10.0,84,4,5,7,704|720|726|728,704|706|720|726|728,704|706|708|720|721|726|728,"RuntimeError: Could not switch the geometry.
The following agents would be outside of the new geometry: 804, 820, 826, 828
"
upper_left_narrow_1p2,"((6.25, 23.15, 10.75, 24.4), (6.25, 25.6, 10.75, 26.85))",2,ACJ2,3,10.0,84,4,5,7,704|720|726|728,704|706|720|726|728,704|706|708|720|721|726|728,"RuntimeError: Could not switch the geometry.
The following agents would be outside of the new geometry: 904, 920, 926, 928
"
upper_right_narrow_0p8,"((13.25, 23.15, 17.75, 24.6), (13.25, 25.4, 17.75, 26.85))",2,ACJ2,3,10.0,84,0,0,0,,,,
upper_right_narrow_1p2,"((13.25, 23.15, 17.75, 24.4), (13.25, 25.6, 17.75, 26.85))",2,ACJ2,3,10.0,84,0,0,0,,,,
left_connector_narrow_0p8,"((4.15, 19.15, 4.6, 22.85), (5.4, 19.15, 5.85, 22.85))",2,ACJ2,3,10.0,84,0,0,0,,,,
right_connector_narrow_0p8,"((18.15, 19.15, 18.6, 22.85), (19.4, 19.15, 19.85, 22.85))",2,ACJ2,3,10.0,84,1,2,3,767,767|776,767|770|776,"RuntimeError: Could not switch the geometry.
The following agents would be outside of the new geometry: 1367
"
upper_left_narrow_0p8,"((6.25, 23.15, 10.75, 24.6), (6.25, 25.4, 10.75, 26.85))",2,ACJ2,4,10.0,83,6,6,8,704|709|712|715|717|732,704|709|712|715|717|732,704|706|709|710|712|715|717|732,"RuntimeError: Could not switch the geometry.
The following agents would be outside of the new geometry: 804, 809, 812, 815, 817, 832
"
upper_left_narrow_1p2,"((6.25, 23.15, 10.75, 24.4), (6.25, 25.6, 10.75, 26.85))",2,ACJ2,4,10.0,83,6,6,8,704|709|712|715|717|732,704|709|712|715|717|732,704|706|709|710|712|715|717|732,"RuntimeError: Could not switch the geometry.
The following agents would be outside of the new geometry: 904, 909, 912, 915, 917, 932
"
upper_right_narrow_0p8,"((13.25, 23.15, 17.75, 24.6), (13.25, 25.4, 17.75, 26.85))",2,ACJ2,4,10.0,83,0,0,0,,,,
upper_right_narrow_1p2,"((13.25, 23.15, 17.75, 24.4), (13.25, 25.6, 17.75, 26.85))",2,ACJ2,4,10.0,83,0,0,0,,,,
left_connector_narrow_0p8,"((4.15, 19.15, 4.6, 22.85), (5.4, 19.15, 5.85, 22.85))",2,ACJ2,4,10.0,83,0,0,0,,,,
right_connector_narrow_0p8,"((18.15, 19.15, 18.6, 22.85), (19.4, 19.15, 19.85, 22.85))",2,ACJ2,4,10.0,83,1,2,3,770,770|779,770|771|779,"RuntimeError: Could not switch the geometry.
The following agents would be outside of the new geometry: 1370
"
upper_left_narrow_0p8,"((6.25, 23.15, 10.75, 24.6), (6.25, 25.4, 10.75, 26.85))",3,ACA,2,10.0,81,5,5,6,708|717|720|736|738,708|717|720|736|738,708|717|720|735|736|738,"RuntimeError: Could not switch the geometry.
The following agents would be outside of the new geometry: 808, 817, 820, 836, 838
"
upper_left_narrow_1p2,"((6.25, 23.15, 10.75, 24.4), (6.25, 25.6, 10.75, 26.85))",3,ACA,2,10.0,81,5,5,6,708|717|720|736|738,708|717|720|736|738,708|717|720|735|736|738,"RuntimeError: Could not switch the geometry.
The following agents would be outside of the new geometry: 908, 917, 920, 936, 938
"
upper_right_narrow_0p8,"((13.25, 23.15, 17.75, 24.6), (13.25, 25.4, 17.75, 26.85))",3,ACA,2,10.0,81,0,0,0,,,,
upper_right_narrow_1p2,"((13.25, 23.15, 17.75, 24.4), (13.25, 25.6, 17.75, 26.85))",3,ACA,2,10.0,81,0,0,0,,,,
left_connector_narrow_0p8,"((4.15, 19.15, 4.6, 22.85), (5.4, 19.15, 5.85, 22.85))",3,ACA,2,10.0,81,3,5,7,741|745|754,741|745|749|754|758,741|743|745|749|752|754|758,"RuntimeError: Could not switch the geometry.
The following agents would be outside of the new geometry: 1241, 1245, 1254
"
right_connector_narrow_0p8,"((18.15, 19.15, 18.6, 22.85), (19.4, 19.15, 19.85, 22.85))",3,ACA,2,10.0,81,2,2,3,762|773,762|773,762|765|773,"RuntimeError: Could not switch the geometry.
The following agents would be outside of the new geometry: 1362, 1373
"
upper_left_narrow_0p8,"((6.25, 23.15, 10.75, 24.6), (6.25, 25.4, 10.75, 26.85))",3,ACA,3,10.0,84,4,5,7,704|720|726|728,704|706|720|726|728,704|706|708|720|721|726|728,"RuntimeError: Could not switch the geometry.
The following agents would be outside of the new geometry: 804, 820, 826, 828
"
upper_left_narrow_1p2,"((6.25, 23.15, 10.75, 24.4), (6.25, 25.6, 10.75, 26.85))",3,ACA,3,10.0,84,4,5,7,704|720|726|728,704|706|720|726|728,704|706|708|720|721|726|728,"RuntimeError: Could not switch the geometry.
The following agents would be outside of the new geometry: 904, 920, 926, 928
"
upper_right_narrow_0p8,"((13.25, 23.15, 17.75, 24.6), (13.25, 25.4, 17.75, 26.85))",3,ACA,3,10.0,84,0,0,0,,,,
upper_right_narrow_1p2,"((13.25, 23.15, 17.75, 24.4), (13.25, 25.6, 17.75, 26.85))",3,ACA,3,10.0,84,0,0,0,,,,
left_connector_narrow_0p8,"((4.15, 19.15, 4.6, 22.85), (5.4, 19.15, 5.85, 22.85))",3,ACA,3,10.0,84,4,7,10,741|743|748|759,741|743|744|747|748|750|759,741|743|744|745|746|747|748|750|758|759,"RuntimeError: Could not switch the geometry.
The following agents would be outside of the new geometry: 1241, 1243, 1248, 1259
"
right_connector_narrow_0p8,"((18.15, 19.15, 18.6, 22.85), (19.4, 19.15, 19.85, 22.85))",3,ACA,3,10.0,84,1,2,3,767,767|776,767|770|776,"RuntimeError: Could not switch the geometry.
The following agents would be outside of the new geometry: 1367
"
upper_left_narrow_0p8,"((6.25, 23.15, 10.75, 24.6), (6.25, 25.4, 10.75, 26.85))",3,ACA,4,10.0,83,6,6,8,704|709|712|715|717|732,704|709|712|715|717|732,704|706|709|710|712|715|717|732,"RuntimeError: Could not switch the geometry.
The following agents would be outside of the new geometry: 804, 809, 812, 815, 817, 832
"
upper_left_narrow_1p2,"((6.25, 23.15, 10.75, 24.4), (6.25, 25.6, 10.75, 26.85))",3,ACA,4,10.0,83,6,6,8,704|709|712|715|717|732,704|709|712|715|717|732,704|706|709|710|712|715|717|732,"RuntimeError: Could not switch the geometry.
The following agents would be outside of the new geometry: 904, 909, 912, 915, 917, 932
"
upper_right_narrow_0p8,"((13.25, 23.15, 17.75, 24.6), (13.25, 25.4, 17.75, 26.85))",3,ACA,4,10.0,83,0,0,0,,,,
upper_right_narrow_1p2,"((13.25, 23.15, 17.75, 24.4), (13.25, 25.6, 17.75, 26.85))",3,ACA,4,10.0,83,0,0,0,,,,
left_connector_narrow_0p8,"((4.15, 19.15, 4.6, 22.85), (5.4, 19.15, 5.85, 22.85))",3,ACA,4,10.0,83,5,7,10,743|745|747|756|757,743|744|745|747|755|756|757,741|743|744|745|747|749|752|755|756|757,"RuntimeError: Could not switch the geometry.
The following agents would be outside of the new geometry: 1243, 1245, 1247, 1256, 1257
"
right_connector_narrow_0p8,"((18.15, 19.15, 18.6, 22.85), (19.4, 19.15, 19.85, 22.85))",3,ACA,4,10.0,83,1,2,3,770,770|779,770|771|779,"RuntimeError: Could not switch the geometry.
The following agents would be outside of the new geometry: 1370
"
upper_left_narrow_0p8,"((6.25, 23.15, 10.75, 24.6), (6.25, 25.4, 10.75, 26.85))",4,AJ1B,0,10.0,82,6,7,8,701|707|714|727|728|733,701|707|714|727|728|733|737,701|707|714|727|728|733|735|737,"RuntimeError: Could not switch the geometry.
The following agents would be outside of the new geometry: 801, 807, 814, 827, 828, 833
"
upper_left_narrow_1p2,"((6.25, 23.15, 10.75, 24.4), (6.25, 25.6, 10.75, 26.85))",4,AJ1B,0,10.0,82,5,7,8,707|714|727|728|733,701|707|714|727|728|733|737,701|707|714|727|728|733|735|737,"RuntimeError: Could not switch the geometry.
The following agents would be outside of the new geometry: 907, 914, 927, 928, 933
"
upper_right_narrow_0p8,"((13.25, 23.15, 17.75, 24.6), (13.25, 25.4, 17.75, 26.85))",4,AJ1B,0,10.0,82,0,0,0,,,,
upper_right_narrow_1p2,"((13.25, 23.15, 17.75, 24.4), (13.25, 25.6, 17.75, 26.85))",4,AJ1B,0,10.0,82,0,0,0,,,,
left_connector_narrow_0p8,"((4.15, 19.15, 4.6, 22.85), (5.4, 19.15, 5.85, 22.85))",4,AJ1B,0,10.0,82,0,0,0,,,,
right_connector_narrow_0p8,"((18.15, 19.15, 18.6, 22.85), (19.4, 19.15, 19.85, 22.85))",4,AJ1B,0,10.0,82,2,2,4,765|778,765|778,765|772|778|780,"RuntimeError: Could not switch the geometry.
The following agents would be outside of the new geometry: 1365, 1378
"
upper_left_narrow_0p8,"((6.25, 23.15, 10.75, 24.6), (6.25, 25.4, 10.75, 26.85))",4,AJ1B,1,10.0,82,6,6,7,705|708|711|712|733|734,705|708|711|712|733|734,702|705|708|711|712|733|734,"RuntimeError: Could not switch the geometry.
The following agents would be outside of the new geometry: 805, 808, 811, 812, 833, 834
"
upper_left_narrow_1p2,"((6.25, 23.15, 10.75, 24.4), (6.25, 25.6, 10.75, 26.85))",4,AJ1B,1,10.0,82,6,6,7,705|708|711|712|733|734,705|708|711|712|733|734,702|705|708|711|712|733|734,"RuntimeError: Could not switch the geometry.
The following agents would be outside of the new geometry: 905, 908, 911, 912, 933, 934
"
upper_right_narrow_0p8,"((13.25, 23.15, 17.75, 24.6), (13.25, 25.4, 17.75, 26.85))",4,AJ1B,1,10.0,82,0,0,0,,,,
upper_right_narrow_1p2,"((13.25, 23.15, 17.75, 24.4), (13.25, 25.6, 17.75, 26.85))",4,AJ1B,1,10.0,82,0,0,0,,,,
left_connector_narrow_0p8,"((4.15, 19.15, 4.6, 22.85), (5.4, 19.15, 5.85, 22.85))",4,AJ1B,1,10.0,82,0,0,0,,,,
right_connector_narrow_0p8,"((18.15, 19.15, 18.6, 22.85), (19.4, 19.15, 19.85, 22.85))",4,AJ1B,1,10.0,82,3,3,3,771|772|774,771|772|774,771|772|774,"RuntimeError: Could not switch the geometry.
The following agents would be outside of the new geometry: 1371, 1372, 1374
"
upper_left_narrow_0p8,"((6.25, 23.15, 10.75, 24.6), (6.25, 25.4, 10.75, 26.85))",4,AJ1B,2,10.0,81,5,5,6,1408|1417|1420|1436|1438,1408|1417|1420|1436|1438,1408|1417|1420|1435|1436|1438,"RuntimeError: Could not switch the geometry.
The following agents would be outside of the new geometry: 1508, 1517, 1520, 1536, 1538
"
upper_left_narrow_1p2,"((6.25, 23.15, 10.75, 24.4), (6.25, 25.6, 10.75, 26.85))",4,AJ1B,2,10.0,81,5,5,6,1408|1417|1420|1436|1438,1408|1417|1420|1436|1438,1408|1417|1420|1435|1436|1438,"RuntimeError: Could not switch the geometry.
The following agents would be outside of the new geometry: 1608, 1617, 1620, 1636, 1638
"
upper_right_narrow_0p8,"((13.25, 23.15, 17.75, 24.6), (13.25, 25.4, 17.75, 26.85))",4,AJ1B,2,10.0,81,0,0,0,,,,
upper_right_narrow_1p2,"((13.25, 23.15, 17.75, 24.4), (13.25, 25.6, 17.75, 26.85))",4,AJ1B,2,10.0,81,0,0,0,,,,
left_connector_narrow_0p8,"((4.15, 19.15, 4.6, 22.85), (5.4, 19.15, 5.85, 22.85))",4,AJ1B,2,10.0,81,0,0,0,,,,
right_connector_narrow_0p8,"((18.15, 19.15, 18.6, 22.85), (19.4, 19.15, 19.85, 22.85))",4,AJ1B,2,10.0,81,3,3,3,1462|1465|1473,1462|1465|1473,1462|1465|1473,"RuntimeError: Could not switch the geometry.
The following agents would be outside of the new geometry: 2062, 2065, 2073
"
upper_left_narrow_0p8,"((6.25, 23.15, 10.75, 24.6), (6.25, 25.4, 10.75, 26.85))",5,AJ1J1,1,10.0,82,8,8,10,1405|1408|1411|1412|1433|1434|1445|1456,1405|1408|1411|1412|1433|1434|1445|1456,1402|1405|1408|1411|1412|1433|1434|1445|1455|1456,"RuntimeError: Could not switch the geometry.
The following agents would be outside of the new geometry: 1505, 1508, 1511, 1512, 1533, 1534, 1545, 1556
"
upper_left_narrow_1p2,"((6.25, 23.15, 10.75, 24.4), (6.25, 25.6, 10.75, 26.85))",5,AJ1J1,1,10.0,82,8,8,10,1405|1408|1411|1412|1433|1434|1445|1456,1405|1408|1411|1412|1433|1434|1445|1456,1402|1405|1408|1411|1412|1433|1434|1445|1455|1456,"RuntimeError: Could not switch the geometry.
The following agents would be outside of the new geometry: 1605, 1608, 1611, 1612, 1633, 1634, 1645, 1656
"
upper_right_narrow_0p8,"((13.25, 23.15, 17.75, 24.6), (13.25, 25.4, 17.75, 26.85))",5,AJ1J1,1,10.0,82,0,0,0,,,,
upper_right_narrow_1p2,"((13.25, 23.15, 17.75, 24.4), (13.25, 25.6, 17.75, 26.85))",5,AJ1J1,1,10.0,82,0,0,0,,,,
left_connector_narrow_0p8,"((4.15, 19.15, 4.6, 22.85), (5.4, 19.15, 5.85, 22.85))",5,AJ1J1,1,10.0,82,4,6,9,1442|1451|1452|1460,1442|1447|1451|1452|1453|1460,1442|1446|1447|1449|1451|1452|1453|1459|1460,"RuntimeError: Could not switch the geometry.
The following agents would be outside of the new geometry: 1942, 1951, 1952, 1960
"
right_connector_narrow_0p8,"((18.15, 19.15, 18.6, 22.85), (19.4, 19.15, 19.85, 22.85))",5,AJ1J1,1,10.0,82,3,3,3,1471|1472|1474,1471|1472|1474,1471|1472|1474,"RuntimeError: Could not switch the geometry.
The following agents would be outside of the new geometry: 2071, 2072, 2074
"
upper_left_narrow_0p8,"((6.25, 23.15, 10.75, 24.6), (6.25, 25.4, 10.75, 26.85))",4,AJ1B,3,10.0,84,4,5,7,1404|1420|1426|1428,1404|1406|1420|1426|1428,1404|1406|1408|1420|1421|1426|1428,"RuntimeError: Could not switch the geometry.
The following agents would be outside of the new geometry: 1504, 1520, 1526, 1528
"
upper_left_narrow_1p2,"((6.25, 23.15, 10.75, 24.4), (6.25, 25.6, 10.75, 26.85))",4,AJ1B,3,10.0,84,4,5,7,1404|1420|1426|1428,1404|1406|1420|1426|1428,1404|1406|1408|1420|1421|1426|1428,"RuntimeError: Could not switch the geometry.
The following agents would be outside of the new geometry: 1604, 1620, 1626, 1628
"
upper_right_narrow_0p8,"((13.25, 23.15, 17.75, 24.6), (13.25, 25.4, 17.75, 26.85))",4,AJ1B,3,10.0,84,0,0,0,,,,
upper_right_narrow_1p2,"((13.25, 23.15, 17.75, 24.4), (13.25, 25.6, 17.75, 26.85))",4,AJ1B,3,10.0,84,0,0,0,,,,
left_connector_narrow_0p8,"((4.15, 19.15, 4.6, 22.85), (5.4, 19.15, 5.85, 22.85))",4,AJ1B,3,10.0,84,0,0,0,,,,
right_connector_narrow_0p8,"((18.15, 19.15, 18.6, 22.85), (19.4, 19.15, 19.85, 22.85))",4,AJ1B,3,10.0,84,2,3,3,1467|1470,1467|1470|1476,1467|1470|1476,"RuntimeError: Could not switch the geometry.
The following agents would be outside of the new geometry: 2067, 2070
"
upper_left_narrow_0p8,"((6.25, 23.15, 10.75, 24.6), (6.25, 25.4, 10.75, 26.85))",5,AJ1J1,0,10.0,82,8,9,10,1401|1407|1414|1427|1428|1433|1446|1454,1401|1407|1414|1427|1428|1433|1437|1446|1454,1401|1407|1414|1427|1428|1433|1435|1437|1446|1454,"RuntimeError: Could not switch the geometry.
The following agents would be outside of the new geometry: 1501, 1507, 1514, 1527, 1528, 1533, 1546, 1554
"
upper_left_narrow_1p2,"((6.25, 23.15, 10.75, 24.4), (6.25, 25.6, 10.75, 26.85))",5,AJ1J1,0,10.0,82,7,9,10,1407|1414|1427|1428|1433|1446|1454,1401|1407|1414|1427|1428|1433|1437|1446|1454,1401|1407|1414|1427|1428|1433|1435|1437|1446|1454,"RuntimeError: Could not switch the geometry.
The following agents would be outside of the new geometry: 1607, 1614, 1627, 1628, 1633, 1646, 1654
"
upper_right_narrow_0p8,"((13.25, 23.15, 17.75, 24.6), (13.25, 25.4, 17.75, 26.85))",5,AJ1J1,0,10.0,82,0,0,0,,,,
upper_right_narrow_1p2,"((13.25, 23.15, 17.75, 24.4), (13.25, 25.6, 17.75, 26.85))",5,AJ1J1,0,10.0,82,0,0,0,,,,
left_connector_narrow_0p8,"((4.15, 19.15, 4.6, 22.85), (5.4, 19.15, 5.85, 22.85))",5,AJ1J1,0,10.0,82,4,6,8,1444|1445|1450|1457,1444|1445|1450|1457|1459|1460,1444|1445|1450|1452|1453|1457|1459|1460,"RuntimeError: Could not switch the geometry.
The following agents would be outside of the new geometry: 1944, 1945, 1950, 1957
"
right_connector_narrow_0p8,"((18.15, 19.15, 18.6, 22.85), (19.4, 19.15, 19.85, 22.85))",5,AJ1J1,0,10.0,82,2,2,4,1465|1478,1465|1478,1465|1472|1478|1480,"RuntimeError: Could not switch the geometry.
The following agents would be outside of the new geometry: 2065, 2078
"
upper_left_narrow_0p8,"((6.25, 23.15, 10.75, 24.6), (6.25, 25.4, 10.75, 26.85))",5,AJ1J1,4,10.0,83,8,8,11,1404|1409|1412|1415|1417|1432|1458|1460,1404|1409|1412|1415|1417|1432|1458|1460,1404|1406|1409|1410|1412|1415|1417|1432|1457|1458|1460,"RuntimeError: Could not switch the geometry.
The following agents would be outside of the new geometry: 1504, 1509, 1512, 1515, 1517, 1532, 1558, 1560
"
upper_left_narrow_1p2,"((6.25, 23.15, 10.75, 24.4), (6.25, 25.6, 10.75, 26.85))",5,AJ1J1,4,10.0,83,8,8,11,1404|1409|1412|1415|1417|1432|1458|1460,1404|1409|1412|1415|1417|1432|1458|1460,1404|1406|1409|1410|1412|1415|1417|1432|1457|1458|1460,"RuntimeError: Could not switch the geometry.
The following agents would be outside of the new geometry: 1604, 1609, 1612, 1615, 1617, 1632, 1658, 1660
"
upper_right_narrow_0p8,"((13.25, 23.15, 17.75, 24.6), (13.25, 25.4, 17.75, 26.85))",5,AJ1J1,4,10.0,83,0,0,0,,,,
upper_right_narrow_1p2,"((13.25, 23.15, 17.75, 24.4), (13.25, 25.6, 17.75, 26.85))",5,AJ1J1,4,10.0,83,0,0,0,,,,
left_connector_narrow_0p8,"((4.15, 19.15, 4.6, 22.85), (5.4, 19.15, 5.85, 22.85))",5,AJ1J1,4,10.0,83,4,5,8,1444|1452|1454|1455,1444|1447|1452|1454|1455,1444|1445|1447|1449|1452|1454|1455|1456,"RuntimeError: Could not switch the geometry.
The following agents would be outside of the new geometry: 1944, 1952, 1954, 1955
"
right_connector_narrow_0p8,"((18.15, 19.15, 18.6, 22.85), (19.4, 19.15, 19.85, 22.85))",5,AJ1J1,4,10.0,83,2,3,3,1470|1479,1470|1471|1479,1470|1471|1479,"RuntimeError: Could not switch the geometry.
The following agents would be outside of the new geometry: 2070, 2079
"
upper_left_narrow_0p8,"((6.25, 23.15, 10.75, 24.6), (6.25, 25.4, 10.75, 26.85))",5,AJ1J1,2,10.0,81,7,7,8,1408|1417|1420|1436|1438|1451|1456,1408|1417|1420|1436|1438|1451|1456,1408|1417|1420|1435|1436|1438|1451|1456,"RuntimeError: Could not switch the geometry.
The following agents would be outside of the new geometry: 1508, 1517, 1520, 1536, 1538, 1551, 1556
"
upper_left_narrow_1p2,"((6.25, 23.15, 10.75, 24.4), (6.25, 25.6, 10.75, 26.85))",5,AJ1J1,2,10.0,81,7,7,8,1408|1417|1420|1436|1438|1451|1456,1408|1417|1420|1436|1438|1451|1456,1408|1417|1420|1435|1436|1438|1451|1456,"RuntimeError: Could not switch the geometry.
The following agents would be outside of the new geometry: 1608, 1617, 1620, 1636, 1638, 1651, 1656
"
upper_right_narrow_0p8,"((13.25, 23.15, 17.75, 24.6), (13.25, 25.4, 17.75, 26.85))",5,AJ1J1,2,10.0,81,0,0,0,,,,
upper_right_narrow_1p2,"((13.25, 23.15, 17.75, 24.4), (13.25, 25.6, 17.75, 26.85))",5,AJ1J1,2,10.0,81,0,0,0,,,,
left_connector_narrow_0p8,"((4.15, 19.15, 4.6, 22.85), (5.4, 19.15, 5.85, 22.85))",5,AJ1J1,2,10.0,81,3,3,6,1449|1452|1458,1449|1452|1458,1444|1445|1449|1452|1454|1458,"RuntimeError: Could not switch the geometry.
The following agents would be outside of the new geometry: 1949, 1952, 1958
"
right_connector_narrow_0p8,"((18.15, 19.15, 18.6, 22.85), (19.4, 19.15, 19.85, 22.85))",5,AJ1J1,2,10.0,81,3,3,3,1462|1465|1473,1462|1465|1473,1462|1465|1473,"RuntimeError: Could not switch the geometry.
The following agents would be outside of the new geometry: 2062, 2065, 2073
"
upper_left_narrow_0p8,"((6.25, 23.15, 10.75, 24.6), (6.25, 25.4, 10.75, 26.85))",5,AJ1J1,3,10.0,84,6,7,9,1404|1420|1426|1428|1452|1456,1404|1406|1420|1426|1428|1452|1456,1404|1406|1408|1420|1421|1426|1428|1452|1456,"RuntimeError: Could not switch the geometry.
The following agents would be outside of the new geometry: 1504, 1520, 1526, 1528, 1552, 1556
"
upper_left_narrow_1p2,"((6.25, 23.15, 10.75, 24.4), (6.25, 25.6, 10.75, 26.85))",5,AJ1J1,3,10.0,84,6,7,9,1404|1420|1426|1428|1452|1456,1404|1406|1420|1426|1428|1452|1456,1404|1406|1408|1420|1421|1426|1428|1452|1456,"RuntimeError: Could not switch the geometry.
The following agents would be outside of the new geometry: 1604, 1620, 1626, 1628, 1652, 1656
"
upper_right_narrow_0p8,"((13.25, 23.15, 17.75, 24.6), (13.25, 25.4, 17.75, 26.85))",5,AJ1J1,3,10.0,84,0,0,0,,,,
upper_right_narrow_1p2,"((13.25, 23.15, 17.75, 24.4), (13.25, 25.6, 17.75, 26.85))",5,AJ1J1,3,10.0,84,0,0,0,,,,
left_connector_narrow_0p8,"((4.15, 19.15, 4.6, 22.85), (5.4, 19.15, 5.85, 22.85))",5,AJ1J1,3,10.0,84,3,7,11,1447|1450|1454,1443|1445|1447|1450|1454|1458|1459,1441|1443|1444|1445|1446|1447|1448|1450|1454|1458|1459,"RuntimeError: Could not switch the geometry.
The following agents would be outside of the new geometry: 1947, 1950, 1954
"
right_connector_narrow_0p8,"((18.15, 19.15, 18.6, 22.85), (19.4, 19.15, 19.85, 22.85))",5,AJ1J1,3,10.0,84,2,3,3,1467|1470,1467|1470|1476,1467|1470|1476,"RuntimeError: Could not switch the geometry.
The following agents would be outside of the new geometry: 2067, 2070
"
upper_left_narrow_0p8,"((6.25, 23.15, 10.75, 24.6), (6.25, 25.4, 10.75, 26.85))",6,AJ1J2,1,10.0,82,6,6,7,1405|1408|1411|1412|1433|1434,1405|1408|1411|1412|1433|1434,1402|1405|1408|1411|1412|1433|1434,"RuntimeError: Could not switch the geometry.
The following agents would be outside of the new geometry: 1505, 1508, 1511, 1512, 1533, 1534
"
upper_left_narrow_1p2,"((6.25, 23.15, 10.75, 24.4), (6.25, 25.6, 10.75, 26.85))",6,AJ1J2,1,10.0,82,6,6,7,1405|1408|1411|1412|1433|1434,1405|1408|1411|1412|1433|1434,1402|1405|1408|1411|1412|1433|1434,"RuntimeError: Could not switch the geometry.
The following agents would be outside of the new geometry: 1605, 1608, 1611, 1612, 1633, 1634
"
upper_right_narrow_0p8,"((13.25, 23.15, 17.75, 24.6), (13.25, 25.4, 17.75, 26.85))",6,AJ1J2,1,10.0,82,0,0,0,,,,
upper_right_narrow_1p2,"((13.25, 23.15, 17.75, 24.4), (13.25, 25.6, 17.75, 26.85))",6,AJ1J2,1,10.0,82,0,0,0,,,,
left_connector_narrow_0p8,"((4.15, 19.15, 4.6, 22.85), (5.4, 19.15, 5.85, 22.85))",6,AJ1J2,1,10.0,82,0,0,0,,,,
right_connector_narrow_0p8,"((18.15, 19.15, 18.6, 22.85), (19.4, 19.15, 19.85, 22.85))",6,AJ1J2,1,10.0,82,3,3,3,1471|1472|1474,1471|1472|1474,1471|1472|1474,"RuntimeError: Could not switch the geometry.
The following agents would be outside of the new geometry: 2071, 2072, 2074
"
upper_left_narrow_0p8,"((6.25, 23.15, 10.75, 24.6), (6.25, 25.4, 10.75, 26.85))",6,AJ1J2,0,10.0,82,6,7,8,1401|1407|1414|1427|1428|1433,1401|1407|1414|1427|1428|1433|1437,1401|1407|1414|1427|1428|1433|1435|1437,"RuntimeError: Could not switch the geometry.
The following agents would be outside of the new geometry: 1501, 1507, 1514, 1527, 1528, 1533
"
upper_left_narrow_1p2,"((6.25, 23.15, 10.75, 24.4), (6.25, 25.6, 10.75, 26.85))",6,AJ1J2,0,10.0,82,5,7,8,1407|1414|1427|1428|1433,1401|1407|1414|1427|1428|1433|1437,1401|1407|1414|1427|1428|1433|1435|1437,"RuntimeError: Could not switch the geometry.
The following agents would be outside of the new geometry: 1607, 1614, 1627, 1628, 1633
"
upper_right_narrow_0p8,"((13.25, 23.15, 17.75, 24.6), (13.25, 25.4, 17.75, 26.85))",6,AJ1J2,0,10.0,82,0,0,0,,,,
upper_right_narrow_1p2,"((13.25, 23.15, 17.75, 24.4), (13.25, 25.6, 17.75, 26.85))",6,AJ1J2,0,10.0,82,0,0,0,,,,
left_connector_narrow_0p8,"((4.15, 19.15, 4.6, 22.85), (5.4, 19.15, 5.85, 22.85))",6,AJ1J2,0,10.0,82,0,0,0,,,,
right_connector_narrow_0p8,"((18.15, 19.15, 18.6, 22.85), (19.4, 19.15, 19.85, 22.85))",6,AJ1J2,0,10.0,82,2,2,4,1465|1478,1465|1478,1465|1472|1478|1480,"RuntimeError: Could not switch the geometry.
The following agents would be outside of the new geometry: 2065, 2078
"
upper_left_narrow_0p8,"((6.25, 23.15, 10.75, 24.6), (6.25, 25.4, 10.75, 26.85))",4,AJ1B,4,10.0,83,6,6,8,1404|1409|1412|1415|1417|1432,1404|1409|1412|1415|1417|1432,1404|1406|1409|1410|1412|1415|1417|1432,"RuntimeError: Could not switch the geometry.
The following agents would be outside of the new geometry: 1504, 1509, 1512, 1515, 1517, 1532
"
upper_left_narrow_1p2,"((6.25, 23.15, 10.75, 24.4), (6.25, 25.6, 10.75, 26.85))",4,AJ1B,4,10.0,83,6,6,8,1404|1409|1412|1415|1417|1432,1404|1409|1412|1415|1417|1432,1404|1406|1409|1410|1412|1415|1417|1432,"RuntimeError: Could not switch the geometry.
The following agents would be outside of the new geometry: 1604, 1609, 1612, 1615, 1617, 1632
"
upper_right_narrow_0p8,"((13.25, 23.15, 17.75, 24.6), (13.25, 25.4, 17.75, 26.85))",4,AJ1B,4,10.0,83,0,0,0,,,,
upper_right_narrow_1p2,"((13.25, 23.15, 17.75, 24.4), (13.25, 25.6, 17.75, 26.85))",4,AJ1B,4,10.0,83,0,0,0,,,,
left_connector_narrow_0p8,"((4.15, 19.15, 4.6, 22.85), (5.4, 19.15, 5.85, 22.85))",4,AJ1B,4,10.0,83,0,0,0,,,,
right_connector_narrow_0p8,"((18.15, 19.15, 18.6, 22.85), (19.4, 19.15, 19.85, 22.85))",4,AJ1B,4,10.0,83,2,3,3,1470|1479,1470|1471|1479,1470|1471|1479,"RuntimeError: Could not switch the geometry.
The following agents would be outside of the new geometry: 2070, 2079
"
upper_left_narrow_0p8,"((6.25, 23.15, 10.75, 24.6), (6.25, 25.4, 10.75, 26.85))",6,AJ1J2,2,10.0,81,5,5,6,1408|1417|1420|1436|1438,1408|1417|1420|1436|1438,1408|1417|1420|1435|1436|1438,"RuntimeError: Could not switch the geometry.
The following agents would be outside of the new geometry: 1508, 1517, 1520, 1536, 1538
"
upper_left_narrow_1p2,"((6.25, 23.15, 10.75, 24.4), (6.25, 25.6, 10.75, 26.85))",6,AJ1J2,2,10.0,81,5,5,6,1408|1417|1420|1436|1438,1408|1417|1420|1436|1438,1408|1417|1420|1435|1436|1438,"RuntimeError: Could not switch the geometry.
The following agents would be outside of the new geometry: 1608, 1617, 1620, 1636, 1638
"
upper_right_narrow_0p8,"((13.25, 23.15, 17.75, 24.6), (13.25, 25.4, 17.75, 26.85))",6,AJ1J2,2,10.0,81,0,0,0,,,,
upper_right_narrow_1p2,"((13.25, 23.15, 17.75, 24.4), (13.25, 25.6, 17.75, 26.85))",6,AJ1J2,2,10.0,81,0,0,0,,,,
left_connector_narrow_0p8,"((4.15, 19.15, 4.6, 22.85), (5.4, 19.15, 5.85, 22.85))",6,AJ1J2,2,10.0,81,0,0,0,,,,
right_connector_narrow_0p8,"((18.15, 19.15, 18.6, 22.85), (19.4, 19.15, 19.85, 22.85))",6,AJ1J2,2,10.0,81,3,3,3,1462|1465|1473,1462|1465|1473,1462|1465|1473,"RuntimeError: Could not switch the geometry.
The following agents would be outside of the new geometry: 2062, 2065, 2073
"
upper_left_narrow_0p8,"((6.25, 23.15, 10.75, 24.6), (6.25, 25.4, 10.75, 26.85))",6,AJ1J2,4,10.0,83,6,6,8,2104|2109|2112|2115|2117|2132,2104|2109|2112|2115|2117|2132,2104|2106|2109|2110|2112|2115|2117|2132,"RuntimeError: Could not switch the geometry.
The following agents would be outside of the new geometry: 2204, 2209, 2212, 2215, 2217, 2232
"
upper_left_narrow_1p2,"((6.25, 23.15, 10.75, 24.4), (6.25, 25.6, 10.75, 26.85))",6,AJ1J2,4,10.0,83,6,6,8,2104|2109|2112|2115|2117|2132,2104|2109|2112|2115|2117|2132,2104|2106|2109|2110|2112|2115|2117|2132,"RuntimeError: Could not switch the geometry.
The following agents would be outside of the new geometry: 2304, 2309, 2312, 2315, 2317, 2332
"
upper_right_narrow_0p8,"((13.25, 23.15, 17.75, 24.6), (13.25, 25.4, 17.75, 26.85))",6,AJ1J2,4,10.0,83,0,0,0,,,,
upper_right_narrow_1p2,"((13.25, 23.15, 17.75, 24.4), (13.25, 25.6, 17.75, 26.85))",6,AJ1J2,4,10.0,83,0,0,0,,,,
left_connector_narrow_0p8,"((4.15, 19.15, 4.6, 22.85), (5.4, 19.15, 5.85, 22.85))",6,AJ1J2,4,10.0,83,0,0,0,,,,
right_connector_narrow_0p8,"((18.15, 19.15, 18.6, 22.85), (19.4, 19.15, 19.85, 22.85))",6,AJ1J2,4,10.0,83,2,3,3,2170|2179,2170|2171|2179,2170|2171|2179,"RuntimeError: Could not switch the geometry.
The following agents would be outside of the new geometry: 2770, 2779
"
upper_left_narrow_0p8,"((6.25, 23.15, 10.75, 24.6), (6.25, 25.4, 10.75, 26.85))",6,AJ1J2,3,10.0,84,4,5,7,2104|2120|2126|2128,2104|2106|2120|2126|2128,2104|2106|2108|2120|2121|2126|2128,"RuntimeError: Could not switch the geometry.
The following agents would be outside of the new geometry: 2204, 2220, 2226, 2228
"
upper_left_narrow_1p2,"((6.25, 23.15, 10.75, 24.4), (6.25, 25.6, 10.75, 26.85))",6,AJ1J2,3,10.0,84,4,5,7,2104|2120|2126|2128,2104|2106|2120|2126|2128,2104|2106|2108|2120|2121|2126|2128,"RuntimeError: Could not switch the geometry.
The following agents would be outside of the new geometry: 2304, 2320, 2326, 2328
"
upper_right_narrow_0p8,"((13.25, 23.15, 17.75, 24.6), (13.25, 25.4, 17.75, 26.85))",6,AJ1J2,3,10.0,84,0,0,0,,,,
upper_right_narrow_1p2,"((13.25, 23.15, 17.75, 24.4), (13.25, 25.6, 17.75, 26.85))",6,AJ1J2,3,10.0,84,0,0,0,,,,
left_connector_narrow_0p8,"((4.15, 19.15, 4.6, 22.85), (5.4, 19.15, 5.85, 22.85))",6,AJ1J2,3,10.0,84,0,0,0,,,,
right_connector_narrow_0p8,"((18.15, 19.15, 18.6, 22.85), (19.4, 19.15, 19.85, 22.85))",6,AJ1J2,3,10.0,84,2,3,3,2167|2170,2167|2170|2176,2167|2170|2176,"RuntimeError: Could not switch the geometry.
The following agents would be outside of the new geometry: 2767, 2770
"
upper_left_narrow_0p8,"((6.25, 23.15, 10.75, 24.6), (6.25, 25.4, 10.75, 26.85))",7,AJ1A,1,10.0,82,6,6,7,2105|2108|2111|2112|2133|2134,2105|2108|2111|2112|2133|2134,2102|2105|2108|2111|2112|2133|2134,"RuntimeError: Could not switch the geometry.
The following agents would be outside of the new geometry: 2205, 2208, 2211, 2212, 2233, 2234
"
upper_left_narrow_1p2,"((6.25, 23.15, 10.75, 24.4), (6.25, 25.6, 10.75, 26.85))",7,AJ1A,1,10.0,82,6,6,7,2105|2108|2111|2112|2133|2134,2105|2108|2111|2112|2133|2134,2102|2105|2108|2111|2112|2133|2134,"RuntimeError: Could not switch the geometry.
The following agents would be outside of the new geometry: 2305, 2308, 2311, 2312, 2333, 2334
"
upper_right_narrow_0p8,"((13.25, 23.15, 17.75, 24.6), (13.25, 25.4, 17.75, 26.85))",7,AJ1A,1,10.0,82,0,0,0,,,,
upper_right_narrow_1p2,"((13.25, 23.15, 17.75, 24.4), (13.25, 25.6, 17.75, 26.85))",7,AJ1A,1,10.0,82,0,0,0,,,,
left_connector_narrow_0p8,"((4.15, 19.15, 4.6, 22.85), (5.4, 19.15, 5.85, 22.85))",7,AJ1A,1,10.0,82,5,7,10,2141|2146|2152|2159|2160,2141|2142|2146|2147|2152|2159|2160,2141|2142|2146|2147|2149|2151|2152|2155|2159|2160,"RuntimeError: Could not switch the geometry.
The following agents would be outside of the new geometry: 2641, 2646, 2652, 2659, 2660
"
right_connector_narrow_0p8,"((18.15, 19.15, 18.6, 22.85), (19.4, 19.15, 19.85, 22.85))",7,AJ1A,1,10.0,82,3,3,3,2171|2172|2174,2171|2172|2174,2171|2172|2174,"RuntimeError: Could not switch the geometry.
The following agents would be outside of the new geometry: 2771, 2772, 2774
"
upper_left_narrow_0p8,"((6.25, 23.15, 10.75, 24.6), (6.25, 25.4, 10.75, 26.85))",7,AJ1A,0,10.0,82,6,7,8,2101|2107|2114|2127|2128|2133,2101|2107|2114|2127|2128|2133|2137,2101|2107|2114|2127|2128|2133|2135|2137,"RuntimeError: Could not switch the geometry.
The following agents would be outside of the new geometry: 2201, 2207, 2214, 2227, 2228, 2233
"
upper_left_narrow_1p2,"((6.25, 23.15, 10.75, 24.4), (6.25, 25.6, 10.75, 26.85))",7,AJ1A,0,10.0,82,5,7,8,2107|2114|2127|2128|2133,2101|2107|2114|2127|2128|2133|2137,2101|2107|2114|2127|2128|2133|2135|2137,"RuntimeError: Could not switch the geometry.
The following agents would be outside of the new geometry: 2307, 2314, 2327, 2328, 2333
"
upper_right_narrow_0p8,"((13.25, 23.15, 17.75, 24.6), (13.25, 25.4, 17.75, 26.85))",7,AJ1A,0,10.0,82,0,0,0,,,,
upper_right_narrow_1p2,"((13.25, 23.15, 17.75, 24.4), (13.25, 25.6, 17.75, 26.85))",7,AJ1A,0,10.0,82,0,0,0,,,,
left_connector_narrow_0p8,"((4.15, 19.15, 4.6, 22.85), (5.4, 19.15, 5.85, 22.85))",7,AJ1A,0,10.0,82,5,5,8,2141|2144|2153|2159|2160,2141|2144|2153|2159|2160,2141|2144|2147|2150|2153|2157|2159|2160,"RuntimeError: Could not switch the geometry.
The following agents would be outside of the new geometry: 2641, 2644, 2653, 2659, 2660
"
right_connector_narrow_0p8,"((18.15, 19.15, 18.6, 22.85), (19.4, 19.15, 19.85, 22.85))",7,AJ1A,0,10.0,82,2,2,4,2165|2178,2165|2178,2165|2172|2178|2180,"RuntimeError: Could not switch the geometry.
The following agents would be outside of the new geometry: 2765, 2778
"
upper_left_narrow_0p8,"((6.25, 23.15, 10.75, 24.6), (6.25, 25.4, 10.75, 26.85))",7,AJ1A,2,10.0,81,5,5,6,2108|2117|2120|2136|2138,2108|2117|2120|2136|2138,2108|2117|2120|2135|2136|2138,"RuntimeError: Could not switch the geometry.
The following agents would be outside of the new geometry: 2208, 2217, 2220, 2236, 2238
"
upper_left_narrow_1p2,"((6.25, 23.15, 10.75, 24.4), (6.25, 25.6, 10.75, 26.85))",7,AJ1A,2,10.0,81,5,5,6,2108|2117|2120|2136|2138,2108|2117|2120|2136|2138,2108|2117|2120|2135|2136|2138,"RuntimeError: Could not switch the geometry.
The following agents would be outside of the new geometry: 2308, 2317, 2320, 2336, 2338
"
upper_right_narrow_0p8,"((13.25, 23.15, 17.75, 24.6), (13.25, 25.4, 17.75, 26.85))",7,AJ1A,2,10.0,81,0,0,0,,,,
upper_right_narrow_1p2,"((13.25, 23.15, 17.75, 24.4), (13.25, 25.6, 17.75, 26.85))",7,AJ1A,2,10.0,81,0,0,0,,,,
left_connector_narrow_0p8,"((4.15, 19.15, 4.6, 22.85), (5.4, 19.15, 5.85, 22.85))",7,AJ1A,2,10.0,81,3,5,7,2141|2145|2154,2141|2145|2149|2154|2158,2141|2143|2145|2149|2152|2154|2158,"RuntimeError: Could not switch the geometry.
The following agents would be outside of the new geometry: 2641, 2645, 2654
"
right_connector_narrow_0p8,"((18.15, 19.15, 18.6, 22.85), (19.4, 19.15, 19.85, 22.85))",7,AJ1A,2,10.0,81,3,3,3,2162|2165|2173,2162|2165|2173,2162|2165|2173,"RuntimeError: Could not switch the geometry.
The following agents would be outside of the new geometry: 2762, 2765, 2773
"
upper_left_narrow_0p8,"((6.25, 23.15, 10.75, 24.6), (6.25, 25.4, 10.75, 26.85))",7,AJ1A,3,10.0,84,4,5,7,2104|2120|2126|2128,2104|2106|2120|2126|2128,2104|2106|2108|2120|2121|2126|2128,"RuntimeError: Could not switch the geometry.
The following agents would be outside of the new geometry: 2204, 2220, 2226, 2228
"
upper_left_narrow_1p2,"((6.25, 23.15, 10.75, 24.4), (6.25, 25.6, 10.75, 26.85))",7,AJ1A,3,10.0,84,4,5,7,2104|2120|2126|2128,2104|2106|2120|2126|2128,2104|2106|2108|2120|2121|2126|2128,"RuntimeError: Could not switch the geometry.
The following agents would be outside of the new geometry: 2304, 2320, 2326, 2328
"
upper_right_narrow_0p8,"((13.25, 23.15, 17.75, 24.6), (13.25, 25.4, 17.75, 26.85))",7,AJ1A,3,10.0,84,0,0,0,,,,
upper_right_narrow_1p2,"((13.25, 23.15, 17.75, 24.4), (13.25, 25.6, 17.75, 26.85))",7,AJ1A,3,10.0,84,0,0,0,,,,
left_connector_narrow_0p8,"((4.15, 19.15, 4.6, 22.85), (5.4, 19.15, 5.85, 22.85))",7,AJ1A,3,10.0,84,4,7,10,2141|2143|2148|2159,2141|2143|2144|2147|2148|2150|2159,2141|2143|2144|2145|2146|2147|2148|2150|2158|2159,"RuntimeError: Could not switch the geometry.
The following agents would be outside of the new geometry: 2641, 2643, 2648, 2659
"
right_connector_narrow_0p8,"((18.15, 19.15, 18.6, 22.85), (19.4, 19.15, 19.85, 22.85))",7,AJ1A,3,10.0,84,2,3,3,2167|2170,2167|2170|2176,2167|2170|2176,"RuntimeError: Could not switch the geometry.
The following agents would be outside of the new geometry: 2767, 2770
"
upper_left_narrow_0p8,"((6.25, 23.15, 10.75, 24.6), (6.25, 25.4, 10.75, 26.85))",7,AJ1A,4,10.0,83,6,6,8,2104|2109|2112|2115|2117|2132,2104|2109|2112|2115|2117|2132,2104|2106|2109|2110|2112|2115|2117|2132,"RuntimeError: Could not switch the geometry.
The following agents would be outside of the new geometry: 2204, 2209, 2212, 2215, 2217, 2232
"
upper_left_narrow_1p2,"((6.25, 23.15, 10.75, 24.4), (6.25, 25.6, 10.75, 26.85))",7,AJ1A,4,10.0,83,6,6,8,2104|2109|2112|2115|2117|2132,2104|2109|2112|2115|2117|2132,2104|2106|2109|2110|2112|2115|2117|2132,"RuntimeError: Could not switch the geometry.
The following agents would be outside of the new geometry: 2304, 2309, 2312, 2315, 2317, 2332
"
upper_right_narrow_0p8,"((13.25, 23.15, 17.75, 24.6), (13.25, 25.4, 17.75, 26.85))",7,AJ1A,4,10.0,83,0,0,0,,,,
upper_right_narrow_1p2,"((13.25, 23.15, 17.75, 24.4), (13.25, 25.6, 17.75, 26.85))",7,AJ1A,4,10.0,83,0,0,0,,,,
left_connector_narrow_0p8,"((4.15, 19.15, 4.6, 22.85), (5.4, 19.15, 5.85, 22.85))",7,AJ1A,4,10.0,83,5,7,10,2143|2145|2147|2156|2157,2143|2144|2145|2147|2155|2156|2157,2141|2143|2144|2145|2147|2149|2152|2155|2156|2157,"RuntimeError: Could not switch the geometry.
The following agents would be outside of the new geometry: 2643, 2645, 2647, 2656, 2657
"
right_connector_narrow_0p8,"((18.15, 19.15, 18.6, 22.85), (19.4, 19.15, 19.85, 22.85))",7,AJ1A,4,10.0,83,2,3,3,2170|2179,2170|2171|2179,2170|2171|2179,"RuntimeError: Could not switch the geometry.
The following agents would be outside of the new geometry: 2770, 2779
"
upper_left_narrow_0p8,"((6.25, 23.15, 10.75, 24.6), (6.25, 25.4, 10.75, 26.85))",8,AJ3B,1,10.0,82,6,6,7,2105|2108|2111|2112|2133|2134,2105|2108|2111|2112|2133|2134,2102|2105|2108|2111|2112|2133|2134,"RuntimeError: Could not switch the geometry.
The following agents would be outside of the new geometry: 2205, 2208, 2211, 2212, 2233, 2234
"
upper_left_narrow_1p2,"((6.25, 23.15, 10.75, 24.4), (6.25, 25.6, 10.75, 26.85))",8,AJ3B,1,10.0,82,6,6,7,2105|2108|2111|2112|2133|2134,2105|2108|2111|2112|2133|2134,2102|2105|2108|2111|2112|2133|2134,"RuntimeError: Could not switch the geometry.
The following agents would be outside of the new geometry: 2305, 2308, 2311, 2312, 2333, 2334
"
upper_right_narrow_0p8,"((13.25, 23.15, 17.75, 24.6), (13.25, 25.4, 17.75, 26.85))",8,AJ3B,1,10.0,82,0,0,0,,,,
upper_right_narrow_1p2,"((13.25, 23.15, 17.75, 24.4), (13.25, 25.6, 17.75, 26.85))",8,AJ3B,1,10.0,82,0,0,0,,,,
left_connector_narrow_0p8,"((4.15, 19.15, 4.6, 22.85), (5.4, 19.15, 5.85, 22.85))",8,AJ3B,1,10.0,82,0,0,0,,,,
right_connector_narrow_0p8,"((18.15, 19.15, 18.6, 22.85), (19.4, 19.15, 19.85, 22.85))",8,AJ3B,1,10.0,82,0,0,0,,,,
upper_left_narrow_0p8,"((6.25, 23.15, 10.75, 24.6), (6.25, 25.4, 10.75, 26.85))",8,AJ3B,0,10.0,82,6,7,8,2101|2107|2114|2127|2128|2133,2101|2107|2114|2127|2128|2133|2137,2101|2107|2114|2127|2128|2133|2135|2137,"RuntimeError: Could not switch the geometry.
The following agents would be outside of the new geometry: 2201, 2207, 2214, 2227, 2228, 2233
"
upper_left_narrow_1p2,"((6.25, 23.15, 10.75, 24.4), (6.25, 25.6, 10.75, 26.85))",8,AJ3B,0,10.0,82,5,7,8,2107|2114|2127|2128|2133,2101|2107|2114|2127|2128|2133|2137,2101|2107|2114|2127|2128|2133|2135|2137,"RuntimeError: Could not switch the geometry.
The following agents would be outside of the new geometry: 2307, 2314, 2327, 2328, 2333
"
upper_right_narrow_0p8,"((13.25, 23.15, 17.75, 24.6), (13.25, 25.4, 17.75, 26.85))",8,AJ3B,0,10.0,82,0,0,0,,,,
upper_right_narrow_1p2,"((13.25, 23.15, 17.75, 24.4), (13.25, 25.6, 17.75, 26.85))",8,AJ3B,0,10.0,82,0,0,0,,,,
left_connector_narrow_0p8,"((4.15, 19.15, 4.6, 22.85), (5.4, 19.15, 5.85, 22.85))",8,AJ3B,0,10.0,82,0,0,0,,,,
right_connector_narrow_0p8,"((18.15, 19.15, 18.6, 22.85), (19.4, 19.15, 19.85, 22.85))",8,AJ3B,0,10.0,82,0,0,0,,,,
upper_left_narrow_0p8,"((6.25, 23.15, 10.75, 24.6), (6.25, 25.4, 10.75, 26.85))",8,AJ3B,2,10.0,81,5,5,6,2108|2117|2120|2136|2138,2108|2117|2120|2136|2138,2108|2117|2120|2135|2136|2138,"RuntimeError: Could not switch the geometry.
The following agents would be outside of the new geometry: 2208, 2217, 2220, 2236, 2238
"
upper_left_narrow_1p2,"((6.25, 23.15, 10.75, 24.4), (6.25, 25.6, 10.75, 26.85))",8,AJ3B,2,10.0,81,5,5,6,2108|2117|2120|2136|2138,2108|2117|2120|2136|2138,2108|2117|2120|2135|2136|2138,"RuntimeError: Could not switch the geometry.
The following agents would be outside of the new geometry: 2308, 2317, 2320, 2336, 2338
"
upper_right_narrow_0p8,"((13.25, 23.15, 17.75, 24.6), (13.25, 25.4, 17.75, 26.85))",8,AJ3B,2,10.0,81,0,0,0,,,,
upper_right_narrow_1p2,"((13.25, 23.15, 17.75, 24.4), (13.25, 25.6, 17.75, 26.85))",8,AJ3B,2,10.0,81,0,0,0,,,,
left_connector_narrow_0p8,"((4.15, 19.15, 4.6, 22.85), (5.4, 19.15, 5.85, 22.85))",8,AJ3B,2,10.0,81,0,0,0,,,,
right_connector_narrow_0p8,"((18.15, 19.15, 18.6, 22.85), (19.4, 19.15, 19.85, 22.85))",8,AJ3B,2,10.0,81,0,0,0,,,,
upper_left_narrow_0p8,"((6.25, 23.15, 10.75, 24.6), (6.25, 25.4, 10.75, 26.85))",8,AJ3B,3,10.0,84,4,5,7,2104|2120|2126|2128,2104|2106|2120|2126|2128,2104|2106|2108|2120|2121|2126|2128,"RuntimeError: Could not switch the geometry.
The following agents would be outside of the new geometry: 2204, 2220, 2226, 2228
"
upper_left_narrow_1p2,"((6.25, 23.15, 10.75, 24.4), (6.25, 25.6, 10.75, 26.85))",8,AJ3B,3,10.0,84,4,5,7,2104|2120|2126|2128,2104|2106|2120|2126|2128,2104|2106|2108|2120|2121|2126|2128,"RuntimeError: Could not switch the geometry.
The following agents would be outside of the new geometry: 2304, 2320, 2326, 2328
"
upper_right_narrow_0p8,"((13.25, 23.15, 17.75, 24.6), (13.25, 25.4, 17.75, 26.85))",8,AJ3B,3,10.0,84,0,0,0,,,,
upper_right_narrow_1p2,"((13.25, 23.15, 17.75, 24.4), (13.25, 25.6, 17.75, 26.85))",8,AJ3B,3,10.0,84,0,0,0,,,,
left_connector_narrow_0p8,"((4.15, 19.15, 4.6, 22.85), (5.4, 19.15, 5.85, 22.85))",8,AJ3B,3,10.0,84,0,0,0,,,,
right_connector_narrow_0p8,"((18.15, 19.15, 18.6, 22.85), (19.4, 19.15, 19.85, 22.85))",8,AJ3B,3,10.0,84,0,0,0,,,,
upper_left_narrow_0p8,"((6.25, 23.15, 10.75, 24.6), (6.25, 25.4, 10.75, 26.85))",9,AJ3J1,0,10.0,82,8,9,10,2801|2807|2814|2827|2828|2833|2846|2854,2801|2807|2814|2827|2828|2833|2837|2846|2854,2801|2807|2814|2827|2828|2833|2835|2837|2846|2854,"RuntimeError: Could not switch the geometry.
The following agents would be outside of the new geometry: 2901, 2907, 2914, 2927, 2928, 2933, 2946, 2954
"
upper_left_narrow_1p2,"((6.25, 23.15, 10.75, 24.4), (6.25, 25.6, 10.75, 26.85))",9,AJ3J1,0,10.0,82,7,9,10,2807|2814|2827|2828|2833|2846|2854,2801|2807|2814|2827|2828|2833|2837|2846|2854,2801|2807|2814|2827|2828|2833|2835|2837|2846|2854,"RuntimeError: Could not switch the geometry.
The following agents would be outside of the new geometry: 3007, 3014, 3027, 3028, 3033, 3046, 3054
"
upper_right_narrow_0p8,"((13.25, 23.15, 17.75, 24.6), (13.25, 25.4, 17.75, 26.85))",9,AJ3J1,0,10.0,82,0,0,0,,,,
upper_right_narrow_1p2,"((13.25, 23.15, 17.75, 24.4), (13.25, 25.6, 17.75, 26.85))",9,AJ3J1,0,10.0,82,0,0,0,,,,
left_connector_narrow_0p8,"((4.15, 19.15, 4.6, 22.85), (5.4, 19.15, 5.85, 22.85))",9,AJ3J1,0,10.0,82,4,6,9,2844|2845|2850|2859,2844|2845|2850|2852|2859|2860,2844|2845|2850|2852|2853|2857|2859|2860|2865,"RuntimeError: Could not switch the geometry.
The following agents would be outside of the new geometry: 3344, 3345, 3350, 3359
"
right_connector_narrow_0p8,"((18.15, 19.15, 18.6, 22.85), (19.4, 19.15, 19.85, 22.85))",9,AJ3J1,0,10.0,82,0,0,0,,,,
upper_left_narrow_0p8,"((6.25, 23.15, 10.75, 24.6), (6.25, 25.4, 10.75, 26.85))",9,AJ3J1,1,10.0,82,8,8,10,2805|2808|2811|2812|2833|2834|2845|2856,2805|2808|2811|2812|2833|2834|2845|2856,2802|2805|2808|2811|2812|2833|2834|2845|2855|2856,"RuntimeError: Could not switch the geometry.
The following agents would be outside of the new geometry: 2905, 2908, 2911, 2912, 2933, 2934, 2945, 2956
"
upper_left_narrow_1p2,"((6.25, 23.15, 10.75, 24.4), (6.25, 25.6, 10.75, 26.85))",9,AJ3J1,1,10.0,82,8,8,10,2805|2808|2811|2812|2833|2834|2845|2856,2805|2808|2811|2812|2833|2834|2845|2856,2802|2805|2808|2811|2812|2833|2834|2845|2855|2856,"RuntimeError: Could not switch the geometry.
The following agents would be outside of the new geometry: 3005, 3008, 3011, 3012, 3033, 3034, 3045, 3056
"
upper_right_narrow_0p8,"((13.25, 23.15, 17.75, 24.6), (13.25, 25.4, 17.75, 26.85))",9,AJ3J1,1,10.0,82,0,0,0,,,,
upper_right_narrow_1p2,"((13.25, 23.15, 17.75, 24.4), (13.25, 25.6, 17.75, 26.85))",9,AJ3J1,1,10.0,82,0,0,0,,,,
left_connector_narrow_0p8,"((4.15, 19.15, 4.6, 22.85), (5.4, 19.15, 5.85, 22.85))",9,AJ3J1,1,10.0,82,4,6,9,2842|2851|2852|2860,2842|2847|2851|2852|2853|2860,2842|2846|2847|2849|2851|2852|2853|2859|2860,"RuntimeError: Could not switch the geometry.
The following agents would be outside of the new geometry: 3342, 3351, 3352, 3360
"
right_connector_narrow_0p8,"((18.15, 19.15, 18.6, 22.85), (19.4, 19.15, 19.85, 22.85))",9,AJ3J1,1,10.0,82,0,0,0,,,,
upper_left_narrow_0p8,"((6.25, 23.15, 10.75, 24.6), (6.25, 25.4, 10.75, 26.85))",9,AJ3J1,2,10.0,81,7,7,8,2808|2817|2820|2836|2838|2851|2856,2808|2817|2820|2836|2838|2851|2856,2808|2817|2820|2835|2836|2838|2851|2856,"RuntimeError: Could not switch the geometry.
The following agents would be outside of the new geometry: 2908, 2917, 2920, 2936, 2938, 2951, 2956
"
upper_left_narrow_1p2,"((6.25, 23.15, 10.75, 24.4), (6.25, 25.6, 10.75, 26.85))",9,AJ3J1,2,10.0,81,7,7,8,2808|2817|2820|2836|2838|2851|2856,2808|2817|2820|2836|2838|2851|2856,2808|2817|2820|2835|2836|2838|2851|2856,"RuntimeError: Could not switch the geometry.
The following agents would be outside of the new geometry: 3008, 3017, 3020, 3036, 3038, 3051, 3056
"
upper_right_narrow_0p8,"((13.25, 23.15, 17.75, 24.6), (13.25, 25.4, 17.75, 26.85))",9,AJ3J1,2,10.0,81,0,0,0,,,,
upper_right_narrow_1p2,"((13.25, 23.15, 17.75, 24.4), (13.25, 25.6, 17.75, 26.85))",9,AJ3J1,2,10.0,81,0,0,0,,,,
left_connector_narrow_0p8,"((4.15, 19.15, 4.6, 22.85), (5.4, 19.15, 5.85, 22.85))",9,AJ3J1,2,10.0,81,3,3,7,2849|2852|2858,2849|2852|2858,2843|2844|2845|2849|2852|2854|2858,"RuntimeError: Could not switch the geometry.
The following agents would be outside of the new geometry: 3349, 3352, 3358
"
right_connector_narrow_0p8,"((18.15, 19.15, 18.6, 22.85), (19.4, 19.15, 19.85, 22.85))",9,AJ3J1,2,10.0,81,0,0,0,,,,
upper_left_narrow_0p8,"((6.25, 23.15, 10.75, 24.6), (6.25, 25.4, 10.75, 26.85))",9,AJ3J1,3,10.0,84,6,7,9,2804|2820|2826|2828|2852|2856,2804|2806|2820|2826|2828|2852|2856,2804|2806|2808|2820|2821|2826|2828|2852|2856,"RuntimeError: Could not switch the geometry.
The following agents would be outside of the new geometry: 2904, 2920, 2926, 2928, 2952, 2956
"
upper_left_narrow_1p2,"((6.25, 23.15, 10.75, 24.4), (6.25, 25.6, 10.75, 26.85))",9,AJ3J1,3,10.0,84,6,7,9,2804|2820|2826|2828|2852|2856,2804|2806|2820|2826|2828|2852|2856,2804|2806|2808|2820|2821|2826|2828|2852|2856,"RuntimeError: Could not switch the geometry.
The following agents would be outside of the new geometry: 3004, 3020, 3026, 3028, 3052, 3056
"
upper_right_narrow_0p8,"((13.25, 23.15, 17.75, 24.6), (13.25, 25.4, 17.75, 26.85))",9,AJ3J1,3,10.0,84,0,0,0,,,,
upper_right_narrow_1p2,"((13.25, 23.15, 17.75, 24.4), (13.25, 25.6, 17.75, 26.85))",9,AJ3J1,3,10.0,84,0,0,0,,,,
left_connector_narrow_0p8,"((4.15, 19.15, 4.6, 22.85), (5.4, 19.15, 5.85, 22.85))",9,AJ3J1,3,10.0,84,3,6,10,2847|2850|2854,2843|2847|2850|2854|2858|2859,2843|2844|2845|2846|2847|2848|2850|2854|2858|2859,"RuntimeError: Could not switch the geometry.
The following agents would be outside of the new geometry: 3347, 3350, 3354
"
right_connector_narrow_0p8,"((18.15, 19.15, 18.6, 22.85), (19.4, 19.15, 19.85, 22.85))",9,AJ3J1,3,10.0,84,0,0,0,,,,
upper_left_narrow_0p8,"((6.25, 23.15, 10.75, 24.6), (6.25, 25.4, 10.75, 26.85))",8,AJ3B,4,10.0,83,6,6,8,2804|2809|2812|2815|2817|2832,2804|2809|2812|2815|2817|2832,2804|2806|2809|2810|2812|2815|2817|2832,"RuntimeError: Could not switch the geometry.
The following agents would be outside of the new geometry: 2904, 2909, 2912, 2915, 2917, 2932
"
upper_left_narrow_1p2,"((6.25, 23.15, 10.75, 24.4), (6.25, 25.6, 10.75, 26.85))",8,AJ3B,4,10.0,83,6,6,8,2804|2809|2812|2815|2817|2832,2804|2809|2812|2815|2817|2832,2804|2806|2809|2810|2812|2815|2817|2832,"RuntimeError: Could not switch the geometry.
The following agents would be outside of the new geometry: 3004, 3009, 3012, 3015, 3017, 3032
"
upper_right_narrow_0p8,"((13.25, 23.15, 17.75, 24.6), (13.25, 25.4, 17.75, 26.85))",8,AJ3B,4,10.0,83,0,0,0,,,,
upper_right_narrow_1p2,"((13.25, 23.15, 17.75, 24.4), (13.25, 25.6, 17.75, 26.85))",8,AJ3B,4,10.0,83,0,0,0,,,,
left_connector_narrow_0p8,"((4.15, 19.15, 4.6, 22.85), (5.4, 19.15, 5.85, 22.85))",8,AJ3B,4,10.0,83,0,0,0,,,,
right_connector_narrow_0p8,"((18.15, 19.15, 18.6, 22.85), (19.4, 19.15, 19.85, 22.85))",8,AJ3B,4,10.0,83,0,0,0,,,,
upper_left_narrow_0p8,"((6.25, 23.15, 10.75, 24.6), (6.25, 25.4, 10.75, 26.85))",10,AJ3A,0,10.0,82,6,7,8,2801|2807|2814|2827|2828|2833,2801|2807|2814|2827|2828|2833|2837,2801|2807|2814|2827|2828|2833|2835|2837,"RuntimeError: Could not switch the geometry.
The following agents would be outside of the new geometry: 2901, 2907, 2914, 2927, 2928, 2933
"
upper_left_narrow_1p2,"((6.25, 23.15, 10.75, 24.4), (6.25, 25.6, 10.75, 26.85))",10,AJ3A,0,10.0,82,5,7,8,2807|2814|2827|2828|2833,2801|2807|2814|2827|2828|2833|2837,2801|2807|2814|2827|2828|2833|2835|2837,"RuntimeError: Could not switch the geometry.
The following agents would be outside of the new geometry: 3007, 3014, 3027, 3028, 3033
"
upper_right_narrow_0p8,"((13.25, 23.15, 17.75, 24.6), (13.25, 25.4, 17.75, 26.85))",10,AJ3A,0,10.0,82,0,0,0,,,,
upper_right_narrow_1p2,"((13.25, 23.15, 17.75, 24.4), (13.25, 25.6, 17.75, 26.85))",10,AJ3A,0,10.0,82,0,0,0,,,,
left_connector_narrow_0p8,"((4.15, 19.15, 4.6, 22.85), (5.4, 19.15, 5.85, 22.85))",10,AJ3A,0,10.0,82,5,6,8,2841|2844|2853|2859|2860,2841|2844|2853|2859|2860|2865,2841|2844|2850|2853|2857|2859|2860|2865,"RuntimeError: Could not switch the geometry.
The following agents would be outside of the new geometry: 3341, 3344, 3353, 3359, 3360
"
right_connector_narrow_0p8,"((18.15, 19.15, 18.6, 22.85), (19.4, 19.15, 19.85, 22.85))",10,AJ3A,0,10.0,82,0,0,0,,,,
upper_left_narrow_0p8,"((6.25, 23.15, 10.75, 24.6), (6.25, 25.4, 10.75, 26.85))",9,AJ3J1,4,10.0,83,8,8,11,2804|2809|2812|2815|2817|2832|2858|2860,2804|2809|2812|2815|2817|2832|2858|2860,2804|2806|2809|2810|2812|2815|2817|2832|2857|2858|2860,"RuntimeError: Could not switch the geometry.
The following agents would be outside of the new geometry: 2904, 2909, 2912, 2915, 2917, 2932, 2958, 2960
"
upper_left_narrow_1p2,"((6.25, 23.15, 10.75, 24.4), (6.25, 25.6, 10.75, 26.85))",9,AJ3J1,4,10.0,83,8,8,11,2804|2809|2812|2815|2817|2832|2858|2860,2804|2809|2812|2815|2817|2832|2858|2860,2804|2806|2809|2810|2812|2815|2817|2832|2857|2858|2860,"RuntimeError: Could not switch the geometry.
The following agents would be outside of the new geometry: 3004, 3009, 3012, 3015, 3017, 3032, 3058, 3060
"
upper_right_narrow_0p8,"((13.25, 23.15, 17.75, 24.6), (13.25, 25.4, 17.75, 26.85))",9,AJ3J1,4,10.0,83,0,0,0,,,,
upper_right_narrow_1p2,"((13.25, 23.15, 17.75, 24.4), (13.25, 25.6, 17.75, 26.85))",9,AJ3J1,4,10.0,83,0,0,0,,,,
left_connector_narrow_0p8,"((4.15, 19.15, 4.6, 22.85), (5.4, 19.15, 5.85, 22.85))",9,AJ3J1,4,10.0,83,4,5,8,2844|2852|2854|2855,2844|2847|2852|2854|2855,2844|2845|2847|2849|2852|2854|2855|2856,"RuntimeError: Could not switch the geometry.
The following agents would be outside of the new geometry: 3344, 3352, 3354, 3355
"
right_connector_narrow_0p8,"((18.15, 19.15, 18.6, 22.85), (19.4, 19.15, 19.85, 22.85))",9,AJ3J1,4,10.0,83,0,0,0,,,,
upper_left_narrow_0p8,"((6.25, 23.15, 10.75, 24.6), (6.25, 25.4, 10.75, 26.85))",10,AJ3A,1,10.0,82,6,6,7,2805|2808|2811|2812|2833|2834,2805|2808|2811|2812|2833|2834,2802|2805|2808|2811|2812|2833|2834,"RuntimeError: Could not switch the geometry.
The following agents would be outside of the new geometry: 2905, 2908, 2911, 2912, 2933, 2934
"
upper_left_narrow_1p2,"((6.25, 23.15, 10.75, 24.4), (6.25, 25.6, 10.75, 26.85))",10,AJ3A,1,10.0,82,6,6,7,2805|2808|2811|2812|2833|2834,2805|2808|2811|2812|2833|2834,2802|2805|2808|2811|2812|2833|2834,"RuntimeError: Could not switch the geometry.
The following agents would be outside of the new geometry: 3005, 3008, 3011, 3012, 3033, 3034
"
upper_right_narrow_0p8,"((13.25, 23.15, 17.75, 24.6), (13.25, 25.4, 17.75, 26.85))",10,AJ3A,1,10.0,82,0,0,0,,,,
upper_right_narrow_1p2,"((13.25, 23.15, 17.75, 24.4), (13.25, 25.6, 17.75, 26.85))",10,AJ3A,1,10.0,82,0,0,0,,,,
left_connector_narrow_0p8,"((4.15, 19.15, 4.6, 22.85), (5.4, 19.15, 5.85, 22.85))",10,AJ3A,1,10.0,82,5,7,10,2841|2846|2852|2859|2860,2841|2842|2846|2847|2852|2859|2860,2841|2842|2846|2847|2849|2851|2852|2855|2859|2860,"RuntimeError: Could not switch the geometry.
The following agents would be outside of the new geometry: 3341, 3346, 3352, 3359, 3360
"
right_connector_narrow_0p8,"((18.15, 19.15, 18.6, 22.85), (19.4, 19.15, 19.85, 22.85))",10,AJ3A,1,10.0,82,0,0,0,,,,
upper_left_narrow_0p8,"((6.25, 23.15, 10.75, 24.6), (6.25, 25.4, 10.75, 26.85))",10,AJ3A,2,10.0,81,5,5,6,2808|2817|2820|2836|2838,2808|2817|2820|2836|2838,2808|2817|2820|2835|2836|2838,"RuntimeError: Could not switch the geometry.
The following agents would be outside of the new geometry: 2908, 2917, 2920, 2936, 2938
"
upper_left_narrow_1p2,"((6.25, 23.15, 10.75, 24.4), (6.25, 25.6, 10.75, 26.85))",10,AJ3A,2,10.0,81,5,5,6,2808|2817|2820|2836|2838,2808|2817|2820|2836|2838,2808|2817|2820|2835|2836|2838,"RuntimeError: Could not switch the geometry.
The following agents would be outside of the new geometry: 3008, 3017, 3020, 3036, 3038
"
upper_right_narrow_0p8,"((13.25, 23.15, 17.75, 24.6), (13.25, 25.4, 17.75, 26.85))",10,AJ3A,2,10.0,81,0,0,0,,,,
upper_right_narrow_1p2,"((13.25, 23.15, 17.75, 24.4), (13.25, 25.6, 17.75, 26.85))",10,AJ3A,2,10.0,81,0,0,0,,,,
left_connector_narrow_0p8,"((4.15, 19.15, 4.6, 22.85), (5.4, 19.15, 5.85, 22.85))",10,AJ3A,2,10.0,81,4,6,7,2841|2845|2854|2862,2841|2845|2849|2854|2858|2862,2841|2845|2849|2852|2854|2858|2862,"RuntimeError: Could not switch the geometry.
The following agents would be outside of the new geometry: 3341, 3345, 3354, 3362
"
right_connector_narrow_0p8,"((18.15, 19.15, 18.6, 22.85), (19.4, 19.15, 19.85, 22.85))",10,AJ3A,2,10.0,81,0,0,0,,,,
upper_left_narrow_0p8,"((6.25, 23.15, 10.75, 24.6), (6.25, 25.4, 10.75, 26.85))",10,AJ3A,3,10.0,84,4,5,7,2804|2820|2826|2828,2804|2806|2820|2826|2828,2804|2806|2808|2820|2821|2826|2828,"RuntimeError: Could not switch the geometry.
The following agents would be outside of the new geometry: 2904, 2920, 2926, 2928
"
upper_left_narrow_1p2,"((6.25, 23.15, 10.75, 24.4), (6.25, 25.6, 10.75, 26.85))",10,AJ3A,3,10.0,84,4,5,7,2804|2820|2826|2828,2804|2806|2820|2826|2828,2804|2806|2808|2820|2821|2826|2828,"RuntimeError: Could not switch the geometry.
The following agents would be outside of the new geometry: 3004, 3020, 3026, 3028
"
upper_right_narrow_0p8,"((13.25, 23.15, 17.75, 24.6), (13.25, 25.4, 17.75, 26.85))",10,AJ3A,3,10.0,84,0,0,0,,,,
upper_right_narrow_1p2,"((13.25, 23.15, 17.75, 24.4), (13.25, 25.6, 17.75, 26.85))",10,AJ3A,3,10.0,84,0,0,0,,,,
left_connector_narrow_0p8,"((4.15, 19.15, 4.6, 22.85), (5.4, 19.15, 5.85, 22.85))",10,AJ3A,3,10.0,84,3,7,11,2843|2848|2859,2841|2843|2844|2847|2848|2850|2859,2841|2843|2844|2845|2846|2847|2848|2850|2857|2858|2859,"RuntimeError: Could not switch the geometry.
The following agents would be outside of the new geometry: 3343, 3348, 3359
"
right_connector_narrow_0p8,"((18.15, 19.15, 18.6, 22.85), (19.4, 19.15, 19.85, 22.85))",10,AJ3A,3,10.0,84,0,0,0,,,,
upper_left_narrow_0p8,"((6.25, 23.15, 10.75, 24.6), (6.25, 25.4, 10.75, 26.85))",10,AJ3A,4,10.0,83,6,6,8,2804|2809|2812|2815|2817|2832,2804|2809|2812|2815|2817|2832,2804|2806|2809|2810|2812|2815|2817|2832,"RuntimeError: Could not switch the geometry.
The following agents would be outside of the new geometry: 2904, 2909, 2912, 2915, 2917, 2932
"
upper_left_narrow_1p2,"((6.25, 23.15, 10.75, 24.4), (6.25, 25.6, 10.75, 26.85))",10,AJ3A,4,10.0,83,6,6,8,2804|2809|2812|2815|2817|2832,2804|2809|2812|2815|2817|2832,2804|2806|2809|2810|2812|2815|2817|2832,"RuntimeError: Could not switch the geometry.
The following agents would be outside of the new geometry: 3004, 3009, 3012, 3015, 3017, 3032
"
upper_right_narrow_0p8,"((13.25, 23.15, 17.75, 24.6), (13.25, 25.4, 17.75, 26.85))",10,AJ3A,4,10.0,83,0,0,0,,,,
upper_right_narrow_1p2,"((13.25, 23.15, 17.75, 24.4), (13.25, 25.6, 17.75, 26.85))",10,AJ3A,4,10.0,83,0,0,0,,,,
left_connector_narrow_0p8,"((4.15, 19.15, 4.6, 22.85), (5.4, 19.15, 5.85, 22.85))",10,AJ3A,4,10.0,83,4,7,10,2845|2847|2856|2857,2843|2844|2845|2847|2855|2856|2857,2841|2843|2844|2845|2847|2849|2852|2855|2856|2857,"RuntimeError: Could not switch the geometry.
The following agents would be outside of the new geometry: 3345, 3347, 3356, 3357
"
right_connector_narrow_0p8,"((18.15, 19.15, 18.6, 22.85), (19.4, 19.15, 19.85, 22.85))",10,AJ3A,4,10.0,83,0,0,0,,,,
upper_left_narrow_0p8,"((6.25, 23.15, 10.75, 24.6), (6.25, 25.4, 10.75, 26.85))",11,CCB,1,10.0,82,0,0,0,,,,
upper_left_narrow_1p2,"((6.25, 23.15, 10.75, 24.4), (6.25, 25.6, 10.75, 26.85))",11,CCB,1,10.0,82,0,0,0,,,,
upper_right_narrow_0p8,"((13.25, 23.15, 17.75, 24.6), (13.25, 25.4, 17.75, 26.85))",11,CCB,1,10.0,82,6,7,7,3502|3508|3511|3512|3534|3538,3502|3505|3508|3511|3512|3534|3538,3502|3505|3508|3511|3512|3534|3538,"RuntimeError: Could not switch the geometry.
The following agents would be outside of the new geometry: 3802, 3808, 3811, 3812, 3834, 3838
"
upper_right_narrow_1p2,"((13.25, 23.15, 17.75, 24.4), (13.25, 25.6, 17.75, 26.85))",11,CCB,1,10.0,82,6,7,7,3502|3508|3511|3512|3534|3538,3502|3505|3508|3511|3512|3534|3538,3502|3505|3508|3511|3512|3534|3538,"RuntimeError: Could not switch the geometry.
The following agents would be outside of the new geometry: 3902, 3908, 3911, 3912, 3934, 3938
"
left_connector_narrow_0p8,"((4.15, 19.15, 4.6, 22.85), (5.4, 19.15, 5.85, 22.85))",11,CCB,1,10.0,82,0,0,0,,,,
right_connector_narrow_0p8,"((18.15, 19.15, 18.6, 22.85), (19.4, 19.15, 19.85, 22.85))",11,CCB,1,10.0,82,2,2,3,3571|3572,3571|3572,3571|3572|3574,"RuntimeError: Could not switch the geometry.
The following agents would be outside of the new geometry: 4171, 4172
"
upper_left_narrow_0p8,"((6.25, 23.15, 10.75, 24.6), (6.25, 25.4, 10.75, 26.85))",11,CCB,0,10.0,82,0,0,0,,,,
upper_left_narrow_1p2,"((6.25, 23.15, 10.75, 24.4), (6.25, 25.6, 10.75, 26.85))",11,CCB,0,10.0,82,0,0,0,,,,
upper_right_narrow_0p8,"((13.25, 23.15, 17.75, 24.6), (13.25, 25.4, 17.75, 26.85))",11,CCB,0,10.0,82,5,6,7,3514|3527|3528|3533|3537,3507|3514|3527|3528|3533|3537,3501|3507|3514|3527|3528|3533|3537,"RuntimeError: Could not switch the geometry.
The following agents would be outside of the new geometry: 3814, 3827, 3828, 3833, 3837
"
upper_right_narrow_1p2,"((13.25, 23.15, 17.75, 24.4), (13.25, 25.6, 17.75, 26.85))",11,CCB,0,10.0,82,5,6,7,3514|3527|3528|3533|3537,3507|3514|3527|3528|3533|3537,3501|3507|3514|3527|3528|3533|3537,"RuntimeError: Could not switch the geometry.
The following agents would be outside of the new geometry: 3914, 3927, 3928, 3933, 3937
"
left_connector_narrow_0p8,"((4.15, 19.15, 4.6, 22.85), (5.4, 19.15, 5.85, 22.85))",11,CCB,0,10.0,82,0,0,0,,,,
right_connector_narrow_0p8,"((18.15, 19.15, 18.6, 22.85), (19.4, 19.15, 19.85, 22.85))",11,CCB,0,10.0,82,1,1,4,3578,3578,3565|3572|3578|3580,"RuntimeError: Could not switch the geometry.
The following agents would be outside of the new geometry: 4178
"
upper_left_narrow_0p8,"((6.25, 23.15, 10.75, 24.6), (6.25, 25.4, 10.75, 26.85))",12,CCJ1,1,10.0,82,2,2,3,3545|3556,3545|3556,3545|3555|3556,"RuntimeError: Could not switch the geometry.
The following agents would be outside of the new geometry: 3645, 3656
"
upper_left_narrow_1p2,"((6.25, 23.15, 10.75, 24.4), (6.25, 25.6, 10.75, 26.85))",12,CCJ1,1,10.0,82,2,2,3,3545|3556,3545|3556,3545|3555|3556,"RuntimeError: Could not switch the geometry.
The following agents would be outside of the new geometry: 3745, 3756
"
upper_right_narrow_0p8,"((13.25, 23.15, 17.75, 24.6), (13.25, 25.4, 17.75, 26.85))",12,CCJ1,1,10.0,82,6,7,7,3502|3508|3511|3512|3534|3538,3502|3505|3508|3511|3512|3534|3538,3502|3505|3508|3511|3512|3534|3538,"RuntimeError: Could not switch the geometry.
The following agents would be outside of the new geometry: 3802, 3808, 3811, 3812, 3834, 3838
"
upper_right_narrow_1p2,"((13.25, 23.15, 17.75, 24.4), (13.25, 25.6, 17.75, 26.85))",12,CCJ1,1,10.0,82,6,7,7,3502|3508|3511|3512|3534|3538,3502|3505|3508|3511|3512|3534|3538,3502|3505|3508|3511|3512|3534|3538,"RuntimeError: Could not switch the geometry.
The following agents would be outside of the new geometry: 3902, 3908, 3911, 3912, 3934, 3938
"
left_connector_narrow_0p8,"((4.15, 19.15, 4.6, 22.85), (5.4, 19.15, 5.85, 22.85))",12,CCJ1,1,10.0,82,4,6,9,3542|3551|3552|3560,3542|3547|3551|3552|3553|3560,3542|3546|3547|3549|3551|3552|3553|3559|3560,"RuntimeError: Could not switch the geometry.
The following agents would be outside of the new geometry: 4042, 4051, 4052, 4060
"
right_connector_narrow_0p8,"((18.15, 19.15, 18.6, 22.85), (19.4, 19.15, 19.85, 22.85))",12,CCJ1,1,10.0,82,2,2,3,3571|3572,3571|3572,3571|3572|3574,"RuntimeError: Could not switch the geometry.
The following agents would be outside of the new geometry: 4171, 4172
"
upper_left_narrow_0p8,"((6.25, 23.15, 10.75, 24.6), (6.25, 25.4, 10.75, 26.85))",11,CCB,2,10.0,81,0,0,0,,,,
upper_left_narrow_1p2,"((6.25, 23.15, 10.75, 24.4), (6.25, 25.6, 10.75, 26.85))",11,CCB,2,10.0,81,0,0,0,,,,
upper_right_narrow_0p8,"((13.25, 23.15, 17.75, 24.6), (13.25, 25.4, 17.75, 26.85))",11,CCB,2,10.0,81,6,6,7,3508|3517|3520|3527|3536|3538,3508|3517|3520|3527|3536|3538,3508|3517|3520|3527|3535|3536|3538,"RuntimeError: Could not switch the geometry.
The following agents would be outside of the new geometry: 3808, 3817, 3820, 3827, 3836, 3838
"
upper_right_narrow_1p2,"((13.25, 23.15, 17.75, 24.4), (13.25, 25.6, 17.75, 26.85))",11,CCB,2,10.0,81,4,6,7,3508|3520|3527|3538,3508|3517|3520|3527|3536|3538,3508|3517|3520|3527|3535|3536|3538,"RuntimeError: Could not switch the geometry.
The following agents would be outside of the new geometry: 3908, 3920, 3927, 3938
"
left_connector_narrow_0p8,"((4.15, 19.15, 4.6, 22.85), (5.4, 19.15, 5.85, 22.85))",11,CCB,2,10.0,81,0,0,0,,,,
right_connector_narrow_0p8,"((18.15, 19.15, 18.6, 22.85), (19.4, 19.15, 19.85, 22.85))",11,CCB,2,10.0,81,2,2,3,3562|3573,3562|3573,3562|3565|3573,"RuntimeError: Could not switch the geometry.
The following agents would be outside of the new geometry: 4162, 4173
"
upper_left_narrow_0p8,"((6.25, 23.15, 10.75, 24.6), (6.25, 25.4, 10.75, 26.85))",11,CCB,3,10.0,84,0,0,0,,,,
upper_left_narrow_1p2,"((6.25, 23.15, 10.75, 24.4), (6.25, 25.6, 10.75, 26.85))",11,CCB,3,10.0,84,0,0,0,,,,
upper_right_narrow_0p8,"((13.25, 23.15, 17.75, 24.6), (13.25, 25.4, 17.75, 26.85))",11,CCB,3,10.0,84,5,6,6,3504|3506|3520|3521|3526,3504|3506|3508|3520|3521|3526,3504|3506|3508|3520|3521|3526,"RuntimeError: Could not switch the geometry.
The following agents would be outside of the new geometry: 3804, 3806, 3820, 3821, 3826
"
upper_right_narrow_1p2,"((13.25, 23.15, 17.75, 24.4), (13.25, 25.6, 17.75, 26.85))",11,CCB,3,10.0,84,5,6,6,3504|3506|3520|3521|3526,3504|3506|3508|3520|3521|3526,3504|3506|3508|3520|3521|3526,"RuntimeError: Could not switch the geometry.
The following agents would be outside of the new geometry: 3904, 3906, 3920, 3921, 3926
"
left_connector_narrow_0p8,"((4.15, 19.15, 4.6, 22.85), (5.4, 19.15, 5.85, 22.85))",11,CCB,3,10.0,84,0,0,0,,,,
right_connector_narrow_0p8,"((18.15, 19.15, 18.6, 22.85), (19.4, 19.15, 19.85, 22.85))",11,CCB,3,10.0,84,1,2,3,3567,3567|3576,3567|3570|3576,"RuntimeError: Could not switch the geometry.
The following agents would be outside of the new geometry: 4167
"
upper_left_narrow_0p8,"((6.25, 23.15, 10.75, 24.6), (6.25, 25.4, 10.75, 26.85))",12,CCJ1,0,10.0,82,2,2,2,3546|3554,3546|3554,3546|3554,"RuntimeError: Could not switch the geometry.
The following agents would be outside of the new geometry: 3646, 3654
"
upper_left_narrow_1p2,"((6.25, 23.15, 10.75, 24.4), (6.25, 25.6, 10.75, 26.85))",12,CCJ1,0,10.0,82,2,2,2,3546|3554,3546|3554,3546|3554,"RuntimeError: Could not switch the geometry.
The following agents would be outside of the new geometry: 3746, 3754
"
upper_right_narrow_0p8,"((13.25, 23.15, 17.75, 24.6), (13.25, 25.4, 17.75, 26.85))",12,CCJ1,0,10.0,82,5,6,7,3514|3527|3528|3533|3537,3507|3514|3527|3528|3533|3537,3501|3507|3514|3527|3528|3533|3537,"RuntimeError: Could not switch the geometry.
The following agents would be outside of the new geometry: 3814, 3827, 3828, 3833, 3837
"
upper_right_narrow_1p2,"((13.25, 23.15, 17.75, 24.4), (13.25, 25.6, 17.75, 26.85))",12,CCJ1,0,10.0,82,5,6,7,3514|3527|3528|3533|3537,3507|3514|3527|3528|3533|3537,3501|3507|3514|3527|3528|3533|3537,"RuntimeError: Could not switch the geometry.
The following agents would be outside of the new geometry: 3914, 3927, 3928, 3933, 3937
"
left_connector_narrow_0p8,"((4.15, 19.15, 4.6, 22.85), (5.4, 19.15, 5.85, 22.85))",12,CCJ1,0,10.0,82,4,6,8,3544|3545|3550|3557,3544|3545|3550|3557|3559|3560,3544|3545|3550|3552|3553|3557|3559|3560,"RuntimeError: Could not switch the geometry.
The following agents would be outside of the new geometry: 4044, 4045, 4050, 4057
"
right_connector_narrow_0p8,"((18.15, 19.15, 18.6, 22.85), (19.4, 19.15, 19.85, 22.85))",12,CCJ1,0,10.0,82,1,1,4,3578,3578,3565|3572|3578|3580,"RuntimeError: Could not switch the geometry.
The following agents would be outside of the new geometry: 4178
"
upper_left_narrow_0p8,"((6.25, 23.15, 10.75, 24.6), (6.25, 25.4, 10.75, 26.85))",12,CCJ1,3,10.0,84,2,2,2,3552|3556,3552|3556,3552|3556,"RuntimeError: Could not switch the geometry.
The following agents would be outside of the new geometry: 3652, 3656
"
upper_left_narrow_1p2,"((6.25, 23.15, 10.75, 24.4), (6.25, 25.6, 10.75, 26.85))",12,CCJ1,3,10.0,84,2,2,2,3552|3556,3552|3556,3552|3556,"RuntimeError: Could not switch the geometry.
The following agents would be outside of the new geometry: 3752, 3756
"
upper_right_narrow_0p8,"((13.25, 23.15, 17.75, 24.6), (13.25, 25.4, 17.75, 26.85))",12,CCJ1,3,10.0,84,5,6,6,3504|3506|3520|3521|3526,3504|3506|3508|3520|3521|3526,3504|3506|3508|3520|3521|3526,"RuntimeError: Could not switch the geometry.
The following agents would be outside of the new geometry: 3804, 3806, 3820, 3821, 3826
"
upper_right_narrow_1p2,"((13.25, 23.15, 17.75, 24.4), (13.25, 25.6, 17.75, 26.85))",12,CCJ1,3,10.0,84,5,6,6,3504|3506|3520|3521|3526,3504|3506|3508|3520|3521|3526,3504|3506|3508|3520|3521|3526,"RuntimeError: Could not switch the geometry.
The following agents would be outside of the new geometry: 3904, 3906, 3920, 3921, 3926
"
left_connector_narrow_0p8,"((4.15, 19.15, 4.6, 22.85), (5.4, 19.15, 5.85, 22.85))",12,CCJ1,3,10.0,84,3,7,11,3547|3550|3554,3543|3545|3547|3550|3554|3558|3559,3541|3543|3544|3545|3546|3547|3548|3550|3554|3558|3559,"RuntimeError: Could not switch the geometry.
The following agents would be outside of the new geometry: 4047, 4050, 4054
"
right_connector_narrow_0p8,"((18.15, 19.15, 18.6, 22.85), (19.4, 19.15, 19.85, 22.85))",12,CCJ1,3,10.0,84,1,2,3,3567,3567|3576,3567|3570|3576,"RuntimeError: Could not switch the geometry.
The following agents would be outside of the new geometry: 4167
"
upper_left_narrow_0p8,"((6.25, 23.15, 10.75, 24.6), (6.25, 25.4, 10.75, 26.85))",12,CCJ1,2,10.0,81,2,2,2,3551|3556,3551|3556,3551|3556,"RuntimeError: Could not switch the geometry.
The following agents would be outside of the new geometry: 3651, 3656
"
upper_left_narrow_1p2,"((6.25, 23.15, 10.75, 24.4), (6.25, 25.6, 10.75, 26.85))",12,CCJ1,2,10.0,81,2,2,2,3551|3556,3551|3556,3551|3556,"RuntimeError: Could not switch the geometry.
The following agents would be outside of the new geometry: 3751, 3756
"
upper_right_narrow_0p8,"((13.25, 23.15, 17.75, 24.6), (13.25, 25.4, 17.75, 26.85))",12,CCJ1,2,10.0,81,6,6,7,3508|3517|3520|3527|3536|3538,3508|3517|3520|3527|3536|3538,3508|3517|3520|3527|3535|3536|3538,"RuntimeError: Could not switch the geometry.
The following agents would be outside of the new geometry: 3808, 3817, 3820, 3827, 3836, 3838
"
upper_right_narrow_1p2,"((13.25, 23.15, 17.75, 24.4), (13.25, 25.6, 17.75, 26.85))",12,CCJ1,2,10.0,81,4,6,7,3508|3520|3527|3538,3508|3517|3520|3527|3536|3538,3508|3517|3520|3527|3535|3536|3538,"RuntimeError: Could not switch the geometry.
The following agents would be outside of the new geometry: 3908, 3920, 3927, 3938
"
left_connector_narrow_0p8,"((4.15, 19.15, 4.6, 22.85), (5.4, 19.15, 5.85, 22.85))",12,CCJ1,2,10.0,81,3,3,6,3549|3552|3558,3549|3552|3558,3544|3545|3549|3552|3554|3558,"RuntimeError: Could not switch the geometry.
The following agents would be outside of the new geometry: 4049, 4052, 4058
"
right_connector_narrow_0p8,"((18.15, 19.15, 18.6, 22.85), (19.4, 19.15, 19.85, 22.85))",12,CCJ1,2,10.0,81,2,2,3,3562|3573,3562|3573,3562|3565|3573,"RuntimeError: Could not switch the geometry.
The following agents would be outside of the new geometry: 4162, 4173
"
upper_left_narrow_0p8,"((6.25, 23.15, 10.75, 24.6), (6.25, 25.4, 10.75, 26.85))",11,CCB,4,10.0,83,0,0,0,,,,
upper_left_narrow_1p2,"((6.25, 23.15, 10.75, 24.4), (6.25, 25.6, 10.75, 26.85))",11,CCB,4,10.0,83,0,0,0,,,,
upper_right_narrow_0p8,"((13.25, 23.15, 17.75, 24.6), (13.25, 25.4, 17.75, 26.85))",11,CCB,4,10.0,83,6,6,8,3504|3509|3510|3512|3517|3532,3504|3509|3510|3512|3517|3532,3504|3506|3509|3510|3512|3515|3517|3532,"RuntimeError: Could not switch the geometry.
The following agents would be outside of the new geometry: 3804, 3809, 3810, 3812, 3817, 3832
"
upper_right_narrow_1p2,"((13.25, 23.15, 17.75, 24.4), (13.25, 25.6, 17.75, 26.85))",11,CCB,4,10.0,83,5,6,8,3504|3509|3512|3517|3532,3504|3509|3510|3512|3517|3532,3504|3506|3509|3510|3512|3515|3517|3532,"RuntimeError: Could not switch the geometry.
The following agents would be outside of the new geometry: 3904, 3909, 3912, 3917, 3932
"
left_connector_narrow_0p8,"((4.15, 19.15, 4.6, 22.85), (5.4, 19.15, 5.85, 22.85))",11,CCB,4,10.0,83,0,0,0,,,,
right_connector_narrow_0p8,"((18.15, 19.15, 18.6, 22.85), (19.4, 19.15, 19.85, 22.85))",11,CCB,4,10.0,83,1,2,3,3570,3570|3579,3570|3571|3579,"RuntimeError: Could not switch the geometry.
The following agents would be outside of the new geometry: 4170
"
upper_left_narrow_0p8,"((6.25, 23.15, 10.75, 24.6), (6.25, 25.4, 10.75, 26.85))",12,CCJ1,4,10.0,83,2,2,3,3558|3560,3558|3560,3557|3558|3560,"RuntimeError: Could not switch the geometry.
The following agents would be outside of the new geometry: 3658, 3660
"
upper_left_narrow_1p2,"((6.25, 23.15, 10.75, 24.4), (6.25, 25.6, 10.75, 26.85))",12,CCJ1,4,10.0,83,2,2,3,3558|3560,3558|3560,3557|3558|3560,"RuntimeError: Could not switch the geometry.
The following agents would be outside of the new geometry: 3758, 3760
"
upper_right_narrow_0p8,"((13.25, 23.15, 17.75, 24.6), (13.25, 25.4, 17.75, 26.85))",12,CCJ1,4,10.0,83,6,6,8,3504|3509|3510|3512|3517|3532,3504|3509|3510|3512|3517|3532,3504|3506|3509|3510|3512|3515|3517|3532,"RuntimeError: Could not switch the geometry.
The following agents would be outside of the new geometry: 3804, 3809, 3810, 3812, 3817, 3832
"
upper_right_narrow_1p2,"((13.25, 23.15, 17.75, 24.4), (13.25, 25.6, 17.75, 26.85))",12,CCJ1,4,10.0,83,5,6,8,3504|3509|3512|3517|3532,3504|3509|3510|3512|3517|3532,3504|3506|3509|3510|3512|3515|3517|3532,"RuntimeError: Could not switch the geometry.
The following agents would be outside of the new geometry: 3904, 3909, 3912, 3917, 3932
"
left_connector_narrow_0p8,"((4.15, 19.15, 4.6, 22.85), (5.4, 19.15, 5.85, 22.85))",12,CCJ1,4,10.0,83,4,5,8,3544|3552|3554|3555,3544|3547|3552|3554|3555,3544|3545|3547|3549|3552|3554|3555|3556,"RuntimeError: Could not switch the geometry.
The following agents would be outside of the new geometry: 4044, 4052, 4054, 4055
"
right_connector_narrow_0p8,"((18.15, 19.15, 18.6, 22.85), (19.4, 19.15, 19.85, 22.85))",12,CCJ1,4,10.0,83,1,2,3,3570,3570|3579,3570|3571|3579,"RuntimeError: Could not switch the geometry.
The following agents would be outside of the new geometry: 4170
"
upper_left_narrow_0p8,"((6.25, 23.15, 10.75, 24.6), (6.25, 25.4, 10.75, 26.85))",13,CCJ2,0,10.0,82,0,0,0,,,,
upper_left_narrow_1p2,"((6.25, 23.15, 10.75, 24.4), (6.25, 25.6, 10.75, 26.85))",13,CCJ2,0,10.0,82,0,0,0,,,,
upper_right_narrow_0p8,"((13.25, 23.15, 17.75, 24.6), (13.25, 25.4, 17.75, 26.85))",13,CCJ2,0,10.0,82,5,6,7,3514|3527|3528|3533|3537,3507|3514|3527|3528|3533|3537,3501|3507|3514|3527|3528|3533|3537,"RuntimeError: Could not switch the geometry.
The following agents would be outside of the new geometry: 3814, 3827, 3828, 3833, 3837
"
upper_right_narrow_1p2,"((13.25, 23.15, 17.75, 24.4), (13.25, 25.6, 17.75, 26.85))",13,CCJ2,0,10.0,82,5,6,7,3514|3527|3528|3533|3537,3507|3514|3527|3528|3533|3537,3501|3507|3514|3527|3528|3533|3537,"RuntimeError: Could not switch the geometry.
The following agents would be outside of the new geometry: 3914, 3927, 3928, 3933, 3937
"
left_connector_narrow_0p8,"((4.15, 19.15, 4.6, 22.85), (5.4, 19.15, 5.85, 22.85))",13,CCJ2,0,10.0,82,0,0,0,,,,
right_connector_narrow_0p8,"((18.15, 19.15, 18.6, 22.85), (19.4, 19.15, 19.85, 22.85))",13,CCJ2,0,10.0,82,1,1,4,3578,3578,3565|3572|3578|3580,"RuntimeError: Could not switch the geometry.
The following agents would be outside of the new geometry: 4178
"
upper_left_narrow_0p8,"((6.25, 23.15, 10.75, 24.6), (6.25, 25.4, 10.75, 26.85))",13,CCJ2,1,10.0,82,0,0,0,,,,
upper_left_narrow_1p2,"((6.25, 23.15, 10.75, 24.4), (6.25, 25.6, 10.75, 26.85))",13,CCJ2,1,10.0,82,0,0,0,,,,
upper_right_narrow_0p8,"((13.25, 23.15, 17.75, 24.6), (13.25, 25.4, 17.75, 26.85))",13,CCJ2,1,10.0,82,6,7,7,4202|4208|4211|4212|4234|4238,4202|4205|4208|4211|4212|4234|4238,4202|4205|4208|4211|4212|4234|4238,"RuntimeError: Could not switch the geometry.
The following agents would be outside of the new geometry: 4502, 4508, 4511, 4512, 4534, 4538
"
upper_right_narrow_1p2,"((13.25, 23.15, 17.75, 24.4), (13.25, 25.6, 17.75, 26.85))",13,CCJ2,1,10.0,82,6,7,7,4202|4208|4211|4212|4234|4238,4202|4205|4208|4211|4212|4234|4238,4202|4205|4208|4211|4212|4234|4238,"RuntimeError: Could not switch the geometry.
The following agents would be outside of the new geometry: 4602, 4608, 4611, 4612, 4634, 4638
"
left_connector_narrow_0p8,"((4.15, 19.15, 4.6, 22.85), (5.4, 19.15, 5.85, 22.85))",13,CCJ2,1,10.0,82,0,0,0,,,,
right_connector_narrow_0p8,"((18.15, 19.15, 18.6, 22.85), (19.4, 19.15, 19.85, 22.85))",13,CCJ2,1,10.0,82,2,2,3,4271|4272,4271|4272,4271|4272|4274,"RuntimeError: Could not switch the geometry.
The following agents would be outside of the new geometry: 4871, 4872
"
upper_left_narrow_0p8,"((6.25, 23.15, 10.75, 24.6), (6.25, 25.4, 10.75, 26.85))",13,CCJ2,2,10.0,81,0,0,0,,,,
upper_left_narrow_1p2,"((6.25, 23.15, 10.75, 24.4), (6.25, 25.6, 10.75, 26.85))",13,CCJ2,2,10.0,81,0,0,0,,,,
upper_right_narrow_0p8,"((13.25, 23.15, 17.75, 24.6), (13.25, 25.4, 17.75, 26.85))",13,CCJ2,2,10.0,81,6,6,7,4208|4217|4220|4227|4236|4238,4208|4217|4220|4227|4236|4238,4208|4217|4220|4227|4235|4236|4238,"RuntimeError: Could not switch the geometry.
The following agents would be outside of the new geometry: 4508, 4517, 4520, 4527, 4536, 4538
"
upper_right_narrow_1p2,"((13.25, 23.15, 17.75, 24.4), (13.25, 25.6, 17.75, 26.85))",13,CCJ2,2,10.0,81,4,6,7,4208|4220|4227|4238,4208|4217|4220|4227|4236|4238,4208|4217|4220|4227|4235|4236|4238,"RuntimeError: Could not switch the geometry.
The following agents would be outside of the new geometry: 4608, 4620, 4627, 4638
"
left_connector_narrow_0p8,"((4.15, 19.15, 4.6, 22.85), (5.4, 19.15, 5.85, 22.85))",13,CCJ2,2,10.0,81,0,0,0,,,,
right_connector_narrow_0p8,"((18.15, 19.15, 18.6, 22.85), (19.4, 19.15, 19.85, 22.85))",13,CCJ2,2,10.0,81,2,2,3,4262|4273,4262|4273,4262|4265|4273,"RuntimeError: Could not switch the geometry.
The following agents would be outside of the new geometry: 4862, 4873
"
upper_left_narrow_0p8,"((6.25, 23.15, 10.75, 24.6), (6.25, 25.4, 10.75, 26.85))",14,CCA,1,10.0,82,0,0,0,,,,
upper_left_narrow_1p2,"((6.25, 23.15, 10.75, 24.4), (6.25, 25.6, 10.75, 26.85))",14,CCA,1,10.0,82,0,0,0,,,,
upper_right_narrow_0p8,"((13.25, 23.15, 17.75, 24.6), (13.25, 25.4, 17.75, 26.85))",14,CCA,1,10.0,82,6,7,7,4202|4208|4211|4212|4234|4238,4202|4205|4208|4211|4212|4234|4238,4202|4205|4208|4211|4212|4234|4238,"RuntimeError: Could not switch the geometry.
The following agents would be outside of the new geometry: 4502, 4508, 4511, 4512, 4534, 4538
"
upper_right_narrow_1p2,"((13.25, 23.15, 17.75, 24.4), (13.25, 25.6, 17.75, 26.85))",14,CCA,1,10.0,82,6,7,7,4202|4208|4211|4212|4234|4238,4202|4205|4208|4211|4212|4234|4238,4202|4205|4208|4211|4212|4234|4238,"RuntimeError: Could not switch the geometry.
The following agents would be outside of the new geometry: 4602, 4608, 4611, 4612, 4634, 4638
"
left_connector_narrow_0p8,"((4.15, 19.15, 4.6, 22.85), (5.4, 19.15, 5.85, 22.85))",14,CCA,1,10.0,82,5,7,10,4241|4246|4252|4259|4260,4241|4242|4246|4247|4252|4259|4260,4241|4242|4246|4247|4249|4251|4252|4255|4259|4260,"RuntimeError: Could not switch the geometry.
The following agents would be outside of the new geometry: 4741, 4746, 4752, 4759, 4760
"
right_connector_narrow_0p8,"((18.15, 19.15, 18.6, 22.85), (19.4, 19.15, 19.85, 22.85))",14,CCA,1,10.0,82,2,2,3,4271|4272,4271|4272,4271|4272|4274,"RuntimeError: Could not switch the geometry.
The following agents would be outside of the new geometry: 4871, 4872
"
upper_left_narrow_0p8,"((6.25, 23.15, 10.75, 24.6), (6.25, 25.4, 10.75, 26.85))",14,CCA,0,10.0,82,0,0,0,,,,
upper_left_narrow_1p2,"((6.25, 23.15, 10.75, 24.4), (6.25, 25.6, 10.75, 26.85))",14,CCA,0,10.0,82,0,0,0,,,,
upper_right_narrow_0p8,"((13.25, 23.15, 17.75, 24.6), (13.25, 25.4, 17.75, 26.85))",14,CCA,0,10.0,82,5,6,7,4214|4227|4228|4233|4237,4207|4214|4227|4228|4233|4237,4201|4207|4214|4227|4228|4233|4237,"RuntimeError: Could not switch the geometry.
The following agents would be outside of the new geometry: 4514, 4527, 4528, 4533, 4537
"
upper_right_narrow_1p2,"((13.25, 23.15, 17.75, 24.4), (13.25, 25.6, 17.75, 26.85))",14,CCA,0,10.0,82,5,6,7,4214|4227|4228|4233|4237,4207|4214|4227|4228|4233|4237,4201|4207|4214|4227|4228|4233|4237,"RuntimeError: Could not switch the geometry.
The following agents would be outside of the new geometry: 4614, 4627, 4628, 4633, 4637
"
left_connector_narrow_0p8,"((4.15, 19.15, 4.6, 22.85), (5.4, 19.15, 5.85, 22.85))",14,CCA,0,10.0,82,5,5,8,4241|4244|4253|4259|4260,4241|4244|4253|4259|4260,4241|4244|4247|4250|4253|4257|4259|4260,"RuntimeError: Could not switch the geometry.
The following agents would be outside of the new geometry: 4741, 4744, 4753, 4759, 4760
"
right_connector_narrow_0p8,"((18.15, 19.15, 18.6, 22.85), (19.4, 19.15, 19.85, 22.85))",14,CCA,0,10.0,82,1,1,4,4278,4278,4265|4272|4278|4280,"RuntimeError: Could not switch the geometry.
The following agents would be outside of the new geometry: 4878
"
upper_left_narrow_0p8,"((6.25, 23.15, 10.75, 24.6), (6.25, 25.4, 10.75, 26.85))",13,CCJ2,4,10.0,83,0,0,0,,,,
upper_left_narrow_1p2,"((6.25, 23.15, 10.75, 24.4), (6.25, 25.6, 10.75, 26.85))",13,CCJ2,4,10.0,83,0,0,0,,,,
upper_right_narrow_0p8,"((13.25, 23.15, 17.75, 24.6), (13.25, 25.4, 17.75, 26.85))",13,CCJ2,4,10.0,83,6,6,8,4204|4209|4210|4212|4217|4232,4204|4209|4210|4212|4217|4232,4204|4206|4209|4210|4212|4215|4217|4232,"RuntimeError: Could not switch the geometry.
The following agents would be outside of the new geometry: 4504, 4509, 4510, 4512, 4517, 4532
"
upper_right_narrow_1p2,"((13.25, 23.15, 17.75, 24.4), (13.25, 25.6, 17.75, 26.85))",13,CCJ2,4,10.0,83,5,6,8,4204|4209|4212|4217|4232,4204|4209|4210|4212|4217|4232,4204|4206|4209|4210|4212|4215|4217|4232,"RuntimeError: Could not switch the geometry.
The following agents would be outside of the new geometry: 4604, 4609, 4612, 4617, 4632
"
left_connector_narrow_0p8,"((4.15, 19.15, 4.6, 22.85), (5.4, 19.15, 5.85, 22.85))",13,CCJ2,4,10.0,83,0,0,0,,,,
right_connector_narrow_0p8,"((18.15, 19.15, 18.6, 22.85), (19.4, 19.15, 19.85, 22.85))",13,CCJ2,4,10.0,83,1,2,3,4270,4270|4279,4270|4271|4279,"RuntimeError: Could not switch the geometry.
The following agents would be outside of the new geometry: 4870
"
upper_left_narrow_0p8,"((6.25, 23.15, 10.75, 24.6), (6.25, 25.4, 10.75, 26.85))",13,CCJ2,3,10.0,84,0,0,0,,,,
upper_left_narrow_1p2,"((6.25, 23.15, 10.75, 24.4), (6.25, 25.6, 10.75, 26.85))",13,CCJ2,3,10.0,84,0,0,0,,,,
upper_right_narrow_0p8,"((13.25, 23.15, 17.75, 24.6), (13.25, 25.4, 17.75, 26.85))",13,CCJ2,3,10.0,84,5,6,6,4204|4206|4220|4221|4226,4204|4206|4208|4220|4221|4226,4204|4206|4208|4220|4221|4226,"RuntimeError: Could not switch the geometry.
The following agents would be outside of the new geometry: 4504, 4506, 4520, 4521, 4526
"
upper_right_narrow_1p2,"((13.25, 23.15, 17.75, 24.4), (13.25, 25.6, 17.75, 26.85))",13,CCJ2,3,10.0,84,5,6,6,4204|4206|4220|4221|4226,4204|4206|4208|4220|4221|4226,4204|4206|4208|4220|4221|4226,"RuntimeError: Could not switch the geometry.
The following agents would be outside of the new geometry: 4604, 4606, 4620, 4621, 4626
"
left_connector_narrow_0p8,"((4.15, 19.15, 4.6, 22.85), (5.4, 19.15, 5.85, 22.85))",13,CCJ2,3,10.0,84,0,0,0,,,,
right_connector_narrow_0p8,"((18.15, 19.15, 18.6, 22.85), (19.4, 19.15, 19.85, 22.85))",13,CCJ2,3,10.0,84,1,2,3,4267,4267|4276,4267|4270|4276,"RuntimeError: Could not switch the geometry.
The following agents would be outside of the new geometry: 4867
"
upper_left_narrow_0p8,"((6.25, 23.15, 10.75, 24.6), (6.25, 25.4, 10.75, 26.85))",14,CCA,2,10.0,81,0,0,0,,,,
upper_left_narrow_1p2,"((6.25, 23.15, 10.75, 24.4), (6.25, 25.6, 10.75, 26.85))",14,CCA,2,10.0,81,0,0,0,,,,
upper_right_narrow_0p8,"((13.25, 23.15, 17.75, 24.6), (13.25, 25.4, 17.75, 26.85))",14,CCA,2,10.0,81,6,6,7,4208|4217|4220|4227|4236|4238,4208|4217|4220|4227|4236|4238,4208|4217|4220|4227|4235|4236|4238,"RuntimeError: Could not switch the geometry.
The following agents would be outside of the new geometry: 4508, 4517, 4520, 4527, 4536, 4538
"
upper_right_narrow_1p2,"((13.25, 23.15, 17.75, 24.4), (13.25, 25.6, 17.75, 26.85))",14,CCA,2,10.0,81,4,6,7,4208|4220|4227|4238,4208|4217|4220|4227|4236|4238,4208|4217|4220|4227|4235|4236|4238,"RuntimeError: Could not switch the geometry.
The following agents would be outside of the new geometry: 4608, 4620, 4627, 4638
"
left_connector_narrow_0p8,"((4.15, 19.15, 4.6, 22.85), (5.4, 19.15, 5.85, 22.85))",14,CCA,2,10.0,81,3,5,7,4241|4245|4254,4241|4245|4249|4254|4258,4241|4243|4245|4249|4252|4254|4258,"RuntimeError: Could not switch the geometry.
The following agents would be outside of the new geometry: 4741, 4745, 4754
"
right_connector_narrow_0p8,"((18.15, 19.15, 18.6, 22.85), (19.4, 19.15, 19.85, 22.85))",14,CCA,2,10.0,81,2,2,3,4262|4273,4262|4273,4262|4265|4273,"RuntimeError: Could not switch the geometry.
The following agents would be outside of the new geometry: 4862, 4873
"
upper_left_narrow_0p8,"((6.25, 23.15, 10.75, 24.6), (6.25, 25.4, 10.75, 26.85))",14,CCA,3,10.0,84,0,0,0,,,,
upper_left_narrow_1p2,"((6.25, 23.15, 10.75, 24.4), (6.25, 25.6, 10.75, 26.85))",14,CCA,3,10.0,84,0,0,0,,,,
upper_right_narrow_0p8,"((13.25, 23.15, 17.75, 24.6), (13.25, 25.4, 17.75, 26.85))",14,CCA,3,10.0,84,5,6,6,4204|4206|4220|4221|4226,4204|4206|4208|4220|4221|4226,4204|4206|4208|4220|4221|4226,"RuntimeError: Could not switch the geometry.
The following agents would be outside of the new geometry: 4504, 4506, 4520, 4521, 4526
"
upper_right_narrow_1p2,"((13.25, 23.15, 17.75, 24.4), (13.25, 25.6, 17.75, 26.85))",14,CCA,3,10.0,84,5,6,6,4204|4206|4220|4221|4226,4204|4206|4208|4220|4221|4226,4204|4206|4208|4220|4221|4226,"RuntimeError: Could not switch the geometry.
The following agents would be outside of the new geometry: 4604, 4606, 4620, 4621, 4626
"
left_connector_narrow_0p8,"((4.15, 19.15, 4.6, 22.85), (5.4, 19.15, 5.85, 22.85))",14,CCA,3,10.0,84,4,7,10,4241|4243|4248|4259,4241|4243|4244|4247|4248|4250|4259,4241|4243|4244|4245|4246|4247|4248|4250|4258|4259,"RuntimeError: Could not switch the geometry.
The following agents would be outside of the new geometry: 4741, 4743, 4748, 4759
"
right_connector_narrow_0p8,"((18.15, 19.15, 18.6, 22.85), (19.4, 19.15, 19.85, 22.85))",14,CCA,3,10.0,84,1,2,3,4267,4267|4276,4267|4270|4276,"RuntimeError: Could not switch the geometry.
The following agents would be outside of the new geometry: 4867
"
upper_left_narrow_0p8,"((6.25, 23.15, 10.75, 24.6), (6.25, 25.4, 10.75, 26.85))",14,CCA,4,10.0,83,0,0,0,,,,
upper_left_narrow_1p2,"((6.25, 23.15, 10.75, 24.4), (6.25, 25.6, 10.75, 26.85))",14,CCA,4,10.0,83,0,0,0,,,,
upper_right_narrow_0p8,"((13.25, 23.15, 17.75, 24.6), (13.25, 25.4, 17.75, 26.85))",14,CCA,4,10.0,83,6,6,8,4204|4209|4210|4212|4217|4232,4204|4209|4210|4212|4217|4232,4204|4206|4209|4210|4212|4215|4217|4232,"RuntimeError: Could not switch the geometry.
The following agents would be outside of the new geometry: 4504, 4509, 4510, 4512, 4517, 4532
"
upper_right_narrow_1p2,"((13.25, 23.15, 17.75, 24.4), (13.25, 25.6, 17.75, 26.85))",14,CCA,4,10.0,83,5,6,8,4204|4209|4212|4217|4232,4204|4209|4210|4212|4217|4232,4204|4206|4209|4210|4212|4215|4217|4232,"RuntimeError: Could not switch the geometry.
The following agents would be outside of the new geometry: 4604, 4609, 4612, 4617, 4632
"
left_connector_narrow_0p8,"((4.15, 19.15, 4.6, 22.85), (5.4, 19.15, 5.85, 22.85))",14,CCA,4,10.0,83,5,7,10,4243|4245|4247|4256|4257,4243|4244|4245|4247|4255|4256|4257,4241|4243|4244|4245|4247|4249|4252|4255|4256|4257,"RuntimeError: Could not switch the geometry.
The following agents would be outside of the new geometry: 4743, 4745, 4747, 4756, 4757
"
right_connector_narrow_0p8,"((18.15, 19.15, 18.6, 22.85), (19.4, 19.15, 19.85, 22.85))",14,CCA,4,10.0,83,1,2,3,4270,4270|4279,4270|4271|4279,"RuntimeError: Could not switch the geometry.
The following agents would be outside of the new geometry: 4870
"
upper_left_narrow_0p8,"((6.25, 23.15, 10.75, 24.6), (6.25, 25.4, 10.75, 26.85))",15,CJ1B,0,10.0,82,0,0,0,,,,
upper_left_narrow_1p2,"((6.25, 23.15, 10.75, 24.4), (6.25, 25.6, 10.75, 26.85))",15,CJ1B,0,10.0,82,0,0,0,,,,
upper_right_narrow_0p8,"((13.25, 23.15, 17.75, 24.6), (13.25, 25.4, 17.75, 26.85))",15,CJ1B,0,10.0,82,5,6,7,4214|4227|4228|4233|4237,4207|4214|4227|4228|4233|4237,4201|4207|4214|4227|4228|4233|4237,"RuntimeError: Could not switch the geometry.
The following agents would be outside of the new geometry: 4514, 4527, 4528, 4533, 4537
"
upper_right_narrow_1p2,"((13.25, 23.15, 17.75, 24.4), (13.25, 25.6, 17.75, 26.85))",15,CJ1B,0,10.0,82,5,6,7,4214|4227|4228|4233|4237,4207|4214|4227|4228|4233|4237,4201|4207|4214|4227|4228|4233|4237,"RuntimeError: Could not switch the geometry.
The following agents would be outside of the new geometry: 4614, 4627, 4628, 4633, 4637
"
left_connector_narrow_0p8,"((4.15, 19.15, 4.6, 22.85), (5.4, 19.15, 5.85, 22.85))",15,CJ1B,0,10.0,82,0,0,0,,,,
right_connector_narrow_0p8,"((18.15, 19.15, 18.6, 22.85), (19.4, 19.15, 19.85, 22.85))",15,CJ1B,0,10.0,82,2,2,4,4265|4278,4265|4278,4265|4272|4278|4280,"RuntimeError: Could not switch the geometry.
The following agents would be outside of the new geometry: 4865, 4878
"
upper_left_narrow_0p8,"((6.25, 23.15, 10.75, 24.6), (6.25, 25.4, 10.75, 26.85))",15,CJ1B,1,10.0,82,0,0,0,,,,
upper_left_narrow_1p2,"((6.25, 23.15, 10.75, 24.4), (6.25, 25.6, 10.75, 26.85))",15,CJ1B,1,10.0,82,0,0,0,,,,
upper_right_narrow_0p8,"((13.25, 23.15, 17.75, 24.6), (13.25, 25.4, 17.75, 26.85))",15,CJ1B,1,10.0,82,6,7,7,4202|4208|4211|4212|4234|4238,4202|4205|4208|4211|4212|4234|4238,4202|4205|4208|4211|4212|4234|4238,"RuntimeError: Could not switch the geometry.
The following agents would be outside of the new geometry: 4502, 4508, 4511, 4512, 4534, 4538
"
upper_right_narrow_1p2,"((13.25, 23.15, 17.75, 24.4), (13.25, 25.6, 17.75, 26.85))",15,CJ1B,1,10.0,82,6,7,7,4202|4208|4211|4212|4234|4238,4202|4205|4208|4211|4212|4234|4238,4202|4205|4208|4211|4212|4234|4238,"RuntimeError: Could not switch the geometry.
The following agents would be outside of the new geometry: 4602, 4608, 4611, 4612, 4634, 4638
"
left_connector_narrow_0p8,"((4.15, 19.15, 4.6, 22.85), (5.4, 19.15, 5.85, 22.85))",15,CJ1B,1,10.0,82,0,0,0,,,,
right_connector_narrow_0p8,"((18.15, 19.15, 18.6, 22.85), (19.4, 19.15, 19.85, 22.85))",15,CJ1B,1,10.0,82,3,3,3,4271|4272|4274,4271|4272|4274,4271|4272|4274,"RuntimeError: Could not switch the geometry.
The following agents would be outside of the new geometry: 4871, 4872, 4874
"
upper_left_narrow_0p8,"((6.25, 23.15, 10.75, 24.6), (6.25, 25.4, 10.75, 26.85))",16,CJ1J1,1,10.0,82,2,2,3,4945|4956,4945|4956,4945|4955|4956,"RuntimeError: Could not switch the geometry.
The following agents would be outside of the new geometry: 5045, 5056
"
upper_left_narrow_1p2,"((6.25, 23.15, 10.75, 24.4), (6.25, 25.6, 10.75, 26.85))",16,CJ1J1,1,10.0,82,2,2,3,4945|4956,4945|4956,4945|4955|4956,"RuntimeError: Could not switch the geometry.
The following agents would be outside of the new geometry: 5145, 5156
"
upper_right_narrow_0p8,"((13.25, 23.15, 17.75, 24.6), (13.25, 25.4, 17.75, 26.85))",16,CJ1J1,1,10.0,82,6,7,7,4902|4908|4911|4912|4934|4938,4902|4905|4908|4911|4912|4934|4938,4902|4905|4908|4911|4912|4934|4938,"RuntimeError: Could not switch the geometry.
The following agents would be outside of the new geometry: 5202, 5208, 5211, 5212, 5234, 5238
"
upper_right_narrow_1p2,"((13.25, 23.15, 17.75, 24.4), (13.25, 25.6, 17.75, 26.85))",16,CJ1J1,1,10.0,82,6,7,7,4902|4908|4911|4912|4934|4938,4902|4905|4908|4911|4912|4934|4938,4902|4905|4908|4911|4912|4934|4938,"RuntimeError: Could not switch the geometry.
The following agents would be outside of the new geometry: 5302, 5308, 5311, 5312, 5334, 5338
"
left_connector_narrow_0p8,"((4.15, 19.15, 4.6, 22.85), (5.4, 19.15, 5.85, 22.85))",16,CJ1J1,1,10.0,82,4,6,9,4942|4951|4952|4960,4942|4947|4951|4952|4953|4960,4942|4946|4947|4949|4951|4952|4953|4959|4960,"RuntimeError: Could not switch the geometry.
The following agents would be outside of the new geometry: 5442, 5451, 5452, 5460
"
right_connector_narrow_0p8,"((18.15, 19.15, 18.6, 22.85), (19.4, 19.15, 19.85, 22.85))",16,CJ1J1,1,10.0,82,3,3,3,4971|4972|4974,4971|4972|4974,4971|4972|4974,"RuntimeError: Could not switch the geometry.
The following agents would be outside of the new geometry: 5571, 5572, 5574
"
upper_left_narrow_0p8,"((6.25, 23.15, 10.75, 24.6), (6.25, 25.4, 10.75, 26.85))",16,CJ1J1,0,10.0,82,2,2,2,4946|4954,4946|4954,4946|4954,"RuntimeError: Could not switch the geometry.
The following agents would be outside of the new geometry: 5046, 5054
"
upper_left_narrow_1p2,"((6.25, 23.15, 10.75, 24.4), (6.25, 25.6, 10.75, 26.85))",16,CJ1J1,0,10.0,82,2,2,2,4946|4954,4946|4954,4946|4954,"RuntimeError: Could not switch the geometry.
The following agents would be outside of the new geometry: 5146, 5154
"
upper_right_narrow_0p8,"((13.25, 23.15, 17.75, 24.6), (13.25, 25.4, 17.75, 26.85))",16,CJ1J1,0,10.0,82,5,6,7,4914|4927|4928|4933|4937,4907|4914|4927|4928|4933|4937,4901|4907|4914|4927|4928|4933|4937,"RuntimeError: Could not switch the geometry.
The following agents would be outside of the new geometry: 5214, 5227, 5228, 5233, 5237
"
upper_right_narrow_1p2,"((13.25, 23.15, 17.75, 24.4), (13.25, 25.6, 17.75, 26.85))",16,CJ1J1,0,10.0,82,5,6,7,4914|4927|4928|4933|4937,4907|4914|4927|4928|4933|4937,4901|4907|4914|4927|4928|4933|4937,"RuntimeError: Could not switch the geometry.
The following agents would be outside of the new geometry: 5314, 5327, 5328, 5333, 5337
"
left_connector_narrow_0p8,"((4.15, 19.15, 4.6, 22.85), (5.4, 19.15, 5.85, 22.85))",16,CJ1J1,0,10.0,82,4,6,8,4944|4945|4950|4957,4944|4945|4950|4957|4959|4960,4944|4945|4950|4952|4953|4957|4959|4960,"RuntimeError: Could not switch the geometry.
The following agents would be outside of the new geometry: 5444, 5445, 5450, 5457
"
right_connector_narrow_0p8,"((18.15, 19.15, 18.6, 22.85), (19.4, 19.15, 19.85, 22.85))",16,CJ1J1,0,10.0,82,2,2,4,4965|4978,4965|4978,4965|4972|4978|4980,"RuntimeError: Could not switch the geometry.
The following agents would be outside of the new geometry: 5565, 5578
"
upper_left_narrow_0p8,"((6.25, 23.15, 10.75, 24.6), (6.25, 25.4, 10.75, 26.85))",15,CJ1B,2,10.0,81,0,0,0,,,,
upper_left_narrow_1p2,"((6.25, 23.15, 10.75, 24.4), (6.25, 25.6, 10.75, 26.85))",15,CJ1B,2,10.0,81,0,0,0,,,,
upper_right_narrow_0p8,"((13.25, 23.15, 17.75, 24.6), (13.25, 25.4, 17.75, 26.85))",15,CJ1B,2,10.0,81,6,6,7,4908|4917|4920|4927|4936|4938,4908|4917|4920|4927|4936|4938,4908|4917|4920|4927|4935|4936|4938,"RuntimeError: Could not switch the geometry.
The following agents would be outside of the new geometry: 5208, 5217, 5220, 5227, 5236, 5238
"
upper_right_narrow_1p2,"((13.25, 23.15, 17.75, 24.4), (13.25, 25.6, 17.75, 26.85))",15,CJ1B,2,10.0,81,4,6,7,4908|4920|4927|4938,4908|4917|4920|4927|4936|4938,4908|4917|4920|4927|4935|4936|4938,"RuntimeError: Could not switch the geometry.
The following agents would be outside of the new geometry: 5308, 5320, 5327, 5338
"
left_connector_narrow_0p8,"((4.15, 19.15, 4.6, 22.85), (5.4, 19.15, 5.85, 22.85))",15,CJ1B,2,10.0,81,0,0,0,,,,
right_connector_narrow_0p8,"((18.15, 19.15, 18.6, 22.85), (19.4, 19.15, 19.85, 22.85))",15,CJ1B,2,10.0,81,3,3,3,4962|4965|4973,4962|4965|4973,4962|4965|4973,"RuntimeError: Could not switch the geometry.
The following agents would be outside of the new geometry: 5562, 5565, 5573
"
upper_left_narrow_0p8,"((6.25, 23.15, 10.75, 24.6), (6.25, 25.4, 10.75, 26.85))",15,CJ1B,3,10.0,84,0,0,0,,,,
upper_left_narrow_1p2,"((6.25, 23.15, 10.75, 24.4), (6.25, 25.6, 10.75, 26.85))",15,CJ1B,3,10.0,84,0,0,0,,,,
upper_right_narrow_0p8,"((13.25, 23.15, 17.75, 24.6), (13.25, 25.4, 17.75, 26.85))",15,CJ1B,3,10.0,84,5,6,6,4904|4906|4920|4921|4926,4904|4906|4908|4920|4921|4926,4904|4906|4908|4920|4921|4926,"RuntimeError: Could not switch the geometry.
The following agents would be outside of the new geometry: 5204, 5206, 5220, 5221, 5226
"
upper_right_narrow_1p2,"((13.25, 23.15, 17.75, 24.4), (13.25, 25.6, 17.75, 26.85))",15,CJ1B,3,10.0,84,5,6,6,4904|4906|4920|4921|4926,4904|4906|4908|4920|4921|4926,4904|4906|4908|4920|4921|4926,"RuntimeError: Could not switch the geometry.
The following agents would be outside of the new geometry: 5304, 5306, 5320, 5321, 5326
"
left_connector_narrow_0p8,"((4.15, 19.15, 4.6, 22.85), (5.4, 19.15, 5.85, 22.85))",15,CJ1B,3,10.0,84,0,0,0,,,,
right_connector_narrow_0p8,"((18.15, 19.15, 18.6, 22.85), (19.4, 19.15, 19.85, 22.85))",15,CJ1B,3,10.0,84,2,3,3,4967|4970,4967|4970|4976,4967|4970|4976,"RuntimeError: Could not switch the geometry.
The following agents would be outside of the new geometry: 5567, 5570
"
upper_left_narrow_0p8,"((6.25, 23.15, 10.75, 24.6), (6.25, 25.4, 10.75, 26.85))",16,CJ1J1,2,10.0,81,2,2,2,4951|4956,4951|4956,4951|4956,"RuntimeError: Could not switch the geometry.
The following agents would be outside of the new geometry: 5051, 5056
"
upper_left_narrow_1p2,"((6.25, 23.15, 10.75, 24.4), (6.25, 25.6, 10.75, 26.85))",16,CJ1J1,2,10.0,81,2,2,2,4951|4956,4951|4956,4951|4956,"RuntimeError: Could not switch the geometry.
The following agents would be outside of the new geometry: 5151, 5156
"
upper_right_narrow_0p8,"((13.25, 23.15, 17.75, 24.6), (13.25, 25.4, 17.75, 26.85))",16,CJ1J1,2,10.0,81,6,6,7,4908|4917|4920|4927|4936|4938,4908|4917|4920|4927|4936|4938,4908|4917|4920|4927|4935|4936|4938,"RuntimeError: Could not switch the geometry.
The following agents would be outside of the new geometry: 5208, 5217, 5220, 5227, 5236, 5238
"
upper_right_narrow_1p2,"((13.25, 23.15, 17.75, 24.4), (13.25, 25.6, 17.75, 26.85))",16,CJ1J1,2,10.0,81,4,6,7,4908|4920|4927|4938,4908|4917|4920|4927|4936|4938,4908|4917|4920|4927|4935|4936|4938,"RuntimeError: Could not switch the geometry.
The following agents would be outside of the new geometry: 5308, 5320, 5327, 5338
"
left_connector_narrow_0p8,"((4.15, 19.15, 4.6, 22.85), (5.4, 19.15, 5.85, 22.85))",16,CJ1J1,2,10.0,81,3,3,6,4949|4952|4958,4949|4952|4958,4944|4945|4949|4952|4954|4958,"RuntimeError: Could not switch the geometry.
The following agents would be outside of the new geometry: 5449, 5452, 5458
"
right_connector_narrow_0p8,"((18.15, 19.15, 18.6, 22.85), (19.4, 19.15, 19.85, 22.85))",16,CJ1J1,2,10.0,81,3,3,3,4962|4965|4973,4962|4965|4973,4962|4965|4973,"RuntimeError: Could not switch the geometry.
The following agents would be outside of the new geometry: 5562, 5565, 5573
"
upper_left_narrow_0p8,"((6.25, 23.15, 10.75, 24.6), (6.25, 25.4, 10.75, 26.85))",16,CJ1J1,3,10.0,84,2,2,2,4952|4956,4952|4956,4952|4956,"RuntimeError: Could not switch the geometry.
The following agents would be outside of the new geometry: 5052, 5056
"
upper_left_narrow_1p2,"((6.25, 23.15, 10.75, 24.4), (6.25, 25.6, 10.75, 26.85))",16,CJ1J1,3,10.0,84,2,2,2,4952|4956,4952|4956,4952|4956,"RuntimeError: Could not switch the geometry.
The following agents would be outside of the new geometry: 5152, 5156
"
upper_right_narrow_0p8,"((13.25, 23.15, 17.75, 24.6), (13.25, 25.4, 17.75, 26.85))",16,CJ1J1,3,10.0,84,5,6,6,4904|4906|4920|4921|4926,4904|4906|4908|4920|4921|4926,4904|4906|4908|4920|4921|4926,"RuntimeError: Could not switch the geometry.
The following agents would be outside of the new geometry: 5204, 5206, 5220, 5221, 5226
"
upper_right_narrow_1p2,"((13.25, 23.15, 17.75, 24.4), (13.25, 25.6, 17.75, 26.85))",16,CJ1J1,3,10.0,84,5,6,6,4904|4906|4920|4921|4926,4904|4906|4908|4920|4921|4926,4904|4906|4908|4920|4921|4926,"RuntimeError: Could not switch the geometry.
The following agents would be outside of the new geometry: 5304, 5306, 5320, 5321, 5326
"
left_connector_narrow_0p8,"((4.15, 19.15, 4.6, 22.85), (5.4, 19.15, 5.85, 22.85))",16,CJ1J1,3,10.0,84,3,7,11,4947|4950|4954,4943|4945|4947|4950|4954|4958|4959,4941|4943|4944|4945|4946|4947|4948|4950|4954|4958|4959,"RuntimeError: Could not switch the geometry.
The following agents would be outside of the new geometry: 5447, 5450, 5454
"
right_connector_narrow_0p8,"((18.15, 19.15, 18.6, 22.85), (19.4, 19.15, 19.85, 22.85))",16,CJ1J1,3,10.0,84,2,3,3,4967|4970,4967|4970|4976,4967|4970|4976,"RuntimeError: Could not switch the geometry.
The following agents would be outside of the new geometry: 5567, 5570
"
upper_left_narrow_0p8,"((6.25, 23.15, 10.75, 24.6), (6.25, 25.4, 10.75, 26.85))",16,CJ1J1,4,10.0,83,2,2,3,4958|4960,4958|4960,4957|4958|4960,"RuntimeError: Could not switch the geometry.
The following agents would be outside of the new geometry: 5058, 5060
"
upper_left_narrow_1p2,"((6.25, 23.15, 10.75, 24.4), (6.25, 25.6, 10.75, 26.85))",16,CJ1J1,4,10.0,83,2,2,3,4958|4960,4958|4960,4957|4958|4960,"RuntimeError: Could not switch the geometry.
The following agents would be outside of the new geometry: 5158, 5160
"
upper_right_narrow_0p8,"((13.25, 23.15, 17.75, 24.6), (13.25, 25.4, 17.75, 26.85))",16,CJ1J1,4,10.0,83,6,6,8,4904|4909|4910|4912|4917|4932,4904|4909|4910|4912|4917|4932,4904|4906|4909|4910|4912|4915|4917|4932,"RuntimeError: Could not switch the geometry.
The following agents would be outside of the new geometry: 5204, 5209, 5210, 5212, 5217, 5232
"
upper_right_narrow_1p2,"((13.25, 23.15, 17.75, 24.4), (13.25, 25.6, 17.75, 26.85))",16,CJ1J1,4,10.0,83,5,6,8,4904|4909|4912|4917|4932,4904|4909|4910|4912|4917|4932,4904|4906|4909|4910|4912|4915|4917|4932,"RuntimeError: Could not switch the geometry.
The following agents would be outside of the new geometry: 5304, 5309, 5312, 5317, 5332
"
left_connector_narrow_0p8,"((4.15, 19.15, 4.6, 22.85), (5.4, 19.15, 5.85, 22.85))",16,CJ1J1,4,10.0,83,4,5,8,4944|4952|4954|4955,4944|4947|4952|4954|4955,4944|4945|4947|4949|4952|4954|4955|4956,"RuntimeError: Could not switch the geometry.
The following agents would be outside of the new geometry: 5444, 5452, 5454, 5455
"
right_connector_narrow_0p8,"((18.15, 19.15, 18.6, 22.85), (19.4, 19.15, 19.85, 22.85))",16,CJ1J1,4,10.0,83,2,3,3,4970|4979,4970|4971|4979,4970|4971|4979,"RuntimeError: Could not switch the geometry.
The following agents would be outside of the new geometry: 5570, 5579
"
upper_left_narrow_0p8,"((6.25, 23.15, 10.75, 24.6), (6.25, 25.4, 10.75, 26.85))",15,CJ1B,4,10.0,83,0,0,0,,,,
upper_left_narrow_1p2,"((6.25, 23.15, 10.75, 24.4), (6.25, 25.6, 10.75, 26.85))",15,CJ1B,4,10.0,83,0,0,0,,,,
upper_right_narrow_0p8,"((13.25, 23.15, 17.75, 24.6), (13.25, 25.4, 17.75, 26.85))",15,CJ1B,4,10.0,83,6,6,8,4904|4909|4910|4912|4917|4932,4904|4909|4910|4912|4917|4932,4904|4906|4909|4910|4912|4915|4917|4932,"RuntimeError: Could not switch the geometry.
The following agents would be outside of the new geometry: 5204, 5209, 5210, 5212, 5217, 5232
"
upper_right_narrow_1p2,"((13.25, 23.15, 17.75, 24.4), (13.25, 25.6, 17.75, 26.85))",15,CJ1B,4,10.0,83,5,6,8,4904|4909|4912|4917|4932,4904|4909|4910|4912|4917|4932,4904|4906|4909|4910|4912|4915|4917|4932,"RuntimeError: Could not switch the geometry.
The following agents would be outside of the new geometry: 5304, 5309, 5312, 5317, 5332
"
left_connector_narrow_0p8,"((4.15, 19.15, 4.6, 22.85), (5.4, 19.15, 5.85, 22.85))",15,CJ1B,4,10.0,83,0,0,0,,,,
right_connector_narrow_0p8,"((18.15, 19.15, 18.6, 22.85), (19.4, 19.15, 19.85, 22.85))",15,CJ1B,4,10.0,83,2,3,3,4970|4979,4970|4971|4979,4970|4971|4979,"RuntimeError: Could not switch the geometry.
The following agents would be outside of the new geometry: 5570, 5579
"
upper_left_narrow_0p8,"((6.25, 23.15, 10.75, 24.6), (6.25, 25.4, 10.75, 26.85))",17,CJ1J2,0,10.0,82,0,0,0,,,,
upper_left_narrow_1p2,"((6.25, 23.15, 10.75, 24.4), (6.25, 25.6, 10.75, 26.85))",17,CJ1J2,0,10.0,82,0,0,0,,,,
upper_right_narrow_0p8,"((13.25, 23.15, 17.75, 24.6), (13.25, 25.4, 17.75, 26.85))",17,CJ1J2,0,10.0,82,5,6,7,4914|4927|4928|4933|4937,4907|4914|4927|4928|4933|4937,4901|4907|4914|4927|4928|4933|4937,"RuntimeError: Could not switch the geometry.
The following agents would be outside of the new geometry: 5214, 5227, 5228, 5233, 5237
"
upper_right_narrow_1p2,"((13.25, 23.15, 17.75, 24.4), (13.25, 25.6, 17.75, 26.85))",17,CJ1J2,0,10.0,82,5,6,7,4914|4927|4928|4933|4937,4907|4914|4927|4928|4933|4937,4901|4907|4914|4927|4928|4933|4937,"RuntimeError: Could not switch the geometry.
The following agents would be outside of the new geometry: 5314, 5327, 5328, 5333, 5337
"
left_connector_narrow_0p8,"((4.15, 19.15, 4.6, 22.85), (5.4, 19.15, 5.85, 22.85))",17,CJ1J2,0,10.0,82,0,0,0,,,,
right_connector_narrow_0p8,"((18.15, 19.15, 18.6, 22.85), (19.4, 19.15, 19.85, 22.85))",17,CJ1J2,0,10.0,82,2,2,4,4965|4978,4965|4978,4965|4972|4978|4980,"RuntimeError: Could not switch the geometry.
The following agents would be outside of the new geometry: 5565, 5578
"
upper_left_narrow_0p8,"((6.25, 23.15, 10.75, 24.6), (6.25, 25.4, 10.75, 26.85))",17,CJ1J2,1,10.0,82,0,0,0,,,,
upper_left_narrow_1p2,"((6.25, 23.15, 10.75, 24.4), (6.25, 25.6, 10.75, 26.85))",17,CJ1J2,1,10.0,82,0,0,0,,,,
upper_right_narrow_0p8,"((13.25, 23.15, 17.75, 24.6), (13.25, 25.4, 17.75, 26.85))",17,CJ1J2,1,10.0,82,6,7,7,4902|4908|4911|4912|4934|4938,4902|4905|4908|4911|4912|4934|4938,4902|4905|4908|4911|4912|4934|4938,"RuntimeError: Could not switch the geometry.
The following agents would be outside of the new geometry: 5202, 5208, 5211, 5212, 5234, 5238
"
upper_right_narrow_1p2,"((13.25, 23.15, 17.75, 24.4), (13.25, 25.6, 17.75, 26.85))",17,CJ1J2,1,10.0,82,6,7,7,4902|4908|4911|4912|4934|4938,4902|4905|4908|4911|4912|4934|4938,4902|4905|4908|4911|4912|4934|4938,"RuntimeError: Could not switch the geometry.
The following agents would be outside of the new geometry: 5302, 5308, 5311, 5312, 5334, 5338
"
left_connector_narrow_0p8,"((4.15, 19.15, 4.6, 22.85), (5.4, 19.15, 5.85, 22.85))",17,CJ1J2,1,10.0,82,0,0,0,,,,
right_connector_narrow_0p8,"((18.15, 19.15, 18.6, 22.85), (19.4, 19.15, 19.85, 22.85))",17,CJ1J2,1,10.0,82,3,3,3,4971|4972|4974,4971|4972|4974,4971|4972|4974,"RuntimeError: Could not switch the geometry.
The following agents would be outside of the new geometry: 5571, 5572, 5574
"
upper_left_narrow_0p8,"((6.25, 23.15, 10.75, 24.6), (6.25, 25.4, 10.75, 26.85))",17,CJ1J2,2,10.0,81,0,0,0,,,,
upper_left_narrow_1p2,"((6.25, 23.15, 10.75, 24.4), (6.25, 25.6, 10.75, 26.85))",17,CJ1J2,2,10.0,81,0,0,0,,,,
upper_right_narrow_0p8,"((13.25, 23.15, 17.75, 24.6), (13.25, 25.4, 17.75, 26.85))",17,CJ1J2,2,10.0,81,6,6,7,4908|4917|4920|4927|4936|4938,4908|4917|4920|4927|4936|4938,4908|4917|4920|4927|4935|4936|4938,"RuntimeError: Could not switch the geometry.
The following agents would be outside of the new geometry: 5208, 5217, 5220, 5227, 5236, 5238
"
upper_right_narrow_1p2,"((13.25, 23.15, 17.75, 24.4), (13.25, 25.6, 17.75, 26.85))",17,CJ1J2,2,10.0,81,4,6,7,4908|4920|4927|4938,4908|4917|4920|4927|4936|4938,4908|4917|4920|4927|4935|4936|4938,"RuntimeError: Could not switch the geometry.
The following agents would be outside of the new geometry: 5308, 5320, 5327, 5338
"
left_connector_narrow_0p8,"((4.15, 19.15, 4.6, 22.85), (5.4, 19.15, 5.85, 22.85))",17,CJ1J2,2,10.0,81,0,0,0,,,,
right_connector_narrow_0p8,"((18.15, 19.15, 18.6, 22.85), (19.4, 19.15, 19.85, 22.85))",17,CJ1J2,2,10.0,81,3,3,3,4962|4965|4973,4962|4965|4973,4962|4965|4973,"RuntimeError: Could not switch the geometry.
The following agents would be outside of the new geometry: 5562, 5565, 5573
"
upper_left_narrow_0p8,"((6.25, 23.15, 10.75, 24.6), (6.25, 25.4, 10.75, 26.85))",17,CJ1J2,3,10.0,84,0,0,0,,,,
upper_left_narrow_1p2,"((6.25, 23.15, 10.75, 24.4), (6.25, 25.6, 10.75, 26.85))",17,CJ1J2,3,10.0,84,0,0,0,,,,
upper_right_narrow_0p8,"((13.25, 23.15, 17.75, 24.6), (13.25, 25.4, 17.75, 26.85))",17,CJ1J2,3,10.0,84,5,6,6,5604|5606|5620|5621|5626,5604|5606|5608|5620|5621|5626,5604|5606|5608|5620|5621|5626,"RuntimeError: Could not switch the geometry.
The following agents would be outside of the new geometry: 5904, 5906, 5920, 5921, 5926
"
upper_right_narrow_1p2,"((13.25, 23.15, 17.75, 24.4), (13.25, 25.6, 17.75, 26.85))",17,CJ1J2,3,10.0,84,5,6,6,5604|5606|5620|5621|5626,5604|5606|5608|5620|5621|5626,5604|5606|5608|5620|5621|5626,"RuntimeError: Could not switch the geometry.
The following agents would be outside of the new geometry: 6004, 6006, 6020, 6021, 6026
"
left_connector_narrow_0p8,"((4.15, 19.15, 4.6, 22.85), (5.4, 19.15, 5.85, 22.85))",17,CJ1J2,3,10.0,84,0,0,0,,,,
right_connector_narrow_0p8,"((18.15, 19.15, 18.6, 22.85), (19.4, 19.15, 19.85, 22.85))",17,CJ1J2,3,10.0,84,2,3,3,5667|5670,5667|5670|5676,5667|5670|5676,"RuntimeError: Could not switch the geometry.
The following agents would be outside of the new geometry: 6267, 6270
"
upper_left_narrow_0p8,"((6.25, 23.15, 10.75, 24.6), (6.25, 25.4, 10.75, 26.85))",18,CJ1A,0,10.0,82,0,0,0,,,,
upper_left_narrow_1p2,"((6.25, 23.15, 10.75, 24.4), (6.25, 25.6, 10.75, 26.85))",18,CJ1A,0,10.0,82,0,0,0,,,,
upper_right_narrow_0p8,"((13.25, 23.15, 17.75, 24.6), (13.25, 25.4, 17.75, 26.85))",18,CJ1A,0,10.0,82,5,6,7,5614|5627|5628|5633|5637,5607|5614|5627|5628|5633|5637,5601|5607|5614|5627|5628|5633|5637,"RuntimeError: Could not switch the geometry.
The following agents would be outside of the new geometry: 5914, 5927, 5928, 5933, 5937
"
upper_right_narrow_1p2,"((13.25, 23.15, 17.75, 24.4), (13.25, 25.6, 17.75, 26.85))",18,CJ1A,0,10.0,82,5,6,7,5614|5627|5628|5633|5637,5607|5614|5627|5628|5633|5637,5601|5607|5614|5627|5628|5633|5637,"RuntimeError: Could not switch the geometry.
The following agents would be outside of the new geometry: 6014, 6027, 6028, 6033, 6037
"
left_connector_narrow_0p8,"((4.15, 19.15, 4.6, 22.85), (5.4, 19.15, 5.85, 22.85))",18,CJ1A,0,10.0,82,5,5,8,5641|5644|5653|5659|5660,5641|5644|5653|5659|5660,5641|5644|5647|5650|5653|5657|5659|5660,"RuntimeError: Could not switch the geometry.
The following agents would be outside of the new geometry: 6141, 6144, 6153, 6159, 6160
"
right_connector_narrow_0p8,"((18.15, 19.15, 18.6, 22.85), (19.4, 19.15, 19.85, 22.85))",18,CJ1A,0,10.0,82,2,2,4,5665|5678,5665|5678,5665|5672|5678|5680,"RuntimeError: Could not switch the geometry.
The following agents would be outside of the new geometry: 6265, 6278
"
upper_left_narrow_0p8,"((6.25, 23.15, 10.75, 24.6), (6.25, 25.4, 10.75, 26.85))",18,CJ1A,1,10.0,82,0,0,0,,,,
upper_left_narrow_1p2,"((6.25, 23.15, 10.75, 24.4), (6.25, 25.6, 10.75, 26.85))",18,CJ1A,1,10.0,82,0,0,0,,,,
upper_right_narrow_0p8,"((13.25, 23.15, 17.75, 24.6), (13.25, 25.4, 17.75, 26.85))",18,CJ1A,1,10.0,82,6,7,7,5602|5608|5611|5612|5634|5638,5602|5605|5608|5611|5612|5634|5638,5602|5605|5608|5611|5612|5634|5638,"RuntimeError: Could not switch the geometry.
The following agents would be outside of the new geometry: 5902, 5908, 5911, 5912, 5934, 5938
"
upper_right_narrow_1p2,"((13.25, 23.15, 17.75, 24.4), (13.25, 25.6, 17.75, 26.85))",18,CJ1A,1,10.0,82,6,7,7,5602|5608|5611|5612|5634|5638,5602|5605|5608|5611|5612|5634|5638,5602|5605|5608|5611|5612|5634|5638,"RuntimeError: Could not switch the geometry.
The following agents would be outside of the new geometry: 6002, 6008, 6011, 6012, 6034, 6038
"
left_connector_narrow_0p8,"((4.15, 19.15, 4.6, 22.85), (5.4, 19.15, 5.85, 22.85))",18,CJ1A,1,10.0,82,5,7,10,5641|5646|5652|5659|5660,5641|5642|5646|5647|5652|5659|5660,5641|5642|5646|5647|5649|5651|5652|5655|5659|5660,"RuntimeError: Could not switch the geometry.
The following agents would be outside of the new geometry: 6141, 6146, 6152, 6159, 6160
"
right_connector_narrow_0p8,"((18.15, 19.15, 18.6, 22.85), (19.4, 19.15, 19.85, 22.85))",18,CJ1A,1,10.0,82,3,3,3,5671|5672|5674,5671|5672|5674,5671|5672|5674,"RuntimeError: Could not switch the geometry.
The following agents would be outside of the new geometry: 6271, 6272, 6274
"
upper_left_narrow_0p8,"((6.25, 23.15, 10.75, 24.6), (6.25, 25.4, 10.75, 26.85))",17,CJ1J2,4,10.0,83,0,0,0,,,,
upper_left_narrow_1p2,"((6.25, 23.15, 10.75, 24.4), (6.25, 25.6, 10.75, 26.85))",17,CJ1J2,4,10.0,83,0,0,0,,,,
upper_right_narrow_0p8,"((13.25, 23.15, 17.75, 24.6), (13.25, 25.4, 17.75, 26.85))",17,CJ1J2,4,10.0,83,6,6,8,5604|5609|5610|5612|5617|5632,5604|5609|5610|5612|5617|5632,5604|5606|5609|5610|5612|5615|5617|5632,"RuntimeError: Could not switch the geometry.
The following agents would be outside of the new geometry: 5904, 5909, 5910, 5912, 5917, 5932
"
upper_right_narrow_1p2,"((13.25, 23.15, 17.75, 24.4), (13.25, 25.6, 17.75, 26.85))",17,CJ1J2,4,10.0,83,5,6,8,5604|5609|5612|5617|5632,5604|5609|5610|5612|5617|5632,5604|5606|5609|5610|5612|5615|5617|5632,"RuntimeError: Could not switch the geometry.
The following agents would be outside of the new geometry: 6004, 6009, 6012, 6017, 6032
"
left_connector_narrow_0p8,"((4.15, 19.15, 4.6, 22.85), (5.4, 19.15, 5.85, 22.85))",17,CJ1J2,4,10.0,83,0,0,0,,,,
right_connector_narrow_0p8,"((18.15, 19.15, 18.6, 22.85), (19.4, 19.15, 19.85, 22.85))",17,CJ1J2,4,10.0,83,2,3,3,5670|5679,5670|5671|5679,5670|5671|5679,"RuntimeError: Could not switch the geometry.
The following agents would be outside of the new geometry: 6270, 6279
"
upper_left_narrow_0p8,"((6.25, 23.15, 10.75, 24.6), (6.25, 25.4, 10.75, 26.85))",18,CJ1A,3,10.0,84,0,0,0,,,,
upper_left_narrow_1p2,"((6.25, 23.15, 10.75, 24.4), (6.25, 25.6, 10.75, 26.85))",18,CJ1A,3,10.0,84,0,0,0,,,,
upper_right_narrow_0p8,"((13.25, 23.15, 17.75, 24.6), (13.25, 25.4, 17.75, 26.85))",18,CJ1A,3,10.0,84,5,6,6,5604|5606|5620|5621|5626,5604|5606|5608|5620|5621|5626,5604|5606|5608|5620|5621|5626,"RuntimeError: Could not switch the geometry.
The following agents would be outside of the new geometry: 5904, 5906, 5920, 5921, 5926
"
upper_right_narrow_1p2,"((13.25, 23.15, 17.75, 24.4), (13.25, 25.6, 17.75, 26.85))",18,CJ1A,3,10.0,84,5,6,6,5604|5606|5620|5621|5626,5604|5606|5608|5620|5621|5626,5604|5606|5608|5620|5621|5626,"RuntimeError: Could not switch the geometry.
The following agents would be outside of the new geometry: 6004, 6006, 6020, 6021, 6026
"
left_connector_narrow_0p8,"((4.15, 19.15, 4.6, 22.85), (5.4, 19.15, 5.85, 22.85))",18,CJ1A,3,10.0,84,4,7,10,5641|5643|5648|5659,5641|5643|5644|5647|5648|5650|5659,5641|5643|5644|5645|5646|5647|5648|5650|5658|5659,"RuntimeError: Could not switch the geometry.
The following agents would be outside of the new geometry: 6141, 6143, 6148, 6159
"
right_connector_narrow_0p8,"((18.15, 19.15, 18.6, 22.85), (19.4, 19.15, 19.85, 22.85))",18,CJ1A,3,10.0,84,2,3,3,5667|5670,5667|5670|5676,5667|5670|5676,"RuntimeError: Could not switch the geometry.
The following agents would be outside of the new geometry: 6267, 6270
"
upper_left_narrow_0p8,"((6.25, 23.15, 10.75, 24.6), (6.25, 25.4, 10.75, 26.85))",18,CJ1A,2,10.0,81,0,0,0,,,,
upper_left_narrow_1p2,"((6.25, 23.15, 10.75, 24.4), (6.25, 25.6, 10.75, 26.85))",18,CJ1A,2,10.0,81,0,0,0,,,,
upper_right_narrow_0p8,"((13.25, 23.15, 17.75, 24.6), (13.25, 25.4, 17.75, 26.85))",18,CJ1A,2,10.0,81,6,6,7,5608|5617|5620|5627|5636|5638,5608|5617|5620|5627|5636|5638,5608|5617|5620|5627|5635|5636|5638,"RuntimeError: Could not switch the geometry.
The following agents would be outside of the new geometry: 5908, 5917, 5920, 5927, 5936, 5938
"
upper_right_narrow_1p2,"((13.25, 23.15, 17.75, 24.4), (13.25, 25.6, 17.75, 26.85))",18,CJ1A,2,10.0,81,4,6,7,5608|5620|5627|5638,5608|5617|5620|5627|5636|5638,5608|5617|5620|5627|5635|5636|5638,"RuntimeError: Could not switch the geometry.
The following agents would be outside of the new geometry: 6008, 6020, 6027, 6038
"
left_connector_narrow_0p8,"((4.15, 19.15, 4.6, 22.85), (5.4, 19.15, 5.85, 22.85))",18,CJ1A,2,10.0,81,3,5,7,5641|5645|5654,5641|5645|5649|5654|5658,5641|5643|5645|5649|5652|5654|5658,"RuntimeError: Could not switch the geometry.
The following agents would be outside of the new geometry: 6141, 6145, 6154
"
right_connector_narrow_0p8,"((18.15, 19.15, 18.6, 22.85), (19.4, 19.15, 19.85, 22.85))",18,CJ1A,2,10.0,81,3,3,3,5662|5665|5673,5662|5665|5673,5662|5665|5673,"RuntimeError: Could not switch the geometry.
The following agents would be outside of the new geometry: 6262, 6265, 6273
"
upper_left_narrow_0p8,"((6.25, 23.15, 10.75, 24.6), (6.25, 25.4, 10.75, 26.85))",19,CJ3B,1,10.0,82,0,0,0,,,,
upper_left_narrow_1p2,"((6.25, 23.15, 10.75, 24.4), (6.25, 25.6, 10.75, 26.85))",19,CJ3B,1,10.0,82,0,0,0,,,,
upper_right_narrow_0p8,"((13.25, 23.15, 17.75, 24.6), (13.25, 25.4, 17.75, 26.85))",19,CJ3B,1,10.0,82,6,7,7,5602|5608|5611|5612|5634|5638,5602|5605|5608|5611|5612|5634|5638,5602|5605|5608|5611|5612|5634|5638,"RuntimeError: Could not switch the geometry.
The following agents would be outside of the new geometry: 5902, 5908, 5911, 5912, 5934, 5938
"
upper_right_narrow_1p2,"((13.25, 23.15, 17.75, 24.4), (13.25, 25.6, 17.75, 26.85))",19,CJ3B,1,10.0,82,6,7,7,5602|5608|5611|5612|5634|5638,5602|5605|5608|5611|5612|5634|5638,5602|5605|5608|5611|5612|5634|5638,"RuntimeError: Could not switch the geometry.
The following agents would be outside of the new geometry: 6002, 6008, 6011, 6012, 6034, 6038
"
left_connector_narrow_0p8,"((4.15, 19.15, 4.6, 22.85), (5.4, 19.15, 5.85, 22.85))",19,CJ3B,1,10.0,82,0,0,0,,,,
right_connector_narrow_0p8,"((18.15, 19.15, 18.6, 22.85), (19.4, 19.15, 19.85, 22.85))",19,CJ3B,1,10.0,82,0,0,0,,,,
upper_left_narrow_0p8,"((6.25, 23.15, 10.75, 24.6), (6.25, 25.4, 10.75, 26.85))",18,CJ1A,4,10.0,83,0,0,0,,,,
upper_left_narrow_1p2,"((6.25, 23.15, 10.75, 24.4), (6.25, 25.6, 10.75, 26.85))",18,CJ1A,4,10.0,83,0,0,0,,,,
upper_right_narrow_0p8,"((13.25, 23.15, 17.75, 24.6), (13.25, 25.4, 17.75, 26.85))",18,CJ1A,4,10.0,83,6,6,8,5604|5609|5610|5612|5617|5632,5604|5609|5610|5612|5617|5632,5604|5606|5609|5610|5612|5615|5617|5632,"RuntimeError: Could not switch the geometry.
The following agents would be outside of the new geometry: 5904, 5909, 5910, 5912, 5917, 5932
"
upper_right_narrow_1p2,"((13.25, 23.15, 17.75, 24.4), (13.25, 25.6, 17.75, 26.85))",18,CJ1A,4,10.0,83,5,6,8,5604|5609|5612|5617|5632,5604|5609|5610|5612|5617|5632,5604|5606|5609|5610|5612|5615|5617|5632,"RuntimeError: Could not switch the geometry.
The following agents would be outside of the new geometry: 6004, 6009, 6012, 6017, 6032
"
left_connector_narrow_0p8,"((4.15, 19.15, 4.6, 22.85), (5.4, 19.15, 5.85, 22.85))",18,CJ1A,4,10.0,83,5,7,10,5643|5645|5647|5656|5657,5643|5644|5645|5647|5655|5656|5657,5641|5643|5644|5645|5647|5649|5652|5655|5656|5657,"RuntimeError: Could not switch the geometry.
The following agents would be outside of the new geometry: 6143, 6145, 6147, 6156, 6157
"
right_connector_narrow_0p8,"((18.15, 19.15, 18.6, 22.85), (19.4, 19.15, 19.85, 22.85))",18,CJ1A,4,10.0,83,2,3,3,5670|5679,5670|5671|5679,5670|5671|5679,"RuntimeError: Could not switch the geometry.
The following agents would be outside of the new geometry: 6270, 6279
"
upper_left_narrow_0p8,"((6.25, 23.15, 10.75, 24.6), (6.25, 25.4, 10.75, 26.85))",19,CJ3B,0,10.0,82,0,0,0,,,,
upper_left_narrow_1p2,"((6.25, 23.15, 10.75, 24.4), (6.25, 25.6, 10.75, 26.85))",19,CJ3B,0,10.0,82,0,0,0,,,,
upper_right_narrow_0p8,"((13.25, 23.15, 17.75, 24.6), (13.25, 25.4, 17.75, 26.85))",19,CJ3B,0,10.0,82,5,6,7,5614|5627|5628|5633|5637,5607|5614|5627|5628|5633|5637,5601|5607|5614|5627|5628|5633|5637,"RuntimeError: Could not switch the geometry.
The following agents would be outside of the new geometry: 5914, 5927, 5928, 5933, 5937
"
upper_right_narrow_1p2,"((13.25, 23.15, 17.75, 24.4), (13.25, 25.6, 17.75, 26.85))",19,CJ3B,0,10.0,82,5,6,7,5614|5627|5628|5633|5637,5607|5614|5627|5628|5633|5637,5601|5607|5614|5627|5628|5633|5637,"RuntimeError: Could not switch the geometry.
The following agents would be outside of the new geometry: 6014, 6027, 6028, 6033, 6037
"
left_connector_narrow_0p8,"((4.15, 19.15, 4.6, 22.85), (5.4, 19.15, 5.85, 22.85))",19,CJ3B,0,10.0,82,0,0,0,,,,
right_connector_narrow_0p8,"((18.15, 19.15, 18.6, 22.85), (19.4, 19.15, 19.85, 22.85))",19,CJ3B,0,10.0,82,0,0,0,,,,
upper_left_narrow_0p8,"((6.25, 23.15, 10.75, 24.6), (6.25, 25.4, 10.75, 26.85))",19,CJ3B,2,10.0,81,0,0,0,,,,
upper_left_narrow_1p2,"((6.25, 23.15, 10.75, 24.4), (6.25, 25.6, 10.75, 26.85))",19,CJ3B,2,10.0,81,0,0,0,,,,
upper_right_narrow_0p8,"((13.25, 23.15, 17.75, 24.6), (13.25, 25.4, 17.75, 26.85))",19,CJ3B,2,10.0,81,6,6,7,5608|5617|5620|5627|5636|5638,5608|5617|5620|5627|5636|5638,5608|5617|5620|5627|5635|5636|5638,"RuntimeError: Could not switch the geometry.
The following agents would be outside of the new geometry: 5908, 5917, 5920, 5927, 5936, 5938
"
upper_right_narrow_1p2,"((13.25, 23.15, 17.75, 24.4), (13.25, 25.6, 17.75, 26.85))",19,CJ3B,2,10.0,81,4,6,7,5608|5620|5627|5638,5608|5617|5620|5627|5636|5638,5608|5617|5620|5627|5635|5636|5638,"RuntimeError: Could not switch the geometry.
The following agents would be outside of the new geometry: 6008, 6020, 6027, 6038
"
left_connector_narrow_0p8,"((4.15, 19.15, 4.6, 22.85), (5.4, 19.15, 5.85, 22.85))",19,CJ3B,2,10.0,81,0,0,0,,,,
right_connector_narrow_0p8,"((18.15, 19.15, 18.6, 22.85), (19.4, 19.15, 19.85, 22.85))",19,CJ3B,2,10.0,81,0,0,0,,,,
upper_left_narrow_0p8,"((6.25, 23.15, 10.75, 24.6), (6.25, 25.4, 10.75, 26.85))",19,CJ3B,3,10.0,84,0,0,0,,,,
upper_left_narrow_1p2,"((6.25, 23.15, 10.75, 24.4), (6.25, 25.6, 10.75, 26.85))",19,CJ3B,3,10.0,84,0,0,0,,,,
upper_right_narrow_0p8,"((13.25, 23.15, 17.75, 24.6), (13.25, 25.4, 17.75, 26.85))",19,CJ3B,3,10.0,84,5,6,6,5604|5606|5620|5621|5626,5604|5606|5608|5620|5621|5626,5604|5606|5608|5620|5621|5626,"RuntimeError: Could not switch the geometry.
The following agents would be outside of the new geometry: 5904, 5906, 5920, 5921, 5926
"
upper_right_narrow_1p2,"((13.25, 23.15, 17.75, 24.4), (13.25, 25.6, 17.75, 26.85))",19,CJ3B,3,10.0,84,5,6,6,5604|5606|5620|5621|5626,5604|5606|5608|5620|5621|5626,5604|5606|5608|5620|5621|5626,"RuntimeError: Could not switch the geometry.
The following agents would be outside of the new geometry: 6004, 6006, 6020, 6021, 6026
"
left_connector_narrow_0p8,"((4.15, 19.15, 4.6, 22.85), (5.4, 19.15, 5.85, 22.85))",19,CJ3B,3,10.0,84,0,0,0,,,,
right_connector_narrow_0p8,"((18.15, 19.15, 18.6, 22.85), (19.4, 19.15, 19.85, 22.85))",19,CJ3B,3,10.0,84,0,0,0,,,,
upper_left_narrow_0p8,"((6.25, 23.15, 10.75, 24.6), (6.25, 25.4, 10.75, 26.85))",20,CJ3J1,1,10.0,82,2,2,3,6345|6356,6345|6356,6345|6355|6356,"RuntimeError: Could not switch the geometry.
The following agents would be outside of the new geometry: 6445, 6456
"
upper_left_narrow_1p2,"((6.25, 23.15, 10.75, 24.4), (6.25, 25.6, 10.75, 26.85))",20,CJ3J1,1,10.0,82,2,2,3,6345|6356,6345|6356,6345|6355|6356,"RuntimeError: Could not switch the geometry.
The following agents would be outside of the new geometry: 6545, 6556
"
upper_right_narrow_0p8,"((13.25, 23.15, 17.75, 24.6), (13.25, 25.4, 17.75, 26.85))",20,CJ3J1,1,10.0,82,6,7,7,6302|6308|6311|6312|6334|6338,6302|6305|6308|6311|6312|6334|6338,6302|6305|6308|6311|6312|6334|6338,"RuntimeError: Could not switch the geometry.
The following agents would be outside of the new geometry: 6602, 6608, 6611, 6612, 6634, 6638
"
upper_right_narrow_1p2,"((13.25, 23.15, 17.75, 24.4), (13.25, 25.6, 17.75, 26.85))",20,CJ3J1,1,10.0,82,6,7,7,6302|6308|6311|6312|6334|6338,6302|6305|6308|6311|6312|6334|6338,6302|6305|6308|6311|6312|6334|6338,"RuntimeError: Could not switch the geometry.
The following agents would be outside of the new geometry: 6702, 6708, 6711, 6712, 6734, 6738
"
left_connector_narrow_0p8,"((4.15, 19.15, 4.6, 22.85), (5.4, 19.15, 5.85, 22.85))",20,CJ3J1,1,10.0,82,4,6,9,6342|6351|6352|6360,6342|6347|6351|6352|6353|6360,6342|6346|6347|6349|6351|6352|6353|6359|6360,"RuntimeError: Could not switch the geometry.
The following agents would be outside of the new geometry: 6842, 6851, 6852, 6860
"
right_connector_narrow_0p8,"((18.15, 19.15, 18.6, 22.85), (19.4, 19.15, 19.85, 22.85))",20,CJ3J1,1,10.0,82,0,0,0,,,,
upper_left_narrow_0p8,"((6.25, 23.15, 10.75, 24.6), (6.25, 25.4, 10.75, 26.85))",20,CJ3J1,0,10.0,82,2,2,2,6346|6354,6346|6354,6346|6354,"RuntimeError: Could not switch the geometry.
The following agents would be outside of the new geometry: 6446, 6454
"
upper_left_narrow_1p2,"((6.25, 23.15, 10.75, 24.4), (6.25, 25.6, 10.75, 26.85))",20,CJ3J1,0,10.0,82,2,2,2,6346|6354,6346|6354,6346|6354,"RuntimeError: Could not switch the geometry.
The following agents would be outside of the new geometry: 6546, 6554
"
upper_right_narrow_0p8,"((13.25, 23.15, 17.75, 24.6), (13.25, 25.4, 17.75, 26.85))",20,CJ3J1,0,10.0,82,5,6,7,6314|6327|6328|6333|6337,6307|6314|6327|6328|6333|6337,6301|6307|6314|6327|6328|6333|6337,"RuntimeError: Could not switch the geometry.
The following agents would be outside of the new geometry: 6614, 6627, 6628, 6633, 6637
"
upper_right_narrow_1p2,"((13.25, 23.15, 17.75, 24.4), (13.25, 25.6, 17.75, 26.85))",20,CJ3J1,0,10.0,82,5,6,7,6314|6327|6328|6333|6337,6307|6314|6327|6328|6333|6337,6301|6307|6314|6327|6328|6333|6337,"RuntimeError: Could not switch the geometry.
The following agents would be outside of the new geometry: 6714, 6727, 6728, 6733, 6737
"
left_connector_narrow_0p8,"((4.15, 19.15, 4.6, 22.85), (5.4, 19.15, 5.85, 22.85))",20,CJ3J1,0,10.0,82,4,6,9,6344|6345|6350|6359,6344|6345|6350|6352|6359|6360,6344|6345|6350|6352|6353|6357|6359|6360|6365,"RuntimeError: Could not switch the geometry.
The following agents would be outside of the new geometry: 6844, 6845, 6850, 6859
"
right_connector_narrow_0p8,"((18.15, 19.15, 18.6, 22.85), (19.4, 19.15, 19.85, 22.85))",20,CJ3J1,0,10.0,82,0,0,0,,,,
upper_left_narrow_0p8,"((6.25, 23.15, 10.75, 24.6), (6.25, 25.4, 10.75, 26.85))",20,CJ3J1,2,10.0,81,2,2,2,6351|6356,6351|6356,6351|6356,"RuntimeError: Could not switch the geometry.
The following agents would be outside of the new geometry: 6451, 6456
"
upper_left_narrow_1p2,"((6.25, 23.15, 10.75, 24.4), (6.25, 25.6, 10.75, 26.85))",20,CJ3J1,2,10.0,81,2,2,2,6351|6356,6351|6356,6351|6356,"RuntimeError: Could not switch the geometry.
The following agents would be outside of the new geometry: 6551, 6556
"
upper_right_narrow_0p8,"((13.25, 23.15, 17.75, 24.6), (13.25, 25.4, 17.75, 26.85))",20,CJ3J1,2,10.0,81,6,6,7,6308|6317|6320|6327|6336|6338,6308|6317|6320|6327|6336|6338,6308|6317|6320|6327|6335|6336|6338,"RuntimeError: Could not switch the geometry.
The following agents would be outside of the new geometry: 6608, 6617, 6620, 6627, 6636, 6638
"
upper_right_narrow_1p2,"((13.25, 23.15, 17.75, 24.4), (13.25, 25.6, 17.75, 26.85))",20,CJ3J1,2,10.0,81,4,6,7,6308|6320|6327|6338,6308|6317|6320|6327|6336|6338,6308|6317|6320|6327|6335|6336|6338,"RuntimeError: Could not switch the geometry.
The following agents would be outside of the new geometry: 6708, 6720, 6727, 6738
"
left_connector_narrow_0p8,"((4.15, 19.15, 4.6, 22.85), (5.4, 19.15, 5.85, 22.85))",20,CJ3J1,2,10.0,81,3,3,7,6349|6352|6358,6349|6352|6358,6343|6344|6345|6349|6352|6354|6358,"RuntimeError: Could not switch the geometry.
The following agents would be outside of the new geometry: 6849, 6852, 6858
"
right_connector_narrow_0p8,"((18.15, 19.15, 18.6, 22.85), (19.4, 19.15, 19.85, 22.85))",20,CJ3J1,2,10.0,81,0,0,0,,,,
upper_left_narrow_0p8,"((6.25, 23.15, 10.75, 24.6), (6.25, 25.4, 10.75, 26.85))",20,CJ3J1,3,10.0,84,2,2,2,6352|6356,6352|6356,6352|6356,"RuntimeError: Could not switch the geometry.
The following agents would be outside of the new geometry: 6452, 6456
"
upper_left_narrow_1p2,"((6.25, 23.15, 10.75, 24.4), (6.25, 25.6, 10.75, 26.85))",20,CJ3J1,3,10.0,84,2,2,2,6352|6356,6352|6356,6352|6356,"RuntimeError: Could not switch the geometry.
The following agents would be outside of the new geometry: 6552, 6556
"
upper_right_narrow_0p8,"((13.25, 23.15, 17.75, 24.6), (13.25, 25.4, 17.75, 26.85))",20,CJ3J1,3,10.0,84,5,6,6,6304|6306|6320|6321|6326,6304|6306|6308|6320|6321|6326,6304|6306|6308|6320|6321|6326,"RuntimeError: Could not switch the geometry.
The following agents would be outside of the new geometry: 6604, 6606, 6620, 6621, 6626
"
upper_right_narrow_1p2,"((13.25, 23.15, 17.75, 24.4), (13.25, 25.6, 17.75, 26.85))",20,CJ3J1,3,10.0,84,5,6,6,6304|6306|6320|6321|6326,6304|6306|6308|6320|6321|6326,6304|6306|6308|6320|6321|6326,"RuntimeError: Could not switch the geometry.
The following agents would be outside of the new geometry: 6704, 6706, 6720, 6721, 6726
"
left_connector_narrow_0p8,"((4.15, 19.15, 4.6, 22.85), (5.4, 19.15, 5.85, 22.85))",20,CJ3J1,3,10.0,84,3,6,10,6347|6350|6354,6343|6347|6350|6354|6358|6359,6343|6344|6345|6346|6347|6348|6350|6354|6358|6359,"RuntimeError: Could not switch the geometry.
The following agents would be outside of the new geometry: 6847, 6850, 6854
"
right_connector_narrow_0p8,"((18.15, 19.15, 18.6, 22.85), (19.4, 19.15, 19.85, 22.85))",20,CJ3J1,3,10.0,84,0,0,0,,,,
upper_left_narrow_0p8,"((6.25, 23.15, 10.75, 24.6), (6.25, 25.4, 10.75, 26.85))",19,CJ3B,4,10.0,83,0,0,0,,,,
upper_left_narrow_1p2,"((6.25, 23.15, 10.75, 24.4), (6.25, 25.6, 10.75, 26.85))",19,CJ3B,4,10.0,83,0,0,0,,,,
upper_right_narrow_0p8,"((13.25, 23.15, 17.75, 24.6), (13.25, 25.4, 17.75, 26.85))",19,CJ3B,4,10.0,83,6,6,8,6304|6309|6310|6312|6317|6332,6304|6309|6310|6312|6317|6332,6304|6306|6309|6310|6312|6315|6317|6332,"RuntimeError: Could not switch the geometry.
The following agents would be outside of the new geometry: 6604, 6609, 6610, 6612, 6617, 6632
"
upper_right_narrow_1p2,"((13.25, 23.15, 17.75, 24.4), (13.25, 25.6, 17.75, 26.85))",19,CJ3B,4,10.0,83,5,6,8,6304|6309|6312|6317|6332,6304|6309|6310|6312|6317|6332,6304|6306|6309|6310|6312|6315|6317|6332,"RuntimeError: Could not switch the geometry.
The following agents would be outside of the new geometry: 6704, 6709, 6712, 6717, 6732
"
left_connector_narrow_0p8,"((4.15, 19.15, 4.6, 22.85), (5.4, 19.15, 5.85, 22.85))",19,CJ3B,4,10.0,83,0,0,0,,,,
right_connector_narrow_0p8,"((18.15, 19.15, 18.6, 22.85), (19.4, 19.15, 19.85, 22.85))",19,CJ3B,4,10.0,83,0,0,0,,,,
upper_left_narrow_0p8,"((6.25, 23.15, 10.75, 24.6), (6.25, 25.4, 10.75, 26.85))",20,CJ3J1,4,10.0,83,2,2,3,6358|6360,6358|6360,6357|6358|6360,"RuntimeError: Could not switch the geometry.
The following agents would be outside of the new geometry: 6458, 6460
"
upper_left_narrow_1p2,"((6.25, 23.15, 10.75, 24.4), (6.25, 25.6, 10.75, 26.85))",20,CJ3J1,4,10.0,83,2,2,3,6358|6360,6358|6360,6357|6358|6360,"RuntimeError: Could not switch the geometry.
The following agents would be outside of the new geometry: 6558, 6560
"
upper_right_narrow_0p8,"((13.25, 23.15, 17.75, 24.6), (13.25, 25.4, 17.75, 26.85))",20,CJ3J1,4,10.0,83,6,6,8,6304|6309|6310|6312|6317|6332,6304|6309|6310|6312|6317|6332,6304|6306|6309|6310|6312|6315|6317|6332,"RuntimeError: Could not switch the geometry.
The following agents would be outside of the new geometry: 6604, 6609, 6610, 6612, 6617, 6632
"
upper_right_narrow_1p2,"((13.25, 23.15, 17.75, 24.4), (13.25, 25.6, 17.75, 26.85))",20,CJ3J1,4,10.0,83,5,6,8,6304|6309|6312|6317|6332,6304|6309|6310|6312|6317|6332,6304|6306|6309|6310|6312|6315|6317|6332,"RuntimeError: Could not switch the geometry.
The following agents would be outside of the new geometry: 6704, 6709, 6712, 6717, 6732
"
left_connector_narrow_0p8,"((4.15, 19.15, 4.6, 22.85), (5.4, 19.15, 5.85, 22.85))",20,CJ3J1,4,10.0,83,4,5,8,6344|6352|6354|6355,6344|6347|6352|6354|6355,6344|6345|6347|6349|6352|6354|6355|6356,"RuntimeError: Could not switch the geometry.
The following agents would be outside of the new geometry: 6844, 6852, 6854, 6855
"
right_connector_narrow_0p8,"((18.15, 19.15, 18.6, 22.85), (19.4, 19.15, 19.85, 22.85))",20,CJ3J1,4,10.0,83,0,0,0,,,,
upper_left_narrow_0p8,"((6.25, 23.15, 10.75, 24.6), (6.25, 25.4, 10.75, 26.85))",21,CJ3A,0,10.0,82,0,0,0,,,,
upper_left_narrow_1p2,"((6.25, 23.15, 10.75, 24.4), (6.25, 25.6, 10.75, 26.85))",21,CJ3A,0,10.0,82,0,0,0,,,,
upper_right_narrow_0p8,"((13.25, 23.15, 17.75, 24.6), (13.25, 25.4, 17.75, 26.85))",21,CJ3A,0,10.0,82,5,6,7,6314|6327|6328|6333|6337,6307|6314|6327|6328|6333|6337,6301|6307|6314|6327|6328|6333|6337,"RuntimeError: Could not switch the geometry.
The following agents would be outside of the new geometry: 6614, 6627, 6628, 6633, 6637
"
upper_right_narrow_1p2,"((13.25, 23.15, 17.75, 24.4), (13.25, 25.6, 17.75, 26.85))",21,CJ3A,0,10.0,82,5,6,7,6314|6327|6328|6333|6337,6307|6314|6327|6328|6333|6337,6301|6307|6314|6327|6328|6333|6337,"RuntimeError: Could not switch the geometry.
The following agents would be outside of the new geometry: 6714, 6727, 6728, 6733, 6737
"
left_connector_narrow_0p8,"((4.15, 19.15, 4.6, 22.85), (5.4, 19.15, 5.85, 22.85))",21,CJ3A,0,10.0,82,5,6,8,6341|6344|6353|6359|6360,6341|6344|6353|6359|6360|6365,6341|6344|6350|6353|6357|6359|6360|6365,"RuntimeError: Could not switch the geometry.
The following agents would be outside of the new geometry: 6841, 6844, 6853, 6859, 6860
"
right_connector_narrow_0p8,"((18.15, 19.15, 18.6, 22.85), (19.4, 19.15, 19.85, 22.85))",21,CJ3A,0,10.0,82,0,0,0,,,,
upper_left_narrow_0p8,"((6.25, 23.15, 10.75, 24.6), (6.25, 25.4, 10.75, 26.85))",21,CJ3A,1,10.0,82,0,0,0,,,,
upper_left_narrow_1p2,"((6.25, 23.15, 10.75, 24.4), (6.25, 25.6, 10.75, 26.85))",21,CJ3A,1,10.0,82,0,0,0,,,,
upper_right_narrow_0p8,"((13.25, 23.15, 17.75, 24.6), (13.25, 25.4, 17.75, 26.85))",21,CJ3A,1,10.0,82,6,7,7,6302|6308|6311|6312|6334|6338,6302|6305|6308|6311|6312|6334|6338,6302|6305|6308|6311|6312|6334|6338,"RuntimeError: Could not switch the geometry.
The following agents would be outside of the new geometry: 6602, 6608, 6611, 6612, 6634, 6638
"
upper_right_narrow_1p2,"((13.25, 23.15, 17.75, 24.4), (13.25, 25.6, 17.75, 26.85))",21,CJ3A,1,10.0,82,6,7,7,6302|6308|6311|6312|6334|6338,6302|6305|6308|6311|6312|6334|6338,6302|6305|6308|6311|6312|6334|6338,"RuntimeError: Could not switch the geometry.
The following agents would be outside of the new geometry: 6702, 6708, 6711, 6712, 6734, 6738
"
left_connector_narrow_0p8,"((4.15, 19.15, 4.6, 22.85), (5.4, 19.15, 5.85, 22.85))",21,CJ3A,1,10.0,82,5,7,10,6341|6346|6352|6359|6360,6341|6342|6346|6347|6352|6359|6360,6341|6342|6346|6347|6349|6351|6352|6355|6359|6360,"RuntimeError: Could not switch the geometry.
The following agents would be outside of the new geometry: 6841, 6846, 6852, 6859, 6860
"
right_connector_narrow_0p8,"((18.15, 19.15, 18.6, 22.85), (19.4, 19.15, 19.85, 22.85))",21,CJ3A,1,10.0,82,0,0,0,,,,
upper_left_narrow_0p8,"((6.25, 23.15, 10.75, 24.6), (6.25, 25.4, 10.75, 26.85))",21,CJ3A,2,10.0,81,0,0,0,,,,
upper_left_narrow_1p2,"((6.25, 23.15, 10.75, 24.4), (6.25, 25.6, 10.75, 26.85))",21,CJ3A,2,10.0,81,0,0,0,,,,
upper_right_narrow_0p8,"((13.25, 23.15, 17.75, 24.6), (13.25, 25.4, 17.75, 26.85))",21,CJ3A,2,10.0,81,6,6,7,6308|6317|6320|6327|6336|6338,6308|6317|6320|6327|6336|6338,6308|6317|6320|6327|6335|6336|6338,"RuntimeError: Could not switch the geometry.
The following agents would be outside of the new geometry: 6608, 6617, 6620, 6627, 6636, 6638
"
upper_right_narrow_1p2,"((13.25, 23.15, 17.75, 24.4), (13.25, 25.6, 17.75, 26.85))",21,CJ3A,2,10.0,81,4,6,7,6308|6320|6327|6338,6308|6317|6320|6327|6336|6338,6308|6317|6320|6327|6335|6336|6338,"RuntimeError: Could not switch the geometry.
The following agents would be outside of the new geometry: 6708, 6720, 6727, 6738
"
left_connector_narrow_0p8,"((4.15, 19.15, 4.6, 22.85), (5.4, 19.15, 5.85, 22.85))",21,CJ3A,2,10.0,81,4,6,7,6341|6345|6354|6362,6341|6345|6349|6354|6358|6362,6341|6345|6349|6352|6354|6358|6362,"RuntimeError: Could not switch the geometry.
The following agents would be outside of the new geometry: 6841, 6845, 6854, 6862
"
right_connector_narrow_0p8,"((18.15, 19.15, 18.6, 22.85), (19.4, 19.15, 19.85, 22.85))",21,CJ3A,2,10.0,81,0,0,0,,,,
upper_left_narrow_0p8,"((6.25, 23.15, 10.75, 24.6), (6.25, 25.4, 10.75, 26.85))",21,CJ3A,3,10.0,84,0,0,0,,,,
upper_left_narrow_1p2,"((6.25, 23.15, 10.75, 24.4), (6.25, 25.6, 10.75, 26.85))",21,CJ3A,3,10.0,84,0,0,0,,,,
upper_right_narrow_0p8,"((13.25, 23.15, 17.75, 24.6), (13.25, 25.4, 17.75, 26.85))",21,CJ3A,3,10.0,84,5,6,6,6304|6306|6320|6321|6326,6304|6306|6308|6320|6321|6326,6304|6306|6308|6320|6321|6326,"RuntimeError: Could not switch the geometry.
The following agents would be outside of the new geometry: 6604, 6606, 6620, 6621, 6626
"
upper_right_narrow_1p2,"((13.25, 23.15, 17.75, 24.4), (13.25, 25.6, 17.75, 26.85))",21,CJ3A,3,10.0,84,5,6,6,6304|6306|6320|6321|6326,6304|6306|6308|6320|6321|6326,6304|6306|6308|6320|6321|6326,"RuntimeError: Could not switch the geometry.
The following agents would be outside of the new geometry: 6704, 6706, 6720, 6721, 6726
"
left_connector_narrow_0p8,"((4.15, 19.15, 4.6, 22.85), (5.4, 19.15, 5.85, 22.85))",21,CJ3A,3,10.0,84,3,7,11,6343|6348|6359,6341|6343|6344|6347|6348|6350|6359,6341|6343|6344|6345|6346|6347|6348|6350|6357|6358|6359,"RuntimeError: Could not switch the geometry.
The following agents would be outside of the new geometry: 6843, 6848, 6859
"
right_connector_narrow_0p8,"((18.15, 19.15, 18.6, 22.85), (19.4, 19.15, 19.85, 22.85))",21,CJ3A,3,10.0,84,0,0,0,,,,
upper_left_narrow_0p8,"((6.25, 23.15, 10.75, 24.6), (6.25, 25.4, 10.75, 26.85))",21,CJ3A,4,10.0,83,0,0,0,,,,
upper_left_narrow_1p2,"((6.25, 23.15, 10.75, 24.4), (6.25, 25.6, 10.75, 26.85))",21,CJ3A,4,10.0,83,0,0,0,,,,
upper_right_narrow_0p8,"((13.25, 23.15, 17.75, 24.6), (13.25, 25.4, 17.75, 26.85))",21,CJ3A,4,10.0,83,6,6,8,6304|6309|6310|6312|6317|6332,6304|6309|6310|6312|6317|6332,6304|6306|6309|6310|6312|6315|6317|6332,"RuntimeError: Could not switch the geometry.
The following agents would be outside of the new geometry: 6604, 6609, 6610, 6612, 6617, 6632
"
upper_right_narrow_1p2,"((13.25, 23.15, 17.75, 24.4), (13.25, 25.6, 17.75, 26.85))",21,CJ3A,4,10.0,83,5,6,8,6304|6309|6312|6317|6332,6304|6309|6310|6312|6317|6332,6304|6306|6309|6310|6312|6315|6317|6332,"RuntimeError: Could not switch the geometry.
The following agents would be outside of the new geometry: 6704, 6709, 6712, 6717, 6732
"
left_connector_narrow_0p8,"((4.15, 19.15, 4.6, 22.85), (5.4, 19.15, 5.85, 22.85))",21,CJ3A,4,10.0,83,4,7,10,6345|6347|6356|6357,6343|6344|6345|6347|6355|6356|6357,6341|6343|6344|6345|6347|6349|6352|6355|6356|6357,"RuntimeError: Could not switch the geometry.
The following agents would be outside of the new geometry: 6845, 6847, 6856, 6857
"
right_connector_narrow_0p8,"((18.15, 19.15, 18.6, 22.85), (19.4, 19.15, 19.85, 22.85))",21,CJ3A,4,10.0,83,0,0,0,,,,
upper_left_narrow_0p8,"((6.25, 23.15, 10.75, 24.6), (6.25, 25.4, 10.75, 26.85))",22,J2CB,1,10.0,82,0,0,0,,,,
upper_left_narrow_1p2,"((6.25, 23.15, 10.75, 24.4), (6.25, 25.6, 10.75, 26.85))",22,J2CB,1,10.0,82,0,0,0,,,,
upper_right_narrow_0p8,"((13.25, 23.15, 17.75, 24.6), (13.25, 25.4, 17.75, 26.85))",22,J2CB,1,10.0,82,7,9,11,7002|7005|7011|7012|7026|7033|7034,7002|7005|7008|7011|7012|7026|7033|7034|7038,7002|7005|7008|7011|7012|7019|7026|7027|7033|7034|7038,"RuntimeError: Could not switch the geometry.
The following agents would be outside of the new geometry: 7302, 7305, 7311, 7312, 7326, 7333, 7334
"
upper_right_narrow_1p2,"((13.25, 23.15, 17.75, 24.4), (13.25, 25.6, 17.75, 26.85))",22,J2CB,1,10.0,82,5,7,10,7002|7005|7012|7026|7034,7002|7005|7011|7012|7026|7033|7034,7002|7005|7008|7011|7012|7019|7026|7033|7034|7038,"RuntimeError: Could not switch the geometry.
The following agents would be outside of the new geometry: 7402, 7405, 7412, 7426, 7434
"
left_connector_narrow_0p8,"((4.15, 19.15, 4.6, 22.85), (5.4, 19.15, 5.85, 22.85))",22,J2CB,1,10.0,82,0,0,0,,,,
right_connector_narrow_0p8,"((18.15, 19.15, 18.6, 22.85), (19.4, 19.15, 19.85, 22.85))",22,J2CB,1,10.0,82,3,3,5,7021|7071|7072,7021|7071|7072,7021|7025|7071|7072|7074,"RuntimeError: Could not switch the geometry.
The following agents would be outside of the new geometry: 7621, 7671, 7672
"
upper_left_narrow_0p8,"((6.25, 23.15, 10.75, 24.6), (6.25, 25.4, 10.75, 26.85))",22,J2CB,0,10.0,82,0,0,0,,,,
upper_left_narrow_1p2,"((6.25, 23.15, 10.75, 24.4), (6.25, 25.6, 10.75, 26.85))",22,J2CB,0,10.0,82,0,0,0,,,,
upper_right_narrow_0p8,"((13.25, 23.15, 17.75, 24.6), (13.25, 25.4, 17.75, 26.85))",22,J2CB,0,10.0,82,7,8,10,7001|7014|7024|7027|7028|7035|7037,7001|7014|7024|7027|7028|7035|7037|7039,7001|7007|7014|7024|7027|7028|7033|7035|7037|7039,"RuntimeError: Could not switch the geometry.
The following agents would be outside of the new geometry: 7301, 7314, 7324, 7327, 7328, 7335, 7337
"
upper_right_narrow_1p2,"((13.25, 23.15, 17.75, 24.4), (13.25, 25.6, 17.75, 26.85))",22,J2CB,0,10.0,82,5,8,8,7001|7024|7028|7035|7037,7001|7014|7024|7027|7028|7035|7037|7039,7001|7014|7024|7027|7028|7035|7037|7039,"RuntimeError: Could not switch the geometry.
The following agents would be outside of the new geometry: 7401, 7424, 7428, 7435, 7437
"
left_connector_narrow_0p8,"((4.15, 19.15, 4.6, 22.85), (5.4, 19.15, 5.85, 22.85))",22,J2CB,0,10.0,82,0,0,0,,,,
right_connector_narrow_0p8,"((18.15, 19.15, 18.6, 22.85), (19.4, 19.15, 19.85, 22.85))",22,J2CB,0,10.0,82,2,2,5,7012|7078,7012|7078,7012|7065|7072|7078|7080,"RuntimeError: Could not switch the geometry.
The following agents would be outside of the new geometry: 7612, 7678
"
upper_left_narrow_0p8,"((6.25, 23.15, 10.75, 24.6), (6.25, 25.4, 10.75, 26.85))",22,J2CB,2,10.0,81,0,0,0,,,,
upper_left_narrow_1p2,"((6.25, 23.15, 10.75, 24.4), (6.25, 25.6, 10.75, 26.85))",22,J2CB,2,10.0,81,0,0,0,,,,
upper_right_narrow_0p8,"((13.25, 23.15, 17.75, 24.6), (13.25, 25.4, 17.75, 26.85))",22,J2CB,2,10.0,81,5,8,10,7008|7019|7027|7035|7036,7008|7015|7019|7020|7027|7035|7036|7038,7007|7008|7015|7017|7019|7020|7027|7035|7036|7038,"RuntimeError: Could not switch the geometry.
The following agents would be outside of the new geometry: 7308, 7319, 7327, 7335, 7336
"
upper_right_narrow_1p2,"((13.25, 23.15, 17.75, 24.4), (13.25, 25.6, 17.75, 26.85))",22,J2CB,2,10.0,81,4,6,9,7019|7027|7035|7036,7008|7015|7019|7027|7035|7036,7007|7008|7015|7019|7020|7027|7035|7036|7038,"RuntimeError: Could not switch the geometry.
The following agents would be outside of the new geometry: 7419, 7427, 7435, 7436
"
left_connector_narrow_0p8,"((4.15, 19.15, 4.6, 22.85), (5.4, 19.15, 5.85, 22.85))",22,J2CB,2,10.0,81,0,0,0,,,,
right_connector_narrow_0p8,"((18.15, 19.15, 18.6, 22.85), (19.4, 19.15, 19.85, 22.85))",22,J2CB,2,10.0,81,3,3,4,7013|7062|7073,7013|7062|7073,7013|7062|7065|7073,"RuntimeError: Could not switch the geometry.
The following agents would be outside of the new geometry: 7613, 7662, 7673
"
upper_left_narrow_0p8,"((6.25, 23.15, 10.75, 24.6), (6.25, 25.4, 10.75, 26.85))",23,J2CJ1,1,10.0,82,2,2,3,7045|7056,7045|7056,7045|7055|7056,"RuntimeError: Could not switch the geometry.
The following agents would be outside of the new geometry: 7145, 7156
"
upper_left_narrow_1p2,"((6.25, 23.15, 10.75, 24.4), (6.25, 25.6, 10.75, 26.85))",23,J2CJ1,1,10.0,82,2,2,3,7045|7056,7045|7056,7045|7055|7056,"RuntimeError: Could not switch the geometry.
The following agents would be outside of the new geometry: 7245, 7256
"
upper_right_narrow_0p8,"((13.25, 23.15, 17.75, 24.6), (13.25, 25.4, 17.75, 26.85))",23,J2CJ1,1,10.0,82,7,9,11,7002|7005|7011|7012|7026|7033|7034,7002|7005|7008|7011|7012|7026|7033|7034|7038,7002|7005|7008|7011|7012|7019|7026|7027|7033|7034|7038,"RuntimeError: Could not switch the geometry.
The following agents would be outside of the new geometry: 7302, 7305, 7311, 7312, 7326, 7333, 7334
"
upper_right_narrow_1p2,"((13.25, 23.15, 17.75, 24.4), (13.25, 25.6, 17.75, 26.85))",23,J2CJ1,1,10.0,82,5,7,10,7002|7005|7012|7026|7034,7002|7005|7011|7012|7026|7033|7034,7002|7005|7008|7011|7012|7019|7026|7033|7034|7038,"RuntimeError: Could not switch the geometry.
The following agents would be outside of the new geometry: 7402, 7405, 7412, 7426, 7434
"
left_connector_narrow_0p8,"((4.15, 19.15, 4.6, 22.85), (5.4, 19.15, 5.85, 22.85))",23,J2CJ1,1,10.0,82,4,6,9,7042|7051|7052|7060,7042|7047|7051|7052|7053|7060,7042|7046|7047|7049|7051|7052|7053|7059|7060,"RuntimeError: Could not switch the geometry.
The following agents would be outside of the new geometry: 7542, 7551, 7552, 7560
"
right_connector_narrow_0p8,"((18.15, 19.15, 18.6, 22.85), (19.4, 19.15, 19.85, 22.85))",23,J2CJ1,1,10.0,82,3,3,5,7021|7071|7072,7021|7071|7072,7021|7025|7071|7072|7074,"RuntimeError: Could not switch the geometry.
The following agents would be outside of the new geometry: 7621, 7671, 7672
"
upper_left_narrow_0p8,"((6.25, 23.15, 10.75, 24.6), (6.25, 25.4, 10.75, 26.85))",23,J2CJ1,0,10.0,82,2,2,2,7046|7054,7046|7054,7046|7054,"RuntimeError: Could not switch the geometry.
The following agents would be outside of the new geometry: 7146, 7154
"
upper_left_narrow_1p2,"((6.25, 23.15, 10.75, 24.4), (6.25, 25.6, 10.75, 26.85))",23,J2CJ1,0,10.0,82,2,2,2,7046|7054,7046|7054,7046|7054,"RuntimeError: Could not switch the geometry.
The following agents would be outside of the new geometry: 7246, 7254
"
upper_right_narrow_0p8,"((13.25, 23.15, 17.75, 24.6), (13.25, 25.4, 17.75, 26.85))",23,J2CJ1,0,10.0,82,7,8,10,7001|7014|7024|7027|7028|7035|7037,7001|7014|7024|7027|7028|7035|7037|7039,7001|7007|7014|7024|7027|7028|7033|7035|7037|7039,"RuntimeError: Could not switch the geometry.
The following agents would be outside of the new geometry: 7301, 7314, 7324, 7327, 7328, 7335, 7337
"
upper_right_narrow_1p2,"((13.25, 23.15, 17.75, 24.4), (13.25, 25.6, 17.75, 26.85))",23,J2CJ1,0,10.0,82,5,8,8,7001|7024|7028|7035|7037,7001|7014|7024|7027|7028|7035|7037|7039,7001|7014|7024|7027|7028|7035|7037|7039,"RuntimeError: Could not switch the geometry.
The following agents would be outside of the new geometry: 7401, 7424, 7428, 7435, 7437
"
left_connector_narrow_0p8,"((4.15, 19.15, 4.6, 22.85), (5.4, 19.15, 5.85, 22.85))",23,J2CJ1,0,10.0,82,4,6,8,7044|7045|7050|7057,7044|7045|7050|7057|7059|7060,7044|7045|7050|7052|7053|7057|7059|7060,"RuntimeError: Could not switch the geometry.
The following agents would be outside of the new geometry: 7544, 7545, 7550, 7557
"
right_connector_narrow_0p8,"((18.15, 19.15, 18.6, 22.85), (19.4, 19.15, 19.85, 22.85))",23,J2CJ1,0,10.0,82,2,2,5,7012|7078,7012|7078,7012|7065|7072|7078|7080,"RuntimeError: Could not switch the geometry.
The following agents would be outside of the new geometry: 7612, 7678
"
upper_left_narrow_0p8,"((6.25, 23.15, 10.75, 24.6), (6.25, 25.4, 10.75, 26.85))",22,J2CB,3,10.0,84,0,0,0,,,,
upper_left_narrow_1p2,"((6.25, 23.15, 10.75, 24.4), (6.25, 25.6, 10.75, 26.85))",22,J2CB,3,10.0,84,0,0,0,,,,
upper_right_narrow_0p8,"((13.25, 23.15, 17.75, 24.6), (13.25, 25.4, 17.75, 26.85))",22,J2CB,3,10.0,84,5,6,8,7004|7006|7008|7020|7028,7004|7006|7008|7020|7026|7028,7004|7006|7008|7009|7020|7021|7026|7028,"RuntimeError: Could not switch the geometry.
The following agents would be outside of the new geometry: 7304, 7306, 7308, 7320, 7328
"
upper_right_narrow_1p2,"((13.25, 23.15, 17.75, 24.4), (13.25, 25.6, 17.75, 26.85))",22,J2CB,3,10.0,84,4,5,7,7004|7006|7008|7028,7004|7006|7008|7020|7028,7004|7006|7008|7009|7020|7026|7028,"RuntimeError: Could not switch the geometry.
The following agents would be outside of the new geometry: 7404, 7406, 7408, 7428
"
left_connector_narrow_0p8,"((4.15, 19.15, 4.6, 22.85), (5.4, 19.15, 5.85, 22.85))",22,J2CB,3,10.0,84,0,0,0,,,,
right_connector_narrow_0p8,"((18.15, 19.15, 18.6, 22.85), (19.4, 19.15, 19.85, 22.85))",22,J2CB,3,10.0,84,2,3,4,7010|7067,7010|7067|7076,7010|7067|7070|7076,"RuntimeError: Could not switch the geometry.
The following agents would be outside of the new geometry: 7610, 7667
"
upper_left_narrow_0p8,"((6.25, 23.15, 10.75, 24.6), (6.25, 25.4, 10.75, 26.85))",22,J2CB,4,10.0,83,0,0,0,,,,
upper_left_narrow_1p2,"((6.25, 23.15, 10.75, 24.4), (6.25, 25.6, 10.75, 26.85))",22,J2CB,4,10.0,83,0,0,0,,,,
upper_right_narrow_0p8,"((13.25, 23.15, 17.75, 24.6), (13.25, 25.4, 17.75, 26.85))",22,J2CB,4,10.0,83,6,8,10,7006|7010|7015|7017|7027|7032,7006|7009|7010|7012|7015|7017|7027|7032,7004|7006|7009|7010|7012|7015|7017|7018|7027|7032,"RuntimeError: Could not switch the geometry.
The following agents would be outside of the new geometry: 7306, 7310, 7315, 7317, 7327, 7332
"
upper_right_narrow_1p2,"((13.25, 23.15, 17.75, 24.4), (13.25, 25.6, 17.75, 26.85))",22,J2CB,4,10.0,83,6,6,9,7006|7010|7015|7017|7027|7032,7006|7010|7015|7017|7027|7032,7006|7009|7010|7012|7015|7017|7018|7027|7032,"RuntimeError: Could not switch the geometry.
The following agents would be outside of the new geometry: 7406, 7410, 7415, 7417, 7427, 7432
"
left_connector_narrow_0p8,"((4.15, 19.15, 4.6, 22.85), (5.4, 19.15, 5.85, 22.85))",22,J2CB,4,10.0,83,0,0,0,,,,
right_connector_narrow_0p8,"((18.15, 19.15, 18.6, 22.85), (19.4, 19.15, 19.85, 22.85))",22,J2CB,4,10.0,83,2,3,5,7002|7070,7002|7070|7079,7002|7003|7070|7071|7079,"RuntimeError: Could not switch the geometry.
The following agents would be outside of the new geometry: 7602, 7670
"
upper_left_narrow_0p8,"((6.25, 23.15, 10.75, 24.6), (6.25, 25.4, 10.75, 26.85))",23,J2CJ1,2,10.0,81,2,2,2,7051|7056,7051|7056,7051|7056,"RuntimeError: Could not switch the geometry.
The following agents would be outside of the new geometry: 7151, 7156
"
upper_left_narrow_1p2,"((6.25, 23.15, 10.75, 24.4), (6.25, 25.6, 10.75, 26.85))",23,J2CJ1,2,10.0,81,2,2,2,7051|7056,7051|7056,7051|7056,"RuntimeError: Could not switch the geometry.
The following agents would be outside of the new geometry: 7251, 7256
"
upper_right_narrow_0p8,"((13.25, 23.15, 17.75, 24.6), (13.25, 25.4, 17.75, 26.85))",23,J2CJ1,2,10.0,81,5,8,10,7008|7019|7027|7035|7036,7008|7015|7019|7020|7027|7035|7036|7038,7007|7008|7015|7017|7019|7020|7027|7035|7036|7038,"RuntimeError: Could not switch the geometry.
The following agents would be outside of the new geometry: 7308, 7319, 7327, 7335, 7336
"
upper_right_narrow_1p2,"((13.25, 23.15, 17.75, 24.4), (13.25, 25.6, 17.75, 26.85))",23,J2CJ1,2,10.0,81,4,6,9,7019|7027|7035|7036,7008|7015|7019|7027|7035|7036,7007|7008|7015|7019|7020|7027|7035|7036|7038,"RuntimeError: Could not switch the geometry.
The following agents would be outside of the new geometry: 7419, 7427, 7435, 7436
"
left_connector_narrow_0p8,"((4.15, 19.15, 4.6, 22.85), (5.4, 19.15, 5.85, 22.85))",23,J2CJ1,2,10.0,81,3,3,6,7049|7052|7058,7049|7052|7058,7044|7045|7049|7052|7054|7058,"RuntimeError: Could not switch the geometry.
The following agents would be outside of the new geometry: 7549, 7552, 7558
"
right_connector_narrow_0p8,"((18.15, 19.15, 18.6, 22.85), (19.4, 19.15, 19.85, 22.85))",23,J2CJ1,2,10.0,81,3,3,4,7013|7062|7073,7013|7062|7073,7013|7062|7065|7073,"RuntimeError: Could not switch the geometry.
The following agents would be outside of the new geometry: 7613, 7662, 7673
"
upper_left_narrow_0p8,"((6.25, 23.15, 10.75, 24.6), (6.25, 25.4, 10.75, 26.85))",23,J2CJ1,3,10.0,84,2,2,2,7052|7056,7052|7056,7052|7056,"RuntimeError: Could not switch the geometry.
The following agents would be outside of the new geometry: 7152, 7156
"
upper_left_narrow_1p2,"((6.25, 23.15, 10.75, 24.4), (6.25, 25.6, 10.75, 26.85))",23,J2CJ1,3,10.0,84,2,2,2,7052|7056,7052|7056,7052|7056,"RuntimeError: Could not switch the geometry.
The following agents would be outside of the new geometry: 7252, 7256
"
upper_right_narrow_0p8,"((13.25, 23.15, 17.75, 24.6), (13.25, 25.4, 17.75, 26.85))",23,J2CJ1,3,10.0,84,5,6,8,7004|7006|7008|7020|7028,7004|7006|7008|7020|7026|7028,7004|7006|7008|7009|7020|7021|7026|7028,"RuntimeError: Could not switch the geometry.
The following agents would be outside of the new geometry: 7304, 7306, 7308, 7320, 7328
"
upper_right_narrow_1p2,"((13.25, 23.15, 17.75, 24.4), (13.25, 25.6, 17.75, 26.85))",23,J2CJ1,3,10.0,84,4,5,7,7004|7006|7008|7028,7004|7006|7008|7020|7028,7004|7006|7008|7009|7020|7026|7028,"RuntimeError: Could not switch the geometry.
The following agents would be outside of the new geometry: 7404, 7406, 7408, 7428
"
left_connector_narrow_0p8,"((4.15, 19.15, 4.6, 22.85), (5.4, 19.15, 5.85, 22.85))",23,J2CJ1,3,10.0,84,3,7,11,7047|7050|7054,7043|7045|7047|7050|7054|7058|7059,7041|7043|7044|7045|7046|7047|7048|7050|7054|7058|7059,"RuntimeError: Could not switch the geometry.
The following agents would be outside of the new geometry: 7547, 7550, 7554
"
right_connector_narrow_0p8,"((18.15, 19.15, 18.6, 22.85), (19.4, 19.15, 19.85, 22.85))",23,J2CJ1,3,10.0,84,2,3,4,7010|7067,7010|7067|7076,7010|7067|7070|7076,"RuntimeError: Could not switch the geometry.
The following agents would be outside of the new geometry: 7610, 7667
"
upper_left_narrow_0p8,"((6.25, 23.15, 10.75, 24.6), (6.25, 25.4, 10.75, 26.85))",23,J2CJ1,4,10.0,83,2,2,3,7058|7060,7058|7060,7057|7058|7060,"RuntimeError: Could not switch the geometry.
The following agents would be outside of the new geometry: 7158, 7160
"
upper_left_narrow_1p2,"((6.25, 23.15, 10.75, 24.4), (6.25, 25.6, 10.75, 26.85))",23,J2CJ1,4,10.0,83,2,2,3,7058|7060,7058|7060,7057|7058|7060,"RuntimeError: Could not switch the geometry.
The following agents would be outside of the new geometry: 7258, 7260
"
upper_right_narrow_0p8,"((13.25, 23.15, 17.75, 24.6), (13.25, 25.4, 17.75, 26.85))",23,J2CJ1,4,10.0,83,6,8,10,7006|7010|7015|7017|7027|7032,7006|7009|7010|7012|7015|7017|7027|7032,7004|7006|7009|7010|7012|7015|7017|7018|7027|7032,"RuntimeError: Could not switch the geometry.
The following agents would be outside of the new geometry: 7306, 7310, 7315, 7317, 7327, 7332
"
upper_right_narrow_1p2,"((13.25, 23.15, 17.75, 24.4), (13.25, 25.6, 17.75, 26.85))",23,J2CJ1,4,10.0,83,6,6,9,7006|7010|7015|7017|7027|7032,7006|7010|7015|7017|7027|7032,7006|7009|7010|7012|7015|7017|7018|7027|7032,"RuntimeError: Could not switch the geometry.
The following agents would be outside of the new geometry: 7406, 7410, 7415, 7417, 7427, 7432
"
left_connector_narrow_0p8,"((4.15, 19.15, 4.6, 22.85), (5.4, 19.15, 5.85, 22.85))",23,J2CJ1,4,10.0,83,4,5,8,7044|7052|7054|7055,7044|7047|7052|7054|7055,7044|7045|7047|7049|7052|7054|7055|7056,"RuntimeError: Could not switch the geometry.
The following agents would be outside of the new geometry: 7544, 7552, 7554, 7555
"
right_connector_narrow_0p8,"((18.15, 19.15, 18.6, 22.85), (19.4, 19.15, 19.85, 22.85))",23,J2CJ1,4,10.0,83,2,3,5,7002|7070,7002|7070|7079,7002|7003|7070|7071|7079,"RuntimeError: Could not switch the geometry.
The following agents would be outside of the new geometry: 7602, 7670
"
upper_left_narrow_0p8,"((6.25, 23.15, 10.75, 24.6), (6.25, 25.4, 10.75, 26.85))",24,J2CJ2,0,10.0,82,0,0,0,,,,
upper_left_narrow_1p2,"((6.25, 23.15, 10.75, 24.4), (6.25, 25.6, 10.75, 26.85))",24,J2CJ2,0,10.0,82,0,0,0,,,,
upper_right_narrow_0p8,"((13.25, 23.15, 17.75, 24.6), (13.25, 25.4, 17.75, 26.85))",24,J2CJ2,0,10.0,82,7,8,10,7001|7014|7024|7027|7028|7035|7037,7001|7014|7024|7027|7028|7035|7037|7039,7001|7007|7014|7024|7027|7028|7033|7035|7037|7039,"RuntimeError: Could not switch the geometry.
The following agents would be outside of the new geometry: 7301, 7314, 7324, 7327, 7328, 7335, 7337
"
upper_right_narrow_1p2,"((13.25, 23.15, 17.75, 24.4), (13.25, 25.6, 17.75, 26.85))",24,J2CJ2,0,10.0,82,5,8,8,7001|7024|7028|7035|7037,7001|7014|7024|7027|7028|7035|7037|7039,7001|7014|7024|7027|7028|7035|7037|7039,"RuntimeError: Could not switch the geometry.
The following agents would be outside of the new geometry: 7401, 7424, 7428, 7435, 7437
"
left_connector_narrow_0p8,"((4.15, 19.15, 4.6, 22.85), (5.4, 19.15, 5.85, 22.85))",24,J2CJ2,0,10.0,82,0,0,0,,,,
right_connector_narrow_0p8,"((18.15, 19.15, 18.6, 22.85), (19.4, 19.15, 19.85, 22.85))",24,J2CJ2,0,10.0,82,2,2,5,7012|7078,7012|7078,7012|7065|7072|7078|7080,"RuntimeError: Could not switch the geometry.
The following agents would be outside of the new geometry: 7612, 7678
"
upper_left_narrow_0p8,"((6.25, 23.15, 10.75, 24.6), (6.25, 25.4, 10.75, 26.85))",24,J2CJ2,1,10.0,82,0,0,0,,,,
upper_left_narrow_1p2,"((6.25, 23.15, 10.75, 24.4), (6.25, 25.6, 10.75, 26.85))",24,J2CJ2,1,10.0,82,0,0,0,,,,
upper_right_narrow_0p8,"((13.25, 23.15, 17.75, 24.6), (13.25, 25.4, 17.75, 26.85))",24,J2CJ2,1,10.0,82,7,9,11,7702|7705|7711|7712|7726|7733|7734,7702|7705|7708|7711|7712|7726|7733|7734|7738,7702|7705|7708|7711|7712|7719|7726|7727|7733|7734|7738,"RuntimeError: Could not switch the geometry.
The following agents would be outside of the new geometry: 8002, 8005, 8011, 8012, 8026, 8033, 8034
"
upper_right_narrow_1p2,"((13.25, 23.15, 17.75, 24.4), (13.25, 25.6, 17.75, 26.85))",24,J2CJ2,1,10.0,82,5,7,10,7702|7705|7712|7726|7734,7702|7705|7711|7712|7726|7733|7734,7702|7705|7708|7711|7712|7719|7726|7733|7734|7738,"RuntimeError: Could not switch the geometry.
The following agents would be outside of the new geometry: 8102, 8105, 8112, 8126, 8134
"
left_connector_narrow_0p8,"((4.15, 19.15, 4.6, 22.85), (5.4, 19.15, 5.85, 22.85))",24,J2CJ2,1,10.0,82,0,0,0,,,,
right_connector_narrow_0p8,"((18.15, 19.15, 18.6, 22.85), (19.4, 19.15, 19.85, 22.85))",24,J2CJ2,1,10.0,82,3,3,5,7721|7771|7772,7721|7771|7772,7721|7725|7771|7772|7774,"RuntimeError: Could not switch the geometry.
The following agents would be outside of the new geometry: 8321, 8371, 8372
"
upper_left_narrow_0p8,"((6.25, 23.15, 10.75, 24.6), (6.25, 25.4, 10.75, 26.85))",24,J2CJ2,3,10.0,84,0,0,0,,,,
upper_left_narrow_1p2,"((6.25, 23.15, 10.75, 24.4), (6.25, 25.6, 10.75, 26.85))",24,J2CJ2,3,10.0,84,0,0,0,,,,
upper_right_narrow_0p8,"((13.25, 23.15, 17.75, 24.6), (13.25, 25.4, 17.75, 26.85))",24,J2CJ2,3,10.0,84,5,6,8,7704|7706|7708|7720|7728,7704|7706|7708|7720|7726|7728,7704|7706|7708|7709|7720|7721|7726|7728,"RuntimeError: Could not switch the geometry.
The following agents would be outside of the new geometry: 8004, 8006, 8008, 8020, 8028
"
upper_right_narrow_1p2,"((13.25, 23.15, 17.75, 24.4), (13.25, 25.6, 17.75, 26.85))",24,J2CJ2,3,10.0,84,4,5,7,7704|7706|7708|7728,7704|7706|7708|7720|7728,7704|7706|7708|7709|7720|7726|7728,"RuntimeError: Could not switch the geometry.
The following agents would be outside of the new geometry: 8104, 8106, 8108, 8128
"
left_connector_narrow_0p8,"((4.15, 19.15, 4.6, 22.85), (5.4, 19.15, 5.85, 22.85))",24,J2CJ2,3,10.0,84,0,0,0,,,,
right_connector_narrow_0p8,"((18.15, 19.15, 18.6, 22.85), (19.4, 19.15, 19.85, 22.85))",24,J2CJ2,3,10.0,84,2,3,4,7710|7767,7710|7767|7776,7710|7767|7770|7776,"RuntimeError: Could not switch the geometry.
The following agents would be outside of the new geometry: 8310, 8367
"
upper_left_narrow_0p8,"((6.25, 23.15, 10.75, 24.6), (6.25, 25.4, 10.75, 26.85))",24,J2CJ2,2,10.0,81,0,0,0,,,,
upper_left_narrow_1p2,"((6.25, 23.15, 10.75, 24.4), (6.25, 25.6, 10.75, 26.85))",24,J2CJ2,2,10.0,81,0,0,0,,,,
upper_right_narrow_0p8,"((13.25, 23.15, 17.75, 24.6), (13.25, 25.4, 17.75, 26.85))",24,J2CJ2,2,10.0,81,5,8,10,7708|7719|7727|7735|7736,7708|7715|7719|7720|7727|7735|7736|7738,7707|7708|7715|7717|7719|7720|7727|7735|7736|7738,"RuntimeError: Could not switch the geometry.
The following agents would be outside of the new geometry: 8008, 8019, 8027, 8035, 8036
"
upper_right_narrow_1p2,"((13.25, 23.15, 17.75, 24.4), (13.25, 25.6, 17.75, 26.85))",24,J2CJ2,2,10.0,81,4,6,9,7719|7727|7735|7736,7708|7715|7719|7727|7735|7736,7707|7708|7715|7719|7720|7727|7735|7736|7738,"RuntimeError: Could not switch the geometry.
The following agents would be outside of the new geometry: 8119, 8127, 8135, 8136
"
left_connector_narrow_0p8,"((4.15, 19.15, 4.6, 22.85), (5.4, 19.15, 5.85, 22.85))",24,J2CJ2,2,10.0,81,0,0,0,,,,
right_connector_narrow_0p8,"((18.15, 19.15, 18.6, 22.85), (19.4, 19.15, 19.85, 22.85))",24,J2CJ2,2,10.0,81,3,3,4,7713|7762|7773,7713|7762|7773,7713|7762|7765|7773,"RuntimeError: Could not switch the geometry.
The following agents would be outside of the new geometry: 8313, 8362, 8373
"
upper_left_narrow_0p8,"((6.25, 23.15, 10.75, 24.6), (6.25, 25.4, 10.75, 26.85))",24,J2CJ2,4,10.0,83,0,0,0,,,,
upper_left_narrow_1p2,"((6.25, 23.15, 10.75, 24.4), (6.25, 25.6, 10.75, 26.85))",24,J2CJ2,4,10.0,83,0,0,0,,,,
upper_right_narrow_0p8,"((13.25, 23.15, 17.75, 24.6), (13.25, 25.4, 17.75, 26.85))",24,J2CJ2,4,10.0,83,6,8,10,7706|7710|7715|7717|7727|7732,7706|7709|7710|7712|7715|7717|7727|7732,7704|7706|7709|7710|7712|7715|7717|7718|7727|7732,"RuntimeError: Could not switch the geometry.
The following agents would be outside of the new geometry: 8006, 8010, 8015, 8017, 8027, 8032
"
upper_right_narrow_1p2,"((13.25, 23.15, 17.75, 24.4), (13.25, 25.6, 17.75, 26.85))",24,J2CJ2,4,10.0,83,6,6,9,7706|7710|7715|7717|7727|7732,7706|7710|7715|7717|7727|7732,7706|7709|7710|7712|7715|7717|7718|7727|7732,"RuntimeError: Could not switch the geometry.
The following agents would be outside of the new geometry: 8106, 8110, 8115, 8117, 8127, 8132
"
left_connector_narrow_0p8,"((4.15, 19.15, 4.6, 22.85), (5.4, 19.15, 5.85, 22.85))",24,J2CJ2,4,10.0,83,0,0,0,,,,
right_connector_narrow_0p8,"((18.15, 19.15, 18.6, 22.85), (19.4, 19.15, 19.85, 22.85))",24,J2CJ2,4,10.0,83,2,3,5,7702|7770,7702|7770|7779,7702|7703|7770|7771|7779,"RuntimeError: Could not switch the geometry.
The following agents would be outside of the new geometry: 8302, 8370
"
upper_left_narrow_0p8,"((6.25, 23.15, 10.75, 24.6), (6.25, 25.4, 10.75, 26.85))",25,J2CA,1,10.0,82,0,0,0,,,,
upper_left_narrow_1p2,"((6.25, 23.15, 10.75, 24.4), (6.25, 25.6, 10.75, 26.85))",25,J2CA,1,10.0,82,0,0,0,,,,
upper_right_narrow_0p8,"((13.25, 23.15, 17.75, 24.6), (13.25, 25.4, 17.75, 26.85))",25,J2CA,1,10.0,82,7,9,11,7702|7705|7711|7712|7726|7733|7734,7702|7705|7708|7711|7712|7726|7733|7734|7738,7702|7705|7708|7711|7712|7719|7726|7727|7733|7734|7738,"RuntimeError: Could not switch the geometry.
The following agents would be outside of the new geometry: 8002, 8005, 8011, 8012, 8026, 8033, 8034
"
upper_right_narrow_1p2,"((13.25, 23.15, 17.75, 24.4), (13.25, 25.6, 17.75, 26.85))",25,J2CA,1,10.0,82,5,7,10,7702|7705|7712|7726|7734,7702|7705|7711|7712|7726|7733|7734,7702|7705|7708|7711|7712|7719|7726|7733|7734|7738,"RuntimeError: Could not switch the geometry.
The following agents would be outside of the new geometry: 8102, 8105, 8112, 8126, 8134
"
left_connector_narrow_0p8,"((4.15, 19.15, 4.6, 22.85), (5.4, 19.15, 5.85, 22.85))",25,J2CA,1,10.0,82,5,7,10,7741|7746|7752|7759|7760,7741|7742|7746|7747|7752|7759|7760,7741|7742|7746|7747|7749|7751|7752|7755|7759|7760,"RuntimeError: Could not switch the geometry.
The following agents would be outside of the new geometry: 8241, 8246, 8252, 8259, 8260
"
right_connector_narrow_0p8,"((18.15, 19.15, 18.6, 22.85), (19.4, 19.15, 19.85, 22.85))",25,J2CA,1,10.0,82,3,3,5,7721|7771|7772,7721|7771|7772,7721|7725|7771|7772|7774,"RuntimeError: Could not switch the geometry.
The following agents would be outside of the new geometry: 8321, 8371, 8372
"
upper_left_narrow_0p8,"((6.25, 23.15, 10.75, 24.6), (6.25, 25.4, 10.75, 26.85))",25,J2CA,0,10.0,82,0,0,0,,,,
upper_left_narrow_1p2,"((6.25, 23.15, 10.75, 24.4), (6.25, 25.6, 10.75, 26.85))",25,J2CA,0,10.0,82,0,0,0,,,,
upper_right_narrow_0p8,"((13.25, 23.15, 17.75, 24.6), (13.25, 25.4, 17.75, 26.85))",25,J2CA,0,10.0,82,7,8,10,7701|7714|7724|7727|7728|7735|7737,7701|7714|7724|7727|7728|7735|7737|7739,7701|7707|7714|7724|7727|7728|7733|7735|7737|7739,"RuntimeError: Could not switch the geometry.
The following agents would be outside of the new geometry: 8001, 8014, 8024, 8027, 8028, 8035, 8037
"
upper_right_narrow_1p2,"((13.25, 23.15, 17.75, 24.4), (13.25, 25.6, 17.75, 26.85))",25,J2CA,0,10.0,82,5,8,8,7701|7724|7728|7735|7737,7701|7714|7724|7727|7728|7735|7737|7739,7701|7714|7724|7727|7728|7735|7737|7739,"RuntimeError: Could not switch the geometry.
The following agents would be outside of the new geometry: 8101, 8124, 8128, 8135, 8137
"
left_connector_narrow_0p8,"((4.15, 19.15, 4.6, 22.85), (5.4, 19.15, 5.85, 22.85))",25,J2CA,0,10.0,82,5,5,8,7741|7744|7753|7759|7760,7741|7744|7753|7759|7760,7741|7744|7747|7750|7753|7757|7759|7760,"RuntimeError: Could not switch the geometry.
The following agents would be outside of the new geometry: 8241, 8244, 8253, 8259, 8260
"
right_connector_narrow_0p8,"((18.15, 19.15, 18.6, 22.85), (19.4, 19.15, 19.85, 22.85))",25,J2CA,0,10.0,82,2,2,5,7712|7778,7712|7778,7712|7765|7772|7778|7780,"RuntimeError: Could not switch the geometry.
The following agents would be outside of the new geometry: 8312, 8378
"
upper_left_narrow_0p8,"((6.25, 23.15, 10.75, 24.6), (6.25, 25.4, 10.75, 26.85))",25,J2CA,2,10.0,81,0,0,0,,,,
upper_left_narrow_1p2,"((6.25, 23.15, 10.75, 24.4), (6.25, 25.6, 10.75, 26.85))",25,J2CA,2,10.0,81,0,0,0,,,,
upper_right_narrow_0p8,"((13.25, 23.15, 17.75, 24.6), (13.25, 25.4, 17.75, 26.85))",25,J2CA,2,10.0,81,5,8,10,7708|7719|7727|7735|7736,7708|7715|7719|7720|7727|7735|7736|7738,7707|7708|7715|7717|7719|7720|7727|7735|7736|7738,"RuntimeError: Could not switch the geometry.
The following agents would be outside of the new geometry: 8008, 8019, 8027, 8035, 8036
"
upper_right_narrow_1p2,"((13.25, 23.15, 17.75, 24.4), (13.25, 25.6, 17.75, 26.85))",25,J2CA,2,10.0,81,4,6,9,7719|7727|7735|7736,7708|7715|7719|7727|7735|7736,7707|7708|7715|7719|7720|7727|7735|7736|7738,"RuntimeError: Could not switch the geometry.
The following agents would be outside of the new geometry: 8119, 8127, 8135, 8136
"
left_connector_narrow_0p8,"((4.15, 19.15, 4.6, 22.85), (5.4, 19.15, 5.85, 22.85))",25,J2CA,2,10.0,81,3,5,7,7741|7745|7754,7741|7745|7749|7754|7758,7741|7743|7745|7749|7752|7754|7758,"RuntimeError: Could not switch the geometry.
The following agents would be outside of the new geometry: 8241, 8245, 8254
"
right_connector_narrow_0p8,"((18.15, 19.15, 18.6, 22.85), (19.4, 19.15, 19.85, 22.85))",25,J2CA,2,10.0,81,3,3,4,7713|7762|7773,7713|7762|7773,7713|7762|7765|7773,"RuntimeError: Could not switch the geometry.
The following agents would be outside of the new geometry: 8313, 8362, 8373
"
upper_left_narrow_0p8,"((6.25, 23.15, 10.75, 24.6), (6.25, 25.4, 10.75, 26.85))",25,J2CA,3,10.0,84,0,0,0,,,,
upper_left_narrow_1p2,"((6.25, 23.15, 10.75, 24.4), (6.25, 25.6, 10.75, 26.85))",25,J2CA,3,10.0,84,0,0,0,,,,
upper_right_narrow_0p8,"((13.25, 23.15, 17.75, 24.6), (13.25, 25.4, 17.75, 26.85))",25,J2CA,3,10.0,84,5,6,8,7704|7706|7708|7720|7728,7704|7706|7708|7720|7726|7728,7704|7706|7708|7709|7720|7721|7726|7728,"RuntimeError: Could not switch the geometry.
The following agents would be outside of the new geometry: 8004, 8006, 8008, 8020, 8028
"
upper_right_narrow_1p2,"((13.25, 23.15, 17.75, 24.4), (13.25, 25.6, 17.75, 26.85))",25,J2CA,3,10.0,84,4,5,7,7704|7706|7708|7728,7704|7706|7708|7720|7728,7704|7706|7708|7709|7720|7726|7728,"RuntimeError: Could not switch the geometry.
The following agents would be outside of the new geometry: 8104, 8106, 8108, 8128
"
left_connector_narrow_0p8,"((4.15, 19.15, 4.6, 22.85), (5.4, 19.15, 5.85, 22.85))",25,J2CA,3,10.0,84,4,7,10,7741|7743|7748|7759,7741|7743|7744|7747|7748|7750|7759,7741|7743|7744|7745|7746|7747|7748|7750|7758|7759,"RuntimeError: Could not switch the geometry.
The following agents would be outside of the new geometry: 8241, 8243, 8248, 8259
"
right_connector_narrow_0p8,"((18.15, 19.15, 18.6, 22.85), (19.4, 19.15, 19.85, 22.85))",25,J2CA,3,10.0,84,2,3,4,7710|7767,7710|7767|7776,7710|7767|7770|7776,"RuntimeError: Could not switch the geometry.
The following agents would be outside of the new geometry: 8310, 8367
"
upper_left_narrow_0p8,"((6.25, 23.15, 10.75, 24.6), (6.25, 25.4, 10.75, 26.85))",25,J2CA,4,10.0,83,0,0,0,,,,
upper_left_narrow_1p2,"((6.25, 23.15, 10.75, 24.4), (6.25, 25.6, 10.75, 26.85))",25,J2CA,4,10.0,83,0,0,0,,,,
upper_right_narrow_0p8,"((13.25, 23.15, 17.75, 24.6), (13.25, 25.4, 17.75, 26.85))",25,J2CA,4,10.0,83,6,8,10,7706|7710|7715|7717|7727|7732,7706|7709|7710|7712|7715|7717|7727|7732,7704|7706|7709|7710|7712|7715|7717|7718|7727|7732,"RuntimeError: Could not switch the geometry.
The following agents would be outside of the new geometry: 8006, 8010, 8015, 8017, 8027, 8032
"
upper_right_narrow_1p2,"((13.25, 23.15, 17.75, 24.4), (13.25, 25.6, 17.75, 26.85))",25,J2CA,4,10.0,83,6,6,9,7706|7710|7715|7717|7727|7732,7706|7710|7715|7717|7727|7732,7706|7709|7710|7712|7715|7717|7718|7727|7732,"RuntimeError: Could not switch the geometry.
The following agents would be outside of the new geometry: 8106, 8110, 8115, 8117, 8127, 8132
"
left_connector_narrow_0p8,"((4.15, 19.15, 4.6, 22.85), (5.4, 19.15, 5.85, 22.85))",25,J2CA,4,10.0,83,5,7,10,7743|7745|7747|7756|7757,7743|7744|7745|7747|7755|7756|7757,7741|7743|7744|7745|7747|7749|7752|7755|7756|7757,"RuntimeError: Could not switch the geometry.
The following agents would be outside of the new geometry: 8243, 8245, 8247, 8256, 8257
"
right_connector_narrow_0p8,"((18.15, 19.15, 18.6, 22.85), (19.4, 19.15, 19.85, 22.85))",25,J2CA,4,10.0,83,2,3,5,7702|7770,7702|7770|7779,7702|7703|7770|7771|7779,"RuntimeError: Could not switch the geometry.
The following agents would be outside of the new geometry: 8302, 8370
"
upper_left_narrow_0p8,"((6.25, 23.15, 10.75, 24.6), (6.25, 25.4, 10.75, 26.85))",26,J2J3B,0,10.0,82,0,0,0,,,,
upper_left_narrow_1p2,"((6.25, 23.15, 10.75, 24.4), (6.25, 25.6, 10.75, 26.85))",26,J2J3B,0,10.0,82,0,0,0,,,,
upper_right_narrow_0p8,"((13.25, 23.15, 17.75, 24.6), (13.25, 25.4, 17.75, 26.85))",26,J2J3B,0,10.0,82,7,8,10,7701|7714|7724|7727|7728|7735|7737,7701|7714|7724|7727|7728|7735|7737|7739,7701|7707|7714|7724|7727|7728|7733|7735|7737|7739,"RuntimeError: Could not switch the geometry.
The following agents would be outside of the new geometry: 8001, 8014, 8024, 8027, 8028, 8035, 8037
"
upper_right_narrow_1p2,"((13.25, 23.15, 17.75, 24.4), (13.25, 25.6, 17.75, 26.85))",26,J2J3B,0,10.0,82,5,8,8,7701|7724|7728|7735|7737,7701|7714|7724|7727|7728|7735|7737|7739,7701|7714|7724|7727|7728|7735|7737|7739,"RuntimeError: Could not switch the geometry.
The following agents would be outside of the new geometry: 8101, 8124, 8128, 8135, 8137
"
left_connector_narrow_0p8,"((4.15, 19.15, 4.6, 22.85), (5.4, 19.15, 5.85, 22.85))",26,J2J3B,0,10.0,82,0,0,0,,,,
right_connector_narrow_0p8,"((18.15, 19.15, 18.6, 22.85), (19.4, 19.15, 19.85, 22.85))",26,J2J3B,0,10.0,82,1,1,1,7712,7712,7712,"RuntimeError: Could not switch the geometry.
The following agents would be outside of the new geometry: 8312
"
upper_left_narrow_0p8,"((6.25, 23.15, 10.75, 24.6), (6.25, 25.4, 10.75, 26.85))",26,J2J3B,1,10.0,82,0,0,0,,,,
upper_left_narrow_1p2,"((6.25, 23.15, 10.75, 24.4), (6.25, 25.6, 10.75, 26.85))",26,J2J3B,1,10.0,82,0,0,0,,,,
upper_right_narrow_0p8,"((13.25, 23.15, 17.75, 24.6), (13.25, 25.4, 17.75, 26.85))",26,J2J3B,1,10.0,82,7,9,11,7702|7705|7711|7712|7726|7733|7734,7702|7705|7708|7711|7712|7726|7733|7734|7738,7702|7705|7708|7711|7712|7719|7726|7727|7733|7734|7738,"RuntimeError: Could not switch the geometry.
The following agents would be outside of the new geometry: 8002, 8005, 8011, 8012, 8026, 8033, 8034
"
upper_right_narrow_1p2,"((13.25, 23.15, 17.75, 24.4), (13.25, 25.6, 17.75, 26.85))",26,J2J3B,1,10.0,82,5,7,10,7702|7705|7712|7726|7734,7702|7705|7711|7712|7726|7733|7734,7702|7705|7708|7711|7712|7719|7726|7733|7734|7738,"RuntimeError: Could not switch the geometry.
The following agents would be outside of the new geometry: 8102, 8105, 8112, 8126, 8134
"
left_connector_narrow_0p8,"((4.15, 19.15, 4.6, 22.85), (5.4, 19.15, 5.85, 22.85))",26,J2J3B,1,10.0,82,0,0,0,,,,
right_connector_narrow_0p8,"((18.15, 19.15, 18.6, 22.85), (19.4, 19.15, 19.85, 22.85))",26,J2J3B,1,10.0,82,1,1,2,7721,7721,7721|7725,"RuntimeError: Could not switch the geometry.
The following agents would be outside of the new geometry: 8321
"
upper_left_narrow_0p8,"((6.25, 23.15, 10.75, 24.6), (6.25, 25.4, 10.75, 26.85))",27,J2J3A,0,10.0,82,0,0,0,,,,
upper_left_narrow_1p2,"((6.25, 23.15, 10.75, 24.4), (6.25, 25.6, 10.75, 26.85))",27,J2J3A,0,10.0,82,0,0,0,,,,
upper_right_narrow_0p8,"((13.25, 23.15, 17.75, 24.6), (13.25, 25.4, 17.75, 26.85))",27,J2J3A,0,10.0,82,7,8,10,8401|8414|8424|8427|8428|8435|8437,8401|8414|8424|8427|8428|8435|8437|8439,8401|8407|8414|8424|8427|8428|8433|8435|8437|8439,"RuntimeError: Could not switch the geometry.
The following agents would be outside of the new geometry: 8701, 8714, 8724, 8727, 8728, 8735, 8737
"
upper_right_narrow_1p2,"((13.25, 23.15, 17.75, 24.4), (13.25, 25.6, 17.75, 26.85))",27,J2J3A,0,10.0,82,5,8,8,8401|8424|8428|8435|8437,8401|8414|8424|8427|8428|8435|8437|8439,8401|8414|8424|8427|8428|8435|8437|8439,"RuntimeError: Could not switch the geometry.
The following agents would be outside of the new geometry: 8801, 8824, 8828, 8835, 8837
"
left_connector_narrow_0p8,"((4.15, 19.15, 4.6, 22.85), (5.4, 19.15, 5.85, 22.85))",27,J2J3A,0,10.0,82,5,6,8,8441|8444|8453|8459|8460,8441|8444|8453|8459|8460|8465,8441|8444|8450|8453|8457|8459|8460|8465,"RuntimeError: Could not switch the geometry.
The following agents would be outside of the new geometry: 8941, 8944, 8953, 8959, 8960
"
right_connector_narrow_0p8,"((18.15, 19.15, 18.6, 22.85), (19.4, 19.15, 19.85, 22.85))",27,J2J3A,0,10.0,82,1,1,1,8412,8412,8412,"RuntimeError: Could not switch the geometry.
The following agents would be outside of the new geometry: 9012
"
upper_left_narrow_0p8,"((6.25, 23.15, 10.75, 24.6), (6.25, 25.4, 10.75, 26.85))",27,J2J3A,1,10.0,82,0,0,0,,,,
upper_left_narrow_1p2,"((6.25, 23.15, 10.75, 24.4), (6.25, 25.6, 10.75, 26.85))",27,J2J3A,1,10.0,82,0,0,0,,,,
upper_right_narrow_0p8,"((13.25, 23.15, 17.75, 24.6), (13.25, 25.4, 17.75, 26.85))",27,J2J3A,1,10.0,82,7,9,11,8402|8405|8411|8412|8426|8433|8434,8402|8405|8408|8411|8412|8426|8433|8434|8438,8402|8405|8408|8411|8412|8419|8426|8427|8433|8434|8438,"RuntimeError: Could not switch the geometry.
The following agents would be outside of the new geometry: 8702, 8705, 8711, 8712, 8726, 8733, 8734
"
upper_right_narrow_1p2,"((13.25, 23.15, 17.75, 24.4), (13.25, 25.6, 17.75, 26.85))",27,J2J3A,1,10.0,82,5,7,10,8402|8405|8412|8426|8434,8402|8405|8411|8412|8426|8433|8434,8402|8405|8408|8411|8412|8419|8426|8433|8434|8438,"RuntimeError: Could not switch the geometry.
The following agents would be outside of the new geometry: 8802, 8805, 8812, 8826, 8834
"
left_connector_narrow_0p8,"((4.15, 19.15, 4.6, 22.85), (5.4, 19.15, 5.85, 22.85))",27,J2J3A,1,10.0,82,5,7,10,8441|8446|8452|8459|8460,8441|8442|8446|8447|8452|8459|8460,8441|8442|8446|8447|8449|8451|8452|8455|8459|8460,"RuntimeError: Could not switch the geometry.
The following agents would be outside of the new geometry: 8941, 8946, 8952, 8959, 8960
"
right_connector_narrow_0p8,"((18.15, 19.15, 18.6, 22.85), (19.4, 19.15, 19.85, 22.85))",27,J2J3A,1,10.0,82,1,1,2,8421,8421,8421|8425,"RuntimeError: Could not switch the geometry.
The following agents would be outside of the new geometry: 9021
"
upper_left_narrow_0p8,"((6.25, 23.15, 10.75, 24.6), (6.25, 25.4, 10.75, 26.85))",26,J2J3B,2,10.0,81,0,0,0,,,,
upper_left_narrow_1p2,"((6.25, 23.15, 10.75, 24.4), (6.25, 25.6, 10.75, 26.85))",26,J2J3B,2,10.0,81,0,0,0,,,,
upper_right_narrow_0p8,"((13.25, 23.15, 17.75, 24.6), (13.25, 25.4, 17.75, 26.85))",26,J2J3B,2,10.0,81,5,8,10,8408|8419|8427|8435|8436,8408|8415|8419|8420|8427|8435|8436|8438,8407|8408|8415|8417|8419|8420|8427|8435|8436|8438,"RuntimeError: Could not switch the geometry.
The following agents would be outside of the new geometry: 8708, 8719, 8727, 8735, 8736
"
upper_right_narrow_1p2,"((13.25, 23.15, 17.75, 24.4), (13.25, 25.6, 17.75, 26.85))",26,J2J3B,2,10.0,81,4,6,9,8419|8427|8435|8436,8408|8415|8419|8427|8435|8436,8407|8408|8415|8419|8420|8427|8435|8436|8438,"RuntimeError: Could not switch the geometry.
The following agents would be outside of the new geometry: 8819, 8827, 8835, 8836
"
left_connector_narrow_0p8,"((4.15, 19.15, 4.6, 22.85), (5.4, 19.15, 5.85, 22.85))",26,J2J3B,2,10.0,81,0,0,0,,,,
right_connector_narrow_0p8,"((18.15, 19.15, 18.6, 22.85), (19.4, 19.15, 19.85, 22.85))",26,J2J3B,2,10.0,81,1,1,1,8413,8413,8413,"RuntimeError: Could not switch the geometry.
The following agents would be outside of the new geometry: 9013
"
upper_left_narrow_0p8,"((6.25, 23.15, 10.75, 24.6), (6.25, 25.4, 10.75, 26.85))",26,J2J3B,3,10.0,84,0,0,0,,,,
upper_left_narrow_1p2,"((6.25, 23.15, 10.75, 24.4), (6.25, 25.6, 10.75, 26.85))",26,J2J3B,3,10.0,84,0,0,0,,,,
upper_right_narrow_0p8,"((13.25, 23.15, 17.75, 24.6), (13.25, 25.4, 17.75, 26.85))",26,J2J3B,3,10.0,84,5,6,8,8404|8406|8408|8420|8428,8404|8406|8408|8420|8426|8428,8404|8406|8408|8409|8420|8421|8426|8428,"RuntimeError: Could not switch the geometry.
The following agents would be outside of the new geometry: 8704, 8706, 8708, 8720, 8728
"
upper_right_narrow_1p2,"((13.25, 23.15, 17.75, 24.4), (13.25, 25.6, 17.75, 26.85))",26,J2J3B,3,10.0,84,4,5,7,8404|8406|8408|8428,8404|8406|8408|8420|8428,8404|8406|8408|8409|8420|8426|8428,"RuntimeError: Could not switch the geometry.
The following agents would be outside of the new geometry: 8804, 8806, 8808, 8828
"
left_connector_narrow_0p8,"((4.15, 19.15, 4.6, 22.85), (5.4, 19.15, 5.85, 22.85))",26,J2J3B,3,10.0,84,0,0,0,,,,
right_connector_narrow_0p8,"((18.15, 19.15, 18.6, 22.85), (19.4, 19.15, 19.85, 22.85))",26,J2J3B,3,10.0,84,1,1,1,8410,8410,8410,"RuntimeError: Could not switch the geometry.
The following agents would be outside of the new geometry: 9010
"
upper_left_narrow_0p8,"((6.25, 23.15, 10.75, 24.6), (6.25, 25.4, 10.75, 26.85))",26,J2J3B,4,10.0,83,0,0,0,,,,
upper_left_narrow_1p2,"((6.25, 23.15, 10.75, 24.4), (6.25, 25.6, 10.75, 26.85))",26,J2J3B,4,10.0,83,0,0,0,,,,
upper_right_narrow_0p8,"((13.25, 23.15, 17.75, 24.6), (13.25, 25.4, 17.75, 26.85))",26,J2J3B,4,10.0,83,6,8,10,8406|8410|8415|8417|8427|8432,8406|8409|8410|8412|8415|8417|8427|8432,8404|8406|8409|8410|8412|8415|8417|8418|8427|8432,"RuntimeError: Could not switch the geometry.
The following agents would be outside of the new geometry: 8706, 8710, 8715, 8717, 8727, 8732
"
upper_right_narrow_1p2,"((13.25, 23.15, 17.75, 24.4), (13.25, 25.6, 17.75, 26.85))",26,J2J3B,4,10.0,83,6,6,9,8406|8410|8415|8417|8427|8432,8406|8410|8415|8417|8427|8432,8406|8409|8410|8412|8415|8417|8418|8427|8432,"RuntimeError: Could not switch the geometry.
The following agents would be outside of the new geometry: 8806, 8810, 8815, 8817, 8827, 8832
"
left_connector_narrow_0p8,"((4.15, 19.15, 4.6, 22.85), (5.4, 19.15, 5.85, 22.85))",26,J2J3B,4,10.0,83,0,0,0,,,,
right_connector_narrow_0p8,"((18.15, 19.15, 18.6, 22.85), (19.4, 19.15, 19.85, 22.85))",26,J2J3B,4,10.0,83,1,1,2,8402,8402,8402|8403,"RuntimeError: Could not switch the geometry.
The following agents would be outside of the new geometry: 9002
"
upper_left_narrow_0p8,"((6.25, 23.15, 10.75, 24.6), (6.25, 25.4, 10.75, 26.85))",27,J2J3A,2,10.0,81,0,0,0,,,,
upper_left_narrow_1p2,"((6.25, 23.15, 10.75, 24.4), (6.25, 25.6, 10.75, 26.85))",27,J2J3A,2,10.0,81,0,0,0,,,,
upper_right_narrow_0p8,"((13.25, 23.15, 17.75, 24.6), (13.25, 25.4, 17.75, 26.85))",27,J2J3A,2,10.0,81,5,8,10,8408|8419|8427|8435|8436,8408|8415|8419|8420|8427|8435|8436|8438,8407|8408|8415|8417|8419|8420|8427|8435|8436|8438,"RuntimeError: Could not switch the geometry.
The following agents would be outside of the new geometry: 8708, 8719, 8727, 8735, 8736
"
upper_right_narrow_1p2,"((13.25, 23.15, 17.75, 24.4), (13.25, 25.6, 17.75, 26.85))",27,J2J3A,2,10.0,81,4,6,9,8419|8427|8435|8436,8408|8415|8419|8427|8435|8436,8407|8408|8415|8419|8420|8427|8435|8436|8438,"RuntimeError: Could not switch the geometry.
The following agents would be outside of the new geometry: 8819, 8827, 8835, 8836
"
left_connector_narrow_0p8,"((4.15, 19.15, 4.6, 22.85), (5.4, 19.15, 5.85, 22.85))",27,J2J3A,2,10.0,81,4,6,7,8441|8445|8454|8462,8441|8445|8449|8454|8458|8462,8441|8445|8449|8452|8454|8458|8462,"RuntimeError: Could not switch the geometry.
The following agents would be outside of the new geometry: 8941, 8945, 8954, 8962
"
right_connector_narrow_0p8,"((18.15, 19.15, 18.6, 22.85), (19.4, 19.15, 19.85, 22.85))",27,J2J3A,2,10.0,81,1,1,1,8413,8413,8413,"RuntimeError: Could not switch the geometry.
The following agents would be outside of the new geometry: 9013
"
upper_left_narrow_0p8,"((6.25, 23.15, 10.75, 24.6), (6.25, 25.4, 10.75, 26.85))",27,J2J3A,3,10.0,84,0,0,0,,,,
upper_left_narrow_1p2,"((6.25, 23.15, 10.75, 24.4), (6.25, 25.6, 10.75, 26.85))",27,J2J3A,3,10.0,84,0,0,0,,,,
upper_right_narrow_0p8,"((13.25, 23.15, 17.75, 24.6), (13.25, 25.4, 17.75, 26.85))",27,J2J3A,3,10.0,84,5,6,8,8404|8406|8408|8420|8428,8404|8406|8408|8420|8426|8428,8404|8406|8408|8409|8420|8421|8426|8428,"RuntimeError: Could not switch the geometry.
The following agents would be outside of the new geometry: 8704, 8706, 8708, 8720, 8728
"
upper_right_narrow_1p2,"((13.25, 23.15, 17.75, 24.4), (13.25, 25.6, 17.75, 26.85))",27,J2J3A,3,10.0,84,4,5,7,8404|8406|8408|8428,8404|8406|8408|8420|8428,8404|8406|8408|8409|8420|8426|8428,"RuntimeError: Could not switch the geometry.
The following agents would be outside of the new geometry: 8804, 8806, 8808, 8828
"
left_connector_narrow_0p8,"((4.15, 19.15, 4.6, 22.85), (5.4, 19.15, 5.85, 22.85))",27,J2J3A,3,10.0,84,3,7,11,8443|8448|8459,8441|8443|8444|8447|8448|8450|8459,8441|8443|8444|8445|8446|8447|8448|8450|8457|8458|8459,"RuntimeError: Could not switch the geometry.
The following agents would be outside of the new geometry: 8943, 8948, 8959
"
right_connector_narrow_0p8,"((18.15, 19.15, 18.6, 22.85), (19.4, 19.15, 19.85, 22.85))",27,J2J3A,3,10.0,84,1,1,1,8410,8410,8410,"RuntimeError: Could not switch the geometry.
The following agents would be outside of the new geometry: 9010
"
upper_left_narrow_0p8,"((6.25, 23.15, 10.75, 24.6), (6.25, 25.4, 10.75, 26.85))",27,J2J3A,4,10.0,83,0,0,0,,,,
upper_left_narrow_1p2,"((6.25, 23.15, 10.75, 24.4), (6.25, 25.6, 10.75, 26.85))",27,J2J3A,4,10.0,83,0,0,0,,,,
upper_right_narrow_0p8,"((13.25, 23.15, 17.75, 24.6), (13.25, 25.4, 17.75, 26.85))",27,J2J3A,4,10.0,83,6,8,10,8406|8410|8415|8417|8427|8432,8406|8409|8410|8412|8415|8417|8427|8432,8404|8406|8409|8410|8412|8415|8417|8418|8427|8432,"RuntimeError: Could not switch the geometry.
The following agents would be outside of the new geometry: 8706, 8710, 8715, 8717, 8727, 8732
"
upper_right_narrow_1p2,"((13.25, 23.15, 17.75, 24.4), (13.25, 25.6, 17.75, 26.85))",27,J2J3A,4,10.0,83,6,6,9,8406|8410|8415|8417|8427|8432,8406|8410|8415|8417|8427|8432,8406|8409|8410|8412|8415|8417|8418|8427|8432,"RuntimeError: Could not switch the geometry.
The following agents would be outside of the new geometry: 8806, 8810, 8815, 8817, 8827, 8832
"
left_connector_narrow_0p8,"((4.15, 19.15, 4.6, 22.85), (5.4, 19.15, 5.85, 22.85))",27,J2J3A,4,10.0,83,4,7,10,8445|8447|8456|8457,8443|8444|8445|8447|8455|8456|8457,8441|8443|8444|8445|8447|8449|8452|8455|8456|8457,"RuntimeError: Could not switch the geometry.
The following agents would be outside of the new geometry: 8945, 8947, 8956, 8957
"
right_connector_narrow_0p8,"((18.15, 19.15, 18.6, 22.85), (19.4, 19.15, 19.85, 22.85))",27,J2J3A,4,10.0,83,1,1,2,8402,8402,8402|8403,"RuntimeError: Could not switch the geometry.
The following agents would be outside of the new geometry: 9002
"
upper_left_narrow_0p8,"((6.25, 23.15, 10.75, 24.6), (6.25, 25.4, 10.75, 26.85))",28,J3CB,0,10.0,82,6,9,11,8401|8407|8414|8427|8433|8437,8401|8407|8414|8421|8427|8428|8433|8435|8437,8401|8407|8414|8421|8423|8424|8427|8428|8433|8435|8437,"RuntimeError: Could not switch the geometry.
The following agents would be outside of the new geometry: 8501, 8507, 8514, 8527, 8533, 8537
"
upper_left_narrow_1p2,"((6.25, 23.15, 10.75, 24.4), (6.25, 25.6, 10.75, 26.85))",28,J3CB,0,10.0,82,5,7,10,8401|8407|8414|8427|8437,8401|8407|8414|8421|8427|8433|8437,8401|8407|8414|8421|8423|8427|8428|8433|8435|8437,"RuntimeError: Could not switch the geometry.
The following agents would be outside of the new geometry: 8601, 8607, 8614, 8627, 8637
"
upper_right_narrow_0p8,"((13.25, 23.15, 17.75, 24.6), (13.25, 25.4, 17.75, 26.85))",28,J3CB,0,10.0,82,0,0,0,,,,
upper_right_narrow_1p2,"((13.25, 23.15, 17.75, 24.4), (13.25, 25.6, 17.75, 26.85))",28,J3CB,0,10.0,82,0,0,0,,,,
left_connector_narrow_0p8,"((4.15, 19.15, 4.6, 22.85), (5.4, 19.15, 5.85, 22.85))",28,J3CB,0,10.0,82,1,1,2,8439,8439,8412|8439,"RuntimeError: Could not switch the geometry.
The following agents would be outside of the new geometry: 8939
"
right_connector_narrow_0p8,"((18.15, 19.15, 18.6, 22.85), (19.4, 19.15, 19.85, 22.85))",28,J3CB,0,10.0,82,1,1,4,8478,8478,8465|8472|8478|8480,"RuntimeError: Could not switch the geometry.
The following agents would be outside of the new geometry: 9078
"
upper_left_narrow_0p8,"((6.25, 23.15, 10.75, 24.6), (6.25, 25.4, 10.75, 26.85))",28,J3CB,1,10.0,82,5,7,10,8405|8408|8427|8434|8438,8402|8405|8408|8421|8427|8434|8438,8402|8405|8408|8411|8412|8421|8427|8433|8434|8438,"RuntimeError: Could not switch the geometry.
The following agents would be outside of the new geometry: 8505, 8508, 8527, 8534, 8538
"
upper_left_narrow_1p2,"((6.25, 23.15, 10.75, 24.4), (6.25, 25.6, 10.75, 26.85))",28,J3CB,1,10.0,82,4,7,7,8405|8408|8434|8438,8402|8405|8408|8421|8427|8434|8438,8402|8405|8408|8421|8427|8434|8438,"RuntimeError: Could not switch the geometry.
The following agents would be outside of the new geometry: 8605, 8608, 8634, 8638
"
upper_right_narrow_0p8,"((13.25, 23.15, 17.75, 24.6), (13.25, 25.4, 17.75, 26.85))",28,J3CB,1,10.0,82,0,0,0,,,,
upper_right_narrow_1p2,"((13.25, 23.15, 17.75, 24.4), (13.25, 25.6, 17.75, 26.85))",28,J3CB,1,10.0,82,0,0,0,,,,
left_connector_narrow_0p8,"((4.15, 19.15, 4.6, 22.85), (5.4, 19.15, 5.85, 22.85))",28,J3CB,1,10.0,82,1,1,1,8425,8425,8425,"RuntimeError: Could not switch the geometry.
The following agents would be outside of the new geometry: 8925
"
right_connector_narrow_0p8,"((18.15, 19.15, 18.6, 22.85), (19.4, 19.15, 19.85, 22.85))",28,J3CB,1,10.0,82,2,2,3,8471|8472,8471|8472,8471|8472|8474,"RuntimeError: Could not switch the geometry.
The following agents would be outside of the new geometry: 9071, 9072
"
upper_left_narrow_0p8,"((6.25, 23.15, 10.75, 24.6), (6.25, 25.4, 10.75, 26.85))",28,J3CB,2,10.0,81,6,8,10,8408|8415|8417|8427|8436|8438,8408|8415|8417|8419|8422|8427|8436|8438,8408|8415|8417|8419|8420|8422|8427|8435|8436|8438,"RuntimeError: Could not switch the geometry.
The following agents would be outside of the new geometry: 8508, 8515, 8517, 8527, 8536, 8538
"
upper_left_narrow_1p2,"((6.25, 23.15, 10.75, 24.4), (6.25, 25.6, 10.75, 26.85))",28,J3CB,2,10.0,81,4,8,8,8408|8415|8427|8438,8408|8415|8417|8419|8422|8427|8436|8438,8408|8415|8417|8419|8422|8427|8436|8438,"RuntimeError: Could not switch the geometry.
The following agents would be outside of the new geometry: 8608, 8615, 8627, 8638
"
upper_right_narrow_0p8,"((13.25, 23.15, 17.75, 24.6), (13.25, 25.4, 17.75, 26.85))",28,J3CB,2,10.0,81,0,0,0,,,,
upper_right_narrow_1p2,"((13.25, 23.15, 17.75, 24.4), (13.25, 25.6, 17.75, 26.85))",28,J3CB,2,10.0,81,0,0,0,,,,
left_connector_narrow_0p8,"((4.15, 19.15, 4.6, 22.85), (5.4, 19.15, 5.85, 22.85))",28,J3CB,2,10.0,81,1,1,1,8413,8413,8413,"RuntimeError: Could not switch the geometry.
The following agents would be outside of the new geometry: 8913
"
right_connector_narrow_0p8,"((18.15, 19.15, 18.6, 22.85), (19.4, 19.15, 19.85, 22.85))",28,J3CB,2,10.0,81,2,2,3,8462|8473,8462|8473,8462|8465|8473,"RuntimeError: Could not switch the geometry.
The following agents would be outside of the new geometry: 9062, 9073
"
upper_left_narrow_0p8,"((6.25, 23.15, 10.75, 24.6), (6.25, 25.4, 10.75, 26.85))",29,J3CJ2,0,10.0,82,6,9,11,9101|9107|9114|9127|9133|9137,9101|9107|9114|9121|9127|9128|9133|9135|9137,9101|9107|9114|9121|9123|9124|9127|9128|9133|9135|9137,"RuntimeError: Could not switch the geometry.
The following agents would be outside of the new geometry: 9201, 9207, 9214, 9227, 9233, 9237
"
upper_left_narrow_1p2,"((6.25, 23.15, 10.75, 24.4), (6.25, 25.6, 10.75, 26.85))",29,J3CJ2,0,10.0,82,5,7,10,9101|9107|9114|9127|9137,9101|9107|9114|9121|9127|9133|9137,9101|9107|9114|9121|9123|9127|9128|9133|9135|9137,"RuntimeError: Could not switch the geometry.
The following agents would be outside of the new geometry: 9301, 9307, 9314, 9327, 9337
"
upper_right_narrow_0p8,"((13.25, 23.15, 17.75, 24.6), (13.25, 25.4, 17.75, 26.85))",29,J3CJ2,0,10.0,82,0,0,0,,,,
upper_right_narrow_1p2,"((13.25, 23.15, 17.75, 24.4), (13.25, 25.6, 17.75, 26.85))",29,J3CJ2,0,10.0,82,0,0,0,,,,
left_connector_narrow_0p8,"((4.15, 19.15, 4.6, 22.85), (5.4, 19.15, 5.85, 22.85))",29,J3CJ2,0,10.0,82,1,1,2,9139,9139,9112|9139,"RuntimeError: Could not switch the geometry.
The following agents would be outside of the new geometry: 9639
"
right_connector_narrow_0p8,"((18.15, 19.15, 18.6, 22.85), (19.4, 19.15, 19.85, 22.85))",29,J3CJ2,0,10.0,82,1,1,4,9178,9178,9165|9172|9178|9180,"RuntimeError: Could not switch the geometry.
The following agents would be outside of the new geometry: 9778
"
upper_left_narrow_0p8,"((6.25, 23.15, 10.75, 24.6), (6.25, 25.4, 10.75, 26.85))",29,J3CJ2,1,10.0,82,5,7,10,9105|9108|9127|9134|9138,9102|9105|9108|9121|9127|9134|9138,9102|9105|9108|9111|9112|9121|9127|9133|9134|9138,"RuntimeError: Could not switch the geometry.
The following agents would be outside of the new geometry: 9205, 9208, 9227, 9234, 9238
"
upper_left_narrow_1p2,"((6.25, 23.15, 10.75, 24.4), (6.25, 25.6, 10.75, 26.85))",29,J3CJ2,1,10.0,82,4,7,7,9105|9108|9134|9138,9102|9105|9108|9121|9127|9134|9138,9102|9105|9108|9121|9127|9134|9138,"RuntimeError: Could not switch the geometry.
The following agents would be outside of the new geometry: 9305, 9308, 9334, 9338
"
upper_right_narrow_0p8,"((13.25, 23.15, 17.75, 24.6), (13.25, 25.4, 17.75, 26.85))",29,J3CJ2,1,10.0,82,0,0,0,,,,
upper_right_narrow_1p2,"((13.25, 23.15, 17.75, 24.4), (13.25, 25.6, 17.75, 26.85))",29,J3CJ2,1,10.0,82,0,0,0,,,,
left_connector_narrow_0p8,"((4.15, 19.15, 4.6, 22.85), (5.4, 19.15, 5.85, 22.85))",29,J3CJ2,1,10.0,82,1,1,1,9125,9125,9125,"RuntimeError: Could not switch the geometry.
The following agents would be outside of the new geometry: 9625
"
right_connector_narrow_0p8,"((18.15, 19.15, 18.6, 22.85), (19.4, 19.15, 19.85, 22.85))",29,J3CJ2,1,10.0,82,2,2,3,9171|9172,9171|9172,9171|9172|9174,"RuntimeError: Could not switch the geometry.
The following agents would be outside of the new geometry: 9771, 9772
"
upper_left_narrow_0p8,"((6.25, 23.15, 10.75, 24.6), (6.25, 25.4, 10.75, 26.85))",28,J3CB,3,10.0,84,6,6,9,9106|9108|9110|9120|9121|9128,9106|9108|9110|9120|9121|9128,9103|9104|9106|9108|9110|9120|9121|9126|9128,"RuntimeError: Could not switch the geometry.
The following agents would be outside of the new geometry: 9206, 9208, 9210, 9220, 9221, 9228
"
upper_left_narrow_1p2,"((6.25, 23.15, 10.75, 24.4), (6.25, 25.6, 10.75, 26.85))",28,J3CB,3,10.0,84,5,6,7,9108|9110|9120|9121|9128,9106|9108|9110|9120|9121|9128,9103|9106|9108|9110|9120|9121|9128,"RuntimeError: Could not switch the geometry.
The following agents would be outside of the new geometry: 9308, 9310, 9320, 9321, 9328
"
upper_right_narrow_0p8,"((13.25, 23.15, 17.75, 24.6), (13.25, 25.4, 17.75, 26.85))",28,J3CB,3,10.0,84,0,0,0,,,,
upper_right_narrow_1p2,"((13.25, 23.15, 17.75, 24.4), (13.25, 25.6, 17.75, 26.85))",28,J3CB,3,10.0,84,0,0,0,,,,
left_connector_narrow_0p8,"((4.15, 19.15, 4.6, 22.85), (5.4, 19.15, 5.85, 22.85))",28,J3CB,3,10.0,84,1,1,1,9109,9109,9109,"RuntimeError: Could not switch the geometry.
The following agents would be outside of the new geometry: 9609
"
right_connector_narrow_0p8,"((18.15, 19.15, 18.6, 22.85), (19.4, 19.15, 19.85, 22.85))",28,J3CB,3,10.0,84,1,2,3,9167,9167|9176,9167|9170|9176,"RuntimeError: Could not switch the geometry.
The following agents would be outside of the new geometry: 9767
"
upper_left_narrow_0p8,"((6.25, 23.15, 10.75, 24.6), (6.25, 25.4, 10.75, 26.85))",28,J3CB,4,10.0,83,5,7,10,9109|9112|9115|9117|9127,9102|9109|9110|9112|9115|9117|9127,9102|9104|9106|9109|9110|9112|9115|9117|9127|9132,"RuntimeError: Could not switch the geometry.
The following agents would be outside of the new geometry: 9209, 9212, 9215, 9217, 9227
"
upper_left_narrow_1p2,"((6.25, 23.15, 10.75, 24.4), (6.25, 25.6, 10.75, 26.85))",28,J3CB,4,10.0,83,4,7,7,9109|9112|9115|9117,9102|9109|9110|9112|9115|9117|9127,9102|9109|9110|9112|9115|9117|9127,"RuntimeError: Could not switch the geometry.
The following agents would be outside of the new geometry: 9309, 9312, 9315, 9317
"
upper_right_narrow_0p8,"((13.25, 23.15, 17.75, 24.6), (13.25, 25.4, 17.75, 26.85))",28,J3CB,4,10.0,83,0,0,0,,,,
upper_right_narrow_1p2,"((13.25, 23.15, 17.75, 24.4), (13.25, 25.6, 17.75, 26.85))",28,J3CB,4,10.0,83,0,0,0,,,,
left_connector_narrow_0p8,"((4.15, 19.15, 4.6, 22.85), (5.4, 19.15, 5.85, 22.85))",28,J3CB,4,10.0,83,1,1,1,9103,9103,9103,"RuntimeError: Could not switch the geometry.
The following agents would be outside of the new geometry: 9603
"
right_connector_narrow_0p8,"((18.15, 19.15, 18.6, 22.85), (19.4, 19.15, 19.85, 22.85))",28,J3CB,4,10.0,83,1,2,3,9170,9170|9179,9170|9171|9179,"RuntimeError: Could not switch the geometry.
The following agents would be outside of the new geometry: 9770
"
upper_left_narrow_0p8,"((6.25, 23.15, 10.75, 24.6), (6.25, 25.4, 10.75, 26.85))",29,J3CJ2,2,10.0,81,6,8,10,9108|9115|9117|9127|9136|9138,9108|9115|9117|9119|9122|9127|9136|9138,9108|9115|9117|9119|9120|9122|9127|9135|9136|9138,"RuntimeError: Could not switch the geometry.
The following agents would be outside of the new geometry: 9208, 9215, 9217, 9227, 9236, 9238
"
upper_left_narrow_1p2,"((6.25, 23.15, 10.75, 24.4), (6.25, 25.6, 10.75, 26.85))",29,J3CJ2,2,10.0,81,4,8,8,9108|9115|9127|9138,9108|9115|9117|9119|9122|9127|9136|9138,9108|9115|9117|9119|9122|9127|9136|9138,"RuntimeError: Could not switch the geometry.
The following agents would be outside of the new geometry: 9308, 9315, 9327, 9338
"
upper_right_narrow_0p8,"((13.25, 23.15, 17.75, 24.6), (13.25, 25.4, 17.75, 26.85))",29,J3CJ2,2,10.0,81,0,0,0,,,,
upper_right_narrow_1p2,"((13.25, 23.15, 17.75, 24.4), (13.25, 25.6, 17.75, 26.85))",29,J3CJ2,2,10.0,81,0,0,0,,,,
left_connector_narrow_0p8,"((4.15, 19.15, 4.6, 22.85), (5.4, 19.15, 5.85, 22.85))",29,J3CJ2,2,10.0,81,1,1,1,9113,9113,9113,"RuntimeError: Could not switch the geometry.
The following agents would be outside of the new geometry: 9613
"
right_connector_narrow_0p8,"((18.15, 19.15, 18.6, 22.85), (19.4, 19.15, 19.85, 22.85))",29,J3CJ2,2,10.0,81,2,2,3,9162|9173,9162|9173,9162|9165|9173,"RuntimeError: Could not switch the geometry.
The following agents would be outside of the new geometry: 9762, 9773
"
upper_left_narrow_0p8,"((6.25, 23.15, 10.75, 24.6), (6.25, 25.4, 10.75, 26.85))",29,J3CJ2,4,10.0,83,5,7,10,9109|9112|9115|9117|9127,9102|9109|9110|9112|9115|9117|9127,9102|9104|9106|9109|9110|9112|9115|9117|9127|9132,"RuntimeError: Could not switch the geometry.
The following agents would be outside of the new geometry: 9209, 9212, 9215, 9217, 9227
"
upper_left_narrow_1p2,"((6.25, 23.15, 10.75, 24.4), (6.25, 25.6, 10.75, 26.85))",29,J3CJ2,4,10.0,83,4,7,7,9109|9112|9115|9117,9102|9109|9110|9112|9115|9117|9127,9102|9109|9110|9112|9115|9117|9127,"RuntimeError: Could not switch the geometry.
The following agents would be outside of the new geometry: 9309, 9312, 9315, 9317
"
upper_right_narrow_0p8,"((13.25, 23.15, 17.75, 24.6), (13.25, 25.4, 17.75, 26.85))",29,J3CJ2,4,10.0,83,0,0,0,,,,
upper_right_narrow_1p2,"((13.25, 23.15, 17.75, 24.4), (13.25, 25.6, 17.75, 26.85))",29,J3CJ2,4,10.0,83,0,0,0,,,,
left_connector_narrow_0p8,"((4.15, 19.15, 4.6, 22.85), (5.4, 19.15, 5.85, 22.85))",29,J3CJ2,4,10.0,83,1,1,1,9103,9103,9103,"RuntimeError: Could not switch the geometry.
The following agents would be outside of the new geometry: 9603
"
right_connector_narrow_0p8,"((18.15, 19.15, 18.6, 22.85), (19.4, 19.15, 19.85, 22.85))",29,J3CJ2,4,10.0,83,1,2,3,9170,9170|9179,9170|9171|9179,"RuntimeError: Could not switch the geometry.
The following agents would be outside of the new geometry: 9770
"
upper_left_narrow_0p8,"((6.25, 23.15, 10.75, 24.6), (6.25, 25.4, 10.75, 26.85))",29,J3CJ2,3,10.0,84,6,6,9,9106|9108|9110|9120|9121|9128,9106|9108|9110|9120|9121|9128,9103|9104|9106|9108|9110|9120|9121|9126|9128,"RuntimeError: Could not switch the geometry.
The following agents would be outside of the new geometry: 9206, 9208, 9210, 9220, 9221, 9228
"
upper_left_narrow_1p2,"((6.25, 23.15, 10.75, 24.4), (6.25, 25.6, 10.75, 26.85))",29,J3CJ2,3,10.0,84,5,6,7,9108|9110|9120|9121|9128,9106|9108|9110|9120|9121|9128,9103|9106|9108|9110|9120|9121|9128,"RuntimeError: Could not switch the geometry.
The following agents would be outside of the new geometry: 9308, 9310, 9320, 9321, 9328
"
upper_right_narrow_0p8,"((13.25, 23.15, 17.75, 24.6), (13.25, 25.4, 17.75, 26.85))",29,J3CJ2,3,10.0,84,0,0,0,,,,
upper_right_narrow_1p2,"((13.25, 23.15, 17.75, 24.4), (13.25, 25.6, 17.75, 26.85))",29,J3CJ2,3,10.0,84,0,0,0,,,,
left_connector_narrow_0p8,"((4.15, 19.15, 4.6, 22.85), (5.4, 19.15, 5.85, 22.85))",29,J3CJ2,3,10.0,84,1,1,1,9109,9109,9109,"RuntimeError: Could not switch the geometry.
The following agents would be outside of the new geometry: 9609
"
right_connector_narrow_0p8,"((18.15, 19.15, 18.6, 22.85), (19.4, 19.15, 19.85, 22.85))",29,J3CJ2,3,10.0,84,1,2,3,9167,9167|9176,9167|9170|9176,"RuntimeError: Could not switch the geometry.
The following agents would be outside of the new geometry: 9767
"
upper_left_narrow_0p8,"((6.25, 23.15, 10.75, 24.6), (6.25, 25.4, 10.75, 26.85))",30,J3CA,1,10.0,82,6,7,10,9105|9108|9121|9127|9134|9138,9102|9105|9108|9121|9127|9134|9138,9102|9105|9108|9111|9112|9121|9127|9133|9134|9138,"RuntimeError: Could not switch the geometry.
The following agents would be outside of the new geometry: 9205, 9208, 9221, 9227, 9234, 9238
"
upper_left_narrow_1p2,"((6.25, 23.15, 10.75, 24.4), (6.25, 25.6, 10.75, 26.85))",30,J3CA,1,10.0,82,5,7,7,9105|9108|9121|9134|9138,9102|9105|9108|9121|9127|9134|9138,9102|9105|9108|9121|9127|9134|9138,"RuntimeError: Could not switch the geometry.
The following agents would be outside of the new geometry: 9305, 9308, 9321, 9334, 9338
"
upper_right_narrow_0p8,"((13.25, 23.15, 17.75, 24.6), (13.25, 25.4, 17.75, 26.85))",30,J3CA,1,10.0,82,0,0,0,,,,
upper_right_narrow_1p2,"((13.25, 23.15, 17.75, 24.4), (13.25, 25.6, 17.75, 26.85))",30,J3CA,1,10.0,82,0,0,0,,,,
left_connector_narrow_0p8,"((4.15, 19.15, 4.6, 22.85), (5.4, 19.15, 5.85, 22.85))",30,J3CA,1,10.0,82,6,7,11,9125|9141|9146|9152|9159|9160,9125|9141|9146|9147|9152|9159|9160,9125|9141|9142|9146|9147|9149|9151|9152|9155|9159|9160,"RuntimeError: Could not switch the geometry.
The following agents would be outside of the new geometry: 9625, 9641, 9646, 9652, 9659, 9660
"
right_connector_narrow_0p8,"((18.15, 19.15, 18.6, 22.85), (19.4, 19.15, 19.85, 22.85))",30,J3CA,1,10.0,82,2,2,3,9171|9172,9171|9172,9171|9172|9174,"RuntimeError: Could not switch the geometry.
The following agents would be outside of the new geometry: 9771, 9772
"
upper_left_narrow_0p8,"((6.25, 23.15, 10.75, 24.6), (6.25, 25.4, 10.75, 26.85))",30,J3CA,0,10.0,82,5,10,12,9101|9107|9114|9127|9133,9101|9107|9112|9114|9121|9127|9128|9133|9135|9137,9101|9107|9112|9114|9121|9123|9124|9127|9128|9133|9135|9137,"RuntimeError: Could not switch the geometry.
The following agents would be outside of the new geometry: 9201, 9207, 9214, 9227, 9233
"
upper_left_narrow_1p2,"((6.25, 23.15, 10.75, 24.4), (6.25, 25.6, 10.75, 26.85))",30,J3CA,0,10.0,82,4,8,11,9101|9107|9114|9127,9101|9107|9112|9114|9121|9127|9133|9137,9101|9107|9112|9114|9121|9123|9127|9128|9133|9135|9137,"RuntimeError: Could not switch the geometry.
The following agents would be outside of the new geometry: 9301, 9307, 9314, 9327
"
upper_right_narrow_0p8,"((13.25, 23.15, 17.75, 24.6), (13.25, 25.4, 17.75, 26.85))",30,J3CA,0,10.0,82,0,0,0,,,,
upper_right_narrow_1p2,"((13.25, 23.15, 17.75, 24.4), (13.25, 25.6, 17.75, 26.85))",30,J3CA,0,10.0,82,0,0,0,,,,
left_connector_narrow_0p8,"((4.15, 19.15, 4.6, 22.85), (5.4, 19.15, 5.85, 22.85))",30,J3CA,0,10.0,82,6,6,9,9139|9141|9144|9153|9159|9160,9139|9141|9144|9153|9159|9160,9139|9141|9144|9147|9150|9153|9157|9159|9160,"RuntimeError: Could not switch the geometry.
The following agents would be outside of the new geometry: 9639, 9641, 9644, 9653, 9659, 9660
"
right_connector_narrow_0p8,"((18.15, 19.15, 18.6, 22.85), (19.4, 19.15, 19.85, 22.85))",30,J3CA,0,10.0,82,1,1,4,9178,9178,9165|9172|9178|9180,"RuntimeError: Could not switch the geometry.
The following agents would be outside of the new geometry: 9778
"
upper_left_narrow_0p8,"((6.25, 23.15, 10.75, 24.6), (6.25, 25.4, 10.75, 26.85))",30,J3CA,2,10.0,81,6,8,10,9108|9115|9117|9127|9136|9138,9108|9115|9117|9119|9122|9127|9136|9138,9108|9115|9117|9119|9120|9122|9127|9135|9136|9138,"RuntimeError: Could not switch the geometry.
The following agents would be outside of the new geometry: 9208, 9215, 9217, 9227, 9236, 9238
"
upper_left_narrow_1p2,"((6.25, 23.15, 10.75, 24.4), (6.25, 25.6, 10.75, 26.85))",30,J3CA,2,10.0,81,4,8,8,9108|9115|9127|9138,9108|9115|9117|9119|9122|9127|9136|9138,9108|9115|9117|9119|9122|9127|9136|9138,"RuntimeError: Could not switch the geometry.
The following agents would be outside of the new geometry: 9308, 9315, 9327, 9338
"
upper_right_narrow_0p8,"((13.25, 23.15, 17.75, 24.6), (13.25, 25.4, 17.75, 26.85))",30,J3CA,2,10.0,81,0,0,0,,,,
upper_right_narrow_1p2,"((13.25, 23.15, 17.75, 24.4), (13.25, 25.6, 17.75, 26.85))",30,J3CA,2,10.0,81,0,0,0,,,,
left_connector_narrow_0p8,"((4.15, 19.15, 4.6, 22.85), (5.4, 19.15, 5.85, 22.85))",30,J3CA,2,10.0,81,4,6,8,9113|9141|9145|9154,9113|9141|9145|9149|9154|9158,9113|9141|9143|9145|9149|9152|9154|9158,"RuntimeError: Could not switch the geometry.
The following agents would be outside of the new geometry: 9613, 9641, 9645, 9654
"
right_connector_narrow_0p8,"((18.15, 19.15, 18.6, 22.85), (19.4, 19.15, 19.85, 22.85))",30,J3CA,2,10.0,81,2,2,3,9162|9173,9162|9173,9162|9165|9173,"RuntimeError: Could not switch the geometry.
The following agents would be outside of the new geometry: 9762, 9773
"
upper_left_narrow_0p8,"((6.25, 23.15, 10.75, 24.6), (6.25, 25.4, 10.75, 26.85))",30,J3CA,3,10.0,84,6,6,9,9106|9108|9110|9120|9121|9128,9106|9108|9110|9120|9121|9128,9103|9104|9106|9108|9110|9120|9121|9126|9128,"RuntimeError: Could not switch the geometry.
The following agents would be outside of the new geometry: 9206, 9208, 9210, 9220, 9221, 9228
"
upper_left_narrow_1p2,"((6.25, 23.15, 10.75, 24.4), (6.25, 25.6, 10.75, 26.85))",30,J3CA,3,10.0,84,5,6,7,9108|9110|9120|9121|9128,9106|9108|9110|9120|9121|9128,9103|9106|9108|9110|9120|9121|9128,"RuntimeError: Could not switch the geometry.
The following agents would be outside of the new geometry: 9308, 9310, 9320, 9321, 9328
"
upper_right_narrow_0p8,"((13.25, 23.15, 17.75, 24.6), (13.25, 25.4, 17.75, 26.85))",30,J3CA,3,10.0,84,0,0,0,,,,
upper_right_narrow_1p2,"((13.25, 23.15, 17.75, 24.4), (13.25, 25.6, 17.75, 26.85))",30,J3CA,3,10.0,84,0,0,0,,,,
left_connector_narrow_0p8,"((4.15, 19.15, 4.6, 22.85), (5.4, 19.15, 5.85, 22.85))",30,J3CA,3,10.0,84,5,8,11,9109|9141|9143|9148|9159,9109|9141|9143|9144|9147|9148|9150|9159,9109|9141|9143|9144|9145|9146|9147|9148|9150|9158|9159,"RuntimeError: Could not switch the geometry.
The following agents would be outside of the new geometry: 9609, 9641, 9643, 9648, 9659
"
right_connector_narrow_0p8,"((18.15, 19.15, 18.6, 22.85), (19.4, 19.15, 19.85, 22.85))",30,J3CA,3,10.0,84,1,2,3,9167,9167|9176,9167|9170|9176,"RuntimeError: Could not switch the geometry.
The following agents would be outside of the new geometry: 9767
"
upper_left_narrow_0p8,"((6.25, 23.15, 10.75, 24.6), (6.25, 25.4, 10.75, 26.85))",30,J3CA,4,10.0,83,6,7,10,9802|9809|9812|9815|9817|9827,9802|9809|9810|9812|9815|9817|9827,9802|9804|9806|9809|9810|9812|9815|9817|9827|9832,"RuntimeError: Could not switch the geometry.
The following agents would be outside of the new geometry: 9902, 9909, 9912, 9915, 9917, 9927
"
upper_left_narrow_1p2,"((6.25, 23.15, 10.75, 24.4), (6.25, 25.6, 10.75, 26.85))",30,J3CA,4,10.0,83,5,7,7,9802|9809|9812|9815|9817,9802|9809|9810|9812|9815|9817|9827,9802|9809|9810|9812|9815|9817|9827,"RuntimeError: Could not switch the geometry.
The following agents would be outside of the new geometry: 10002, 10009, 10012, 10015, 10017
"
upper_right_narrow_0p8,"((13.25, 23.15, 17.75, 24.6), (13.25, 25.4, 17.75, 26.85))",30,J3CA,4,10.0,83,0,0,0,,,,
upper_right_narrow_1p2,"((13.25, 23.15, 17.75, 24.4), (13.25, 25.6, 17.75, 26.85))",30,J3CA,4,10.0,83,0,0,0,,,,
left_connector_narrow_0p8,"((4.15, 19.15, 4.6, 22.85), (5.4, 19.15, 5.85, 22.85))",30,J3CA,4,10.0,83,5,8,11,9803|9843|9845|9847|9857,9803|9843|9844|9845|9847|9855|9856|9857,9803|9841|9843|9844|9845|9847|9849|9852|9855|9856|9857,"RuntimeError: Could not switch the geometry.
The following agents would be outside of the new geometry: 10303, 10343, 10345, 10347, 10357
"
right_connector_narrow_0p8,"((18.15, 19.15, 18.6, 22.85), (19.4, 19.15, 19.85, 22.85))",30,J3CA,4,10.0,83,1,2,3,9870,9870|9879,9870|9871|9879,"RuntimeError: Could not switch the geometry.
The following agents would be outside of the new geometry: 10470
"
upper_left_narrow_0p8,"((6.25, 23.15, 10.75, 24.6), (6.25, 25.4, 10.75, 26.85))",31,J3J1B,1,10.0,82,5,7,10,9805|9808|9827|9834|9838,9802|9805|9808|9821|9827|9834|9838,9802|9805|9808|9811|9812|9821|9827|9833|9834|9838,"RuntimeError: Could not switch the geometry.
The following agents would be outside of the new geometry: 9905, 9908, 9927, 9934, 9938
"
upper_left_narrow_1p2,"((6.25, 23.15, 10.75, 24.4), (6.25, 25.6, 10.75, 26.85))",31,J3J1B,1,10.0,82,4,7,7,9805|9808|9834|9838,9802|9805|9808|9821|9827|9834|9838,9802|9805|9808|9821|9827|9834|9838,"RuntimeError: Could not switch the geometry.
The following agents would be outside of the new geometry: 10005, 10008, 10034, 10038
"
upper_right_narrow_0p8,"((13.25, 23.15, 17.75, 24.6), (13.25, 25.4, 17.75, 26.85))",31,J3J1B,1,10.0,82,0,0,0,,,,
upper_right_narrow_1p2,"((13.25, 23.15, 17.75, 24.4), (13.25, 25.6, 17.75, 26.85))",31,J3J1B,1,10.0,82,0,0,0,,,,
left_connector_narrow_0p8,"((4.15, 19.15, 4.6, 22.85), (5.4, 19.15, 5.85, 22.85))",31,J3J1B,1,10.0,82,1,1,1,9825,9825,9825,"RuntimeError: Could not switch the geometry.
The following agents would be outside of the new geometry: 10325
"
right_connector_narrow_0p8,"((18.15, 19.15, 18.6, 22.85), (19.4, 19.15, 19.85, 22.85))",31,J3J1B,1,10.0,82,3,3,3,9871|9872|9874,9871|9872|9874,9871|9872|9874,"RuntimeError: Could not switch the geometry.
The following agents would be outside of the new geometry: 10471, 10472, 10474
"
upper_left_narrow_0p8,"((6.25, 23.15, 10.75, 24.6), (6.25, 25.4, 10.75, 26.85))",31,J3J1B,0,10.0,82,6,9,11,9801|9807|9814|9827|9833|9837,9801|9807|9814|9821|9827|9828|9833|9835|9837,9801|9807|9814|9821|9823|9824|9827|9828|9833|9835|9837,"RuntimeError: Could not switch the geometry.
The following agents would be outside of the new geometry: 9901, 9907, 9914, 9927, 9933, 9937
"
upper_left_narrow_1p2,"((6.25, 23.15, 10.75, 24.4), (6.25, 25.6, 10.75, 26.85))",31,J3J1B,0,10.0,82,5,7,10,9801|9807|9814|9827|9837,9801|9807|9814|9821|9827|9833|9837,9801|9807|9814|9821|9823|9827|9828|9833|9835|9837,"RuntimeError: Could not switch the geometry.
The following agents would be outside of the new geometry: 10001, 10007, 10014, 10027, 10037
"
upper_right_narrow_0p8,"((13.25, 23.15, 17.75, 24.6), (13.25, 25.4, 17.75, 26.85))",31,J3J1B,0,10.0,82,0,0,0,,,,
upper_right_narrow_1p2,"((13.25, 23.15, 17.75, 24.4), (13.25, 25.6, 17.75, 26.85))",31,J3J1B,0,10.0,82,0,0,0,,,,
left_connector_narrow_0p8,"((4.15, 19.15, 4.6, 22.85), (5.4, 19.15, 5.85, 22.85))",31,J3J1B,0,10.0,82,1,1,2,9839,9839,9812|9839,"RuntimeError: Could not switch the geometry.
The following agents would be outside of the new geometry: 10339
"
right_connector_narrow_0p8,"((18.15, 19.15, 18.6, 22.85), (19.4, 19.15, 19.85, 22.85))",31,J3J1B,0,10.0,82,2,2,4,9865|9878,9865|9878,9865|9872|9878|9880,"RuntimeError: Could not switch the geometry.
The following agents would be outside of the new geometry: 10465, 10478
"
upper_left_narrow_0p8,"((6.25, 23.15, 10.75, 24.6), (6.25, 25.4, 10.75, 26.85))",31,J3J1B,2,10.0,81,6,8,10,9808|9815|9817|9827|9836|9838,9808|9815|9817|9819|9822|9827|9836|9838,9808|9815|9817|9819|9820|9822|9827|9835|9836|9838,"RuntimeError: Could not switch the geometry.
The following agents would be outside of the new geometry: 9908, 9915, 9917, 9927, 9936, 9938
"
upper_left_narrow_1p2,"((6.25, 23.15, 10.75, 24.4), (6.25, 25.6, 10.75, 26.85))",31,J3J1B,2,10.0,81,4,8,8,9808|9815|9827|9838,9808|9815|9817|9819|9822|9827|9836|9838,9808|9815|9817|9819|9822|9827|9836|9838,"RuntimeError: Could not switch the geometry.
The following agents would be outside of the new geometry: 10008, 10015, 10027, 10038
"
upper_right_narrow_0p8,"((13.25, 23.15, 17.75, 24.6), (13.25, 25.4, 17.75, 26.85))",31,J3J1B,2,10.0,81,0,0,0,,,,
upper_right_narrow_1p2,"((13.25, 23.15, 17.75, 24.4), (13.25, 25.6, 17.75, 26.85))",31,J3J1B,2,10.0,81,0,0,0,,,,
left_connector_narrow_0p8,"((4.15, 19.15, 4.6, 22.85), (5.4, 19.15, 5.85, 22.85))",31,J3J1B,2,10.0,81,1,1,1,9813,9813,9813,"RuntimeError: Could not switch the geometry.
The following agents would be outside of the new geometry: 10313
"
right_connector_narrow_0p8,"((18.15, 19.15, 18.6, 22.85), (19.4, 19.15, 19.85, 22.85))",31,J3J1B,2,10.0,81,3,3,3,9862|9865|9873,9862|9865|9873,9862|9865|9873,"RuntimeError: Could not switch the geometry.
The following agents would be outside of the new geometry: 10462, 10465, 10473
"
upper_left_narrow_0p8,"((6.25, 23.15, 10.75, 24.6), (6.25, 25.4, 10.75, 26.85))",32,J3J1A,0,10.0,82,5,10,12,9801|9807|9814|9827|9833,9801|9807|9812|9814|9821|9827|9828|9833|9835|9837,9801|9807|9812|9814|9821|9823|9824|9827|9828|9833|9835|9837,"RuntimeError: Could not switch the geometry.
The following agents would be outside of the new geometry: 9901, 9907, 9914, 9927, 9933
"
upper_left_narrow_1p2,"((6.25, 23.15, 10.75, 24.4), (6.25, 25.6, 10.75, 26.85))",32,J3J1A,0,10.0,82,4,8,11,9801|9807|9814|9827,9801|9807|9812|9814|9821|9827|9833|9837,9801|9807|9812|9814|9821|9823|9827|9828|9833|9835|9837,"RuntimeError: Could not switch the geometry.
The following agents would be outside of the new geometry: 10001, 10007, 10014, 10027
"
upper_right_narrow_0p8,"((13.25, 23.15, 17.75, 24.6), (13.25, 25.4, 17.75, 26.85))",32,J3J1A,0,10.0,82,0,0,0,,,,
upper_right_narrow_1p2,"((13.25, 23.15, 17.75, 24.4), (13.25, 25.6, 17.75, 26.85))",32,J3J1A,0,10.0,82,0,0,0,,,,
left_connector_narrow_0p8,"((4.15, 19.15, 4.6, 22.85), (5.4, 19.15, 5.85, 22.85))",32,J3J1A,0,10.0,82,6,6,9,9839|9841|9844|9853|9859|9860,9839|9841|9844|9853|9859|9860,9839|9841|9844|9847|9850|9853|9857|9859|9860,"RuntimeError: Could not switch the geometry.
The following agents would be outside of the new geometry: 10339, 10341, 10344, 10353, 10359, 10360
"
right_connector_narrow_0p8,"((18.15, 19.15, 18.6, 22.85), (19.4, 19.15, 19.85, 22.85))",32,J3J1A,0,10.0,82,2,2,4,9865|9878,9865|9878,9865|9872|9878|9880,"RuntimeError: Could not switch the geometry.
The following agents would be outside of the new geometry: 10465, 10478
"
upper_left_narrow_0p8,"((6.25, 23.15, 10.75, 24.6), (6.25, 25.4, 10.75, 26.85))",32,J3J1A,1,10.0,82,6,7,10,9805|9808|9821|9827|9834|9838,9802|9805|9808|9821|9827|9834|9838,9802|9805|9808|9811|9812|9821|9827|9833|9834|9838,"RuntimeError: Could not switch the geometry.
The following agents would be outside of the new geometry: 9905, 9908, 9921, 9927, 9934, 9938
"
upper_left_narrow_1p2,"((6.25, 23.15, 10.75, 24.4), (6.25, 25.6, 10.75, 26.85))",32,J3J1A,1,10.0,82,5,7,7,9805|9808|9821|9834|9838,9802|9805|9808|9821|9827|9834|9838,9802|9805|9808|9821|9827|9834|9838,"RuntimeError: Could not switch the geometry.
The following agents would be outside of the new geometry: 10005, 10008, 10021, 10034, 10038
"
upper_right_narrow_0p8,"((13.25, 23.15, 17.75, 24.6), (13.25, 25.4, 17.75, 26.85))",32,J3J1A,1,10.0,82,0,0,0,,,,
upper_right_narrow_1p2,"((13.25, 23.15, 17.75, 24.4), (13.25, 25.6, 17.75, 26.85))",32,J3J1A,1,10.0,82,0,0,0,,,,
left_connector_narrow_0p8,"((4.15, 19.15, 4.6, 22.85), (5.4, 19.15, 5.85, 22.85))",32,J3J1A,1,10.0,82,6,7,11,9825|9841|9846|9852|9859|9860,9825|9841|9846|9847|9852|9859|9860,9825|9841|9842|9846|9847|9849|9851|9852|9855|9859|9860,"RuntimeError: Could not switch the geometry.
The following agents would be outside of the new geometry: 10325, 10341, 10346, 10352, 10359, 10360
"
right_connector_narrow_0p8,"((18.15, 19.15, 18.6, 22.85), (19.4, 19.15, 19.85, 22.85))",32,J3J1A,1,10.0,82,3,3,3,9871|9872|9874,9871|9872|9874,9871|9872|9874,"RuntimeError: Could not switch the geometry.
The following agents would be outside of the new geometry: 10471, 10472, 10474
"
upper_left_narrow_0p8,"((6.25, 23.15, 10.75, 24.6), (6.25, 25.4, 10.75, 26.85))",31,J3J1B,4,10.0,83,5,7,10,9809|9812|9815|9817|9827,9802|9809|9810|9812|9815|9817|9827,9802|9804|9806|9809|9810|9812|9815|9817|9827|9832,"RuntimeError: Could not switch the geometry.
The following agents would be outside of the new geometry: 9909, 9912, 9915, 9917, 9927
"
upper_left_narrow_1p2,"((6.25, 23.15, 10.75, 24.4), (6.25, 25.6, 10.75, 26.85))",31,J3J1B,4,10.0,83,4,7,7,9809|9812|9815|9817,9802|9809|9810|9812|9815|9817|9827,9802|9809|9810|9812|9815|9817|9827,"RuntimeError: Could not switch the geometry.
The following agents would be outside of the new geometry: 10009, 10012, 10015, 10017
"
upper_right_narrow_0p8,"((13.25, 23.15, 17.75, 24.6), (13.25, 25.4, 17.75, 26.85))",31,J3J1B,4,10.0,83,0,0,0,,,,
upper_right_narrow_1p2,"((13.25, 23.15, 17.75, 24.4), (13.25, 25.6, 17.75, 26.85))",31,J3J1B,4,10.0,83,0,0,0,,,,
left_connector_narrow_0p8,"((4.15, 19.15, 4.6, 22.85), (5.4, 19.15, 5.85, 22.85))",31,J3J1B,4,10.0,83,1,1,1,9803,9803,9803,"RuntimeError: Could not switch the geometry.
The following agents would be outside of the new geometry: 10303
"
right_connector_narrow_0p8,"((18.15, 19.15, 18.6, 22.85), (19.4, 19.15, 19.85, 22.85))",31,J3J1B,4,10.0,83,2,3,3,9870|9879,9870|9871|9879,9870|9871|9879,"RuntimeError: Could not switch the geometry.
The following agents would be outside of the new geometry: 10470, 10479
"
upper_left_narrow_0p8,"((6.25, 23.15, 10.75, 24.6), (6.25, 25.4, 10.75, 26.85))",31,J3J1B,3,10.0,84,6,6,9,9806|9808|9810|9820|9821|9828,9806|9808|9810|9820|9821|9828,9803|9804|9806|9808|9810|9820|9821|9826|9828,"RuntimeError: Could not switch the geometry.
The following agents would be outside of the new geometry: 9906, 9908, 9910, 9920, 9921, 9928
"
upper_left_narrow_1p2,"((6.25, 23.15, 10.75, 24.4), (6.25, 25.6, 10.75, 26.85))",31,J3J1B,3,10.0,84,5,6,7,9808|9810|9820|9821|9828,9806|9808|9810|9820|9821|9828,9803|9806|9808|9810|9820|9821|9828,"RuntimeError: Could not switch the geometry.
The following agents would be outside of the new geometry: 10008, 10010, 10020, 10021, 10028
"
upper_right_narrow_0p8,"((13.25, 23.15, 17.75, 24.6), (13.25, 25.4, 17.75, 26.85))",31,J3J1B,3,10.0,84,0,0,0,,,,
upper_right_narrow_1p2,"((13.25, 23.15, 17.75, 24.4), (13.25, 25.6, 17.75, 26.85))",31,J3J1B,3,10.0,84,0,0,0,,,,
left_connector_narrow_0p8,"((4.15, 19.15, 4.6, 22.85), (5.4, 19.15, 5.85, 22.85))",31,J3J1B,3,10.0,84,1,1,1,9809,9809,9809,"RuntimeError: Could not switch the geometry.
The following agents would be outside of the new geometry: 10309
"
right_connector_narrow_0p8,"((18.15, 19.15, 18.6, 22.85), (19.4, 19.15, 19.85, 22.85))",31,J3J1B,3,10.0,84,2,3,3,9867|9870,9867|9870|9876,9867|9870|9876,"RuntimeError: Could not switch the geometry.
The following agents would be outside of the new geometry: 10467, 10470
"
upper_left_narrow_0p8,"((6.25, 23.15, 10.75, 24.6), (6.25, 25.4, 10.75, 26.85))",32,J3J1A,2,10.0,81,6,8,10,9808|9815|9817|9827|9836|9838,9808|9815|9817|9819|9822|9827|9836|9838,9808|9815|9817|9819|9820|9822|9827|9835|9836|9838,"RuntimeError: Could not switch the geometry.
The following agents would be outside of the new geometry: 9908, 9915, 9917, 9927, 9936, 9938
"
upper_left_narrow_1p2,"((6.25, 23.15, 10.75, 24.4), (6.25, 25.6, 10.75, 26.85))",32,J3J1A,2,10.0,81,4,8,8,9808|9815|9827|9838,9808|9815|9817|9819|9822|9827|9836|9838,9808|9815|9817|9819|9822|9827|9836|9838,"RuntimeError: Could not switch the geometry.
The following agents would be outside of the new geometry: 10008, 10015, 10027, 10038
"
upper_right_narrow_0p8,"((13.25, 23.15, 17.75, 24.6), (13.25, 25.4, 17.75, 26.85))",32,J3J1A,2,10.0,81,0,0,0,,,,
upper_right_narrow_1p2,"((13.25, 23.15, 17.75, 24.4), (13.25, 25.6, 17.75, 26.85))",32,J3J1A,2,10.0,81,0,0,0,,,,
left_connector_narrow_0p8,"((4.15, 19.15, 4.6, 22.85), (5.4, 19.15, 5.85, 22.85))",32,J3J1A,2,10.0,81,4,6,8,9813|9841|9845|9854,9813|9841|9845|9849|9854|9858,9813|9841|9843|9845|9849|9852|9854|9858,"RuntimeError: Could not switch the geometry.
The following agents would be outside of the new geometry: 10313, 10341, 10345, 10354
"
right_connector_narrow_0p8,"((18.15, 19.15, 18.6, 22.85), (19.4, 19.15, 19.85, 22.85))",32,J3J1A,2,10.0,81,3,3,3,9862|9865|9873,9862|9865|9873,9862|9865|9873,"RuntimeError: Could not switch the geometry.
The following agents would be outside of the new geometry: 10462, 10465, 10473
"
upper_left_narrow_0p8,"((6.25, 23.15, 10.75, 24.6), (6.25, 25.4, 10.75, 26.85))",32,J3J1A,3,10.0,84,6,6,9,9806|9808|9810|9820|9821|9828,9806|9808|9810|9820|9821|9828,9803|9804|9806|9808|9810|9820|9821|9826|9828,"RuntimeError: Could not switch the geometry.
The following agents would be outside of the new geometry: 9906, 9908, 9910, 9920, 9921, 9928
"
upper_left_narrow_1p2,"((6.25, 23.15, 10.75, 24.4), (6.25, 25.6, 10.75, 26.85))",32,J3J1A,3,10.0,84,5,6,7,9808|9810|9820|9821|9828,9806|9808|9810|9820|9821|9828,9803|9806|9808|9810|9820|9821|9828,"RuntimeError: Could not switch the geometry.
The following agents would be outside of the new geometry: 10008, 10010, 10020, 10021, 10028
"
upper_right_narrow_0p8,"((13.25, 23.15, 17.75, 24.6), (13.25, 25.4, 17.75, 26.85))",32,J3J1A,3,10.0,84,0,0,0,,,,
upper_right_narrow_1p2,"((13.25, 23.15, 17.75, 24.4), (13.25, 25.6, 17.75, 26.85))",32,J3J1A,3,10.0,84,0,0,0,,,,
left_connector_narrow_0p8,"((4.15, 19.15, 4.6, 22.85), (5.4, 19.15, 5.85, 22.85))",32,J3J1A,3,10.0,84,5,8,11,9809|9841|9843|9848|9859,9809|9841|9843|9844|9847|9848|9850|9859,9809|9841|9843|9844|9845|9846|9847|9848|9850|9858|9859,"RuntimeError: Could not switch the geometry.
The following agents would be outside of the new geometry: 10309, 10341, 10343, 10348, 10359
"
right_connector_narrow_0p8,"((18.15, 19.15, 18.6, 22.85), (19.4, 19.15, 19.85, 22.85))",32,J3J1A,3,10.0,84,2,3,3,9867|9870,9867|9870|9876,9867|9870|9876,"RuntimeError: Could not switch the geometry.
The following agents would be outside of the new geometry: 10467, 10470
"
upper_left_narrow_0p8,"((6.25, 23.15, 10.75, 24.6), (6.25, 25.4, 10.75, 26.85))",32,J3J1A,4,10.0,83,6,7,10,9802|9809|9812|9815|9817|9827,9802|9809|9810|9812|9815|9817|9827,9802|9804|9806|9809|9810|9812|9815|9817|9827|9832,"RuntimeError: Could not switch the geometry.
The following agents would be outside of the new geometry: 9902, 9909, 9912, 9915, 9917, 9927
"
upper_left_narrow_1p2,"((6.25, 23.15, 10.75, 24.4), (6.25, 25.6, 10.75, 26.85))",32,J3J1A,4,10.0,83,5,7,7,9802|9809|9812|9815|9817,9802|9809|9810|9812|9815|9817|9827,9802|9809|9810|9812|9815|9817|9827,"RuntimeError: Could not switch the geometry.
The following agents would be outside of the new geometry: 10002, 10009, 10012, 10015, 10017
"
upper_right_narrow_0p8,"((13.25, 23.15, 17.75, 24.6), (13.25, 25.4, 17.75, 26.85))",32,J3J1A,4,10.0,83,0,0,0,,,,
upper_right_narrow_1p2,"((13.25, 23.15, 17.75, 24.4), (13.25, 25.6, 17.75, 26.85))",32,J3J1A,4,10.0,83,0,0,0,,,,
left_connector_narrow_0p8,"((4.15, 19.15, 4.6, 22.85), (5.4, 19.15, 5.85, 22.85))",32,J3J1A,4,10.0,83,5,8,11,9803|9843|9845|9847|9857,9803|9843|9844|9845|9847|9855|9856|9857,9803|9841|9843|9844|9845|9847|9849|9852|9855|9856|9857,"RuntimeError: Could not switch the geometry.
The following agents would be outside of the new geometry: 10303, 10343, 10345, 10347, 10357
"
right_connector_narrow_0p8,"((18.15, 19.15, 18.6, 22.85), (19.4, 19.15, 19.85, 22.85))",32,J3J1A,4,10.0,83,2,3,3,9870|9879,9870|9871|9879,9870|9871|9879,"RuntimeError: Could not switch the geometry.
The following agents would be outside of the new geometry: 10470, 10479
"
upper_left_narrow_0p8,"((6.25, 23.15, 10.75, 24.6), (6.25, 25.4, 10.75, 26.85))",33,J3J3B,1,10.0,82,5,7,10,10505|10508|10527|10534|10538,10502|10505|10508|10521|10527|10534|10538,10502|10505|10508|10511|10512|10521|10527|10533|10534|10538,"RuntimeError: Could not switch the geometry.
The following agents would be outside of the new geometry: 10605, 10608, 10627, 10634, 10638
"
upper_left_narrow_1p2,"((6.25, 23.15, 10.75, 24.4), (6.25, 25.6, 10.75, 26.85))",33,J3J3B,1,10.0,82,4,7,7,10505|10508|10534|10538,10502|10505|10508|10521|10527|10534|10538,10502|10505|10508|10521|10527|10534|10538,"RuntimeError: Could not switch the geometry.
The following agents would be outside of the new geometry: 10705, 10708, 10734, 10738
"
upper_right_narrow_0p8,"((13.25, 23.15, 17.75, 24.6), (13.25, 25.4, 17.75, 26.85))",33,J3J3B,1,10.0,82,0,0,0,,,,
upper_right_narrow_1p2,"((13.25, 23.15, 17.75, 24.4), (13.25, 25.6, 17.75, 26.85))",33,J3J3B,1,10.0,82,0,0,0,,,,
left_connector_narrow_0p8,"((4.15, 19.15, 4.6, 22.85), (5.4, 19.15, 5.85, 22.85))",33,J3J3B,1,10.0,82,1,1,1,10525,10525,10525,"RuntimeError: Could not switch the geometry.
The following agents would be outside of the new geometry: 11025
"
right_connector_narrow_0p8,"((18.15, 19.15, 18.6, 22.85), (19.4, 19.15, 19.85, 22.85))",33,J3J3B,1,10.0,82,0,0,0,,,,
upper_left_narrow_0p8,"((6.25, 23.15, 10.75, 24.6), (6.25, 25.4, 10.75, 26.85))",33,J3J3B,0,10.0,82,6,9,11,10501|10507|10514|10527|10533|10537,10501|10507|10514|10521|10527|10528|10533|10535|10537,10501|10507|10514|10521|10523|10524|10527|10528|10533|10535|10537,"RuntimeError: Could not switch the geometry.
The following agents would be outside of the new geometry: 10601, 10607, 10614, 10627, 10633, 10637
"
upper_left_narrow_1p2,"((6.25, 23.15, 10.75, 24.4), (6.25, 25.6, 10.75, 26.85))",33,J3J3B,0,10.0,82,5,7,10,10501|10507|10514|10527|10537,10501|10507|10514|10521|10527|10533|10537,10501|10507|10514|10521|10523|10527|10528|10533|10535|10537,"RuntimeError: Could not switch the geometry.
The following agents would be outside of the new geometry: 10701, 10707, 10714, 10727, 10737
"
upper_right_narrow_0p8,"((13.25, 23.15, 17.75, 24.6), (13.25, 25.4, 17.75, 26.85))",33,J3J3B,0,10.0,82,0,0,0,,,,
upper_right_narrow_1p2,"((13.25, 23.15, 17.75, 24.4), (13.25, 25.6, 17.75, 26.85))",33,J3J3B,0,10.0,82,0,0,0,,,,
left_connector_narrow_0p8,"((4.15, 19.15, 4.6, 22.85), (5.4, 19.15, 5.85, 22.85))",33,J3J3B,0,10.0,82,1,1,2,10539,10539,10512|10539,"RuntimeError: Could not switch the geometry.
The following agents would be outside of the new geometry: 11039
"
right_connector_narrow_0p8,"((18.15, 19.15, 18.6, 22.85), (19.4, 19.15, 19.85, 22.85))",33,J3J3B,0,10.0,82,0,0,0,,,,
upper_left_narrow_0p8,"((6.25, 23.15, 10.75, 24.6), (6.25, 25.4, 10.75, 26.85))",33,J3J3B,2,10.0,81,6,8,10,10508|10515|10517|10527|10536|10538,10508|10515|10517|10519|10522|10527|10536|10538,10508|10515|10517|10519|10520|10522|10527|10535|10536|10538,"RuntimeError: Could not switch the geometry.
The following agents would be outside of the new geometry: 10608, 10615, 10617, 10627, 10636, 10638
"
upper_left_narrow_1p2,"((6.25, 23.15, 10.75, 24.4), (6.25, 25.6, 10.75, 26.85))",33,J3J3B,2,10.0,81,4,8,8,10508|10515|10527|10538,10508|10515|10517|10519|10522|10527|10536|10538,10508|10515|10517|10519|10522|10527|10536|10538,"RuntimeError: Could not switch the geometry.
The following agents would be outside of the new geometry: 10708, 10715, 10727, 10738
"
upper_right_narrow_0p8,"((13.25, 23.15, 17.75, 24.6), (13.25, 25.4, 17.75, 26.85))",33,J3J3B,2,10.0,81,0,0,0,,,,
upper_right_narrow_1p2,"((13.25, 23.15, 17.75, 24.4), (13.25, 25.6, 17.75, 26.85))",33,J3J3B,2,10.0,81,0,0,0,,,,
left_connector_narrow_0p8,"((4.15, 19.15, 4.6, 22.85), (5.4, 19.15, 5.85, 22.85))",33,J3J3B,2,10.0,81,1,1,1,10513,10513,10513,"RuntimeError: Could not switch the geometry.
The following agents would be outside of the new geometry: 11013
"
right_connector_narrow_0p8,"((18.15, 19.15, 18.6, 22.85), (19.4, 19.15, 19.85, 22.85))",33,J3J3B,2,10.0,81,0,0,0,,,,
upper_left_narrow_0p8,"((6.25, 23.15, 10.75, 24.6), (6.25, 25.4, 10.75, 26.85))",34,J3J3A,1,10.0,82,6,7,10,10505|10508|10521|10527|10534|10538,10502|10505|10508|10521|10527|10534|10538,10502|10505|10508|10511|10512|10521|10527|10533|10534|10538,"RuntimeError: Could not switch the geometry.
The following agents would be outside of the new geometry: 10605, 10608, 10621, 10627, 10634, 10638
"
upper_left_narrow_1p2,"((6.25, 23.15, 10.75, 24.4), (6.25, 25.6, 10.75, 26.85))",34,J3J3A,1,10.0,82,5,7,7,10505|10508|10521|10534|10538,10502|10505|10508|10521|10527|10534|10538,10502|10505|10508|10521|10527|10534|10538,"RuntimeError: Could not switch the geometry.
The following agents would be outside of the new geometry: 10705, 10708, 10721, 10734, 10738
"
upper_right_narrow_0p8,"((13.25, 23.15, 17.75, 24.6), (13.25, 25.4, 17.75, 26.85))",34,J3J3A,1,10.0,82,0,0,0,,,,
upper_right_narrow_1p2,"((13.25, 23.15, 17.75, 24.4), (13.25, 25.6, 17.75, 26.85))",34,J3J3A,1,10.0,82,0,0,0,,,,
left_connector_narrow_0p8,"((4.15, 19.15, 4.6, 22.85), (5.4, 19.15, 5.85, 22.85))",34,J3J3A,1,10.0,82,6,7,11,10525|10541|10546|10552|10559|10560,10525|10541|10546|10547|10552|10559|10560,10525|10541|10542|10546|10547|10549|10551|10552|10555|10559|10560,"RuntimeError: Could not switch the geometry.
The following agents would be outside of the new geometry: 11025, 11041, 11046, 11052, 11059, 11060
"
right_connector_narrow_0p8,"((18.15, 19.15, 18.6, 22.85), (19.4, 19.15, 19.85, 22.85))",34,J3J3A,1,10.0,82,0,0,0,,,,
upper_left_narrow_0p8,"((6.25, 23.15, 10.75, 24.6), (6.25, 25.4, 10.75, 26.85))",34,J3J3A,0,10.0,82,5,10,12,10501|10507|10514|10527|10533,10501|10507|10512|10514|10521|10527|10528|10533|10535|10537,10501|10507|10512|10514|10521|10523|10524|10527|10528|10533|10535|10537,"RuntimeError: Could not switch the geometry.
The following agents would be outside of the new geometry: 10601, 10607, 10614, 10627, 10633
"
upper_left_narrow_1p2,"((6.25, 23.15, 10.75, 24.4), (6.25, 25.6, 10.75, 26.85))",34,J3J3A,0,10.0,82,4,8,11,10501|10507|10514|10527,10501|10507|10512|10514|10521|10527|10533|10537,10501|10507|10512|10514|10521|10523|10527|10528|10533|10535|10537,"RuntimeError: Could not switch the geometry.
The following agents would be outside of the new geometry: 10701, 10707, 10714, 10727
"
upper_right_narrow_0p8,"((13.25, 23.15, 17.75, 24.6), (13.25, 25.4, 17.75, 26.85))",34,J3J3A,0,10.0,82,0,0,0,,,,
upper_right_narrow_1p2,"((13.25, 23.15, 17.75, 24.4), (13.25, 25.6, 17.75, 26.85))",34,J3J3A,0,10.0,82,0,0,0,,,,
left_connector_narrow_0p8,"((4.15, 19.15, 4.6, 22.85), (5.4, 19.15, 5.85, 22.85))",34,J3J3A,0,10.0,82,6,7,9,10539|10541|10544|10553|10559|10560,10539|10541|10544|10553|10559|10560|10565,10539|10541|10544|10550|10553|10557|10559|10560|10565,"RuntimeError: Could not switch the geometry.
The following agents would be outside of the new geometry: 11039, 11041, 11044, 11053, 11059, 11060
"
right_connector_narrow_0p8,"((18.15, 19.15, 18.6, 22.85), (19.4, 19.15, 19.85, 22.85))",34,J3J3A,0,10.0,82,0,0,0,,,,
upper_left_narrow_0p8,"((6.25, 23.15, 10.75, 24.6), (6.25, 25.4, 10.75, 26.85))",33,J3J3B,3,10.0,84,6,6,9,10506|10508|10510|10520|10521|10528,10506|10508|10510|10520|10521|10528,10503|10504|10506|10508|10510|10520|10521|10526|10528,"RuntimeError: Could not switch the geometry.
The following agents would be outside of the new geometry: 10606, 10608, 10610, 10620, 10621, 10628
"
upper_left_narrow_1p2,"((6.25, 23.15, 10.75, 24.4), (6.25, 25.6, 10.75, 26.85))",33,J3J3B,3,10.0,84,5,6,7,10508|10510|10520|10521|10528,10506|10508|10510|10520|10521|10528,10503|10506|10508|10510|10520|10521|10528,"RuntimeError: Could not switch the geometry.
The following agents would be outside of the new geometry: 10708, 10710, 10720, 10721, 10728
"
upper_right_narrow_0p8,"((13.25, 23.15, 17.75, 24.6), (13.25, 25.4, 17.75, 26.85))",33,J3J3B,3,10.0,84,0,0,0,,,,
upper_right_narrow_1p2,"((13.25, 23.15, 17.75, 24.4), (13.25, 25.6, 17.75, 26.85))",33,J3J3B,3,10.0,84,0,0,0,,,,
left_connector_narrow_0p8,"((4.15, 19.15, 4.6, 22.85), (5.4, 19.15, 5.85, 22.85))",33,J3J3B,3,10.0,84,1,1,1,10509,10509,10509,"RuntimeError: Could not switch the geometry.
The following agents would be outside of the new geometry: 11009
"
right_connector_narrow_0p8,"((18.15, 19.15, 18.6, 22.85), (19.4, 19.15, 19.85, 22.85))",33,J3J3B,3,10.0,84,0,0,0,,,,
upper_left_narrow_0p8,"((6.25, 23.15, 10.75, 24.6), (6.25, 25.4, 10.75, 26.85))",34,J3J3A,2,10.0,81,6,8,10,10508|10515|10517|10527|10536|10538,10508|10515|10517|10519|10522|10527|10536|10538,10508|10515|10517|10519|10520|10522|10527|10535|10536|10538,"RuntimeError: Could not switch the geometry.
The following agents would be outside of the new geometry: 10608, 10615, 10617, 10627, 10636, 10638
"
upper_left_narrow_1p2,"((6.25, 23.15, 10.75, 24.4), (6.25, 25.6, 10.75, 26.85))",34,J3J3A,2,10.0,81,4,8,8,10508|10515|10527|10538,10508|10515|10517|10519|10522|10527|10536|10538,10508|10515|10517|10519|10522|10527|10536|10538,"RuntimeError: Could not switch the geometry.
The following agents would be outside of the new geometry: 10708, 10715, 10727, 10738
"
upper_right_narrow_0p8,"((13.25, 23.15, 17.75, 24.6), (13.25, 25.4, 17.75, 26.85))",34,J3J3A,2,10.0,81,0,0,0,,,,
upper_right_narrow_1p2,"((13.25, 23.15, 17.75, 24.4), (13.25, 25.6, 17.75, 26.85))",34,J3J3A,2,10.0,81,0,0,0,,,,
left_connector_narrow_0p8,"((4.15, 19.15, 4.6, 22.85), (5.4, 19.15, 5.85, 22.85))",34,J3J3A,2,10.0,81,5,7,8,10513|10541|10545|10554|10562,10513|10541|10545|10549|10554|10558|10562,10513|10541|10545|10549|10552|10554|10558|10562,"RuntimeError: Could not switch the geometry.
The following agents would be outside of the new geometry: 11013, 11041, 11045, 11054, 11062
"
right_connector_narrow_0p8,"((18.15, 19.15, 18.6, 22.85), (19.4, 19.15, 19.85, 22.85))",34,J3J3A,2,10.0,81,0,0,0,,,,
upper_left_narrow_0p8,"((6.25, 23.15, 10.75, 24.6), (6.25, 25.4, 10.75, 26.85))",33,J3J3B,4,10.0,83,5,7,10,10509|10512|10515|10517|10527,10502|10509|10510|10512|10515|10517|10527,10502|10504|10506|10509|10510|10512|10515|10517|10527|10532,"RuntimeError: Could not switch the geometry.
The following agents would be outside of the new geometry: 10609, 10612, 10615, 10617, 10627
"
upper_left_narrow_1p2,"((6.25, 23.15, 10.75, 24.4), (6.25, 25.6, 10.75, 26.85))",33,J3J3B,4,10.0,83,4,7,7,10509|10512|10515|10517,10502|10509|10510|10512|10515|10517|10527,10502|10509|10510|10512|10515|10517|10527,"RuntimeError: Could not switch the geometry.
The following agents would be outside of the new geometry: 10709, 10712, 10715, 10717
"
upper_right_narrow_0p8,"((13.25, 23.15, 17.75, 24.6), (13.25, 25.4, 17.75, 26.85))",33,J3J3B,4,10.0,83,0,0,0,,,,
upper_right_narrow_1p2,"((13.25, 23.15, 17.75, 24.4), (13.25, 25.6, 17.75, 26.85))",33,J3J3B,4,10.0,83,0,0,0,,,,
left_connector_narrow_0p8,"((4.15, 19.15, 4.6, 22.85), (5.4, 19.15, 5.85, 22.85))",33,J3J3B,4,10.0,83,1,1,1,10503,10503,10503,"RuntimeError: Could not switch the geometry.
The following agents would be outside of the new geometry: 11003
"
right_connector_narrow_0p8,"((18.15, 19.15, 18.6, 22.85), (19.4, 19.15, 19.85, 22.85))",33,J3J3B,4,10.0,83,0,0,0,,,,
upper_left_narrow_0p8,"((6.25, 23.15, 10.75, 24.6), (6.25, 25.4, 10.75, 26.85))",34,J3J3A,3,10.0,84,6,6,9,10506|10508|10510|10520|10521|10528,10506|10508|10510|10520|10521|10528,10503|10504|10506|10508|10510|10520|10521|10526|10528,"RuntimeError: Could not switch the geometry.
The following agents would be outside of the new geometry: 10606, 10608, 10610, 10620, 10621, 10628
"
upper_left_narrow_1p2,"((6.25, 23.15, 10.75, 24.4), (6.25, 25.6, 10.75, 26.85))",34,J3J3A,3,10.0,84,5,6,7,10508|10510|10520|10521|10528,10506|10508|10510|10520|10521|10528,10503|10506|10508|10510|10520|10521|10528,"RuntimeError: Could not switch the geometry.
The following agents would be outside of the new geometry: 10708, 10710, 10720, 10721, 10728
"
upper_right_narrow_0p8,"((13.25, 23.15, 17.75, 24.6), (13.25, 25.4, 17.75, 26.85))",34,J3J3A,3,10.0,84,0,0,0,,,,
upper_right_narrow_1p2,"((13.25, 23.15, 17.75, 24.4), (13.25, 25.6, 17.75, 26.85))",34,J3J3A,3,10.0,84,0,0,0,,,,
left_connector_narrow_0p8,"((4.15, 19.15, 4.6, 22.85), (5.4, 19.15, 5.85, 22.85))",34,J3J3A,3,10.0,84,4,8,12,10509|10543|10548|10559,10509|10541|10543|10544|10547|10548|10550|10559,10509|10541|10543|10544|10545|10546|10547|10548|10550|10557|10558|10559,"RuntimeError: Could not switch the geometry.
The following agents would be outside of the new geometry: 11009, 11043, 11048, 11059
"
right_connector_narrow_0p8,"((18.15, 19.15, 18.6, 22.85), (19.4, 19.15, 19.85, 22.85))",34,J3J3A,3,10.0,84,0,0,0,,,,
upper_left_narrow_0p8,"((6.25, 23.15, 10.75, 24.6), (6.25, 25.4, 10.75, 26.85))",34,J3J3A,4,10.0,83,6,7,10,10502|10509|10512|10515|10517|10527,10502|10509|10510|10512|10515|10517|10527,10502|10504|10506|10509|10510|10512|10515|10517|10527|10532,"RuntimeError: Could not switch the geometry.
The following agents would be outside of the new geometry: 10602, 10609, 10612, 10615, 10617, 10627
"
upper_left_narrow_1p2,"((6.25, 23.15, 10.75, 24.4), (6.25, 25.6, 10.75, 26.85))",34,J3J3A,4,10.0,83,5,7,7,10502|10509|10512|10515|10517,10502|10509|10510|10512|10515|10517|10527,10502|10509|10510|10512|10515|10517|10527,"RuntimeError: Could not switch the geometry.
The following agents would be outside of the new geometry: 10702, 10709, 10712, 10715, 10717
"
upper_right_narrow_0p8,"((13.25, 23.15, 17.75, 24.6), (13.25, 25.4, 17.75, 26.85))",34,J3J3A,4,10.0,83,0,0,0,,,,
upper_right_narrow_1p2,"((13.25, 23.15, 17.75, 24.4), (13.25, 25.6, 17.75, 26.85))",34,J3J3A,4,10.0,83,0,0,0,,,,
left_connector_narrow_0p8,"((4.15, 19.15, 4.6, 22.85), (5.4, 19.15, 5.85, 22.85))",34,J3J3A,4,10.0,83,4,8,11,10503|10545|10547|10557,10503|10543|10544|10545|10547|10555|10556|10557,10503|10541|10543|10544|10545|10547|10549|10552|10555|10556|10557,"RuntimeError: Could not switch the geometry.
The following agents would be outside of the new geometry: 11003, 11045, 11047, 11057
"
right_connector_narrow_0p8,"((18.15, 19.15, 18.6, 22.85), (19.4, 19.15, 19.85, 22.85))",34,J3J3A,4,10.0,83,0,0,0,,,,
